timestamp_iso,t_sec,set_c,actual_c,coldj_c,heat,fan,mode,temp0_c,temp1_c,temp2_c,temp3_c
2025-08-26T14:06:30.181,239.75426197052002,150.0,143.6,30.7,255,8,BAKE-PREHEAT,151.0,136.2,151.0,136.2
2025-08-26T14:06:30.189,239.76306200027466,150.0,144.0,30.7,255,8,BAKE-PREHEAT,151.2,136.8,151.2,136.8
2025-08-26T14:06:30.708,240.28126978874207,135.0,144.1,30.7,0,255,BAKE,151.5,136.8,151.5,136.8
2025-08-26T14:06:30.938,240.51124787330627,135.0,144.5,30.7,0,255,BAKE,151.8,137.2,151.8,137.2
2025-08-26T14:06:31.167,240.74050188064575,135.0,144.6,30.7,0,255,BAKE,151.8,137.5,151.8,137.5
2025-08-26T14:06:31.401,240.97482991218567,135.0,145.0,30.7,0,255,BAKE,152.0,138.0,152.0,138.0
2025-08-26T14:06:31.694,241.2681019306183,135.0,145.6,30.7,0,255,BAKE,152.8,138.5,152.8,138.5
2025-08-26T14:06:31.921,241.49487686157227,135.0,146.0,30.7,0,255,BAKE,153.0,139.0,153.0,139.0
2025-08-26T14:06:32.218,241.79198098182678,135.0,146.6,30.7,0,255,BAKE,153.8,139.5,153.8,139.5
2025-08-26T14:06:32.455,242.02886581420898,135.0,147.0,30.7,0,255,BAKE,155.2,138.8,155.2,138.8
2025-08-26T14:06:32.688,242.26194787025452,135.0,147.1,30.7,0,255,BAKE,156.0,138.2,156.0,138.2
2025-08-26T14:06:32.924,242.49743700027466,135.0,147.2,30.7,0,255,BAKE,157.0,137.5,157.0,137.5
2025-08-26T14:06:33.159,242.73264384269714,135.0,147.1,30.7,0,255,BAKE,158.2,136.0,158.2,136.0
2025-08-26T14:06:33.454,243.02751183509827,135.0,147.0,30.8,0,255,BAKE,159.5,134.5,159.5,134.5
2025-08-26T14:06:33.691,243.2641990184784,135.0,147.1,30.8,0,255,BAKE,161.0,133.2,161.0,133.2
2025-08-26T14:06:33.917,243.49079084396362,135.0,146.9,30.8,0,255,BAKE,162.0,131.8,162.0,131.8
2025-08-26T14:06:34.154,243.7271909713745,135.0,146.4,30.8,0,255,BAKE,162.0,130.8,162.0,130.8
2025-08-26T14:06:34.445,244.01828789710999,135.0,146.0,30.8,0,255,BAKE,162.8,129.2,162.8,129.2
2025-08-26T14:06:34.679,244.25255489349365,135.0,145.4,30.8,0,255,BAKE,163.2,127.5,163.2,127.5
2025-08-26T14:06:34.970,244.54413986206055,135.0,144.9,30.8,0,255,BAKE,164.0,125.8,164.0,125.8
2025-08-26T14:06:35.146,244.71988487243652,135.0,144.2,30.8,0,255,BAKE,164.5,124.0,164.5,124.0
2025-08-26T14:06:35.438,245.01192998886108,135.0,143.8,30.8,0,255,BAKE,164.5,123.0,164.5,123.0
2025-08-26T14:06:35.670,245.2439739704132,135.0,142.4,30.8,0,229,BAKE,163.8,121.0,163.8,121.0
2025-08-26T14:06:35.905,245.47820281982422,135.0,141.6,30.8,0,206,BAKE,164.0,119.2,164.0,119.2
2025-08-26T14:06:36.199,245.77266693115234,135.0,140.6,30.8,0,176,BAKE,164.0,117.2,164.0,117.2
2025-08-26T14:06:36.206,245.7798948287964,135.0,139.9,30.8,0,154,BAKE,164.0,115.8,164.0,115.8
2025-08-26T14:06:36.657,246.2306888103485,135.0,138.9,30.9,0,124,BAKE,163.5,114.2,163.5,114.2
2025-08-26T14:06:36.950,246.52358078956604,135.0,138.4,30.8,0,109,BAKE,163.5,113.2,163.5,113.2
2025-08-26T14:06:37.184,246.75816202163696,135.0,137.6,30.9,0,8,BAKE,163.5,111.8,163.5,111.8
2025-08-26T14:06:37.417,246.99115586280823,135.0,136.8,30.9,0,8,BAKE,163.0,110.5,163.0,110.5
2025-08-26T14:06:37.708,247.28124594688416,135.0,136.2,30.9,0,8,BAKE,163.0,109.5,163.0,109.5
2025-08-26T14:06:37.942,247.51567387580872,135.0,135.6,30.9,0,8,BAKE,162.8,108.5,162.8,108.5
2025-08-26T14:06:38.172,247.7457389831543,135.0,135.2,30.9,0,8,BAKE,163.0,107.5,163.0,107.5
2025-08-26T14:06:38.405,247.97914600372314,135.0,135.0,30.9,0,8,BAKE,163.0,107.0,163.0,107.0
2025-08-26T14:06:38.700,248.27384400367737,135.0,134.8,30.9,0,8,BAKE-PREHEAT,163.0,106.5,163.0,106.5
2025-08-26T14:06:38.934,248.50764799118042,135.0,134.4,30.9,0,8,BAKE-PREHEAT,163.2,105.5,163.2,105.5
2025-08-26T14:06:39.235,248.80841088294983,135.0,134.2,30.9,0,8,BAKE-PREHEAT,163.5,105.0,163.5,105.0
2025-08-26T14:06:39.410,248.98376989364624,135.0,134.2,30.9,0,8,BAKE-PREHEAT,164.0,104.5,164.0,104.5
2025-08-26T14:06:39.701,249.27513885498047,135.0,134.1,30.9,0,8,BAKE-PREHEAT,163.8,104.5,163.8,104.5
2025-08-26T14:06:39.932,249.5058238506317,135.0,133.9,30.9,0,8,BAKE-PREHEAT,164.0,103.8,164.0,103.8
2025-08-26T14:06:40.168,249.74148797988892,135.0,133.6,30.9,0,8,BAKE-PREHEAT,163.8,103.5,163.8,103.5
2025-08-26T14:06:40.463,250.0365228652954,135.0,133.4,30.9,0,8,BAKE-PREHEAT,163.5,103.2,163.5,103.2
2025-08-26T14:06:40.698,250.27151894569397,135.0,133.4,30.9,0,8,BAKE-PREHEAT,163.8,103.0,163.8,103.0
2025-08-26T14:06:40.922,250.49555897712708,135.0,133.6,31.0,0,8,BAKE-PREHEAT,164.5,102.8,164.5,102.8
2025-08-26T14:06:41.157,250.7304048538208,135.0,133.9,31.0,0,8,BAKE-PREHEAT,164.8,103.0,164.8,103.0
2025-08-26T14:06:41.449,251.0222418308258,135.0,133.8,31.0,0,8,BAKE-PREHEAT,165.0,102.5,165.0,102.5
2025-08-26T14:06:41.682,251.25563383102417,135.0,133.8,30.9,0,8,BAKE-PREHEAT,165.2,102.2,165.2,102.2
2025-08-26T14:06:41.976,251.5494999885559,135.0,133.8,31.0,0,8,BAKE-PREHEAT,165.2,102.2,165.2,102.2
2025-08-26T14:06:42.211,251.78450179100037,135.0,134.0,31.0,0,8,BAKE-PREHEAT,165.5,102.5,165.5,102.5
2025-08-26T14:06:42.448,252.0213279724121,135.0,134.1,31.0,0,8,BAKE-PREHEAT,165.8,102.5,165.8,102.5
2025-08-26T14:06:42.681,252.25440287590027,135.0,134.2,31.0,0,8,BAKE-PREHEAT,166.0,102.5,166.0,102.5
2025-08-26T14:06:42.915,252.48845791816711,135.0,134.5,31.0,0,8,BAKE-PREHEAT,166.2,102.8,166.2,102.8
2025-08-26T14:06:43.211,252.78470492362976,135.0,134.5,31.0,0,8,BAKE-PREHEAT,166.0,103.0,166.0,103.0
2025-08-26T14:06:43.446,253.01921486854553,135.0,134.4,31.0,0,8,BAKE-PREHEAT,166.0,102.8,166.0,102.8
2025-08-26T14:06:43.673,253.24627685546875,135.0,134.5,31.1,0,8,BAKE-PREHEAT,166.0,103.0,166.0,103.0
2025-08-26T14:06:43.905,253.4784688949585,135.0,134.6,31.0,0,8,BAKE-PREHEAT,166.5,102.8,166.5,102.8
2025-08-26T14:06:44.199,253.7725908756256,135.0,134.9,31.1,0,8,BAKE-PREHEAT,167.0,102.8,167.0,102.8
2025-08-26T14:06:44.437,254.01095986366272,135.0,135.0,31.0,0,8,BAKE,167.0,103.0,167.0,103.0
2025-08-26T14:06:44.674,254.24723982810974,135.0,134.9,31.0,0,8,BAKE-PREHEAT,166.8,103.0,166.8,103.0
2025-08-26T14:06:44.958,254.5321009159088,135.0,135.1,31.1,0,8,BAKE,167.2,103.0,167.2,103.0
2025-08-26T14:06:45.197,254.7711238861084,135.0,135.1,31.0,0,8,BAKE,167.2,103.0,167.2,103.0
2025-08-26T14:06:45.430,255.00335693359375,135.0,135.2,31.1,0,8,BAKE,167.5,103.0,167.5,103.0
2025-08-26T14:06:45.667,255.24052000045776,135.0,135.1,31.1,0,8,BAKE,167.5,102.8,167.5,102.8
2025-08-26T14:06:45.958,255.53208589553833,135.0,135.1,31.1,0,8,BAKE,167.5,102.8,167.5,102.8
2025-08-26T14:06:46.193,255.7668218612671,135.0,135.1,31.1,0,8,BAKE,167.0,103.2,167.0,103.2
2025-08-26T14:06:46.431,256.0050518512726,135.0,135.5,31.1,0,8,BAKE,167.5,103.5,167.5,103.5
2025-08-26T14:06:46.666,256.23971581459045,135.0,135.4,31.1,0,8,BAKE,167.5,103.2,167.5,103.2
2025-08-26T14:06:46.960,256.5340008735657,135.0,135.2,31.1,0,8,BAKE,167.0,103.5,167.0,103.5
2025-08-26T14:06:47.199,256.77300000190735,135.0,135.6,31.1,0,8,BAKE,167.8,103.5,167.8,103.5
2025-08-26T14:06:47.437,257.01029086112976,135.0,136.0,31.1,0,8,BAKE,168.2,103.8,168.2,103.8
2025-08-26T14:06:47.729,257.3026478290558,135.0,136.1,31.1,0,8,BAKE,168.2,104.0,168.2,104.0
2025-08-26T14:06:47.955,257.5288589000702,135.0,136.1,31.1,0,8,BAKE,168.0,104.2,168.0,104.2
2025-08-26T14:06:48.194,257.7679250240326,135.0,136.1,31.1,0,8,BAKE,167.8,104.5,167.8,104.5
2025-08-26T14:06:48.430,258.0039978027344,135.0,136.5,31.1,0,8,BAKE,168.2,104.8,168.2,104.8
2025-08-26T14:06:48.668,258.2411890029907,135.0,136.5,31.1,0,8,BAKE,168.2,104.8,168.2,104.8
2025-08-26T14:06:48.955,258.52872800827026,135.0,136.8,31.1,0,8,BAKE,168.5,105.0,168.5,105.0
2025-08-26T14:06:49.194,258.76771783828735,135.0,136.9,31.1,0,8,BAKE,168.5,105.2,168.5,105.2
2025-08-26T14:06:49.431,259.0048599243164,135.0,136.8,31.1,0,8,BAKE,168.2,105.2,168.2,105.2
2025-08-26T14:06:49.668,259.2414698600769,135.0,137.1,31.1,0,8,BAKE,168.8,105.5,168.8,105.5
2025-08-26T14:06:49.902,259.47593688964844,135.0,137.0,31.2,0,8,BAKE,168.2,105.8,168.2,105.8
2025-08-26T14:06:50.196,259.76950192451477,135.0,136.9,31.1,0,8,BAKE,168.0,105.8,168.0,105.8
2025-08-26T14:06:50.434,260.0074179172516,135.0,136.9,31.1,0,8,BAKE,168.0,105.8,168.0,105.8
2025-08-26T14:06:50.663,260.2371189594269,135.0,136.9,31.2,0,8,BAKE,167.8,106.0,167.8,106.0
2025-08-26T14:06:50.954,260.52720379829407,135.0,136.8,31.1,0,8,BAKE,167.5,106.0,167.5,106.0
2025-08-26T14:06:51.193,260.76619601249695,135.0,136.8,31.1,0,8,BAKE,167.5,106.0,167.5,106.0
2025-08-26T14:06:51.429,261.00313997268677,135.0,136.9,31.2,0,8,BAKE,167.5,106.2,167.5,106.2
2025-08-26T14:06:51.664,261.2380750179291,135.0,137.0,31.2,0,8,BAKE,167.2,106.8,167.2,106.8
2025-08-26T14:06:51.957,261.53111481666565,135.0,136.9,31.2,0,8,BAKE,167.0,106.8,167.0,106.8
2025-08-26T14:06:52.190,261.76389384269714,135.0,136.6,31.1,0,8,BAKE,166.2,107.0,166.2,107.0
2025-08-26T14:06:52.427,262.0006859302521,135.0,136.8,31.2,0,8,BAKE,166.2,107.2,166.2,107.2
2025-08-26T14:06:52.661,262.23428893089294,135.0,136.6,31.1,0,8,BAKE,165.8,107.5,165.8,107.5
2025-08-26T14:06:52.951,262.52425384521484,135.0,136.5,31.1,0,8,BAKE,165.2,107.8,165.2,107.8
2025-08-26T14:06:53.187,262.7611298561096,135.0,136.6,31.2,0,8,BAKE,165.2,108.0,165.2,108.0
2025-08-26T14:06:53.417,262.9902780056,135.0,136.5,31.1,0,8,BAKE,165.0,108.0,165.0,108.0
2025-08-26T14:06:53.710,263.28346395492554,135.0,136.6,31.1,0,8,BAKE,165.0,108.2,165.0,108.2
2025-08-26T14:06:53.947,263.52046179771423,135.0,136.6,31.2,0,8,BAKE,164.5,108.8,164.5,108.8
2025-08-26T14:06:54.179,263.752995967865,135.0,136.6,31.1,0,8,BAKE,164.2,109.0,164.2,109.0
2025-08-26T14:06:54.416,263.98942279815674,135.0,136.6,31.2,0,8,BAKE,163.8,109.5,163.8,109.5
2025-08-26T14:06:54.706,264.2793629169464,135.0,136.6,31.2,0,8,BAKE,163.5,109.8,163.5,109.8
2025-08-26T14:06:54.941,264.5146110057831,135.0,136.5,31.2,0,8,BAKE,163.2,109.8,163.2,109.8
2025-08-26T14:06:55.174,264.7481429576874,135.0,136.6,31.2,0,8,BAKE,163.2,110.0,163.2,110.0
2025-08-26T14:06:55.410,264.98367285728455,135.0,136.8,31.2,0,8,BAKE,163.5,110.0,163.5,110.0
2025-08-26T14:06:55.708,265.28122782707214,135.0,136.5,31.1,0,8,BAKE,162.8,110.2,162.8,110.2
2025-08-26T14:06:55.943,265.5164887905121,135.0,136.4,31.2,0,8,BAKE,162.2,110.5,162.2,110.5
2025-08-26T14:06:56.180,265.75355792045593,135.0,136.2,31.2,0,8,BAKE,161.8,110.8,161.8,110.8
2025-08-26T14:06:56.415,265.9890727996826,135.0,136.2,31.2,0,8,BAKE,161.5,111.0,161.5,111.0
2025-08-26T14:06:56.652,266.2252688407898,135.0,136.2,31.1,0,8,BAKE,161.5,111.0,161.5,111.0
2025-08-26T14:06:56.941,266.5146119594574,135.0,136.1,31.2,0,8,BAKE,161.0,111.2,161.0,111.2
2025-08-26T14:06:57.172,266.7455539703369,135.0,135.8,31.2,0,8,BAKE,160.2,111.2,160.2,111.2
2025-08-26T14:06:57.468,267.04156398773193,135.0,135.8,31.1,0,8,BAKE,159.8,111.8,159.8,111.8
2025-08-26T14:06:57.641,267.2146589756012,135.0,135.8,31.2,0,8,BAKE,159.5,112.0,159.5,112.0
2025-08-26T14:06:57.934,267.5076849460602,135.0,135.9,31.2,0,8,BAKE,159.5,112.2,159.5,112.2
2025-08-26T14:06:58.167,267.7403118610382,135.0,135.5,31.2,0,8,BAKE,159.0,112.0,159.0,112.0
2025-08-26T14:06:58.401,267.97503685951233,135.0,135.4,31.2,0,8,BAKE,159.0,111.8,159.0,111.8
2025-08-26T14:06:58.694,268.26749300956726,135.0,135.2,31.2,0,8,BAKE,158.2,112.2,158.2,112.2
2025-08-26T14:06:58.986,268.5600278377533,135.0,134.9,31.1,0,8,BAKE-PREHEAT,158.0,111.8,158.0,111.8
2025-08-26T14:06:59.163,268.73655796051025,135.0,134.9,31.1,0,8,BAKE-PREHEAT,157.5,112.2,157.5,112.2
2025-08-26T14:06:59.401,268.9750289916992,135.0,135.1,31.2,0,8,BAKE,157.8,112.5,157.8,112.5
2025-08-26T14:06:59.696,269.2696568965912,135.0,134.9,31.1,0,8,BAKE-PREHEAT,157.2,112.5,157.2,112.5
2025-08-26T14:06:59.928,269.50134682655334,135.0,135.0,31.2,0,8,BAKE,157.0,113.0,157.0,113.0
2025-08-26T14:07:00.227,269.8006110191345,135.0,134.9,31.2,0,8,BAKE-PREHEAT,156.5,113.2,156.5,113.2
2025-08-26T14:07:00.401,269.97464179992676,135.0,135.0,31.2,0,8,BAKE,156.2,113.8,156.2,113.8
2025-08-26T14:07:00.693,270.26673102378845,135.0,134.9,31.2,0,8,BAKE-PREHEAT,156.0,113.8,156.0,113.8
2025-08-26T14:07:00.930,270.5040190219879,135.0,135.0,31.2,0,8,BAKE,155.8,114.2,155.8,114.2
2025-08-26T14:07:01.163,270.7364327907562,135.0,134.6,31.2,0,8,BAKE-PREHEAT,155.2,114.0,155.2,114.0
2025-08-26T14:07:01.455,271.02912282943726,135.0,134.6,31.2,0,8,BAKE-PREHEAT,155.2,114.0,155.2,114.0
2025-08-26T14:07:01.689,271.2629678249359,135.0,134.4,31.2,0,8,BAKE-PREHEAT,154.5,114.2,154.5,114.2
2025-08-26T14:07:01.918,271.4918169975281,135.0,134.1,31.2,0,8,BAKE-PREHEAT,154.0,114.2,154.0,114.2
2025-08-26T14:07:02.152,271.72606801986694,135.0,134.1,31.2,0,8,BAKE-PREHEAT,154.0,114.2,154.0,114.2
2025-08-26T14:07:02.441,272.0145568847656,135.0,133.9,31.2,0,8,BAKE-PREHEAT,153.5,114.2,153.5,114.2
2025-08-26T14:07:02.678,272.2514808177948,135.0,134.1,31.2,0,8,BAKE-PREHEAT,153.5,114.8,153.5,114.8
2025-08-26T14:07:02.973,272.54660296440125,135.0,133.6,31.2,0,8,BAKE-PREHEAT,152.5,114.8,152.5,114.8
2025-08-26T14:07:03.208,272.7815418243408,135.0,133.5,31.2,0,8,BAKE-PREHEAT,152.0,115.0,152.0,115.0
2025-08-26T14:07:03.446,273.01950097084045,135.0,133.5,31.2,0,8,BAKE-PREHEAT,151.8,115.2,151.8,115.2
2025-08-26T14:07:03.682,273.255313873291,135.0,133.0,31.2,0,8,BAKE-PREHEAT,151.0,115.0,151.0,115.0
2025-08-26T14:07:03.916,273.48989391326904,135.0,132.8,31.2,0,8,BAKE-PREHEAT,150.5,115.0,150.5,115.0
2025-08-26T14:07:04.216,273.79011392593384,135.0,132.4,31.2,0,8,BAKE-PREHEAT,150.0,114.8,150.0,114.8
2025-08-26T14:07:04.453,274.02679991722107,135.0,132.1,31.2,0,8,BAKE-PREHEAT,149.5,114.8,149.5,114.8
2025-08-26T14:07:04.684,274.25727891921997,135.0,131.8,31.2,255,8,BAKE-PREHEAT,149.0,114.5,149.0,114.5
2025-08-26T14:07:04.916,274.48933696746826,135.0,131.6,31.2,255,8,BAKE-PREHEAT,148.5,114.8,148.5,114.8
2025-08-26T14:07:05.150,274.72384786605835,135.0,131.5,31.2,255,8,BAKE-PREHEAT,148.0,115.0,148.0,115.0
2025-08-26T14:07:05.441,275.01457381248474,135.0,131.1,31.2,255,8,BAKE-PREHEAT,147.5,114.8,147.5,114.8
2025-08-26T14:07:05.678,275.25150299072266,135.0,131.0,31.2,255,8,BAKE-PREHEAT,147.5,114.5,147.5,114.5
2025-08-26T14:07:05.902,275.4754219055176,135.0,131.2,31.2,255,8,BAKE-PREHEAT,147.2,115.2,147.2,115.2
2025-08-26T14:07:06.192,275.7659649848938,135.0,131.4,31.2,255,8,BAKE-PREHEAT,147.5,115.2,147.5,115.2
2025-08-26T14:07:06.430,276.0033679008484,135.0,131.1,31.2,255,8,BAKE-PREHEAT,147.0,115.2,147.0,115.2
2025-08-26T14:07:06.656,276.22962379455566,135.0,130.9,31.2,255,8,BAKE-PREHEAT,146.8,115.0,146.8,115.0
2025-08-26T14:07:06.946,276.51958179473877,135.0,130.9,31.2,255,8,BAKE-PREHEAT,146.2,115.5,146.2,115.5
2025-08-26T14:07:07.181,276.7544867992401,135.0,131.0,31.2,255,8,BAKE-PREHEAT,146.5,115.5,146.5,115.5
2025-08-26T14:07:07.416,276.9894998073578,135.0,131.0,31.2,255,8,BAKE-PREHEAT,146.0,116.0,146.0,116.0
2025-08-26T14:07:07.650,277.2240469455719,135.0,131.1,31.2,255,8,BAKE-PREHEAT,146.2,116.0,146.2,116.0
2025-08-26T14:07:07.943,277.5168468952179,135.0,130.9,31.2,255,8,BAKE-PREHEAT,146.0,115.8,146.0,115.8
2025-08-26T14:07:08.179,277.7522268295288,135.0,131.1,31.2,255,8,BAKE-PREHEAT,146.2,116.0,146.2,116.0
2025-08-26T14:07:08.415,277.9885787963867,135.0,131.1,31.1,255,8,BAKE-PREHEAT,145.8,116.5,145.8,116.5
2025-08-26T14:07:08.705,278.27824687957764,135.0,131.5,31.2,225,8,BAKE-PREHEAT,146.2,116.8,146.2,116.8
2025-08-26T14:07:08.943,278.5165388584137,135.0,131.5,31.1,255,8,BAKE-PREHEAT,146.2,116.8,146.2,116.8
2025-08-26T14:07:09.176,278.7500410079956,135.0,131.8,31.2,251,8,BAKE-PREHEAT,146.2,117.2,146.2,117.2
2025-08-26T14:07:09.414,278.9873700141907,135.0,131.8,31.1,255,8,BAKE-PREHEAT,146.0,117.5,146.0,117.5
2025-08-26T14:07:09.706,279.27972388267517,135.0,132.2,31.2,0,8,BAKE-PREHEAT,146.0,118.5,146.0,118.5
2025-08-26T14:07:09.937,279.510244846344,135.0,132.6,31.2,0,8,BAKE-PREHEAT,146.2,119.0,146.2,119.0
2025-08-26T14:07:10.165,279.7381889820099,135.0,133.1,31.2,0,8,BAKE-PREHEAT,146.2,120.0,146.2,120.0
2025-08-26T14:07:10.400,279.9736659526825,135.0,132.9,31.2,0,8,BAKE-PREHEAT,146.0,119.8,146.0,119.8
2025-08-26T14:07:10.695,280.2682240009308,135.0,133.2,31.2,0,8,BAKE-PREHEAT,146.2,120.2,146.2,120.2
2025-08-26T14:07:10.929,280.5027480125427,135.0,133.2,31.2,0,8,BAKE-PREHEAT,146.5,120.0,146.5,120.0
2025-08-26T14:07:11.164,280.73792481422424,135.0,133.5,31.2,0,8,BAKE-PREHEAT,146.5,120.5,146.5,120.5
2025-08-26T14:07:11.456,281.02987790107727,135.0,133.8,31.2,0,8,BAKE-PREHEAT,146.2,121.2,146.2,121.2
2025-08-26T14:07:11.693,281.2667829990387,135.0,134.0,31.2,0,8,BAKE-PREHEAT,146.0,122.0,146.0,122.0
2025-08-26T14:07:11.931,281.5044620037079,135.0,134.4,31.2,0,8,BAKE-PREHEAT,146.0,122.8,146.0,122.8
2025-08-26T14:07:12.165,281.7387869358063,135.0,134.8,31.2,0,8,BAKE-PREHEAT,146.5,123.0,146.5,123.0
2025-08-26T14:07:12.404,281.9780168533325,135.0,134.9,31.2,0,8,BAKE-PREHEAT,146.2,123.5,146.2,123.5
2025-08-26T14:07:12.702,282.2752249240875,135.0,134.9,31.2,0,8,BAKE-PREHEAT,145.8,124.0,145.8,124.0
2025-08-26T14:07:12.940,282.51410484313965,135.0,135.5,31.2,0,8,BAKE,146.0,125.0,146.0,125.0
2025-08-26T14:07:13.171,282.74435901641846,135.0,135.5,31.2,0,8,BAKE,145.8,125.2,145.8,125.2
2025-08-26T14:07:13.405,282.97897481918335,135.0,135.5,31.2,0,8,BAKE,145.8,125.2,145.8,125.2
2025-08-26T14:07:13.699,283.27301502227783,135.0,135.6,31.2,0,8,BAKE,145.2,126.0,145.2,126.0
2025-08-26T14:07:13.934,283.50795578956604,135.0,136.1,31.2,0,8,BAKE,146.0,126.2,146.0,126.2
2025-08-26T14:07:14.171,283.7443017959595,135.0,136.4,31.2,0,8,BAKE,146.2,126.5,146.2,126.5
2025-08-26T14:07:14.407,283.98040890693665,135.0,136.0,31.2,0,8,BAKE,145.2,126.8,145.2,126.8
2025-08-26T14:07:14.697,284.27041387557983,135.0,136.1,31.2,0,8,BAKE,145.8,126.5,145.8,126.5
2025-08-26T14:07:14.931,284.5045919418335,135.0,136.4,31.2,0,8,BAKE,145.8,127.0,145.8,127.0
2025-08-26T14:07:15.165,284.73872590065,135.0,136.6,31.2,0,8,BAKE,145.8,127.5,145.8,127.5
2025-08-26T14:07:15.465,285.0386919975281,135.0,136.8,31.2,0,8,BAKE,145.8,127.8,145.8,127.8
2025-08-26T14:07:15.703,285.27705788612366,135.0,136.8,31.2,0,8,BAKE,145.5,128.0,145.5,128.0
2025-08-26T14:07:15.941,285.5146939754486,135.0,136.4,31.2,0,8,BAKE,145.0,127.8,145.0,127.8
2025-08-26T14:07:16.177,285.75105595588684,135.0,136.6,31.2,0,8,BAKE,145.2,128.0,145.2,128.0
2025-08-26T14:07:16.414,285.98760986328125,135.0,136.5,31.2,0,8,BAKE,145.2,127.8,145.2,127.8
2025-08-26T14:07:16.704,286.27802085876465,135.0,136.5,31.2,0,8,BAKE,145.0,128.0,145.0,128.0
2025-08-26T14:07:16.938,286.5119299888611,135.0,136.5,31.2,0,8,BAKE,145.0,128.0,145.0,128.0
2025-08-26T14:07:17.165,286.73863887786865,135.0,136.6,31.2,0,8,BAKE,145.2,128.0,145.2,128.0
2025-08-26T14:07:17.399,286.97316884994507,135.0,136.5,31.2,0,8,BAKE,144.8,128.2,144.8,128.2
2025-08-26T14:07:17.696,287.2698278427124,135.0,137.0,31.2,0,8,BAKE,145.0,129.0,145.0,129.0
2025-08-26T14:07:17.934,287.50738286972046,135.0,137.0,31.2,0,8,BAKE,144.8,129.2,144.8,129.2
2025-08-26T14:07:18.229,287.8028779029846,135.0,136.9,31.2,0,8,BAKE,144.2,129.5,144.2,129.5
2025-08-26T14:07:18.403,287.97684597969055,135.0,137.5,31.2,0,8,BAKE,144.8,130.2,144.8,130.2
2025-08-26T14:07:18.693,288.26678800582886,135.0,137.5,31.2,0,8,BAKE,144.8,130.2,144.8,130.2
2025-08-26T14:07:18.929,288.50248980522156,135.0,137.1,31.2,0,8,BAKE,144.2,130.0,144.2,130.0
2025-08-26T14:07:19.164,288.7380859851837,135.0,137.2,31.2,0,8,BAKE,144.2,130.2,144.2,130.2
2025-08-26T14:07:19.465,289.03893399238586,135.0,137.4,31.2,0,8,BAKE,144.8,130.0,144.8,130.0
2025-08-26T14:07:19.699,289.27252888679504,135.0,137.1,31.2,0,8,BAKE,144.2,130.0,144.2,130.0
2025-08-26T14:07:19.934,289.507266998291,135.0,137.1,31.2,0,8,BAKE,144.0,130.2,144.0,130.2
2025-08-26T14:07:20.165,289.7384238243103,135.0,137.4,31.2,0,8,BAKE,144.5,130.2,144.5,130.2
2025-08-26T14:07:20.403,289.9770770072937,135.0,136.8,31.2,0,8,BAKE,144.2,129.2,144.2,129.2
2025-08-26T14:07:20.698,290.27194595336914,135.0,136.2,31.2,0,8,BAKE,143.5,129.0,143.5,129.0
2025-08-26T14:07:20.932,290.50613379478455,135.0,136.1,31.2,0,8,BAKE,143.5,128.8,143.5,128.8
2025-08-26T14:07:21.157,290.7307848930359,135.0,136.1,31.2,0,8,BAKE,144.0,128.2,144.0,128.2
2025-08-26T14:07:21.458,291.0313718318939,135.0,136.2,31.2,0,8,BAKE,144.2,128.2,144.2,128.2
2025-08-26T14:07:21.697,291.27097392082214,135.0,135.8,31.2,0,8,BAKE,144.0,127.5,144.0,127.5
2025-08-26T14:07:21.931,291.50453186035156,135.0,135.2,31.2,0,8,BAKE,143.2,127.2,143.2,127.2
2025-08-26T14:07:22.160,291.73340582847595,135.0,135.4,31.2,0,8,BAKE,143.8,127.0,143.8,127.0
2025-08-26T14:07:22.450,292.02345991134644,135.0,134.8,31.2,0,8,BAKE-PREHEAT,143.0,126.5,143.0,126.5
2025-08-26T14:07:22.689,292.2629117965698,135.0,135.2,31.2,0,8,BAKE,143.5,127.0,143.5,127.0
2025-08-26T14:07:22.926,292.49974489212036,135.0,135.2,31.2,0,8,BAKE,143.2,127.2,143.2,127.2
2025-08-26T14:07:23.162,292.735417842865,135.0,135.2,31.2,0,8,BAKE,143.5,127.0,143.5,127.0
2025-08-26T14:07:23.456,293.02994179725647,135.0,135.2,31.2,0,8,BAKE,143.2,127.2,143.2,127.2
2025-08-26T14:07:23.689,293.26245188713074,135.0,135.4,31.2,0,8,BAKE,143.5,127.2,143.5,127.2
2025-08-26T14:07:23.924,293.49772787094116,135.0,135.1,31.2,0,8,BAKE,143.2,127.0,143.2,127.0
2025-08-26T14:07:24.147,293.7210078239441,135.0,134.9,31.2,0,8,BAKE-PREHEAT,143.0,126.8,143.0,126.8
2025-08-26T14:07:24.442,294.01546597480774,135.0,134.6,31.2,0,8,BAKE-PREHEAT,143.0,126.2,143.0,126.2
2025-08-26T14:07:24.674,294.2480959892273,135.0,134.5,31.2,0,8,BAKE-PREHEAT,142.5,126.5,142.5,126.5
2025-08-26T14:07:24.908,294.48136281967163,135.0,134.4,31.2,0,8,BAKE-PREHEAT,142.8,126.0,142.8,126.0
2025-08-26T14:07:25.199,294.77230882644653,135.0,134.0,31.2,0,8,BAKE-PREHEAT,142.0,126.0,142.0,126.0
2025-08-26T14:07:25.438,295.0116798877716,135.0,133.8,31.2,0,8,BAKE-PREHEAT,142.0,125.5,142.0,125.5
2025-08-26T14:07:25.673,295.2470819950104,135.0,134.0,31.2,0,8,BAKE-PREHEAT,142.2,125.8,142.2,125.8
2025-08-26T14:07:25.906,295.4793539047241,135.0,134.1,31.2,0,8,BAKE-PREHEAT,142.2,126.0,142.2,126.0
2025-08-26T14:07:26.204,295.7778890132904,135.0,134.2,31.2,0,8,BAKE-PREHEAT,142.2,126.2,142.2,126.2
2025-08-26T14:07:26.442,296.015820980072,135.0,133.8,31.2,0,8,BAKE-PREHEAT,141.8,125.8,141.8,125.8
2025-08-26T14:07:26.739,296.3129918575287,135.0,134.1,31.2,0,8,BAKE-PREHEAT,142.0,126.2,142.0,126.2
2025-08-26T14:07:26.912,296.48594093322754,135.0,133.9,31.2,0,8,BAKE-PREHEAT,141.2,126.5,141.2,126.5
2025-08-26T14:07:27.209,296.78280687332153,135.0,134.0,31.2,0,8,BAKE-PREHEAT,141.5,126.5,141.5,126.5
2025-08-26T14:07:27.449,297.0223288536072,135.0,133.8,31.2,0,8,BAKE-PREHEAT,141.0,126.5,141.0,126.5
2025-08-26T14:07:27.681,297.2549819946289,135.0,133.8,31.2,0,8,BAKE-PREHEAT,141.5,126.0,141.5,126.0
2025-08-26T14:07:27.977,297.55096888542175,135.0,133.4,31.2,0,8,BAKE-PREHEAT,141.0,125.8,141.0,125.8
2025-08-26T14:07:28.150,297.72324991226196,135.0,133.4,31.2,0,8,BAKE-PREHEAT,141.0,125.8,141.0,125.8
2025-08-26T14:07:28.444,298.01762986183167,135.0,133.1,31.2,0,8,BAKE-PREHEAT,140.5,125.8,140.5,125.8
2025-08-26T14:07:28.681,298.25475883483887,135.0,133.1,31.2,0,8,BAKE-PREHEAT,140.8,125.5,140.8,125.5
2025-08-26T14:07:28.916,298.4897928237915,135.0,133.0,31.3,0,8,BAKE-PREHEAT,140.2,125.8,140.2,125.8
2025-08-26T14:07:29.212,298.78556394577026,135.0,133.1,31.2,0,8,BAKE-PREHEAT,140.2,126.0,140.2,126.0
2025-08-26T14:07:29.447,299.0210099220276,135.0,133.0,31.2,0,8,BAKE-PREHEAT,140.0,126.0,140.0,126.0
2025-08-26T14:07:29.687,299.26071190834045,135.0,133.0,31.2,0,8,BAKE-PREHEAT,139.8,126.2,139.8,126.2
2025-08-26T14:07:29.923,299.4971139431,135.0,133.1,31.3,0,8,BAKE-PREHEAT,139.8,126.5,139.8,126.5
2025-08-26T14:07:30.155,299.72897386550903,135.0,133.4,31.2,0,8,BAKE-PREHEAT,140.5,126.2,140.5,126.2
2025-08-26T14:07:30.159,299.7326469421387,135.0,132.9,31.2,0,8,BAKE-PREHEAT,139.5,126.2,139.5,126.2
2025-08-26T14:07:30.685,300.2583270072937,150.0,133.2,31.2,209,8,BAKE-PREHEAT,140.2,126.2,140.2,126.2
2025-08-26T14:07:30.922,300.4955668449402,150.0,133.0,31.3,255,8,BAKE-PREHEAT,140.0,126.0,140.0,126.0
2025-08-26T14:07:31.154,300.7280797958374,150.0,133.1,31.3,255,8,BAKE-PREHEAT,140.0,126.2,140.0,126.2
2025-08-26T14:07:31.449,301.02255487442017,150.0,133.0,31.2,255,8,BAKE-PREHEAT,140.0,126.0,140.0,126.0
2025-08-26T14:07:31.688,301.26213002204895,150.0,133.0,31.3,255,8,BAKE-PREHEAT,140.0,126.0,140.0,126.0
2025-08-26T14:07:31.923,301.49653482437134,150.0,132.6,31.2,255,8,BAKE-PREHEAT,139.2,126.0,139.2,126.0
2025-08-26T14:07:32.229,301.8024628162384,150.0,132.8,31.3,255,8,BAKE-PREHEAT,139.2,126.2,139.2,126.2
2025-08-26T14:07:32.418,301.9918668270111,150.0,133.1,31.3,255,8,BAKE-PREHEAT,139.8,126.5,139.8,126.5
2025-08-26T14:07:32.676,302.2500150203705,150.0,132.8,31.3,255,8,BAKE-PREHEAT,139.0,126.5,139.0,126.5
2025-08-26T14:07:32.937,302.5107707977295,150.0,132.8,31.2,255,8,BAKE-PREHEAT,139.0,126.5,139.0,126.5
2025-08-26T14:07:33.175,302.74894285202026,150.0,133.0,31.2,255,8,BAKE-PREHEAT,139.5,126.5,139.5,126.5
2025-08-26T14:07:33.430,303.00384998321533,150.0,132.9,31.2,255,8,BAKE-PREHEAT,139.0,126.8,139.0,126.8
2025-08-26T14:07:33.688,303.2611758708954,150.0,132.6,31.2,255,8,BAKE-PREHEAT,138.8,126.5,138.8,126.5
2025-08-26T14:07:33.930,303.5040988922119,150.0,132.8,31.2,255,8,BAKE-PREHEAT,139.2,126.2,139.2,126.2
2025-08-26T14:07:34.180,303.7532048225403,150.0,132.9,31.3,255,8,BAKE-PREHEAT,139.5,126.2,139.5,126.2
2025-08-26T14:07:34.443,304.0165889263153,150.0,132.8,31.3,255,8,BAKE-PREHEAT,139.0,126.5,139.0,126.5
2025-08-26T14:07:34.699,304.2730379104614,150.0,132.9,31.3,255,8,BAKE-PREHEAT,138.8,127.0,138.8,127.0
2025-08-26T14:07:34.949,304.5224509239197,150.0,132.8,31.3,255,8,BAKE-PREHEAT,138.8,126.8,138.8,126.8
2025-08-26T14:07:35.141,304.7149817943573,150.0,132.9,31.2,255,8,BAKE-PREHEAT,138.8,127.0,138.8,127.0
2025-08-26T14:07:35.464,305.0377118587494,150.0,133.2,31.3,255,8,BAKE-PREHEAT,139.2,127.2,139.2,127.2
2025-08-26T14:07:35.651,305.2245168685913,150.0,132.9,31.2,255,8,BAKE-PREHEAT,139.0,126.8,139.0,126.8
2025-08-26T14:07:35.897,305.4711329936981,150.0,132.6,31.2,255,8,BAKE-PREHEAT,138.2,127.0,138.2,127.0
2025-08-26T14:07:36.152,305.7259798049927,150.0,133.0,31.3,255,8,BAKE-PREHEAT,139.0,127.0,139.0,127.0
2025-08-26T14:07:36.212,305.7860050201416,150.0,132.8,31.2,255,8,BAKE-PREHEAT,138.2,127.2,138.2,127.2
2025-08-26T14:07:36.661,306.2346398830414,150.0,132.5,31.3,255,8,BAKE-PREHEAT,138.0,127.0,138.0,127.0
2025-08-26T14:07:36.908,306.4821689128876,150.0,133.0,31.3,255,8,BAKE-PREHEAT,138.8,127.2,138.8,127.2
2025-08-26T14:07:37.156,306.7297179698944,150.0,133.1,31.3,255,8,BAKE-PREHEAT,138.8,127.5,138.8,127.5
2025-08-26T14:07:37.403,306.9770247936249,150.0,133.4,31.3,255,8,BAKE-PREHEAT,138.8,128.0,138.8,128.0
2025-08-26T14:07:37.725,307.29901599884033,150.0,133.4,31.3,255,8,BAKE-PREHEAT,138.5,128.2,138.5,128.2
2025-08-26T14:07:37.906,307.47984194755554,150.0,133.4,31.3,255,8,BAKE-PREHEAT,138.8,128.0,138.8,128.0
2025-08-26T14:07:38.146,307.7197699546814,150.0,133.2,31.3,255,8,BAKE-PREHEAT,138.2,128.2,138.2,128.2
2025-08-26T14:07:38.397,307.97061800956726,150.0,133.5,31.3,255,8,BAKE-PREHEAT,138.5,128.5,138.5,128.5
2025-08-26T14:07:38.647,308.2208969593048,150.0,133.9,31.3,255,8,BAKE-PREHEAT,138.5,129.2,138.5,129.2
2025-08-26T14:07:38.951,308.5250699520111,150.0,134.1,31.3,255,8,BAKE-PREHEAT,138.8,129.5,138.8,129.5
2025-08-26T14:07:39.205,308.7791268825531,150.0,134.0,31.3,255,8,BAKE-PREHEAT,138.2,129.8,138.2,129.8
2025-08-26T14:07:39.393,308.96644496917725,150.0,134.2,31.3,255,8,BAKE-PREHEAT,138.5,130.0,138.5,130.0
2025-08-26T14:07:39.647,309.22102785110474,150.0,134.5,31.3,255,8,BAKE-PREHEAT,139.0,130.0,139.0,130.0
2025-08-26T14:07:39.897,309.47069001197815,150.0,134.6,31.3,255,8,BAKE-PREHEAT,138.8,130.5,138.8,130.5
2025-08-26T14:07:40.214,309.7871849536896,150.0,134.4,31.3,255,8,BAKE-PREHEAT,138.5,130.2,138.5,130.2
2025-08-26T14:07:40.402,309.9757168292999,150.0,134.5,31.3,255,8,BAKE-PREHEAT,139.0,130.0,139.0,130.0
2025-08-26T14:07:40.722,310.2956998348236,150.0,134.5,31.3,255,8,BAKE-PREHEAT,138.8,130.2,138.8,130.2
2025-08-26T14:07:40.906,310.4797987937927,150.0,134.9,31.3,255,8,BAKE-PREHEAT,139.0,130.8,139.0,130.8
2025-08-26T14:07:41.147,310.7204258441925,150.0,134.9,31.3,255,8,BAKE-PREHEAT,139.0,130.8,139.0,130.8
2025-08-26T14:07:41.397,310.97020196914673,150.0,135.1,31.3,255,8,BAKE-PREHEAT,139.8,130.5,139.8,130.5
2025-08-26T14:07:41.647,311.22053599357605,150.0,135.0,31.3,255,8,BAKE-PREHEAT,139.5,130.5,139.5,130.5
2025-08-26T14:07:41.959,311.53245401382446,150.0,135.4,31.3,255,8,BAKE-PREHEAT,139.5,131.2,139.5,131.2
2025-08-26T14:07:42.141,311.71420979499817,150.0,135.6,31.3,255,8,BAKE-PREHEAT,139.8,131.5,139.8,131.5
2025-08-26T14:07:42.463,312.03691387176514,150.0,135.9,31.3,255,8,BAKE-PREHEAT,140.0,131.8,140.0,131.8
2025-08-26T14:07:42.649,312.2228479385376,150.0,136.2,31.4,255,8,BAKE-PREHEAT,140.5,132.0,140.5,132.0
2025-08-26T14:07:42.896,312.4698498249054,150.0,136.1,31.3,255,8,BAKE-PREHEAT,140.0,132.2,140.0,132.2
2025-08-26T14:07:43.208,312.7812399864197,150.0,136.8,31.3,255,8,BAKE-PREHEAT,140.8,132.8,140.8,132.8
2025-08-26T14:07:43.467,313.04044580459595,150.0,136.9,31.3,255,8,BAKE-PREHEAT,141.0,132.8,141.0,132.8
2025-08-26T14:07:43.657,313.23064398765564,150.0,136.8,31.3,255,8,BAKE-PREHEAT,140.8,132.8,140.8,132.8
2025-08-26T14:07:43.894,313.4681408405304,150.0,137.1,31.3,255,8,BAKE-PREHEAT,141.0,133.2,141.0,133.2
2025-08-26T14:07:44.211,313.7849328517914,150.0,137.1,31.3,255,8,BAKE-PREHEAT,140.8,133.5,140.8,133.5
2025-08-26T14:07:44.393,313.96685695648193,150.0,137.9,31.3,255,8,BAKE-PREHEAT,141.5,134.2,141.5,134.2
2025-08-26T14:07:44.713,314.28626680374146,150.0,137.9,31.3,255,8,BAKE-PREHEAT,141.5,134.2,141.5,134.2
2025-08-26T14:07:44.898,314.471718788147,150.0,138.1,31.3,255,8,BAKE-PREHEAT,141.2,135.0,141.2,135.0
2025-08-26T14:07:45.138,314.7111918926239,150.0,138.4,31.3,255,8,BAKE-PREHEAT,141.5,135.2,141.5,135.2
2025-08-26T14:07:45.392,314.96527099609375,150.0,138.5,31.4,255,8,BAKE-PREHEAT,141.8,135.2,141.8,135.2
2025-08-26T14:07:45.642,315.21537685394287,150.0,139.2,31.4,255,8,BAKE-PREHEAT,142.2,136.2,142.2,136.2
2025-08-26T14:07:45.893,315.4662368297577,150.0,139.2,31.3,255,8,BAKE-PREHEAT,142.2,136.2,142.2,136.2
2025-08-26T14:07:46.211,315.7843499183655,150.0,139.9,31.4,255,8,BAKE-PREHEAT,143.0,136.8,143.0,136.8
2025-08-26T14:07:46.388,315.96134090423584,150.0,140.0,31.4,255,8,BAKE-PREHEAT,143.0,137.0,143.0,137.0
2025-08-26T14:07:46.640,316.21396684646606,150.0,140.2,31.4,255,8,BAKE-PREHEAT,143.2,137.2,143.2,137.2
2025-08-26T14:07:46.955,316.52849292755127,150.0,140.6,31.4,255,8,BAKE-PREHEAT,143.2,138.0,143.2,138.0
2025-08-26T14:07:47.140,316.7131769657135,150.0,140.6,31.4,255,8,BAKE-PREHEAT,143.0,138.2,143.0,138.2
2025-08-26T14:07:47.453,317.02669882774353,150.0,141.0,31.4,255,8,BAKE-PREHEAT,143.5,138.5,143.5,138.5
2025-08-26T14:07:47.715,317.28911089897156,150.0,141.4,31.4,255,8,BAKE-PREHEAT,143.8,139.0,143.8,139.0
2025-08-26T14:07:47.902,317.47555899620056,150.0,141.8,31.4,255,8,BAKE-PREHEAT,144.2,139.2,144.2,139.2
2025-08-26T14:07:48.164,317.73805379867554,150.0,141.9,31.3,255,8,BAKE-PREHEAT,144.8,139.0,144.8,139.0
2025-08-26T14:07:48.421,317.9946348667145,150.0,142.1,31.4,255,8,BAKE-PREHEAT,144.8,139.5,144.8,139.5
2025-08-26T14:07:48.684,318.25750279426575,150.0,142.6,31.4,255,8,BAKE-PREHEAT,145.5,139.8,145.5,139.8
2025-08-26T14:07:48.940,318.51390194892883,150.0,142.8,31.4,255,8,BAKE-PREHEAT,145.2,140.2,145.2,140.2
2025-08-26T14:07:49.195,318.7689018249512,150.0,143.1,31.4,255,8,BAKE-PREHEAT,145.5,140.8,145.5,140.8
2025-08-26T14:07:49.386,318.9600279331207,150.0,143.4,31.4,255,8,BAKE-PREHEAT,146.0,140.8,146.0,140.8
2025-08-26T14:07:49.636,319.2100098133087,150.0,143.5,31.4,255,8,BAKE-PREHEAT,145.8,141.2,145.8,141.2
2025-08-26T14:07:49.940,319.5132918357849,150.0,144.0,31.4,248,8,BAKE-PREHEAT,146.5,141.5,146.5,141.5
2025-08-26T14:07:50.203,319.7764530181885,150.0,144.4,31.4,255,8,BAKE-PREHEAT,147.0,141.8,147.0,141.8
2025-08-26T14:07:50.465,320.0384979248047,150.0,144.8,31.4,255,8,BAKE-PREHEAT,147.2,142.2,147.2,142.2
2025-08-26T14:07:50.651,320.22441601753235,150.0,145.0,31.3,255,8,BAKE-PREHEAT,147.5,142.5,147.5,142.5
2025-08-26T14:07:50.895,320.46854996681213,150.0,145.4,31.4,252,8,BAKE-PREHEAT,147.8,143.0,147.8,143.0
2025-08-26T14:07:51.143,320.71674489974976,150.0,145.4,31.4,255,8,BAKE-PREHEAT,147.8,143.0,147.8,143.0
2025-08-26T14:07:51.390,320.96340680122375,150.0,146.0,31.4,177,8,BAKE-PREHEAT,148.5,143.5,148.5,143.5
2025-08-26T14:07:51.713,321.2865159511566,150.0,146.1,31.4,255,8,BAKE-PREHEAT,148.5,143.8,148.5,143.8
2025-08-26T14:07:51.893,321.4663460254669,150.0,147.0,31.4,0,8,BAKE-PREHEAT,149.5,144.5,149.5,144.5
2025-08-26T14:07:52.130,321.7036929130554,150.0,147.0,31.4,0,8,BAKE-PREHEAT,149.2,144.8,149.2,144.8
2025-08-26T14:07:52.444,322.01787090301514,150.0,147.2,31.4,0,8,BAKE-PREHEAT,149.2,145.2,149.2,145.2
2025-08-26T14:07:52.633,322.20681500434875,150.0,147.6,31.4,0,8,BAKE-PREHEAT,150.0,145.2,150.0,145.2
2025-08-26T14:07:52.951,322.52427792549133,150.0,147.8,31.4,0,8,BAKE-PREHEAT,149.8,145.8,149.8,145.8
2025-08-26T14:07:53.199,322.77249097824097,150.0,148.2,31.5,0,8,BAKE-PREHEAT,150.5,146.0,150.5,146.0
2025-08-26T14:07:53.381,322.9551029205322,150.0,148.4,31.4,0,8,BAKE-PREHEAT,150.5,146.2,150.5,146.2
2025-08-26T14:07:53.632,323.2058379650116,150.0,148.6,31.4,0,8,BAKE-PREHEAT,150.8,146.5,150.8,146.5
2025-08-26T14:07:53.882,323.4560339450836,150.0,149.0,31.5,0,8,BAKE-PREHEAT,151.0,147.0,151.0,147.0
2025-08-26T14:07:54.188,323.76162481307983,150.0,149.5,31.4,0,8,BAKE-PREHEAT,151.2,147.8,151.2,147.8
2025-08-26T14:07:54.440,324.0135338306427,150.0,149.8,31.4,0,8,BAKE-PREHEAT,151.5,148.0,151.5,148.0
2025-08-26T14:07:54.699,324.2729489803314,150.0,150.1,31.5,0,8,BAKE,152.0,148.2,152.0,148.2
2025-08-26T14:07:54.879,324.4530370235443,150.0,150.2,31.5,0,8,BAKE,152.0,148.5,152.0,148.5
2025-08-26T14:07:55.190,324.76399779319763,150.0,150.6,31.5,0,8,BAKE,152.5,148.8,152.5,148.8
2025-08-26T14:07:55.440,325.01390385627747,150.0,151.0,31.5,0,8,BAKE,152.8,149.2,152.8,149.2
2025-08-26T14:07:55.630,325.2040448188782,150.0,150.8,31.5,0,8,BAKE,152.5,149.0,152.5,149.0
2025-08-26T14:07:55.947,325.5207459926605,150.0,151.2,31.5,0,8,BAKE,153.0,149.5,153.0,149.5
2025-08-26T14:07:56.127,325.700227022171,150.0,151.6,31.4,0,8,BAKE,153.2,150.0,153.2,150.0
2025-08-26T14:07:56.378,325.9518539905548,150.0,151.8,31.5,0,8,BAKE,153.2,150.2,153.2,150.2
2025-08-26T14:07:56.629,326.2030107975006,150.0,151.8,31.4,0,8,BAKE,153.2,150.2,153.2,150.2
2025-08-26T14:07:56.880,326.45351099967957,150.0,152.1,31.5,0,8,BAKE,153.8,150.5,153.8,150.5
2025-08-26T14:07:57.193,326.7664840221405,150.0,152.4,31.5,0,8,BAKE,153.8,151.0,153.8,151.0
2025-08-26T14:07:57.456,327.0295808315277,150.0,152.8,31.5,0,8,BAKE,154.2,151.2,154.2,151.2
2025-08-26T14:07:57.647,327.2210838794708,150.0,152.8,31.5,0,8,BAKE,154.5,151.0,154.5,151.0
2025-08-26T14:07:57.904,327.4774799346924,150.0,152.8,31.5,0,8,BAKE,154.5,151.0,154.5,151.0
2025-08-26T14:07:58.156,327.72955894470215,150.0,152.8,31.5,0,8,BAKE,154.2,151.2,154.2,151.2
2025-08-26T14:07:58.411,327.9849708080292,150.0,153.1,31.5,0,101,BAKE,154.8,151.5,154.8,151.5
2025-08-26T14:07:58.666,328.2395648956299,150.0,153.4,31.5,0,109,BAKE,154.8,152.0,154.8,152.0
2025-08-26T14:07:58.916,328.4893608093262,150.0,153.5,31.5,0,113,BAKE,155.0,152.0,155.0,152.0
2025-08-26T14:07:59.169,328.74241495132446,150.0,153.6,31.5,0,116,BAKE,155.2,152.0,155.2,152.0
2025-08-26T14:07:59.431,329.0041959285736,150.0,153.5,31.5,0,113,BAKE,155.2,151.8,155.2,151.8
2025-08-26T14:07:59.693,329.2667520046234,150.0,153.8,31.5,0,120,BAKE,155.5,152.0,155.5,152.0
2025-08-26T14:07:59.882,329.45604395866394,150.0,154.4,31.5,0,139,BAKE,156.0,152.8,156.0,152.8
2025-08-26T14:08:00.189,329.7630469799042,150.0,154.9,31.5,0,154,BAKE,156.5,153.2,156.5,153.2
2025-08-26T14:08:00.375,329.94880986213684,150.0,155.5,31.5,0,173,BAKE,157.0,154.0,157.0,154.0
2025-08-26T14:08:00.652,330.2259738445282,150.0,155.9,31.5,0,184,BAKE,157.5,154.2,157.5,154.2
2025-08-26T14:08:00.915,330.48850297927856,150.0,155.9,31.5,0,184,BAKE,157.8,154.0,157.8,154.0
2025-08-26T14:08:01.165,330.73859190940857,150.0,156.4,31.5,0,199,BAKE,158.2,154.5,158.2,154.5
2025-08-26T14:08:01.402,330.9756510257721,150.0,156.8,31.5,0,210,BAKE,159.2,154.2,159.2,154.2
2025-08-26T14:08:01.653,331.22698497772217,150.0,156.4,31.5,0,199,BAKE,160.0,152.8,160.0,152.8
2025-08-26T14:08:01.921,331.4941818714142,150.0,156.4,31.6,0,199,BAKE,160.8,152.0,160.8,152.0
2025-08-26T14:08:02.173,331.74635791778564,150.0,156.4,31.6,0,199,BAKE,161.8,151.0,161.8,151.0
2025-08-26T14:08:02.431,332.0043239593506,150.0,156.5,31.6,0,203,BAKE,163.2,149.8,163.2,149.8
2025-08-26T14:08:02.684,332.2575478553772,150.0,156.5,31.6,0,203,BAKE,164.8,148.2,164.8,148.2
2025-08-26T14:08:02.930,332.5035128593445,150.0,157.0,31.6,0,218,BAKE,166.8,147.2,166.8,147.2
2025-08-26T14:08:03.180,332.7541079521179,150.0,157.0,31.5,0,218,BAKE,168.5,145.5,168.5,145.5
2025-08-26T14:08:03.430,333.0031838417053,150.0,157.0,31.6,0,218,BAKE,169.2,144.8,169.2,144.8
2025-08-26T14:08:03.682,333.25594186782837,150.0,156.6,31.6,0,206,BAKE,170.2,143.0,170.2,143.0
2025-08-26T14:08:03.875,333.44868993759155,150.0,156.2,31.6,0,195,BAKE,171.2,141.2,171.2,141.2
2025-08-26T14:08:04.196,333.7699890136719,150.0,155.5,31.6,0,173,BAKE,171.5,139.5,171.5,139.5
2025-08-26T14:08:04.446,334.019250869751,150.0,155.0,31.6,0,158,BAKE,172.5,137.5,172.5,137.5
2025-08-26T14:08:04.633,334.2068438529968,150.0,154.2,31.6,0,135,BAKE,172.8,135.8,172.8,135.8
2025-08-26T14:08:04.889,334.4626359939575,150.0,154.1,31.7,0,131,BAKE,173.2,135.0,173.2,135.0
2025-08-26T14:08:05.141,334.714457988739,150.0,153.5,31.7,0,113,BAKE,174.0,133.0,174.0,133.0
2025-08-26T14:08:05.388,334.96212697029114,150.0,152.9,31.7,0,8,BAKE,174.2,131.5,174.2,131.5
2025-08-26T14:08:05.696,335.26993799209595,150.0,151.9,31.7,0,8,BAKE,174.2,129.5,174.2,129.5
2025-08-26T14:08:05.882,335.45584201812744,150.0,151.5,31.7,0,8,BAKE,175.0,128.0,175.0,128.0
2025-08-26T14:08:06.124,335.69764590263367,150.0,151.1,31.7,0,8,BAKE,175.0,127.2,175.0,127.2
2025-08-26T14:08:06.440,336.01404881477356,150.0,150.9,31.7,0,8,BAKE,175.5,126.2,175.5,126.2
2025-08-26T14:08:06.627,336.2003719806671,150.0,150.4,31.7,0,8,BAKE,175.8,125.0,175.8,125.0
2025-08-26T14:08:06.878,336.4521358013153,150.0,150.0,31.8,0,8,BAKE,176.0,124.0,176.0,124.0
2025-08-26T14:08:07.186,336.7591869831085,150.0,149.8,31.7,0,8,BAKE-PREHEAT,176.5,123.0,176.5,123.0
2025-08-26T14:08:07.371,336.94492197036743,150.0,149.1,31.7,0,8,BAKE-PREHEAT,176.2,122.0,176.2,122.0
2025-08-26T14:08:07.623,337.19660091400146,150.0,148.9,31.7,0,8,BAKE-PREHEAT,176.0,121.8,176.0,121.8
2025-08-26T14:08:07.873,337.4463698863983,150.0,148.8,31.7,0,8,BAKE-PREHEAT,176.2,121.2,176.2,121.2
2025-08-26T14:08:08.123,337.69660782814026,150.0,148.5,31.7,0,8,BAKE-PREHEAT,176.8,120.2,176.8,120.2
2025-08-26T14:08:08.439,338.01220202445984,150.0,148.6,31.8,0,8,BAKE-PREHEAT,177.2,120.0,177.2,120.0
2025-08-26T14:08:08.621,338.1942319869995,150.0,148.4,31.7,0,8,BAKE-PREHEAT,177.5,119.2,177.5,119.2
2025-08-26T14:08:08.871,338.44427585601807,150.0,148.4,31.7,0,8,BAKE-PREHEAT,177.5,119.2,177.5,119.2
2025-08-26T14:08:09.188,338.7621638774872,150.0,148.5,31.8,0,8,BAKE-PREHEAT,177.8,119.2,177.8,119.2
2025-08-26T14:08:09.375,338.94865894317627,150.0,148.5,31.8,0,8,BAKE-PREHEAT,178.0,119.0,178.0,119.0
2025-08-26T14:08:09.623,339.19643783569336,150.0,148.4,31.8,0,8,BAKE-PREHEAT,178.2,118.5,178.2,118.5
2025-08-26T14:08:09.945,339.51831889152527,150.0,148.2,31.8,0,8,BAKE-PREHEAT,178.5,118.0,178.5,118.0
2025-08-26T14:08:10.120,339.6939299106598,150.0,148.6,31.8,0,8,BAKE-PREHEAT,179.2,118.0,179.2,118.0
2025-08-26T14:08:10.371,339.94423484802246,150.0,148.8,31.8,0,8,BAKE-PREHEAT,179.2,118.2,179.2,118.2
2025-08-26T14:08:10.681,340.25517201423645,150.0,148.8,31.8,0,8,BAKE-PREHEAT,179.5,118.0,179.5,118.0
2025-08-26T14:08:10.872,340.44517993927,150.0,149.0,31.8,0,8,BAKE-PREHEAT,180.2,117.8,180.2,117.8
2025-08-26T14:08:11.176,340.7499179840088,150.0,149.4,31.8,0,8,BAKE-PREHEAT,180.8,118.0,180.8,118.0
2025-08-26T14:08:11.430,341.0036280155182,150.0,149.4,31.8,0,8,BAKE-PREHEAT,181.0,117.8,181.0,117.8
2025-08-26T14:08:11.616,341.18922781944275,150.0,149.2,31.8,0,8,BAKE-PREHEAT,181.0,117.5,181.0,117.5
2025-08-26T14:08:11.870,341.4435329437256,150.0,149.0,31.8,0,8,BAKE-PREHEAT,180.5,117.5,180.5,117.5
2025-08-26T14:08:12.121,341.6950798034668,150.0,149.1,31.8,0,8,BAKE-PREHEAT,181.0,117.2,181.0,117.2
2025-08-26T14:08:12.371,341.94501090049744,150.0,149.1,31.8,0,8,BAKE-PREHEAT,181.2,117.0,181.2,117.0
2025-08-26T14:08:12.686,342.25994896888733,150.0,149.4,31.8,0,8,BAKE-PREHEAT,181.8,117.0,181.8,117.0
2025-08-26T14:08:12.865,342.43859791755676,150.0,149.5,31.8,0,8,BAKE-PREHEAT,181.8,117.2,181.8,117.2
2025-08-26T14:08:13.185,342.7582378387451,150.0,149.5,31.8,0,8,BAKE-PREHEAT,181.8,117.2,181.8,117.2
2025-08-26T14:08:13.371,342.94464898109436,150.0,149.6,31.8,0,8,BAKE-PREHEAT,182.0,117.2,182.0,117.2
2025-08-26T14:08:13.685,343.25824785232544,150.0,150.0,31.8,0,8,BAKE,182.5,117.5,182.5,117.5
2025-08-26T14:08:13.876,343.44971990585327,150.0,149.8,31.8,0,8,BAKE-PREHEAT,182.0,117.5,182.0,117.5
2025-08-26T14:08:14.199,343.77292490005493,150.0,149.4,31.8,0,8,BAKE-PREHEAT,181.2,117.5,181.2,117.5
2025-08-26T14:08:14.389,343.96233797073364,150.0,149.2,31.8,0,8,BAKE-PREHEAT,181.0,117.5,181.0,117.5
2025-08-26T14:08:14.635,344.209125995636,150.0,149.5,31.8,0,8,BAKE-PREHEAT,181.0,118.0,181.0,118.0
2025-08-26T14:08:14.880,344.4536199569702,150.0,149.5,31.8,0,8,BAKE-PREHEAT,180.8,118.2,180.8,118.2
2025-08-26T14:08:15.127,344.7011330127716,150.0,149.1,31.8,0,8,BAKE-PREHEAT,180.0,118.2,180.0,118.2
2025-08-26T14:08:15.437,345.0105769634247,150.0,148.9,31.8,0,8,BAKE-PREHEAT,179.8,118.0,179.8,118.0
2025-08-26T14:08:15.624,345.19789600372314,150.0,149.2,31.9,0,8,BAKE-PREHEAT,180.0,118.5,180.0,118.5
2025-08-26T14:08:15.870,345.4437258243561,150.0,149.2,31.9,0,8,BAKE-PREHEAT,180.2,118.2,180.2,118.2
2025-08-26T14:08:16.120,345.693354845047,150.0,149.1,31.8,0,8,BAKE-PREHEAT,179.8,118.5,179.8,118.5
2025-08-26T14:08:16.370,345.94361996650696,150.0,149.1,31.8,0,8,BAKE-PREHEAT,179.8,118.5,179.8,118.5
2025-08-26T14:08:16.688,346.26193594932556,150.0,149.0,31.8,0,8,BAKE-PREHEAT,179.2,118.8,179.2,118.8
2025-08-26T14:08:16.942,346.5153160095215,150.0,149.0,31.8,0,8,BAKE-PREHEAT,178.8,119.2,178.8,119.2
2025-08-26T14:08:17.121,346.6945779323578,150.0,149.1,31.9,0,8,BAKE-PREHEAT,178.8,119.5,178.8,119.5
2025-08-26T14:08:17.437,347.0106689929962,150.0,149.0,31.9,0,8,BAKE-PREHEAT,178.5,119.5,178.5,119.5
2025-08-26T14:08:17.690,347.26376485824585,150.0,148.9,31.8,0,8,BAKE-PREHEAT,178.0,119.8,178.0,119.8
2025-08-26T14:08:17.870,347.4432988166809,150.0,148.9,31.9,0,8,BAKE-PREHEAT,177.5,120.2,177.5,120.2
2025-08-26T14:08:18.171,347.7449719905853,150.0,148.5,31.8,0,8,BAKE-PREHEAT,177.0,120.0,177.0,120.0
2025-08-26T14:08:18.429,348.0022008419037,150.0,148.1,31.8,0,8,BAKE-PREHEAT,176.0,120.2,176.0,120.2
2025-08-26T14:08:18.619,348.19310784339905,150.0,148.0,31.9,0,8,BAKE-PREHEAT,175.5,120.5,175.5,120.5
2025-08-26T14:08:18.870,348.4433000087738,150.0,147.9,31.9,0,8,BAKE-PREHEAT,175.2,120.5,175.2,120.5
2025-08-26T14:08:19.119,348.692715883255,150.0,148.0,31.9,0,8,BAKE-PREHEAT,175.0,121.0,175.0,121.0
2025-08-26T14:08:19.432,349.0055329799652,150.0,147.8,31.8,0,8,BAKE-PREHEAT,174.5,121.0,174.5,121.0
2025-08-26T14:08:19.687,349.2608549594879,150.0,147.6,31.8,0,8,BAKE-PREHEAT,174.2,121.0,174.2,121.0
2025-08-26T14:08:19.875,349.4482548236847,150.0,147.2,31.8,0,8,BAKE-PREHEAT,173.8,120.8,173.8,120.8
2025-08-26T14:08:20.119,349.6926028728485,150.0,147.2,31.8,0,8,BAKE-PREHEAT,173.5,121.0,173.5,121.0
2025-08-26T14:08:20.369,349.942400932312,150.0,147.4,31.9,0,8,BAKE-PREHEAT,173.5,121.2,173.5,121.2
2025-08-26T14:08:20.685,350.25907588005066,150.0,147.2,31.9,0,8,BAKE-PREHEAT,173.2,121.2,173.2,121.2
2025-08-26T14:08:20.937,350.5111198425293,150.0,147.2,31.9,0,8,BAKE-PREHEAT,172.8,121.8,172.8,121.8
2025-08-26T14:08:21.124,350.69777488708496,150.0,147.2,31.9,0,8,BAKE-PREHEAT,172.5,122.0,172.5,122.0
2025-08-26T14:08:21.435,351.0084578990936,150.0,147.1,31.8,0,8,BAKE-PREHEAT,172.2,122.0,172.2,122.0
2025-08-26T14:08:21.621,351.19446301460266,150.0,146.9,31.9,128,8,BAKE-PREHEAT,171.8,122.0,171.8,122.0
2025-08-26T14:08:21.929,351.5024309158325,150.0,146.8,31.8,255,8,BAKE-PREHEAT,171.2,122.2,171.2,122.2
2025-08-26T14:08:22.123,351.69672298431396,150.0,146.5,31.9,255,8,BAKE-PREHEAT,170.8,122.2,170.8,122.2
2025-08-26T14:08:22.442,352.01546001434326,150.0,146.5,31.8,255,8,BAKE-PREHEAT,170.5,122.5,170.5,122.5
2025-08-26T14:08:22.622,352.196133852005,150.0,146.2,31.8,255,8,BAKE-PREHEAT,169.8,122.8,169.8,122.8
2025-08-26T14:08:22.931,352.5049169063568,150.0,146.4,31.9,255,8,BAKE-PREHEAT,170.0,122.8,170.0,122.8
2025-08-26T14:08:23.118,352.69202184677124,150.0,146.0,31.9,255,8,BAKE-PREHEAT,169.5,122.5,169.5,122.5
2025-08-26T14:08:23.431,353.00479888916016,150.0,146.1,31.8,255,8,BAKE-PREHEAT,168.8,123.5,168.8,123.5
2025-08-26T14:08:23.688,353.26214694976807,150.0,146.2,31.9,255,8,BAKE-PREHEAT,168.8,123.8,168.8,123.8
2025-08-26T14:08:23.878,353.45145988464355,150.0,146.2,31.9,255,8,BAKE-PREHEAT,168.5,124.0,168.5,124.0
2025-08-26T14:08:24.122,353.6959648132324,150.0,146.1,31.9,255,8,BAKE-PREHEAT,168.2,124.0,168.2,124.0
2025-08-26T14:08:24.368,353.94162702560425,150.0,146.0,31.9,255,8,BAKE-PREHEAT,167.8,124.2,167.8,124.2
2025-08-26T14:08:24.618,354.19179487228394,150.0,146.0,31.9,255,8,BAKE-PREHEAT,167.5,124.5,167.5,124.5
2025-08-26T14:08:24.873,354.44625186920166,150.0,145.9,31.9,255,8,BAKE-PREHEAT,167.0,124.8,167.0,124.8
2025-08-26T14:08:25.192,354.7654118537903,150.0,146.1,31.9,255,8,BAKE-PREHEAT,167.2,125.0,167.2,125.0
2025-08-26T14:08:25.376,354.9500319957733,150.0,145.8,31.9,255,8,BAKE-PREHEAT,166.8,124.8,166.8,124.8
2025-08-26T14:08:25.618,355.19147396087646,150.0,145.8,31.9,255,8,BAKE-PREHEAT,166.5,125.0,166.5,125.0
2025-08-26T14:08:25.867,355.4409999847412,150.0,145.6,31.8,255,8,BAKE-PREHEAT,166.2,125.0,166.2,125.0
2025-08-26T14:08:26.118,355.6913788318634,150.0,145.8,31.8,255,8,BAKE-PREHEAT,166.0,125.5,166.0,125.5
2025-08-26T14:08:26.427,356.00094985961914,150.0,145.9,31.8,255,8,BAKE-PREHEAT,166.0,125.8,166.0,125.8
2025-08-26T14:08:26.673,356.246572971344,150.0,145.8,31.9,255,8,BAKE-PREHEAT,165.8,125.8,165.8,125.8
2025-08-26T14:08:26.867,356.4405448436737,150.0,145.8,31.9,255,8,BAKE-PREHEAT,165.2,126.2,165.2,126.2
2025-08-26T14:08:27.184,356.75769996643066,150.0,145.6,31.9,255,8,BAKE-PREHEAT,165.2,126.0,165.2,126.0
2025-08-26T14:08:27.367,356.9410138130188,150.0,145.1,31.9,255,8,BAKE-PREHEAT,164.5,125.8,164.5,125.8
2025-08-26T14:08:27.673,357.24649691581726,150.0,144.9,31.9,255,8,BAKE-PREHEAT,164.0,125.8,164.0,125.8
2025-08-26T14:08:27.934,357.5072498321533,150.0,145.0,31.9,255,8,BAKE-PREHEAT,163.8,126.2,163.8,126.2
2025-08-26T14:08:28.121,357.69449496269226,150.0,145.1,31.9,255,8,BAKE-PREHEAT,163.5,126.8,163.5,126.8
2025-08-26T14:08:28.423,357.996572971344,150.0,145.2,31.9,255,8,BAKE-PREHEAT,163.2,127.2,163.2,127.2
2025-08-26T14:08:28.668,358.24174785614014,150.0,144.9,31.9,255,8,BAKE-PREHEAT,162.8,127.0,162.8,127.0
2025-08-26T14:08:28.867,358.44025802612305,150.0,145.0,31.9,255,8,BAKE-PREHEAT,162.8,127.2,162.8,127.2
2025-08-26T14:08:29.182,358.75526785850525,150.0,145.1,31.9,255,8,BAKE-PREHEAT,162.5,127.8,162.5,127.8
2025-08-26T14:08:29.365,358.9384558200836,150.0,145.4,31.9,255,8,BAKE-PREHEAT,162.2,128.5,162.2,128.5
2025-08-26T14:08:29.673,359.2465989589691,150.0,145.4,31.9,255,8,BAKE-PREHEAT,162.0,128.8,162.0,128.8
2025-08-26T14:08:29.927,359.5006248950958,150.0,145.8,31.9,245,8,BAKE-PREHEAT,162.0,129.5,162.0,129.5
2025-08-26T14:08:30.117,359.6902389526367,150.0,145.6,31.9,255,8,BAKE-PREHEAT,161.8,129.5,161.8,129.5
2025-08-26T14:08:30.180,359.7533838748932,150.0,145.9,31.8,255,8,BAKE-PREHEAT,161.8,130.0,161.8,130.0
2025-08-26T14:08:30.663,360.23668098449707,120.0,145.6,31.8,0,255,BAKE,161.5,129.8,161.5,129.8
2025-08-26T14:08:30.917,360.49025988578796,120.0,146.2,31.9,0,255,BAKE,161.8,130.8,161.8,130.8
2025-08-26T14:08:31.176,360.7492859363556,120.0,146.1,31.9,0,255,BAKE,161.8,130.5,161.8,130.5
2025-08-26T14:08:31.427,361.00050497055054,120.0,146.4,31.9,0,255,BAKE,161.8,131.0,161.8,131.0
2025-08-26T14:08:31.672,361.2458097934723,120.0,146.6,31.9,0,255,BAKE,162.2,131.0,162.2,131.0
2025-08-26T14:08:31.922,361.49532890319824,120.0,147.2,31.9,0,255,BAKE,162.8,131.8,162.8,131.8
2025-08-26T14:08:32.109,361.682856798172,120.0,147.4,32.0,0,255,BAKE,163.8,131.0,163.8,131.0
2025-08-26T14:08:32.421,361.99434900283813,120.0,147.1,32.0,0,255,BAKE,163.8,130.5,163.8,130.5
2025-08-26T14:08:32.683,362.2567307949066,120.0,147.1,31.9,0,255,BAKE,164.8,129.5,164.8,129.5
2025-08-26T14:08:32.869,362.44279193878174,120.0,147.6,32.0,0,255,BAKE,166.8,128.5,166.8,128.5
2025-08-26T14:08:33.123,362.6970639228821,120.0,147.6,32.0,0,255,BAKE,168.2,127.0,168.2,127.0
2025-08-26T14:08:33.424,362.99775791168213,120.0,147.2,32.0,0,255,BAKE,168.8,125.8,168.8,125.8
2025-08-26T14:08:33.621,363.19442892074585,120.0,146.9,31.9,0,255,BAKE,169.5,124.2,169.5,124.2
2025-08-26T14:08:33.864,363.4375398159027,120.0,146.8,32.0,0,255,BAKE,169.8,123.8,169.8,123.8
2025-08-26T14:08:34.116,363.68973684310913,120.0,146.2,31.9,0,255,BAKE,170.2,122.2,170.2,122.2
2025-08-26T14:08:34.424,363.9978528022766,120.0,145.6,32.0,0,255,BAKE,170.5,120.8,170.5,120.8
2025-08-26T14:08:34.671,364.2443130016327,120.0,144.9,31.9,0,255,BAKE,170.5,119.2,170.5,119.2
2025-08-26T14:08:34.922,364.49591398239136,120.0,144.2,32.0,0,255,BAKE,170.8,117.8,170.8,117.8
2025-08-26T14:08:35.109,364.6827960014343,120.0,143.4,31.9,0,255,BAKE,170.5,116.2,170.5,116.2
2025-08-26T14:08:35.423,364.9967038631439,120.0,142.9,32.0,0,255,BAKE,170.5,115.2,170.5,115.2
2025-08-26T14:08:35.616,365.18983602523804,120.0,142.2,32.0,0,255,BAKE,170.5,114.0,170.5,114.0
2025-08-26T14:08:35.866,365.4393517971039,120.0,141.1,31.9,0,255,BAKE,169.8,112.5,169.8,112.5
2025-08-26T14:08:36.183,365.7570879459381,120.0,140.4,32.0,0,255,BAKE,169.8,111.0,169.8,111.0
2025-08-26T14:08:36.192,365.76596188545227,120.0,139.4,32.1,0,255,BAKE,169.2,109.5,169.2,109.5
2025-08-26T14:08:36.670,366.24371790885925,120.0,138.5,32.0,0,255,BAKE,168.5,108.5,168.5,108.5
2025-08-26T14:08:36.933,366.506374835968,120.0,137.8,32.1,0,255,BAKE,168.2,107.2,168.2,107.2
2025-08-26T14:08:37.120,366.69321298599243,120.0,136.9,32.1,0,255,BAKE,167.5,106.2,167.5,106.2
2025-08-26T14:08:37.432,367.00525283813477,120.0,136.4,32.0,0,255,BAKE,168.0,104.8,168.0,104.8
2025-08-26T14:08:37.682,367.25566482543945,120.0,135.5,32.0,0,255,BAKE,167.5,103.5,167.5,103.5
2025-08-26T14:08:37.863,367.4367458820343,120.0,134.8,32.0,0,255,BAKE,167.2,102.2,167.2,102.2
2025-08-26T14:08:38.116,367.6892948150635,120.0,134.6,32.0,0,255,BAKE,167.8,101.5,167.8,101.5
2025-08-26T14:08:38.422,367.99606490135193,120.0,133.5,32.1,0,255,BAKE,166.5,100.5,166.5,100.5
2025-08-26T14:08:38.672,368.24608087539673,120.0,132.2,32.0,0,255,BAKE,165.2,99.2,165.2,99.2
2025-08-26T14:08:38.923,368.4969139099121,120.0,131.8,32.1,0,255,BAKE,165.0,98.5,165.0,98.5
2025-08-26T14:08:39.109,368.6825428009033,120.0,130.9,32.1,0,255,BAKE,164.2,97.5,164.2,97.5
2025-08-26T14:08:39.416,368.98936700820923,120.0,130.8,32.1,0,255,BAKE,164.5,97.0,164.5,97.0
2025-08-26T14:08:39.689,369.26238679885864,120.0,129.9,32.1,0,255,BAKE,163.8,96.0,163.8,96.0
2025-08-26T14:08:39.865,369.43874979019165,120.0,128.9,32.1,0,255,BAKE,162.8,95.0,162.8,95.0
2025-08-26T14:08:40.115,369.6891059875488,120.0,128.4,32.1,0,255,BAKE,162.2,94.5,162.2,94.5
2025-08-26T14:08:40.431,370.0041859149933,120.0,127.2,32.0,0,225,BAKE,161.2,93.2,161.2,93.2
2025-08-26T14:08:40.619,370.1928868293762,120.0,126.8,32.1,0,210,BAKE,161.0,92.5,161.0,92.5
2025-08-26T14:08:40.928,370.5019419193268,120.0,126.8,32.1,0,210,BAKE,161.2,92.2,161.2,92.2
2025-08-26T14:08:41.115,370.6885178089142,120.0,126.2,32.1,0,195,BAKE,161.0,91.5,161.0,91.5
2025-08-26T14:08:41.365,370.93873500823975,120.0,125.5,32.1,0,173,BAKE,160.0,91.0,160.0,91.0
2025-08-26T14:08:41.685,371.25868797302246,120.0,125.1,32.1,0,161,BAKE,159.8,90.5,159.8,90.5
2025-08-26T14:08:41.926,371.4995789527893,120.0,124.5,32.1,0,143,BAKE,159.0,90.0,159.0,90.0
2025-08-26T14:08:42.113,371.68668580055237,120.0,123.9,32.1,0,124,BAKE,158.2,89.5,158.2,89.5
2025-08-26T14:08:42.424,371.99801778793335,120.0,124.0,32.2,0,128,BAKE,158.5,89.5,158.5,89.5
2025-08-26T14:08:42.615,372.18842601776123,120.0,123.2,32.0,0,105,BAKE,157.8,88.8,157.8,88.8
2025-08-26T14:08:42.865,372.43850779533386,120.0,122.5,32.1,0,8,BAKE,156.5,88.5,156.5,88.5
2025-08-26T14:08:43.188,372.7616159915924,120.0,122.1,32.1,0,8,BAKE,156.2,88.0,156.2,88.0
2025-08-26T14:08:43.365,372.9389808177948,120.0,121.5,32.1,0,8,BAKE,155.2,87.8,155.2,87.8
2025-08-26T14:08:43.672,373.24592185020447,120.0,121.4,32.1,0,8,BAKE,155.0,87.8,155.0,87.8
2025-08-26T14:08:43.934,373.5075168609619,120.0,120.9,32.1,0,8,BAKE,154.2,87.5,154.2,87.5
2025-08-26T14:08:44.120,373.6938998699188,120.0,121.0,32.1,0,8,BAKE,154.5,87.5,154.5,87.5
2025-08-26T14:08:44.370,373.94323992729187,120.0,120.8,32.1,0,8,BAKE,154.2,87.2,154.2,87.2
2025-08-26T14:08:44.683,374.25653982162476,120.0,120.4,32.2,0,8,BAKE,153.8,87.0,153.8,87.0
2025-08-26T14:08:44.862,374.4357588291168,120.0,120.4,32.1,0,8,BAKE,153.8,87.0,153.8,87.0
2025-08-26T14:08:45.114,374.6879668235779,120.0,120.2,32.1,0,8,BAKE,153.5,87.0,153.5,87.0
2025-08-26T14:08:45.424,374.9973998069763,120.0,120.5,32.2,0,8,BAKE,154.0,87.0,154.0,87.0
2025-08-26T14:08:45.614,375.18811678886414,120.0,120.9,32.2,0,8,BAKE,154.5,87.2,154.5,87.2
2025-08-26T14:08:45.930,375.5040409564972,120.0,121.0,32.1,0,8,BAKE,155.0,87.0,155.0,87.0
2025-08-26T14:08:46.121,375.6951639652252,120.0,121.4,32.2,0,8,BAKE,155.5,87.2,155.5,87.2
2025-08-26T14:08:46.369,375.9428060054779,120.0,121.5,32.2,0,8,BAKE,155.8,87.2,155.8,87.2
2025-08-26T14:08:46.615,376.18827199935913,120.0,121.6,32.2,0,8,BAKE,156.2,87.0,156.2,87.0
2025-08-26T14:08:46.864,376.43774700164795,120.0,121.9,32.1,0,8,BAKE,156.2,87.5,156.2,87.5
2025-08-26T14:08:47.115,376.68841886520386,120.0,121.9,32.1,0,8,BAKE,156.0,87.8,156.0,87.8
2025-08-26T14:08:47.421,376.9944689273834,120.0,122.5,32.2,0,8,BAKE,157.2,87.8,157.2,87.8
2025-08-26T14:08:47.607,377.1810348033905,120.0,123.0,32.2,0,8,BAKE,157.5,88.5,157.5,88.5
2025-08-26T14:08:47.862,377.435998916626,120.0,123.0,32.2,0,8,BAKE,157.8,88.2,157.8,88.2
2025-08-26T14:08:48.114,377.68748593330383,120.0,123.1,32.2,0,101,BAKE,157.8,88.5,157.8,88.5
2025-08-26T14:08:48.364,377.9378809928894,120.0,123.1,32.2,0,101,BAKE,157.8,88.5,157.8,88.5
2025-08-26T14:08:48.676,378.2500398159027,120.0,123.2,32.2,0,105,BAKE,157.8,88.8,157.8,88.8
2025-08-26T14:08:48.926,378.4993779659271,120.0,123.2,32.1,0,105,BAKE,157.8,88.8,157.8,88.8
2025-08-26T14:08:49.113,378.6866159439087,120.0,123.4,32.2,0,109,BAKE,157.5,89.2,157.5,89.2
2025-08-26T14:08:49.362,378.9359998703003,120.0,123.4,32.2,0,109,BAKE,157.5,89.2,157.5,89.2
2025-08-26T14:08:49.674,379.2478458881378,120.0,123.6,32.2,0,116,BAKE,158.0,89.2,158.0,89.2
2025-08-26T14:08:49.924,379.49805998802185,120.0,123.8,32.2,0,120,BAKE,158.2,89.2,158.2,89.2
2025-08-26T14:08:50.187,379.76081895828247,120.0,123.8,32.2,0,120,BAKE,158.2,89.2,158.2,89.2
2025-08-26T14:08:50.374,379.9473879337311,120.0,124.0,32.2,0,128,BAKE,158.8,89.2,158.8,89.2
2025-08-26T14:08:50.627,380.2007977962494,120.0,123.9,32.1,0,124,BAKE,158.8,89.0,158.8,89.0
2025-08-26T14:08:50.875,380.4485008716583,120.0,124.0,32.2,0,128,BAKE,159.0,89.0,159.0,89.0
2025-08-26T14:08:51.123,380.696702003479,120.0,124.0,32.2,0,128,BAKE,159.0,89.0,159.0,89.0
2025-08-26T14:08:51.369,380.94267892837524,120.0,123.9,32.2,0,124,BAKE,158.8,89.0,158.8,89.0
2025-08-26T14:08:51.692,381.2659637928009,120.0,123.8,32.2,0,120,BAKE,158.8,88.8,158.8,88.8
2025-08-26T14:08:51.878,381.45166301727295,120.0,123.8,32.2,0,120,BAKE,159.0,88.5,159.0,88.5
2025-08-26T14:08:52.126,381.69923281669617,120.0,123.6,32.2,0,116,BAKE,158.8,88.5,158.8,88.5
2025-08-26T14:08:52.372,381.9458179473877,120.0,123.6,32.2,0,116,BAKE,158.8,88.5,158.8,88.5
2025-08-26T14:08:52.619,382.19293999671936,120.0,123.6,32.2,0,116,BAKE,159.0,88.2,159.0,88.2
2025-08-26T14:08:52.936,382.5096068382263,120.0,123.5,32.2,0,113,BAKE,158.8,88.2,158.8,88.2
2025-08-26T14:08:53.124,382.69719195365906,120.0,123.1,32.2,0,101,BAKE,158.2,88.0,158.2,88.0
2025-08-26T14:08:53.378,382.9512720108032,120.0,123.0,32.2,0,8,BAKE,158.0,88.0,158.0,88.0
2025-08-26T14:08:53.632,383.20533084869385,120.0,123.0,32.2,0,8,BAKE,158.2,87.8,158.2,87.8
2025-08-26T14:08:53.879,383.4528329372406,120.0,122.9,32.2,0,8,BAKE,158.0,87.8,158.0,87.8
2025-08-26T14:08:54.129,383.7025430202484,120.0,123.0,32.2,0,8,BAKE,158.5,87.5,158.5,87.5
2025-08-26T14:08:54.441,384.01424288749695,120.0,122.9,32.3,0,8,BAKE,158.2,87.5,158.2,87.5
2025-08-26T14:08:54.628,384.20193886756897,120.0,122.5,32.3,0,8,BAKE,157.8,87.2,157.8,87.2
2025-08-26T14:08:54.881,384.4545569419861,120.0,122.6,32.2,0,8,BAKE,158.0,87.2,158.0,87.2
2025-08-26T14:08:55.128,384.70150685310364,120.0,122.1,32.2,0,8,BAKE,157.2,87.0,157.2,87.0
2025-08-26T14:08:55.380,384.9533109664917,120.0,122.0,32.2,0,8,BAKE,157.0,87.0,157.0,87.0
2025-08-26T14:08:55.629,385.2028329372406,120.0,122.1,32.2,0,8,BAKE,157.2,87.0,157.2,87.0
2025-08-26T14:08:55.950,385.5236887931824,120.0,122.1,32.3,0,8,BAKE,157.5,86.8,157.5,86.8
2025-08-26T14:08:56.136,385.70952582359314,120.0,122.0,32.3,0,8,BAKE,157.2,86.8,157.2,86.8
2025-08-26T14:08:56.395,385.96877789497375,120.0,121.8,32.3,0,8,BAKE,156.8,86.8,156.8,86.8
2025-08-26T14:08:56.641,386.2150778770447,120.0,121.8,32.3,0,8,BAKE,156.8,86.8,156.8,86.8
2025-08-26T14:08:56.901,386.47486901283264,120.0,121.4,32.2,0,8,BAKE,156.0,86.8,156.0,86.8
2025-08-26T14:08:57.149,386.72278594970703,120.0,121.4,32.3,0,8,BAKE,156.0,86.8,156.0,86.8
2025-08-26T14:08:57.397,386.97038888931274,120.0,121.8,32.3,0,8,BAKE,156.5,87.0,156.5,87.0
2025-08-26T14:08:57.642,387.21603989601135,120.0,121.8,32.3,0,8,BAKE,156.2,87.2,156.2,87.2
2025-08-26T14:08:57.899,387.4724578857422,120.0,121.9,32.3,0,8,BAKE,156.5,87.2,156.5,87.2
2025-08-26T14:08:58.157,387.73047494888306,120.0,121.9,32.3,0,8,BAKE,156.2,87.5,156.2,87.5
2025-08-26T14:08:58.420,387.9939157962799,120.0,121.9,32.3,0,8,BAKE,156.0,87.8,156.0,87.8
2025-08-26T14:08:58.678,388.2513518333435,120.0,122.0,32.3,0,8,BAKE,156.2,87.8,156.2,87.8
2025-08-26T14:08:58.861,388.4345428943634,120.0,121.9,32.3,0,8,BAKE,156.0,87.8,156.0,87.8
2025-08-26T14:08:59.113,388.68620800971985,120.0,121.9,32.4,0,8,BAKE,155.8,88.0,155.8,88.0
2025-08-26T14:08:59.367,388.94111800193787,120.0,121.8,32.3,0,8,BAKE,155.5,88.0,155.5,88.0
2025-08-26T14:08:59.613,389.186411857605,120.0,122.1,32.3,0,8,BAKE,155.8,88.5,155.8,88.5
2025-08-26T14:08:59.933,389.5062689781189,120.0,122.2,32.3,0,8,BAKE,156.0,88.5,156.0,88.5
2025-08-26T14:09:00.116,389.68999195098877,120.0,122.2,32.3,0,8,BAKE,156.0,88.5,156.0,88.5
2025-08-26T14:09:00.362,389.93603897094727,120.0,122.4,32.3,0,8,BAKE,156.0,88.8,156.0,88.8
2025-08-26T14:09:00.613,390.1864697933197,120.0,122.8,32.3,0,8,BAKE,156.5,89.0,156.5,89.0
2025-08-26T14:09:00.863,390.4363977909088,120.0,122.5,32.4,0,8,BAKE,155.8,89.2,155.8,89.2
2025-08-26T14:09:01.113,390.687136888504,120.0,122.5,32.3,0,8,BAKE,155.5,89.5,155.5,89.5
2025-08-26T14:09:01.424,390.9977648258209,120.0,122.6,32.3,0,8,BAKE,155.8,89.5,155.8,89.5
2025-08-26T14:09:01.613,391.18674087524414,120.0,122.8,32.3,0,8,BAKE,155.8,89.8,155.8,89.8
2025-08-26T14:09:01.862,391.43539595603943,120.0,122.6,32.3,0,8,BAKE,155.8,89.5,155.8,89.5
2025-08-26T14:09:02.112,391.6856858730316,120.0,123.0,32.4,0,8,BAKE,156.2,89.8,156.2,89.8
2025-08-26T14:09:02.363,391.9363179206848,120.0,123.2,32.3,0,105,BAKE,156.5,90.0,156.5,90.0
2025-08-26T14:09:02.682,392.25527691841125,120.0,123.5,32.4,0,113,BAKE,156.5,90.5,156.5,90.5
2025-08-26T14:09:02.924,392.4973089694977,120.0,123.9,32.3,0,124,BAKE,156.8,91.0,156.8,91.0
2025-08-26T14:09:03.105,392.67858600616455,120.0,123.9,32.3,0,124,BAKE,156.8,91.0,156.8,91.0
2025-08-26T14:09:03.361,392.9344358444214,120.0,124.2,32.4,0,135,BAKE,157.2,91.2,157.2,91.2
2025-08-26T14:09:03.613,393.18619084358215,120.0,124.0,32.3,0,128,BAKE,156.5,91.5,156.5,91.5
2025-08-26T14:09:03.862,393.43616795539856,120.0,124.1,32.3,0,131,BAKE,156.8,91.5,156.8,91.5
2025-08-26T14:09:04.181,393.75451397895813,120.0,124.1,32.4,0,131,BAKE,156.8,91.5,156.8,91.5
2025-08-26T14:09:04.371,393.94477796554565,120.0,124.1,32.4,0,131,BAKE,156.8,91.5,156.8,91.5
2025-08-26T14:09:04.620,394.1933608055115,120.0,124.0,32.4,0,128,BAKE,156.8,91.2,156.8,91.2
2025-08-26T14:09:04.867,394.44044399261475,120.0,123.9,32.4,0,124,BAKE,156.5,91.2,156.5,91.2
2025-08-26T14:09:05.112,394.68593883514404,120.0,124.0,32.4,0,128,BAKE,156.8,91.2,156.8,91.2
2025-08-26T14:09:05.367,394.9409809112549,120.0,123.8,32.3,0,120,BAKE,156.8,90.8,156.8,90.8
2025-08-26T14:09:05.687,395.2611439228058,120.0,123.4,32.3,0,109,BAKE,156.5,90.2,156.5,90.2
2025-08-26T14:09:05.872,395.44574880599976,120.0,123.2,32.3,0,105,BAKE,156.2,90.2,156.2,90.2
2025-08-26T14:09:06.112,395.6852478981018,120.0,123.1,32.3,0,101,BAKE,156.2,90.0,156.2,90.0
2025-08-26T14:09:06.366,395.9398169517517,120.0,122.9,32.3,0,8,BAKE,156.0,89.8,156.0,89.8
2025-08-26T14:09:06.612,396.18561697006226,120.0,122.8,32.4,0,8,BAKE,156.0,89.5,156.0,89.5
2025-08-26T14:09:06.924,396.4972949028015,120.0,122.5,32.4,0,8,BAKE,156.0,89.0,156.0,89.0
2025-08-26T14:09:07.108,396.6821279525757,120.0,122.4,32.4,0,8,BAKE,156.0,88.8,156.0,88.8
2025-08-26T14:09:07.360,396.93343901634216,120.0,122.2,32.3,0,8,BAKE,155.8,88.8,155.8,88.8
2025-08-26T14:09:07.663,397.23685097694397,120.0,122.1,32.4,0,8,BAKE,155.8,88.5,155.8,88.5
2025-08-26T14:09:07.916,397.4895730018616,120.0,121.8,32.4,0,8,BAKE,155.2,88.2,155.2,88.2
2025-08-26T14:09:08.176,397.75012493133545,120.0,121.8,32.4,0,8,BAKE,155.2,88.2,155.2,88.2
2025-08-26T14:09:08.440,398.0133898258209,120.0,121.2,32.4,0,8,BAKE,154.8,87.8,154.8,87.8
2025-08-26T14:09:08.630,398.20370984077454,120.0,121.4,32.4,0,8,BAKE,154.8,88.0,154.8,88.0
2025-08-26T14:09:08.877,398.4506368637085,120.0,121.5,32.4,0,8,BAKE,155.0,88.0,155.0,88.0
2025-08-26T14:09:09.127,398.70082688331604,120.0,121.6,32.4,0,8,BAKE,155.2,88.0,155.2,88.0
2025-08-26T14:09:09.377,398.950838804245,120.0,121.5,32.5,0,8,BAKE,155.0,88.0,155.0,88.0
2025-08-26T14:09:09.632,399.20534801483154,120.0,121.5,32.5,0,8,BAKE,155.0,88.0,155.0,88.0
2025-08-26T14:09:09.943,399.5166440010071,120.0,121.4,32.4,0,8,BAKE,154.8,88.0,154.8,88.0
2025-08-26T14:09:10.131,399.7045519351959,120.0,121.1,32.5,0,8,BAKE,154.5,87.8,154.5,87.8
2025-08-26T14:09:10.388,399.96139001846313,120.0,121.0,32.5,0,8,BAKE,154.2,87.8,154.2,87.8
2025-08-26T14:09:10.642,400.21562695503235,120.0,121.1,32.4,0,8,BAKE,154.5,87.8,154.5,87.8
2025-08-26T14:09:10.894,400.46766781806946,120.0,121.0,32.5,0,8,BAKE,154.2,87.8,154.2,87.8
2025-08-26T14:09:11.138,400.7112238407135,120.0,120.9,32.4,0,8,BAKE,154.0,87.8,154.0,87.8
2025-08-26T14:09:11.392,400.96532702445984,120.0,120.9,32.4,0,8,BAKE,154.0,87.8,154.0,87.8
2025-08-26T14:09:11.649,401.2228457927704,120.0,120.9,32.4,0,8,BAKE,154.0,87.8,154.0,87.8
2025-08-26T14:09:11.890,401.46367383003235,120.0,120.9,32.4,0,8,BAKE,153.8,88.0,153.8,88.0
2025-08-26T14:09:12.146,401.71996879577637,120.0,120.9,32.5,0,8,BAKE,153.8,88.0,153.8,88.0
2025-08-26T14:09:12.408,401.98118782043457,120.0,121.0,32.4,0,8,BAKE,154.0,88.0,154.0,88.0
2025-08-26T14:09:12.659,402.2329800128937,120.0,121.4,32.5,0,8,BAKE,154.2,88.5,154.2,88.5
2025-08-26T14:09:12.916,402.489453792572,120.0,121.4,32.4,0,8,BAKE,154.2,88.5,154.2,88.5
2025-08-26T14:09:13.169,402.74315881729126,120.0,121.4,32.5,0,8,BAKE,154.2,88.5,154.2,88.5
2025-08-26T14:09:13.432,403.00594091415405,120.0,121.5,32.4,0,8,BAKE,154.2,88.8,154.2,88.8
2025-08-26T14:09:13.621,403.19510102272034,120.0,121.4,32.4,0,8,BAKE,154.0,88.8,154.0,88.8
2025-08-26T14:09:13.940,403.5137629508972,120.0,121.2,32.5,0,8,BAKE,153.8,88.8,153.8,88.8
2025-08-26T14:09:14.125,403.6984968185425,120.0,121.1,32.4,0,8,BAKE,153.2,89.0,153.2,89.0
2025-08-26T14:09:14.375,403.9482629299164,120.0,121.2,32.4,0,8,BAKE,153.2,89.2,153.2,89.2
2025-08-26T14:09:14.629,404.20271587371826,120.0,121.2,32.4,0,8,BAKE,153.2,89.2,153.2,89.2
2025-08-26T14:09:14.877,404.4506149291992,120.0,121.1,32.5,0,8,BAKE,153.2,89.0,153.2,89.0
2025-08-26T14:09:15.130,404.7039740085602,120.0,120.9,32.5,0,8,BAKE,152.5,89.2,152.5,89.2
2025-08-26T14:09:15.458,405.03210401535034,120.0,120.9,32.4,0,8,BAKE,152.5,89.2,152.5,89.2
2025-08-26T14:09:15.653,405.2269198894501,120.0,121.0,32.5,0,8,BAKE,152.5,89.5,152.5,89.5
2025-08-26T14:09:15.916,405.48946499824524,120.0,121.2,32.5,0,8,BAKE,152.5,90.0,152.5,90.0
2025-08-26T14:09:16.171,405.74449586868286,120.0,120.9,32.5,0,8,BAKE,152.0,89.8,152.0,89.8
2025-08-26T14:09:16.361,405.934201002121,120.0,120.9,32.5,0,8,BAKE,151.8,90.0,151.8,90.0
2025-08-26T14:09:16.682,406.2560348510742,120.0,120.9,32.5,0,8,BAKE,151.2,90.5,151.2,90.5
2025-08-26T14:09:16.920,406.4936559200287,120.0,120.6,32.5,0,8,BAKE,150.5,90.8,150.5,90.8
2025-08-26T14:09:17.106,406.679221868515,120.0,120.5,32.4,0,8,BAKE,150.0,91.0,150.0,91.0
2025-08-26T14:09:17.359,406.93232798576355,120.0,120.4,32.5,0,8,BAKE,149.8,91.0,149.8,91.0
2025-08-26T14:09:17.611,407.18461084365845,120.0,120.5,32.4,0,8,BAKE,149.5,91.5,149.5,91.5
2025-08-26T14:09:17.922,407.4955699443817,120.0,120.2,32.5,0,8,BAKE,149.0,91.5,149.0,91.5
2025-08-26T14:09:18.179,407.7526409626007,120.0,120.2,32.5,0,8,BAKE,148.8,91.8,148.8,91.8
2025-08-26T14:09:18.369,407.9423508644104,120.0,120.2,32.5,0,8,BAKE,148.8,91.8,148.8,91.8
2025-08-26T14:09:18.614,408.18747782707214,120.0,120.1,32.5,0,8,BAKE,148.2,92.0,148.2,92.0
2025-08-26T14:09:18.861,408.43429493904114,120.0,119.9,32.5,0,8,BAKE-PREHEAT,147.5,92.2,147.5,92.2
2025-08-26T14:09:19.167,408.7405300140381,120.0,119.6,32.4,0,8,BAKE-PREHEAT,147.0,92.2,147.0,92.2
2025-08-26T14:09:19.429,409.0030310153961,120.0,119.8,32.5,0,8,BAKE-PREHEAT,146.8,92.8,146.8,92.8
2025-08-26T14:09:19.693,409.2664759159088,120.0,119.6,32.5,0,8,BAKE-PREHEAT,146.8,92.5,146.8,92.5
2025-08-26T14:09:19.881,409.45452785491943,120.0,119.2,32.4,0,8,BAKE-PREHEAT,145.8,92.8,145.8,92.8
2025-08-26T14:09:20.131,409.70470690727234,120.0,119.2,32.5,0,8,BAKE-PREHEAT,145.5,93.0,145.5,93.0
2025-08-26T14:09:20.388,409.96131682395935,120.0,119.2,32.5,0,8,BAKE-PREHEAT,145.5,93.0,145.5,93.0
2025-08-26T14:09:20.650,410.2233889102936,120.0,119.0,32.5,0,8,BAKE-PREHEAT,145.0,93.0,145.0,93.0
2025-08-26T14:09:20.902,410.4759979248047,120.0,118.9,32.5,0,8,BAKE-PREHEAT,144.5,93.2,144.5,93.2
2025-08-26T14:09:21.149,410.7229537963867,120.0,119.0,32.4,0,8,BAKE-PREHEAT,144.2,93.8,144.2,93.8
2025-08-26T14:09:21.396,410.9699728488922,120.0,118.9,32.5,0,8,BAKE-PREHEAT,144.0,93.8,144.0,93.8
2025-08-26T14:09:21.660,411.2334449291229,120.0,118.6,32.5,0,8,BAKE-PREHEAT,143.5,93.8,143.5,93.8
2025-08-26T14:09:21.914,411.4880278110504,120.0,118.5,32.5,0,8,BAKE-PREHEAT,143.0,94.0,143.0,94.0
2025-08-26T14:09:22.165,411.7391138076782,120.0,118.2,32.4,0,8,BAKE-PREHEAT,142.8,93.8,142.8,93.8
2025-08-26T14:09:22.419,411.992458820343,120.0,118.2,32.5,0,8,BAKE-PREHEAT,142.5,94.0,142.5,94.0
2025-08-26T14:09:22.608,412.1818687915802,120.0,118.0,32.5,0,8,BAKE-PREHEAT,142.0,94.0,142.0,94.0
2025-08-26T14:09:22.919,412.4923210144043,120.0,118.1,32.5,0,8,BAKE-PREHEAT,142.0,94.2,142.0,94.2
2025-08-26T14:09:23.156,412.7301228046417,120.0,118.1,32.5,0,8,BAKE-PREHEAT,141.8,94.5,141.8,94.5
2025-08-26T14:09:23.415,412.9891610145569,120.0,117.8,32.4,0,8,BAKE-PREHEAT,141.0,94.5,141.0,94.5
2025-08-26T14:09:23.672,413.24572587013245,120.0,117.6,32.5,0,8,BAKE-PREHEAT,140.2,95.0,140.2,95.0
2025-08-26T14:09:23.913,413.4862937927246,120.0,117.2,32.5,0,8,BAKE-PREHEAT,139.8,94.8,139.8,94.8
2025-08-26T14:09:24.174,413.74771881103516,120.0,117.2,32.4,0,8,BAKE-PREHEAT,139.5,95.0,139.5,95.0
2025-08-26T14:09:24.359,413.9330928325653,120.0,117.6,32.5,0,8,BAKE-PREHEAT,140.0,95.2,140.0,95.2
2025-08-26T14:09:24.610,414.18346881866455,120.0,117.1,32.5,0,8,BAKE-PREHEAT,139.0,95.2,139.0,95.2
2025-08-26T14:09:24.924,414.49771881103516,120.0,116.9,32.4,255,8,BAKE-PREHEAT,138.2,95.5,138.2,95.5
2025-08-26T14:09:25.189,414.7628388404846,120.0,117.4,32.5,0,8,BAKE-PREHEAT,139.0,95.8,139.0,95.8
2025-08-26T14:09:25.372,414.94575786590576,120.0,117.0,32.4,0,8,BAKE-PREHEAT,137.8,96.2,137.8,96.2
2025-08-26T14:09:25.626,415.19926595687866,120.0,117.6,32.5,0,8,BAKE-PREHEAT,139.0,96.2,139.0,96.2
2025-08-26T14:09:25.875,415.4491488933563,120.0,117.0,32.4,0,8,BAKE-PREHEAT,137.5,96.5,137.5,96.5
2025-08-26T14:09:26.130,415.70415782928467,120.0,117.0,32.4,0,8,BAKE-PREHEAT,137.5,96.5,137.5,96.5
2025-08-26T14:09:26.386,415.9601249694824,120.0,117.1,32.5,0,8,BAKE-PREHEAT,137.2,97.0,137.2,97.0
2025-08-26T14:09:26.637,416.21070885658264,120.0,117.0,32.5,0,8,BAKE-PREHEAT,137.0,97.0,137.0,97.0
2025-08-26T14:09:26.879,416.45284485816956,120.0,117.0,32.5,0,8,BAKE-PREHEAT,137.0,97.0,137.0,97.0
2025-08-26T14:09:27.132,416.70537090301514,120.0,116.2,32.5,255,8,BAKE-PREHEAT,135.5,97.0,135.5,97.0
2025-08-26T14:09:27.378,416.95137882232666,120.0,116.2,32.5,255,8,BAKE-PREHEAT,135.8,96.8,135.8,96.8
2025-08-26T14:09:27.631,417.2050759792328,120.0,116.4,32.5,255,8,BAKE-PREHEAT,136.0,96.8,136.0,96.8
2025-08-26T14:09:27.947,417.5210518836975,120.0,115.9,32.5,255,8,BAKE-PREHEAT,135.2,96.5,135.2,96.5
2025-08-26T14:09:28.127,417.70076394081116,120.0,115.5,32.5,255,8,BAKE-PREHEAT,134.5,96.5,134.5,96.5
2025-08-26T14:09:28.378,417.95157194137573,120.0,115.4,32.5,255,8,BAKE-PREHEAT,134.2,96.5,134.2,96.5
2025-08-26T14:09:28.634,418.2076299190521,120.0,115.4,32.4,255,8,BAKE-PREHEAT,133.5,97.2,133.5,97.2
2025-08-26T14:09:28.883,418.4571039676666,120.0,115.6,32.4,255,8,BAKE-PREHEAT,133.2,98.0,133.2,98.0
2025-08-26T14:09:29.143,418.71625900268555,120.0,115.5,32.4,255,8,BAKE-PREHEAT,133.2,97.8,133.2,97.8
2025-08-26T14:09:29.398,418.9715259075165,120.0,115.4,32.5,255,8,BAKE-PREHEAT,133.0,97.8,133.0,97.8
2025-08-26T14:09:29.653,419.22661995887756,120.0,114.8,32.5,255,8,BAKE-PREHEAT,132.0,97.5,132.0,97.5
2025-08-26T14:09:29.907,419.4809458255768,120.0,115.2,32.5,224,8,BAKE-PREHEAT,132.8,97.8,132.8,97.8
2025-08-26T14:09:30.166,419.7393388748169,120.0,115.2,32.5,255,8,BAKE-PREHEAT,132.5,98.0,132.5,98.0
2025-08-26T14:09:30.425,419.99891996383667,120.0,115.2,32.5,255,8,BAKE-PREHEAT,132.5,98.0,132.5,98.0
2025-08-26T14:09:30.682,420.25603199005127,120.0,115.2,32.4,255,8,BAKE-PREHEAT,132.2,98.2,132.2,98.2
2025-08-26T14:09:30.866,420.43983483314514,120.0,115.2,32.5,255,8,BAKE-PREHEAT,132.2,98.2,132.2,98.2
2025-08-26T14:09:31.109,420.68274879455566,120.0,115.0,32.4,255,8,BAKE-PREHEAT,131.8,98.2,131.8,98.2
2025-08-26T14:09:31.419,420.9922339916229,120.0,115.1,32.5,255,8,BAKE-PREHEAT,131.8,98.5,131.8,98.5
2025-08-26T14:09:31.609,421.182443857193,120.0,115.2,32.5,255,8,BAKE-PREHEAT,131.8,98.8,131.8,98.8
2025-08-26T14:09:31.921,421.49507784843445,120.0,115.2,32.5,255,8,BAKE-PREHEAT,131.5,99.0,131.5,99.0
2025-08-26T14:09:32.107,421.68069291114807,120.0,115.2,32.4,255,8,BAKE-PREHEAT,131.0,99.5,131.0,99.5
2025-08-26T14:09:32.416,421.989807844162,120.0,115.5,32.5,255,8,BAKE-PREHEAT,131.2,99.8,131.2,99.8
2025-08-26T14:09:32.609,422.1823389530182,120.0,116.1,32.5,175,8,BAKE-PREHEAT,131.8,100.5,131.8,100.5
2025-08-26T14:09:32.859,422.4327600002289,120.0,116.1,32.5,255,8,BAKE-PREHEAT,131.5,100.8,131.5,100.8
2025-08-26T14:09:33.174,422.7479259967804,120.0,116.5,32.4,230,8,BAKE-PREHEAT,131.8,101.2,131.8,101.2
2025-08-26T14:09:33.436,423.00923895835876,120.0,116.4,32.4,255,8,BAKE-PREHEAT,131.0,101.8,131.0,101.8
2025-08-26T14:09:33.614,423.18775391578674,120.0,116.9,32.5,192,8,BAKE-PREHEAT,131.8,102.0,131.8,102.0
2025-08-26T14:09:33.861,423.43429493904114,120.0,116.8,32.4,255,8,BAKE-PREHEAT,131.2,102.2,131.2,102.2
2025-08-26T14:09:34.167,423.7404589653015,120.0,117.4,32.4,0,8,BAKE-PREHEAT,131.8,103.0,131.8,103.0
2025-08-26T14:09:34.418,423.992045879364,120.0,117.5,32.5,0,8,BAKE-PREHEAT,131.5,103.5,131.5,103.5
2025-08-26T14:09:34.682,424.2552978992462,120.0,118.1,32.5,0,8,BAKE-PREHEAT,131.8,104.5,131.8,104.5
2025-08-26T14:09:34.866,424.4393138885498,120.0,118.5,32.5,0,8,BAKE-PREHEAT,132.0,105.0,132.0,105.0
2025-08-26T14:09:35.109,424.6824789047241,120.0,118.4,32.5,0,8,BAKE-PREHEAT,131.2,105.5,131.2,105.5
2025-08-26T14:09:35.423,424.99663400650024,120.0,119.0,32.5,0,8,BAKE-PREHEAT,132.0,106.0,132.0,106.0
2025-08-26T14:09:35.608,425.18193101882935,120.0,119.2,32.4,0,8,BAKE-PREHEAT,132.0,106.5,132.0,106.5
2025-08-26T14:09:35.923,425.49664187431335,120.0,119.5,32.5,0,8,BAKE-PREHEAT,131.8,107.2,131.8,107.2
2025-08-26T14:09:36.178,425.7520549297333,120.0,120.1,32.5,0,8,BAKE,132.5,107.8,132.5,107.8
2025-08-26T14:09:36.366,425.93945479393005,120.0,120.0,32.4,0,8,BAKE,131.8,108.2,131.8,108.2
2025-08-26T14:09:36.622,426.1952848434448,120.0,120.4,32.5,0,8,BAKE,132.5,108.2,132.5,108.2
2025-08-26T14:09:36.874,426.4476239681244,120.0,120.6,32.4,0,8,BAKE,132.2,109.0,132.2,109.0
2025-08-26T14:09:37.124,426.6974148750305,120.0,120.6,32.5,0,8,BAKE,131.8,109.5,131.8,109.5
2025-08-26T14:09:37.379,426.9521768093109,120.0,121.1,32.5,0,8,BAKE,132.5,109.8,132.5,109.8
2025-08-26T14:09:37.625,427.19843888282776,120.0,121.2,32.5,0,8,BAKE,132.5,110.0,132.5,110.0
2025-08-26T14:09:37.879,427.45285987854004,120.0,121.1,32.5,0,8,BAKE,132.2,110.0,132.2,110.0
2025-08-26T14:09:38.126,427.7001609802246,120.0,121.4,32.5,0,8,BAKE,132.8,110.0,132.8,110.0
2025-08-26T14:09:38.365,427.9382038116455,120.0,121.6,32.5,0,8,BAKE,132.2,111.0,132.2,111.0
2025-08-26T14:09:38.613,428.18657994270325,120.0,121.9,32.4,0,8,BAKE,132.2,111.5,132.2,111.5
2025-08-26T14:09:38.933,428.5066227912903,120.0,122.0,32.5,0,8,BAKE,132.0,112.0,132.0,112.0
2025-08-26T14:09:39.122,428.6958589553833,120.0,122.2,32.5,0,8,BAKE,132.5,112.0,132.5,112.0
2025-08-26T14:09:39.374,428.94770789146423,120.0,122.2,32.5,0,8,BAKE,132.5,112.0,132.5,112.0
2025-08-26T14:09:39.627,429.2011568546295,120.0,122.2,32.5,0,8,BAKE,132.2,112.2,132.2,112.2
2025-08-26T14:09:39.882,429.45571279525757,120.0,122.1,32.4,0,8,BAKE,132.2,112.0,132.2,112.0
2025-08-26T14:09:40.132,429.70557498931885,120.0,122.5,32.5,0,8,BAKE,132.2,112.8,132.2,112.8
2025-08-26T14:09:40.378,429.95188784599304,120.0,122.6,32.4,0,8,BAKE,132.0,113.2,132.0,113.2
2025-08-26T14:09:40.626,430.19930386543274,120.0,123.2,32.5,0,105,BAKE,132.8,113.8,132.8,113.8
2025-08-26T14:09:40.879,430.45291781425476,120.0,122.9,32.4,0,8,BAKE,132.2,113.5,132.2,113.5
2025-08-26T14:09:41.125,430.69914197921753,120.0,122.9,32.5,0,8,BAKE,132.0,113.8,132.0,113.8
2025-08-26T14:09:41.379,430.95278096199036,120.0,123.2,32.5,0,105,BAKE,132.5,114.0,132.5,114.0
2025-08-26T14:09:41.701,431.274374961853,120.0,123.4,32.5,0,109,BAKE,132.2,114.5,132.2,114.5
2025-08-26T14:09:41.886,431.45990681648254,120.0,123.1,32.5,0,101,BAKE,132.0,114.2,132.0,114.2
2025-08-26T14:09:42.129,431.702800989151,120.0,123.4,32.5,0,109,BAKE,132.5,114.2,132.5,114.2
2025-08-26T14:09:42.382,431.95591402053833,120.0,123.5,32.5,0,113,BAKE,132.5,114.5,132.5,114.5
2025-08-26T14:09:42.635,432.2084758281708,120.0,123.6,32.5,0,116,BAKE,132.5,114.8,132.5,114.8
2025-08-26T14:09:42.896,432.4693739414215,120.0,123.6,32.5,0,116,BAKE,132.5,114.8,132.5,114.8
2025-08-26T14:09:43.147,432.72089195251465,120.0,123.4,32.5,0,109,BAKE,132.0,114.8,132.0,114.8
2025-08-26T14:09:43.399,432.9726188182831,120.0,123.5,32.5,0,113,BAKE,132.8,114.2,132.8,114.2
2025-08-26T14:09:43.658,433.2321689128876,120.0,123.6,32.5,0,116,BAKE,133.0,114.2,133.0,114.2
2025-08-26T14:09:43.916,433.4892678260803,120.0,123.5,32.5,0,113,BAKE,133.0,114.0,133.0,114.0
2025-08-26T14:09:44.173,433.74621987342834,120.0,123.5,32.5,0,113,BAKE,133.0,114.0,133.0,114.0
2025-08-26T14:09:44.431,434.00454783439636,120.0,123.4,32.5,0,109,BAKE,133.5,113.2,133.5,113.2
2025-08-26T14:09:44.606,434.18008494377136,120.0,123.2,32.6,0,105,BAKE,134.0,112.5,134.0,112.5
2025-08-26T14:09:44.858,434.43148279190063,120.0,123.2,32.6,0,105,BAKE,134.5,112.0,134.5,112.0
2025-08-26T14:09:45.112,434.6860239505768,120.0,122.5,32.6,0,8,BAKE,133.8,111.2,133.8,111.2
2025-08-26T14:09:45.358,434.9313340187073,120.0,122.4,32.5,0,8,BAKE,134.2,110.5,134.2,110.5
2025-08-26T14:09:45.612,435.1861050128937,120.0,122.4,32.5,0,8,BAKE,135.0,109.8,135.0,109.8
2025-08-26T14:09:45.932,435.5060088634491,120.0,122.2,32.5,0,8,BAKE,135.2,109.2,135.2,109.2
2025-08-26T14:09:46.111,435.68480801582336,120.0,122.6,32.6,0,8,BAKE,136.5,108.8,136.5,108.8
2025-08-26T14:09:46.416,435.98923897743225,120.0,122.9,32.6,0,8,BAKE,137.2,108.5,137.2,108.5
2025-08-26T14:09:46.675,436.2485749721527,120.0,122.6,32.5,0,8,BAKE,137.2,108.0,137.2,108.0
2025-08-26T14:09:46.862,436.43569684028625,120.0,122.4,32.5,0,8,BAKE,137.5,107.2,137.5,107.2
2025-08-26T14:09:47.173,436.74657797813416,120.0,122.4,32.5,0,8,BAKE,138.2,106.5,138.2,106.5
2025-08-26T14:09:47.362,436.93607091903687,120.0,122.5,32.6,0,8,BAKE,138.8,106.2,138.8,106.2
2025-08-26T14:09:47.608,437.1814229488373,120.0,122.5,32.5,0,8,BAKE,139.2,105.8,139.2,105.8
2025-08-26T14:09:47.923,437.496857881546,120.0,123.1,32.6,0,101,BAKE,140.5,105.8,140.5,105.8
2025-08-26T14:09:48.109,437.6829619407654,120.0,122.9,32.6,0,8,BAKE,140.2,105.5,140.2,105.5
2025-08-26T14:09:48.419,437.9926779270172,120.0,122.8,32.5,0,8,BAKE,140.2,105.2,140.2,105.2
2025-08-26T14:09:48.671,438.24462699890137,120.0,122.9,32.5,0,8,BAKE,140.8,105.0,140.8,105.0
2025-08-26T14:09:48.860,438.4333248138428,120.0,122.8,32.5,0,8,BAKE,140.5,105.0,140.5,105.0
2025-08-26T14:09:49.106,438.67918491363525,120.0,122.5,32.6,0,8,BAKE,140.2,104.8,140.2,104.8
2025-08-26T14:09:49.357,438.9310259819031,120.0,122.6,32.5,0,8,BAKE,140.8,104.5,140.8,104.5
2025-08-26T14:09:49.607,439.180303812027,120.0,122.2,32.5,0,8,BAKE,140.2,104.2,140.2,104.2
2025-08-26T14:09:49.923,439.49712800979614,120.0,122.4,32.5,0,8,BAKE,140.5,104.2,140.5,104.2
2025-08-26T14:09:50.178,439.75179290771484,120.0,122.1,32.6,0,8,BAKE,140.2,104.0,140.2,104.0
2025-08-26T14:09:50.366,439.939208984375,120.0,122.0,32.6,0,8,BAKE,140.2,103.8,140.2,103.8
2025-08-26T14:09:50.605,440.1787939071655,120.0,121.8,32.6,0,8,BAKE,139.8,103.8,139.8,103.8
2025-08-26T14:09:50.857,440.430832862854,120.0,121.6,32.6,0,8,BAKE,139.8,103.5,139.8,103.5
2025-08-26T14:09:51.171,440.74440479278564,120.0,121.5,32.6,0,8,BAKE,140.0,103.0,140.0,103.0
2025-08-26T14:09:51.423,440.9965867996216,120.0,121.5,32.5,0,8,BAKE,139.8,103.2,139.8,103.2
2025-08-26T14:09:51.611,441.1848819255829,120.0,121.2,32.6,0,8,BAKE,139.0,103.5,139.0,103.5
2025-08-26T14:09:51.857,441.4303870201111,120.0,121.5,32.6,0,8,BAKE,139.2,103.8,139.2,103.8
2025-08-26T14:09:52.112,441.6854147911072,120.0,121.6,32.6,0,8,BAKE,139.8,103.5,139.8,103.5
2025-08-26T14:09:52.358,441.93206095695496,120.0,121.5,32.6,0,8,BAKE,139.5,103.5,139.5,103.5
2025-08-26T14:09:52.612,442.185341835022,120.0,121.4,32.6,0,8,BAKE,139.5,103.2,139.5,103.2
2025-08-26T14:09:52.935,442.5089077949524,120.0,121.2,32.6,0,8,BAKE,139.0,103.5,139.0,103.5
2025-08-26T14:09:53.112,442.6858899593353,120.0,121.5,32.6,0,8,BAKE,139.5,103.5,139.5,103.5
2025-08-26T14:09:53.357,442.93098998069763,120.0,121.2,32.6,0,8,BAKE,139.0,103.5,139.0,103.5
2025-08-26T14:09:53.611,443.1845169067383,120.0,121.2,32.6,0,8,BAKE,139.0,103.5,139.0,103.5
2025-08-26T14:09:53.857,443.4303388595581,120.0,121.2,32.6,0,8,BAKE,138.8,103.8,138.8,103.8
2025-08-26T14:09:54.180,443.7538239955902,120.0,121.1,32.6,0,8,BAKE,138.5,103.8,138.5,103.8
2025-08-26T14:09:54.365,443.9386010169983,120.0,121.1,32.6,0,8,BAKE,138.5,103.8,138.5,103.8
2025-08-26T14:09:54.620,444.19402384757996,120.0,121.1,32.7,0,8,BAKE,138.5,103.8,138.5,103.8
2025-08-26T14:09:54.873,444.44625186920166,120.0,120.9,32.6,0,8,BAKE,138.0,103.8,138.0,103.8
2025-08-26T14:09:55.118,444.69147181510925,120.0,120.9,32.6,0,8,BAKE,138.0,103.8,138.0,103.8
2025-08-26T14:09:55.357,444.93109798431396,120.0,120.8,32.6,0,8,BAKE,137.8,103.8,137.8,103.8
2025-08-26T14:09:55.678,445.2521369457245,120.0,120.9,32.6,0,8,BAKE,137.8,104.0,137.8,104.0
2025-08-26T14:09:55.865,445.4381878376007,120.0,120.6,32.6,0,8,BAKE,137.0,104.2,137.0,104.2
2025-08-26T14:09:56.118,445.6918179988861,120.0,120.5,32.5,0,8,BAKE,136.8,104.2,136.8,104.2
2025-08-26T14:09:56.423,445.996230840683,120.0,120.2,32.5,0,8,BAKE,136.2,104.2,136.2,104.2
2025-08-26T14:09:56.609,446.1821858882904,120.0,120.4,32.5,0,8,BAKE,136.8,104.0,136.8,104.0
2025-08-26T14:09:56.862,446.43570494651794,120.0,120.4,32.6,0,8,BAKE,136.5,104.2,136.5,104.2
2025-08-26T14:09:57.180,446.75398302078247,120.0,120.0,32.6,0,8,BAKE,136.0,104.0,136.0,104.0
2025-08-26T14:09:57.365,446.93870091438293,120.0,119.6,32.5,0,8,BAKE-PREHEAT,135.5,103.8,135.5,103.8
2025-08-26T14:09:57.620,447.1938798427582,120.0,120.1,32.6,0,8,BAKE,136.2,104.0,136.2,104.0
2025-08-26T14:09:57.874,447.44773602485657,120.0,119.6,32.6,0,8,BAKE-PREHEAT,135.5,103.8,135.5,103.8
2025-08-26T14:09:58.130,447.70411801338196,120.0,119.5,32.5,0,8,BAKE-PREHEAT,135.5,103.5,135.5,103.5
2025-08-26T14:09:58.443,448.0163769721985,120.0,119.4,32.6,0,8,BAKE-PREHEAT,135.2,103.5,135.2,103.5
2025-08-26T14:09:58.626,448.1997158527374,120.0,119.5,32.6,0,8,BAKE-PREHEAT,135.0,104.0,135.0,104.0
2025-08-26T14:09:58.883,448.4563817977905,120.0,119.4,32.6,0,8,BAKE-PREHEAT,134.8,104.0,134.8,104.0
2025-08-26T14:09:59.122,448.69558691978455,120.0,119.1,32.6,0,8,BAKE-PREHEAT,134.8,103.5,134.8,103.5
2025-08-26T14:09:59.374,448.9478268623352,120.0,118.9,32.6,0,8,BAKE-PREHEAT,134.0,103.8,134.0,103.8
2025-08-26T14:09:59.625,449.1985960006714,120.0,118.8,32.6,0,8,BAKE-PREHEAT,133.8,103.8,133.8,103.8
2025-08-26T14:09:59.948,449.52190685272217,120.0,118.6,32.6,0,8,BAKE-PREHEAT,133.5,103.8,133.5,103.8
2025-08-26T14:10:00.140,449.71330094337463,120.0,118.6,32.5,0,8,BAKE-PREHEAT,133.0,104.2,133.0,104.2
2025-08-26T14:10:00.385,449.9587609767914,120.0,118.4,32.6,0,8,BAKE-PREHEAT,132.8,104.0,132.8,104.0
2025-08-26T14:10:00.629,450.20308089256287,120.0,118.2,32.6,0,8,BAKE-PREHEAT,132.8,103.8,132.8,103.8
2025-08-26T14:10:00.888,450.4613289833069,120.0,118.2,32.6,0,8,BAKE-PREHEAT,132.8,103.8,132.8,103.8
2025-08-26T14:10:01.140,450.7136788368225,120.0,117.6,32.5,0,8,BAKE-PREHEAT,131.8,103.5,131.8,103.5
2025-08-26T14:10:01.401,450.9749798774719,120.0,117.4,32.6,0,8,BAKE-PREHEAT,131.5,103.2,131.5,103.2
2025-08-26T14:10:01.664,451.2373149394989,120.0,117.4,32.6,0,8,BAKE-PREHEAT,131.2,103.5,131.2,103.5
2025-08-26T14:10:01.855,451.42911291122437,120.0,117.6,32.6,0,8,BAKE-PREHEAT,131.2,104.0,131.2,104.0
2025-08-26T14:10:02.173,451.74676179885864,120.0,117.9,32.5,0,8,BAKE-PREHEAT,131.5,104.2,131.5,104.2
2025-08-26T14:10:02.423,451.99651288986206,120.0,117.8,32.6,0,8,BAKE-PREHEAT,131.2,104.2,131.2,104.2
2025-08-26T14:10:02.685,452.2585070133209,120.0,117.8,32.6,0,8,BAKE-PREHEAT,130.5,105.0,130.5,105.0
2025-08-26T14:10:02.871,452.4444389343262,120.0,117.5,32.6,0,8,BAKE-PREHEAT,130.2,104.8,130.2,104.8
2025-08-26T14:10:03.126,452.69918179512024,120.0,117.8,32.6,0,8,BAKE-PREHEAT,130.8,104.8,130.8,104.8
2025-08-26T14:10:03.371,452.94460892677307,120.0,117.8,32.6,0,8,BAKE-PREHEAT,130.8,104.8,130.8,104.8
2025-08-26T14:10:03.620,453.19396901130676,120.0,117.8,32.6,0,8,BAKE-PREHEAT,130.8,104.8,130.8,104.8
2025-08-26T14:10:03.876,453.44919896125793,120.0,117.5,32.7,0,8,BAKE-PREHEAT,130.2,104.8,130.2,104.8
2025-08-26T14:10:04.122,453.69599294662476,120.0,117.6,32.6,0,8,BAKE-PREHEAT,130.5,104.8,130.5,104.8
2025-08-26T14:10:04.371,453.9441947937012,120.0,118.0,32.6,0,8,BAKE-PREHEAT,130.8,105.2,130.8,105.2
2025-08-26T14:10:04.611,454.18469882011414,120.0,118.0,32.7,0,8,BAKE-PREHEAT,130.2,105.8,130.2,105.8
2025-08-26T14:10:04.857,454.4301919937134,120.0,118.1,32.7,0,8,BAKE-PREHEAT,130.0,106.2,130.0,106.2
2025-08-26T14:10:05.172,454.74548602104187,120.0,118.1,32.6,0,8,BAKE-PREHEAT,130.2,106.0,130.2,106.0
2025-08-26T14:10:05.415,454.98885583877563,120.0,118.4,32.6,0,8,BAKE-PREHEAT,130.2,106.5,130.2,106.5
2025-08-26T14:10:05.603,455.17704701423645,120.0,118.4,32.7,0,8,BAKE-PREHEAT,130.0,106.8,130.0,106.8
2025-08-26T14:10:05.855,455.4285979270935,120.0,118.6,32.6,0,8,BAKE-PREHEAT,130.2,107.0,130.2,107.0
2025-08-26T14:10:06.105,455.6790997982025,120.0,118.6,32.6,0,8,BAKE-PREHEAT,130.0,107.2,130.0,107.2
2025-08-26T14:10:06.355,455.92903780937195,120.0,118.4,32.6,0,8,BAKE-PREHEAT,130.0,106.8,130.0,106.8
2025-08-26T14:10:06.676,456.2493169307709,120.0,118.9,32.6,0,8,BAKE-PREHEAT,130.2,107.5,130.2,107.5
2025-08-26T14:10:06.865,456.43860697746277,120.0,119.0,32.6,0,8,BAKE-PREHEAT,130.2,107.8,130.2,107.8
2025-08-26T14:10:07.106,456.68011689186096,120.0,119.0,32.6,0,8,BAKE-PREHEAT,130.0,108.0,130.0,108.0
2025-08-26T14:10:07.416,456.9898889064789,120.0,119.0,32.6,0,8,BAKE-PREHEAT,129.8,108.2,129.8,108.2
2025-08-26T14:10:07.605,457.1786108016968,120.0,119.2,32.6,0,8,BAKE-PREHEAT,129.8,108.8,129.8,108.8
2025-08-26T14:10:07.859,457.4330348968506,120.0,119.4,32.7,0,8,BAKE-PREHEAT,129.8,109.0,129.8,109.0
2025-08-26T14:10:08.170,457.7435128688812,120.0,119.4,32.6,0,8,BAKE-PREHEAT,129.8,109.0,129.8,109.0
2025-08-26T14:10:08.353,457.92659401893616,120.0,119.5,32.7,0,8,BAKE-PREHEAT,129.8,109.2,129.8,109.2
2025-08-26T14:10:08.605,458.1787519454956,120.0,119.4,32.7,0,8,BAKE-PREHEAT,129.5,109.2,129.5,109.2
2025-08-26T14:10:08.919,458.4923348426819,120.0,119.6,32.6,0,8,BAKE-PREHEAT,129.8,109.5,129.8,109.5
2025-08-26T14:10:09.105,458.6785650253296,120.0,119.8,32.7,0,8,BAKE-PREHEAT,129.8,109.8,129.8,109.8
2025-08-26T14:10:09.432,459.00575590133667,120.0,119.9,32.6,0,8,BAKE-PREHEAT,129.8,110.0,129.8,110.0
2025-08-26T14:10:09.618,459.1912589073181,120.0,120.0,32.6,0,8,BAKE,129.5,110.5,129.5,110.5
2025-08-26T14:10:09.866,459.440064907074,120.0,120.0,32.6,0,8,BAKE,129.5,110.5,129.5,110.5
2025-08-26T14:10:10.115,459.6890559196472,120.0,119.8,32.7,0,8,BAKE-PREHEAT,129.2,110.2,129.2,110.2
2025-08-26T14:10:10.355,459.9283938407898,120.0,119.9,32.7,0,8,BAKE-PREHEAT,129.0,110.8,129.0,110.8
2025-08-26T14:10:10.610,460.1836459636688,120.0,120.1,32.7,0,8,BAKE,129.0,111.2,129.0,111.2
2025-08-26T14:10:10.932,460.5058648586273,120.0,120.2,32.6,0,8,BAKE,129.0,111.5,129.0,111.5
2025-08-26T14:10:11.119,460.6922378540039,120.0,120.2,32.7,0,8,BAKE,128.8,111.8,128.8,111.8
2025-08-26T14:10:11.365,460.9390778541565,120.0,120.1,32.6,0,8,BAKE,128.8,111.5,128.8,111.5
2025-08-26T14:10:11.607,461.18075799942017,120.0,119.9,32.6,0,8,BAKE-PREHEAT,128.5,111.2,128.5,111.2
2025-08-26T14:10:11.854,461.4280037879944,120.0,120.1,32.7,0,8,BAKE,128.2,112.0,128.2,112.0
2025-08-26T14:10:12.165,461.73906087875366,120.0,120.2,32.7,0,8,BAKE,128.2,112.2,128.2,112.2
2025-08-26T14:10:12.353,461.92652583122253,120.0,120.5,32.7,0,8,BAKE,128.5,112.5,128.5,112.5
2025-08-26T14:10:12.605,462.17830181121826,120.0,120.6,32.7,0,8,BAKE,128.2,113.0,128.2,113.0
2025-08-26T14:10:12.859,462.43237686157227,120.0,120.4,32.7,0,8,BAKE,128.2,112.5,128.2,112.5
2025-08-26T14:10:13.105,462.67830085754395,120.0,120.5,32.7,0,8,BAKE,128.2,112.8,128.2,112.8
2025-08-26T14:10:13.416,462.9898638725281,120.0,120.4,32.7,0,8,BAKE,127.8,113.0,127.8,113.0
2025-08-26T14:10:13.672,463.2457950115204,120.0,120.8,32.7,0,8,BAKE,128.0,113.5,128.0,113.5
2025-08-26T14:10:13.852,463.42566680908203,120.0,120.9,32.7,0,8,BAKE,127.8,114.0,127.8,114.0
2025-08-26T14:10:14.105,463.6783149242401,120.0,120.5,32.7,0,8,BAKE,127.2,113.8,127.2,113.8
2025-08-26T14:10:14.419,463.9923357963562,120.0,120.4,32.6,0,8,BAKE,127.0,113.8,127.0,113.8
2025-08-26T14:10:14.665,464.2390298843384,120.0,120.2,32.7,0,8,BAKE,127.0,113.5,127.0,113.5
2025-08-26T14:10:14.920,464.4933979511261,120.0,120.5,32.7,0,8,BAKE,127.0,114.0,127.0,114.0
2025-08-26T14:10:15.110,464.6832158565521,120.0,120.6,32.6,0,8,BAKE,126.8,114.5,126.8,114.5
2025-08-26T14:10:15.353,464.9265089035034,120.0,120.6,32.7,0,8,BAKE,126.8,114.5,126.8,114.5
2025-08-26T14:10:15.605,465.1782579421997,120.0,120.4,32.7,0,8,BAKE,126.5,114.2,126.5,114.2
2025-08-26T14:10:15.854,465.4276897907257,120.0,120.5,32.7,0,8,BAKE,126.5,114.5,126.5,114.5
2025-08-26T14:10:16.105,465.6783308982849,120.0,120.6,32.8,0,8,BAKE,126.5,114.8,126.5,114.8
2025-08-26T14:10:16.421,465.9942169189453,120.0,120.5,32.7,0,8,BAKE,126.2,114.8,126.2,114.8
2025-08-26T14:10:16.611,466.1842849254608,120.0,120.0,32.7,0,8,BAKE,125.8,114.2,125.8,114.2
2025-08-26T14:10:16.858,466.4312059879303,120.0,120.1,32.6,0,8,BAKE,126.2,114.0,126.2,114.0
2025-08-26T14:10:17.104,466.6780068874359,120.0,120.1,32.7,0,8,BAKE,125.8,114.5,125.8,114.5
2025-08-26T14:10:17.417,466.9902880191803,120.0,120.4,32.7,0,8,BAKE,126.0,114.8,126.0,114.8
2025-08-26T14:10:17.670,467.24356389045715,120.0,120.5,32.7,0,8,BAKE,126.0,115.0,126.0,115.0
2025-08-26T14:10:17.921,467.49457597732544,120.0,120.5,32.7,0,8,BAKE,125.8,115.2,125.8,115.2
2025-08-26T14:10:18.111,467.6850438117981,120.0,120.6,32.7,0,8,BAKE,126.0,115.2,126.0,115.2
2025-08-26T14:10:18.353,467.9264328479767,120.0,120.2,32.7,0,8,BAKE,125.2,115.2,125.2,115.2
2025-08-26T14:10:18.664,468.2373938560486,120.0,120.2,32.7,0,8,BAKE,125.5,115.0,125.5,115.0
2025-08-26T14:10:18.854,468.4271948337555,120.0,120.4,32.8,0,8,BAKE,125.5,115.2,125.5,115.2
2025-08-26T14:10:19.168,468.74157881736755,120.0,120.2,32.7,0,8,BAKE,125.2,115.2,125.2,115.2
2025-08-26T14:10:19.347,468.9207739830017,120.0,120.1,32.7,0,8,BAKE,125.2,115.0,125.2,115.0
2025-08-26T14:10:19.660,469.2336118221283,120.0,120.0,32.7,0,8,BAKE,125.0,115.0,125.0,115.0
2025-08-26T14:10:19.921,469.4950089454651,120.0,120.2,32.7,0,8,BAKE,125.2,115.2,125.2,115.2
2025-08-26T14:10:20.108,469.682168006897,120.0,120.2,32.7,0,8,BAKE,125.2,115.2,125.2,115.2
2025-08-26T14:10:20.359,469.9329400062561,120.0,120.2,32.8,0,8,BAKE,125.2,115.2,125.2,115.2
2025-08-26T14:10:20.680,470.25368189811707,120.0,120.0,32.7,0,8,BAKE,125.0,115.0,125.0,115.0
2025-08-26T14:10:20.866,470.43921184539795,120.0,120.0,32.7,0,8,BAKE,124.8,115.2,124.8,115.2
2025-08-26T14:10:21.115,470.68858194351196,120.0,120.1,32.8,0,8,BAKE,125.0,115.2,125.0,115.2
2025-08-26T14:10:21.358,470.9319109916687,120.0,120.1,32.7,0,8,BAKE,125.0,115.2,125.0,115.2
2025-08-26T14:10:21.666,471.24008202552795,120.0,120.0,32.7,0,8,BAKE,124.5,115.5,124.5,115.5
2025-08-26T14:10:21.929,471.50273084640503,120.0,119.8,32.7,0,8,BAKE-PREHEAT,124.5,115.0,124.5,115.0
2025-08-26T14:10:22.117,471.6907169818878,120.0,119.6,32.7,0,8,BAKE-PREHEAT,124.2,115.0,124.2,115.0
2025-08-26T14:10:22.366,471.93992590904236,120.0,119.9,32.7,0,8,BAKE-PREHEAT,124.5,115.2,124.5,115.2
2025-08-26T14:10:22.616,472.18995785713196,120.0,119.8,32.7,0,8,BAKE-PREHEAT,124.2,115.2,124.2,115.2
2025-08-26T14:10:22.865,472.43901085853577,120.0,120.0,32.7,0,8,BAKE,124.2,115.8,124.2,115.8
2025-08-26T14:10:23.112,472.6856918334961,120.0,120.1,32.8,0,8,BAKE,124.5,115.8,124.5,115.8
2025-08-26T14:10:23.435,473.0086088180542,120.0,119.9,32.8,0,8,BAKE-PREHEAT,124.5,115.2,124.5,115.2
2025-08-26T14:10:23.617,473.1907699108124,120.0,120.0,32.8,0,8,BAKE,124.5,115.5,124.5,115.5
2025-08-26T14:10:23.854,473.4277698993683,120.0,119.9,32.7,0,8,BAKE-PREHEAT,124.2,115.5,124.2,115.5
2025-08-26T14:10:24.103,473.67660784721375,120.0,119.8,32.7,0,8,BAKE-PREHEAT,124.2,115.2,124.2,115.2
2025-08-26T14:10:24.421,473.994647026062,120.0,120.0,32.7,0,8,BAKE,124.0,116.0,124.0,116.0
2025-08-26T14:10:24.674,474.2474308013916,120.0,120.0,32.7,0,8,BAKE,123.8,116.2,123.8,116.2
2025-08-26T14:10:24.861,474.43440079689026,120.0,120.0,32.7,0,8,BAKE,123.8,116.2,123.8,116.2
2025-08-26T14:10:25.108,474.6819078922272,120.0,120.0,32.7,0,8,BAKE,123.8,116.2,123.8,116.2
2025-08-26T14:10:25.353,474.92688393592834,120.0,120.0,32.7,0,8,BAKE,123.8,116.2,123.8,116.2
2025-08-26T14:10:25.603,475.1766748428345,120.0,119.8,32.8,0,8,BAKE-PREHEAT,123.8,115.8,123.8,115.8
2025-08-26T14:10:25.916,475.4895529747009,120.0,119.5,32.7,0,8,BAKE-PREHEAT,123.2,115.8,123.2,115.8
2025-08-26T14:10:26.179,475.7528488636017,120.0,119.4,32.8,0,8,BAKE-PREHEAT,123.5,115.2,123.5,115.2
2025-08-26T14:10:26.353,475.9265208244324,120.0,119.6,32.7,0,8,BAKE-PREHEAT,123.5,115.8,123.5,115.8
2025-08-26T14:10:26.603,476.17689394950867,120.0,119.4,32.7,0,8,BAKE-PREHEAT,123.2,115.5,123.2,115.5
2025-08-26T14:10:26.918,476.491662979126,120.0,119.5,32.8,0,8,BAKE-PREHEAT,123.2,115.8,123.2,115.8
2025-08-26T14:10:27.103,476.67712593078613,120.0,119.6,32.7,0,8,BAKE-PREHEAT,123.0,116.2,123.0,116.2
2025-08-26T14:10:27.359,476.93230295181274,120.0,119.5,32.8,0,8,BAKE-PREHEAT,123.2,115.8,123.2,115.8
2025-08-26T14:10:27.671,477.24465680122375,120.0,119.4,32.7,0,8,BAKE-PREHEAT,122.8,116.0,122.8,116.0
2025-08-26T14:10:27.859,477.4328739643097,120.0,119.5,32.8,0,8,BAKE-PREHEAT,123.0,116.0,123.0,116.0
2025-08-26T14:10:28.105,477.679044008255,120.0,119.4,32.8,0,8,BAKE-PREHEAT,122.8,116.0,122.8,116.0
2025-08-26T14:10:28.353,477.92663288116455,120.0,119.8,32.8,0,8,BAKE-PREHEAT,123.0,116.5,123.0,116.5
2025-08-26T14:10:28.670,478.2434208393097,120.0,119.2,32.7,0,8,BAKE-PREHEAT,122.2,116.2,122.2,116.2
2025-08-26T14:10:28.922,478.495609998703,120.0,119.2,32.8,0,8,BAKE-PREHEAT,122.5,116.0,122.5,116.0
2025-08-26T14:10:29.110,478.6837339401245,120.0,119.2,32.7,0,8,BAKE-PREHEAT,122.5,116.0,122.5,116.0
2025-08-26T14:10:29.359,478.9328429698944,120.0,119.2,32.8,0,8,BAKE-PREHEAT,122.2,116.2,122.2,116.2
2025-08-26T14:10:29.606,479.17965483665466,120.0,119.0,32.8,0,8,BAKE-PREHEAT,122.2,115.8,122.2,115.8
2025-08-26T14:10:29.853,479.42639994621277,120.0,119.1,32.8,0,8,BAKE-PREHEAT,122.2,116.0,122.2,116.0
2025-08-26T14:10:30.168,479.74176001548767,120.0,118.9,32.8,0,8,BAKE-PREHEAT,122.2,115.5,122.2,115.5
2025-08-26T14:10:30.174,479.74718499183655,120.0,118.8,32.7,0,8,BAKE-PREHEAT,122.0,115.5,122.0,115.5
2025-08-26T14:10:30.601,480.1744158267975,150.0,118.5,32.8,255,8,BAKE-PREHEAT,122.0,115.0,122.0,115.0
2025-08-26T14:10:30.911,480.4844288825989,150.0,118.2,32.8,255,8,BAKE-PREHEAT,121.8,114.8,121.8,114.8
2025-08-26T14:10:31.166,480.73947191238403,150.0,118.4,32.8,255,8,BAKE-PREHEAT,121.8,115.0,121.8,115.0
2025-08-26T14:10:31.352,480.926029920578,150.0,118.5,32.8,255,8,BAKE-PREHEAT,121.8,115.2,121.8,115.2
2025-08-26T14:10:31.665,481.23895502090454,150.0,118.2,32.8,255,8,BAKE-PREHEAT,121.2,115.2,121.2,115.2
2025-08-26T14:10:31.846,481.41983795166016,150.0,118.1,32.8,255,8,BAKE-PREHEAT,121.5,114.8,121.5,114.8
2025-08-26T14:10:32.101,481.67465591430664,150.0,117.9,32.8,255,8,BAKE-PREHEAT,121.2,114.5,121.2,114.5
2025-08-26T14:10:32.417,481.9901969432831,150.0,118.0,32.8,255,8,BAKE-PREHEAT,121.2,114.8,121.2,114.8
2025-08-26T14:10:32.658,482.2314569950104,150.0,117.9,32.7,255,8,BAKE-PREHEAT,121.2,114.5,121.2,114.5
2025-08-26T14:10:32.906,482.47927498817444,150.0,117.8,32.8,255,8,BAKE-PREHEAT,121.2,114.2,121.2,114.2
2025-08-26T14:10:33.164,482.73764395713806,150.0,118.0,32.8,255,8,BAKE-PREHEAT,121.0,115.0,121.0,115.0
2025-08-26T14:10:33.352,482.9252338409424,150.0,118.0,32.8,255,8,BAKE-PREHEAT,121.2,114.8,121.2,114.8
2025-08-26T14:10:33.601,483.17504692077637,150.0,118.0,32.8,255,8,BAKE-PREHEAT,121.0,115.0,121.0,115.0
2025-08-26T14:10:33.916,483.4896149635315,150.0,117.8,32.8,255,8,BAKE-PREHEAT,121.0,114.5,121.0,114.5
2025-08-26T14:10:34.102,483.6757049560547,150.0,117.5,32.8,255,8,BAKE-PREHEAT,121.0,114.0,121.0,114.0
2025-08-26T14:10:34.416,483.98994183540344,150.0,117.2,32.8,255,8,BAKE-PREHEAT,120.8,113.8,120.8,113.8
2025-08-26T14:10:34.667,484.2403268814087,150.0,117.1,32.8,255,8,BAKE-PREHEAT,120.8,113.5,120.8,113.5
2025-08-26T14:10:34.854,484.42809987068176,150.0,117.6,32.8,255,8,BAKE-PREHEAT,121.0,114.2,121.0,114.2
2025-08-26T14:10:35.100,484.67344093322754,150.0,117.2,32.8,255,8,BAKE-PREHEAT,120.5,114.0,120.5,114.0
2025-08-26T14:10:35.352,484.9260218143463,150.0,117.6,32.8,255,8,BAKE-PREHEAT,120.8,114.5,120.8,114.5
2025-08-26T14:10:35.602,485.1759829521179,150.0,117.4,32.8,255,8,BAKE-PREHEAT,120.8,114.0,120.8,114.0
2025-08-26T14:10:35.921,485.49473881721497,150.0,117.2,32.8,255,8,BAKE-PREHEAT,120.8,113.8,120.8,113.8
2025-08-26T14:10:36.095,485.66881799697876,150.0,117.2,32.8,255,8,BAKE-PREHEAT,121.0,113.5,121.0,113.5
2025-08-26T14:10:36.148,485.72167682647705,150.0,116.9,32.8,255,8,BAKE-PREHEAT,120.5,113.2,120.5,113.2
2025-08-26T14:10:36.602,486.1759250164032,150.0,117.1,32.8,255,8,BAKE-PREHEAT,121.0,113.2,121.0,113.2
2025-08-26T14:10:36.852,486.4258689880371,150.0,116.9,32.8,255,8,BAKE-PREHEAT,120.8,113.0,120.8,113.0
2025-08-26T14:10:37.107,486.6808588504791,150.0,116.9,32.8,255,8,BAKE-PREHEAT,120.8,113.0,120.8,113.0
2025-08-26T14:10:37.421,486.99512696266174,150.0,116.6,32.8,255,8,BAKE-PREHEAT,120.8,112.5,120.8,112.5
2025-08-26T14:10:37.600,487.17387986183167,150.0,116.9,32.8,255,8,BAKE-PREHEAT,121.0,112.8,121.0,112.8
2025-08-26T14:10:37.916,487.48959398269653,150.0,116.9,32.8,255,8,BAKE-PREHEAT,120.8,113.0,120.8,113.0
2025-08-26T14:10:38.101,487.6751198768616,150.0,116.9,32.9,255,8,BAKE-PREHEAT,121.0,112.8,121.0,112.8
2025-08-26T14:10:38.352,487.92559480667114,150.0,117.0,32.8,255,8,BAKE-PREHEAT,121.2,112.8,121.2,112.8
2025-08-26T14:10:38.665,488.2385938167572,150.0,116.6,32.8,255,8,BAKE-PREHEAT,121.0,112.2,121.0,112.2
2025-08-26T14:10:38.857,488.43056988716125,150.0,117.2,32.8,255,8,BAKE-PREHEAT,121.5,113.0,121.5,113.0
2025-08-26T14:10:39.101,488.6749849319458,150.0,117.1,32.8,255,8,BAKE-PREHEAT,121.2,113.0,121.2,113.0
2025-08-26T14:10:39.352,488.92562079429626,150.0,116.9,32.8,255,8,BAKE-PREHEAT,121.2,112.5,121.2,112.5
2025-08-26T14:10:39.602,489.175607919693,150.0,117.1,32.9,255,8,BAKE-PREHEAT,121.5,112.8,121.5,112.8
2025-08-26T14:10:39.915,489.48891282081604,150.0,117.2,32.9,255,8,BAKE-PREHEAT,121.5,113.0,121.5,113.0
2025-08-26T14:10:40.171,489.7448558807373,150.0,117.4,32.8,255,8,BAKE-PREHEAT,121.5,113.2,121.5,113.2
2025-08-26T14:10:40.361,489.9349958896637,150.0,117.2,32.8,255,8,BAKE-PREHEAT,121.5,113.0,121.5,113.0
2025-08-26T14:10:40.608,490.1816918849945,150.0,117.4,32.8,255,8,BAKE-PREHEAT,121.5,113.2,121.5,113.2
2025-08-26T14:10:40.852,490.4253649711609,150.0,117.5,32.9,255,8,BAKE-PREHEAT,121.8,113.2,121.8,113.2
2025-08-26T14:10:41.101,490.67496490478516,150.0,117.8,32.9,255,8,BAKE-PREHEAT,122.0,113.5,122.0,113.5
2025-08-26T14:10:41.421,490.99460101127625,150.0,117.6,32.8,255,8,BAKE-PREHEAT,122.0,113.2,122.0,113.2
2025-08-26T14:10:41.671,491.24428701400757,150.0,117.8,32.8,255,8,BAKE-PREHEAT,122.0,113.5,122.0,113.5
2025-08-26T14:10:41.857,491.4310369491577,150.0,118.0,32.8,255,8,BAKE-PREHEAT,122.2,113.8,122.2,113.8
2025-08-26T14:10:42.101,491.67493891716003,150.0,117.9,32.9,255,8,BAKE-PREHEAT,122.2,113.5,122.2,113.5
2025-08-26T14:10:42.352,491.92531991004944,150.0,118.4,32.9,255,8,BAKE-PREHEAT,122.5,114.2,122.5,114.2
2025-08-26T14:10:42.667,492.24069595336914,150.0,118.2,32.9,255,8,BAKE-PREHEAT,122.5,114.0,122.5,114.0
2025-08-26T14:10:42.922,492.49610781669617,150.0,118.4,32.8,255,8,BAKE-PREHEAT,122.5,114.2,122.5,114.2
2025-08-26T14:10:43.111,492.68501591682434,150.0,118.8,32.8,255,8,BAKE-PREHEAT,122.8,114.8,122.8,114.8
2025-08-26T14:10:43.367,492.94036293029785,150.0,118.8,32.8,255,8,BAKE-PREHEAT,122.8,114.8,122.8,114.8
2025-08-26T14:10:43.616,493.19001293182373,150.0,119.2,32.9,255,8,BAKE-PREHEAT,123.2,115.2,123.2,115.2
2025-08-26T14:10:43.867,493.4409317970276,150.0,119.1,32.9,255,8,BAKE-PREHEAT,123.2,115.0,123.2,115.0
2025-08-26T14:10:44.120,493.6937367916107,150.0,119.1,32.9,255,8,BAKE-PREHEAT,123.2,115.0,123.2,115.0
2025-08-26T14:10:44.444,494.017205953598,150.0,119.1,32.9,255,8,BAKE-PREHEAT,123.5,114.8,123.5,114.8
2025-08-26T14:10:44.632,494.2053129673004,150.0,119.2,32.9,255,8,BAKE-PREHEAT,123.8,114.8,123.8,114.8
2025-08-26T14:10:44.883,494.45642280578613,150.0,119.4,32.8,255,8,BAKE-PREHEAT,123.8,115.0,123.8,115.0
2025-08-26T14:10:45.147,494.72112679481506,150.0,119.6,32.9,255,8,BAKE-PREHEAT,124.0,115.2,124.0,115.2
2025-08-26T14:10:45.409,494.98251080513,150.0,120.0,32.9,255,8,BAKE-PREHEAT,124.2,115.8,124.2,115.8
2025-08-26T14:10:45.665,495.2390789985657,150.0,120.4,32.8,255,8,BAKE-PREHEAT,124.5,116.2,124.5,116.2
2025-08-26T14:10:45.907,495.480849981308,150.0,120.8,32.9,255,8,BAKE-PREHEAT,124.8,116.8,124.8,116.8
2025-08-26T14:10:46.155,495.7289969921112,150.0,120.5,32.8,255,8,BAKE-PREHEAT,124.8,116.2,124.8,116.2
2025-08-26T14:10:46.419,495.99257588386536,150.0,120.9,32.9,255,8,BAKE-PREHEAT,125.2,116.5,125.2,116.5
2025-08-26T14:10:46.605,496.17904591560364,150.0,120.8,32.9,255,8,BAKE-PREHEAT,125.0,116.5,125.0,116.5
2025-08-26T14:10:46.852,496.4260869026184,150.0,121.0,32.9,255,8,BAKE-PREHEAT,125.2,116.8,125.2,116.8
2025-08-26T14:10:47.175,496.74888586997986,150.0,121.0,32.9,255,8,BAKE-PREHEAT,125.5,116.5,125.5,116.5
2025-08-26T14:10:47.364,496.937273979187,150.0,121.4,32.8,255,8,BAKE-PREHEAT,125.5,117.2,125.5,117.2
2025-08-26T14:10:47.617,497.1909079551697,150.0,121.8,32.9,255,8,BAKE-PREHEAT,125.8,117.8,125.8,117.8
2025-08-26T14:10:47.871,497.4445869922638,150.0,122.1,32.9,255,8,BAKE-PREHEAT,126.2,118.0,126.2,118.0
2025-08-26T14:10:48.110,497.68406987190247,150.0,122.5,32.9,255,8,BAKE-PREHEAT,126.2,118.8,126.2,118.8
2025-08-26T14:10:48.362,497.93528985977173,150.0,123.0,32.9,255,8,BAKE-PREHEAT,126.5,119.5,126.5,119.5
2025-08-26T14:10:48.682,498.2555739879608,150.0,123.4,32.9,255,8,BAKE-PREHEAT,126.8,120.0,126.8,120.0
2025-08-26T14:10:48.865,498.43851494789124,150.0,123.6,32.9,255,8,BAKE-PREHEAT,127.0,120.2,127.0,120.2
2025-08-26T14:10:49.116,498.68981194496155,150.0,123.9,33.0,255,8,BAKE-PREHEAT,127.2,120.5,127.2,120.5
2025-08-26T14:10:49.370,498.9441068172455,150.0,124.0,32.9,255,8,BAKE-PREHEAT,127.2,120.8,127.2,120.8
2025-08-26T14:10:49.622,499.19539880752563,150.0,124.2,32.8,255,8,BAKE-PREHEAT,127.5,121.0,127.5,121.0
2025-08-26T14:10:49.932,499.5056059360504,150.0,125.0,33.0,255,8,BAKE-PREHEAT,128.2,121.8,128.2,121.8
2025-08-26T14:10:50.116,499.68933486938477,150.0,125.0,32.9,255,8,BAKE-PREHEAT,128.0,122.0,128.0,122.0
2025-08-26T14:10:50.370,499.94399189949036,150.0,125.0,32.8,255,8,BAKE-PREHEAT,128.0,122.0,128.0,122.0
2025-08-26T14:10:50.616,500.1894099712372,150.0,125.4,32.9,255,8,BAKE-PREHEAT,128.5,122.2,128.5,122.2
2025-08-26T14:10:50.864,500.43787384033203,150.0,125.8,32.8,255,8,BAKE-PREHEAT,128.8,122.8,128.8,122.8
2025-08-26T14:10:51.108,500.6817078590393,150.0,126.0,32.9,255,8,BAKE-PREHEAT,129.0,123.0,129.0,123.0
2025-08-26T14:10:51.423,500.99710392951965,150.0,126.6,32.9,255,8,BAKE-PREHEAT,129.5,123.8,129.5,123.8
2025-08-26T14:10:51.612,501.1858549118042,150.0,126.6,32.8,255,8,BAKE-PREHEAT,129.5,123.8,129.5,123.8
2025-08-26T14:10:51.862,501.4351809024811,150.0,126.6,33.0,255,8,BAKE-PREHEAT,129.5,123.8,129.5,123.8
2025-08-26T14:10:52.110,501.68379187583923,150.0,127.1,33.0,255,8,BAKE-PREHEAT,130.2,124.0,130.2,124.0
2025-08-26T14:10:52.358,501.9318428039551,150.0,127.4,33.0,255,8,BAKE-PREHEAT,130.5,124.2,130.5,124.2
2025-08-26T14:10:52.669,502.2424569129944,150.0,127.6,33.0,255,8,BAKE-PREHEAT,130.5,124.8,130.5,124.8
2025-08-26T14:10:52.907,502.4808738231659,150.0,128.2,33.0,255,8,BAKE-PREHEAT,131.0,125.5,131.0,125.5
2025-08-26T14:10:53.163,502.7363348007202,150.0,128.4,32.9,255,8,BAKE-PREHEAT,131.2,125.5,131.2,125.5
2025-08-26T14:10:53.350,502.9236309528351,150.0,128.9,32.9,255,8,BAKE-PREHEAT,131.5,126.2,131.5,126.2
2025-08-26T14:10:53.665,503.23883390426636,150.0,129.4,32.9,255,8,BAKE-PREHEAT,132.0,126.8,132.0,126.8
2025-08-26T14:10:53.915,503.488835811615,150.0,129.8,33.0,255,8,BAKE-PREHEAT,132.2,127.2,132.2,127.2
2025-08-26T14:10:54.164,503.7378559112549,150.0,130.0,32.9,255,8,BAKE-PREHEAT,132.5,127.5,132.5,127.5
2025-08-26T14:10:54.351,503.92438292503357,150.0,130.1,32.9,255,8,BAKE-PREHEAT,132.5,127.8,132.5,127.8
2025-08-26T14:10:54.600,504.17382884025574,150.0,130.8,33.0,255,8,BAKE-PREHEAT,133.2,128.2,133.2,128.2
2025-08-26T14:10:54.915,504.48881483078003,150.0,130.9,33.0,255,8,BAKE-PREHEAT,133.2,128.5,133.2,128.5
2025-08-26T14:10:55.166,504.7396638393402,150.0,131.1,32.9,255,8,BAKE-PREHEAT,133.5,128.8,133.5,128.8
2025-08-26T14:10:55.361,504.93468594551086,150.0,131.6,32.9,255,8,BAKE-PREHEAT,134.0,129.2,134.0,129.2
2025-08-26T14:10:55.678,505.2514569759369,150.0,132.0,32.9,255,8,BAKE-PREHEAT,134.2,129.8,134.2,129.8
2025-08-26T14:10:55.861,505.4348089694977,150.0,132.5,32.9,255,8,BAKE-PREHEAT,135.0,130.0,135.0,130.0
2025-08-26T14:10:56.109,505.6825008392334,150.0,133.0,33.1,255,8,BAKE-PREHEAT,135.5,130.5,135.5,130.5
2025-08-26T14:10:56.354,505.92755794525146,150.0,133.1,33.0,255,8,BAKE-PREHEAT,135.2,131.0,135.2,131.0
2025-08-26T14:10:56.600,506.1735758781433,150.0,133.2,32.9,255,8,BAKE-PREHEAT,135.2,131.2,135.2,131.2
2025-08-26T14:10:56.915,506.4888529777527,150.0,133.9,32.9,255,8,BAKE-PREHEAT,136.0,131.8,136.0,131.8
2025-08-26T14:10:57.104,506.67758083343506,150.0,134.2,33.0,255,8,BAKE-PREHEAT,136.8,131.8,136.8,131.8
2025-08-26T14:10:57.349,506.92316484451294,150.0,134.4,33.0,255,8,BAKE-PREHEAT,136.8,132.0,136.8,132.0
2025-08-26T14:10:57.600,507.17349100112915,150.0,134.8,32.9,255,8,BAKE-PREHEAT,136.8,132.8,136.8,132.8
2025-08-26T14:10:57.915,507.48888087272644,150.0,135.1,32.9,255,8,BAKE-PREHEAT,137.2,133.0,137.2,133.0
2025-08-26T14:10:58.106,507.6794400215149,150.0,135.6,32.9,255,8,BAKE-PREHEAT,137.2,134.0,137.2,134.0
2025-08-26T14:10:58.421,507.99422883987427,150.0,136.1,32.9,255,8,BAKE-PREHEAT,137.8,134.5,137.8,134.5
2025-08-26T14:10:58.610,508.1835949420929,150.0,136.5,33.0,255,8,BAKE-PREHEAT,138.0,135.0,138.0,135.0
2025-08-26T14:10:58.856,508.4295859336853,150.0,136.8,33.0,255,8,BAKE-PREHEAT,138.8,134.8,138.8,134.8
2025-08-26T14:10:59.100,508.67348289489746,150.0,137.2,33.0,255,8,BAKE-PREHEAT,139.5,135.0,139.5,135.0
2025-08-26T14:10:59.349,508.92288184165955,150.0,137.4,33.0,255,8,BAKE-PREHEAT,139.2,135.5,139.2,135.5
2025-08-26T14:10:59.673,509.2462179660797,150.0,138.1,33.1,255,8,BAKE-PREHEAT,140.2,136.0,140.2,136.0
2025-08-26T14:10:59.856,509.42982387542725,150.0,138.5,33.0,255,8,BAKE-PREHEAT,140.2,136.8,140.2,136.8
2025-08-26T14:11:00.095,509.6689898967743,150.0,139.0,33.0,255,8,BAKE-PREHEAT,141.0,137.0,141.0,137.0
2025-08-26T14:11:00.349,509.92287492752075,150.0,139.4,32.9,255,8,BAKE-PREHEAT,141.2,137.5,141.2,137.5
2025-08-26T14:11:00.656,510.2296118736267,150.0,139.5,33.0,255,8,BAKE-PREHEAT,141.2,137.8,141.2,137.8
2025-08-26T14:11:00.918,510.491858959198,150.0,140.2,33.1,255,8,BAKE-PREHEAT,142.0,138.5,142.0,138.5
2025-08-26T14:11:01.168,510.7415819168091,150.0,140.4,33.1,255,8,BAKE-PREHEAT,142.2,138.5,142.2,138.5
2025-08-26T14:11:01.356,510.9300968647003,150.0,141.0,32.9,255,8,BAKE-PREHEAT,142.8,139.2,142.8,139.2
2025-08-26T14:11:01.604,511.17735981941223,150.0,141.1,33.0,255,8,BAKE-PREHEAT,142.8,139.5,142.8,139.5
2025-08-26T14:11:01.853,511.42661690711975,150.0,141.4,32.9,255,8,BAKE-PREHEAT,143.0,139.8,143.0,139.8
2025-08-26T14:11:02.099,511.6731369495392,150.0,142.1,33.0,225,8,BAKE-PREHEAT,143.5,140.8,143.5,140.8
2025-08-26T14:11:02.425,511.99840784072876,150.0,142.8,33.1,243,8,BAKE-PREHEAT,144.5,141.0,144.5,141.0
2025-08-26T14:11:02.688,512.261757850647,150.0,143.0,32.9,255,8,BAKE-PREHEAT,144.2,141.8,144.2,141.8
2025-08-26T14:11:02.876,512.4493818283081,150.0,143.4,33.1,255,8,BAKE-PREHEAT,144.5,142.2,144.5,142.2
2025-08-26T14:11:03.118,512.692165851593,150.0,143.8,33.0,255,8,BAKE-PREHEAT,145.0,142.5,145.0,142.5
2025-08-26T14:11:03.374,512.9480509757996,150.0,144.4,33.1,211,8,BAKE-PREHEAT,145.8,143.0,145.8,143.0
2025-08-26T14:11:03.632,513.2055327892303,150.0,144.6,32.9,255,8,BAKE-PREHEAT,145.8,143.5,145.8,143.5
2025-08-26T14:11:03.882,513.4554858207703,150.0,145.2,33.0,193,8,BAKE-PREHEAT,146.2,144.2,146.2,144.2
2025-08-26T14:11:04.129,513.7023367881775,150.0,145.9,33.1,181,8,BAKE-PREHEAT,147.2,144.5,147.2,144.5
2025-08-26T14:11:04.387,513.9609978199005,150.0,146.0,33.1,255,8,BAKE-PREHEAT,147.2,144.8,147.2,144.8
2025-08-26T14:11:04.649,514.2230169773102,150.0,146.2,33.0,255,8,BAKE-PREHEAT,147.8,144.8,147.8,144.8
2025-08-26T14:11:04.907,514.4805619716644,150.0,146.9,33.0,161,8,BAKE-PREHEAT,148.2,145.5,148.2,145.5
2025-08-26T14:11:05.148,514.7221608161926,150.0,147.2,33.0,0,8,BAKE-PREHEAT,148.2,146.2,148.2,146.2
2025-08-26T14:11:05.403,514.9768619537354,150.0,147.5,33.1,0,8,BAKE-PREHEAT,148.8,146.2,148.8,146.2
2025-08-26T14:11:05.597,515.1704459190369,150.0,148.0,33.0,0,8,BAKE-PREHEAT,149.2,146.8,149.2,146.8
2025-08-26T14:11:05.849,515.4227089881897,150.0,148.4,33.1,0,8,BAKE-PREHEAT,149.8,147.0,149.8,147.0
2025-08-26T14:11:06.099,515.6727998256683,150.0,148.5,33.0,0,8,BAKE-PREHEAT,149.5,147.5,149.5,147.5
2025-08-26T14:11:06.349,515.9226508140564,150.0,149.1,33.2,0,8,BAKE-PREHEAT,150.2,148.0,150.2,148.0
2025-08-26T14:11:06.672,516.2458288669586,150.0,149.1,32.9,0,8,BAKE-PREHEAT,150.2,148.0,150.2,148.0
2025-08-26T14:11:06.857,516.430205821991,150.0,149.9,33.1,0,8,BAKE-PREHEAT,151.2,148.5,151.2,148.5
2025-08-26T14:11:07.094,516.667900800705,150.0,149.9,33.0,0,8,BAKE-PREHEAT,151.5,148.2,151.5,148.2
2025-08-26T14:11:07.414,516.9879128932953,150.0,150.4,33.0,0,8,BAKE,151.5,149.2,151.5,149.2
2025-08-26T14:11:07.600,517.1737198829651,150.0,150.5,33.0,0,8,BAKE,152.0,149.0,152.0,149.0
2025-08-26T14:11:07.851,517.4246699810028,150.0,150.8,33.1,0,8,BAKE,152.0,149.5,152.0,149.5
2025-08-26T14:11:08.170,517.7440898418427,150.0,150.9,33.0,0,8,BAKE,152.0,149.8,152.0,149.8
2025-08-26T14:11:08.347,517.9210548400879,150.0,151.2,33.1,0,8,BAKE,152.5,150.0,152.5,150.0
2025-08-26T14:11:08.599,518.1723289489746,150.0,151.1,33.1,0,8,BAKE,152.5,149.8,152.5,149.8
2025-08-26T14:11:08.849,518.4224560260773,150.0,151.8,33.2,0,8,BAKE,153.5,150.0,153.5,150.0
2025-08-26T14:11:09.162,518.7356309890747,150.0,152.0,33.1,0,8,BAKE,153.5,150.5,153.5,150.5
2025-08-26T14:11:09.417,518.9910888671875,150.0,152.1,33.1,0,8,BAKE,153.5,150.8,153.5,150.8
2025-08-26T14:11:09.675,519.2488899230957,150.0,152.6,33.0,0,8,BAKE,153.8,151.5,153.8,151.5
2025-08-26T14:11:09.861,519.435115814209,150.0,152.9,33.1,0,8,BAKE,154.0,151.8,154.0,151.8
2025-08-26T14:11:10.113,519.68692278862,150.0,153.0,33.1,0,8,BAKE,154.0,152.0,154.0,152.0
2025-08-26T14:11:10.366,519.939199924469,150.0,153.4,33.0,0,109,BAKE,154.2,152.5,154.2,152.5
2025-08-26T14:11:10.621,520.1948368549347,150.0,153.9,33.1,0,124,BAKE,155.0,152.8,155.0,152.8
2025-08-26T14:11:10.932,520.505982875824,150.0,154.0,33.2,0,128,BAKE,155.0,153.0,155.0,153.0
2025-08-26T14:11:11.114,520.6874070167542,150.0,154.5,33.2,0,143,BAKE,155.8,153.2,155.8,153.2
2025-08-26T14:11:11.361,520.935064792633,150.0,154.4,33.0,0,139,BAKE,155.5,153.2,155.5,153.2
2025-08-26T14:11:11.609,521.1829090118408,150.0,154.8,33.0,0,150,BAKE,155.8,153.8,155.8,153.8
2025-08-26T14:11:11.848,521.4221289157867,150.0,155.2,33.0,0,165,BAKE,156.0,154.5,156.0,154.5
2025-08-26T14:11:12.166,521.7397749423981,150.0,155.9,33.0,0,184,BAKE,156.5,155.2,156.5,155.2
2025-08-26T14:11:12.421,521.994470834732,150.0,156.6,33.1,0,206,BAKE,157.5,155.8,157.5,155.8
2025-08-26T14:11:12.611,522.1851558685303,150.0,156.9,33.1,0,214,BAKE,158.2,155.5,158.2,155.5
2025-08-26T14:11:12.864,522.437344789505,150.0,157.6,33.2,0,236,BAKE,159.2,156.0,159.2,156.0
2025-08-26T14:11:13.118,522.6920058727264,150.0,157.9,33.1,0,244,BAKE,160.2,155.5,160.2,155.5
2025-08-26T14:11:13.364,522.9374339580536,150.0,157.6,33.1,0,236,BAKE,161.2,154.0,161.2,154.0
2025-08-26T14:11:13.620,523.1937758922577,150.0,157.6,33.1,0,236,BAKE,162.2,153.0,162.2,153.0
2025-08-26T14:11:13.867,523.4406168460846,150.0,157.9,33.2,0,244,BAKE,164.5,151.2,164.5,151.2
2025-08-26T14:11:14.118,523.6918518543243,150.0,157.9,33.1,0,244,BAKE,165.2,150.5,165.2,150.5
2025-08-26T14:11:14.355,523.9282867908478,150.0,158.2,33.2,0,255,BAKE,167.5,149.0,167.5,149.0
2025-08-26T14:11:14.601,524.1745369434357,150.0,158.0,33.2,0,248,BAKE,169.0,147.0,169.0,147.0
2025-08-26T14:11:14.910,524.4837930202484,150.0,157.6,33.1,0,236,BAKE,170.0,145.2,170.0,145.2
2025-08-26T14:11:15.158,524.7315618991852,150.0,157.6,33.3,0,236,BAKE,172.0,143.2,172.0,143.2
2025-08-26T14:11:15.344,524.917552947998,150.0,157.1,33.1,0,221,BAKE,173.0,141.2,173.0,141.2
2025-08-26T14:11:15.597,525.1709108352661,150.0,156.5,33.2,0,203,BAKE,173.0,140.0,173.0,140.0
2025-08-26T14:11:15.848,525.4215040206909,150.0,156.1,33.2,0,191,BAKE,174.0,138.2,174.0,138.2
2025-08-26T14:11:16.098,525.6715748310089,150.0,155.1,33.2,0,161,BAKE,174.0,136.2,174.0,136.2
2025-08-26T14:11:16.416,525.9901158809662,150.0,154.9,33.3,0,154,BAKE,175.0,134.8,175.0,134.8
2025-08-26T14:11:16.672,526.2459938526154,150.0,154.1,33.2,0,131,BAKE,175.5,132.8,175.5,132.8
2025-08-26T14:11:16.857,526.4309298992157,150.0,153.4,33.2,0,109,BAKE,176.0,130.8,176.0,130.8
2025-08-26T14:11:17.113,526.6865618228912,150.0,153.0,33.3,0,8,BAKE,176.2,129.8,176.2,129.8
2025-08-26T14:11:17.363,526.9367229938507,150.0,152.6,33.3,0,8,BAKE,176.8,128.5,176.8,128.5
2025-08-26T14:11:17.617,527.1909668445587,150.0,151.9,33.2,0,8,BAKE,177.0,126.8,177.0,126.8
2025-08-26T14:11:17.869,527.4428579807281,150.0,151.4,33.3,0,8,BAKE,177.5,125.2,177.5,125.2
2025-08-26T14:11:18.109,527.682708978653,150.0,150.4,33.2,0,8,BAKE,176.8,124.0,176.8,124.0
2025-08-26T14:11:18.362,527.9358718395233,150.0,150.2,33.3,0,8,BAKE,177.2,123.2,177.2,123.2
2025-08-26T14:11:18.616,528.1900539398193,150.0,149.4,33.2,0,8,BAKE-PREHEAT,177.2,121.5,177.2,121.5
2025-08-26T14:11:18.873,528.4470949172974,150.0,149.5,33.3,0,8,BAKE-PREHEAT,177.8,121.2,177.8,121.2
2025-08-26T14:11:19.125,528.6987028121948,150.0,149.0,33.2,0,8,BAKE-PREHEAT,177.8,120.2,177.8,120.2
2025-08-26T14:11:19.440,529.0132918357849,150.0,148.8,33.3,0,8,BAKE-PREHEAT,177.8,119.8,177.8,119.8
2025-08-26T14:11:19.632,529.2057499885559,150.0,148.5,33.3,0,8,BAKE-PREHEAT,178.2,118.8,178.2,118.8
2025-08-26T14:11:19.882,529.4554359912872,150.0,148.6,33.3,0,8,BAKE-PREHEAT,178.5,118.8,178.5,118.8
2025-08-26T14:11:20.137,529.7105169296265,150.0,148.6,33.3,0,8,BAKE-PREHEAT,179.0,118.2,179.0,118.2
2025-08-26T14:11:20.399,529.9724810123444,150.0,148.8,33.4,0,8,BAKE-PREHEAT,179.8,117.8,179.8,117.8
2025-08-26T14:11:20.662,530.2352979183197,150.0,148.6,33.4,0,8,BAKE-PREHEAT,180.0,117.2,180.0,117.2
2025-08-26T14:11:20.848,530.4220778942108,150.0,148.6,33.3,0,8,BAKE-PREHEAT,180.2,117.0,180.2,117.0
2025-08-26T14:11:21.097,530.6709249019623,150.0,148.8,33.4,0,8,BAKE-PREHEAT,180.8,116.8,180.8,116.8
2025-08-26T14:11:21.391,530.9642949104309,150.0,148.8,33.4,0,8,BAKE-PREHEAT,181.0,116.5,181.0,116.5
2025-08-26T14:11:21.653,531.2270588874817,150.0,148.6,33.3,0,8,BAKE-PREHEAT,180.8,116.5,180.8,116.5
2025-08-26T14:11:21.896,531.4691939353943,150.0,148.9,33.4,0,8,BAKE-PREHEAT,181.8,116.0,181.8,116.0
2025-08-26T14:11:22.144,531.7177088260651,150.0,148.5,33.3,0,8,BAKE-PREHEAT,181.0,116.0,181.0,116.0
2025-08-26T14:11:22.397,531.9705250263214,150.0,148.6,33.4,0,8,BAKE-PREHEAT,181.5,115.8,181.5,115.8
2025-08-26T14:11:22.660,532.2333419322968,150.0,148.6,33.3,0,8,BAKE-PREHEAT,181.5,115.8,181.5,115.8
2025-08-26T14:11:22.847,532.4205899238586,150.0,148.9,33.3,0,8,BAKE-PREHEAT,181.8,116.0,181.8,116.0
2025-08-26T14:11:23.097,532.6706638336182,150.0,148.9,33.3,0,8,BAKE-PREHEAT,182.2,115.5,182.2,115.5
2025-08-26T14:11:23.404,532.9773168563843,150.0,149.2,33.4,0,8,BAKE-PREHEAT,182.8,115.8,182.8,115.8
2025-08-26T14:11:23.594,533.1679909229279,150.0,149.1,33.3,0,8,BAKE-PREHEAT,182.8,115.5,182.8,115.5
2025-08-26T14:11:23.906,533.4794759750366,150.0,149.1,33.4,0,8,BAKE-PREHEAT,183.0,115.2,183.0,115.2
2025-08-26T14:11:24.097,533.670688867569,150.0,149.4,33.4,0,8,BAKE-PREHEAT,183.2,115.5,183.2,115.5
2025-08-26T14:11:24.413,533.9865319728851,150.0,149.6,33.5,0,8,BAKE-PREHEAT,183.5,115.8,183.5,115.8
2025-08-26T14:11:24.601,534.1749629974365,150.0,149.4,33.4,0,8,BAKE-PREHEAT,183.2,115.5,183.2,115.5
2025-08-26T14:11:24.923,534.4961829185486,150.0,149.4,33.3,0,8,BAKE-PREHEAT,183.2,115.5,183.2,115.5
2025-08-26T14:11:25.106,534.6797649860382,150.0,149.8,33.4,0,8,BAKE-PREHEAT,183.8,115.8,183.8,115.8
2025-08-26T14:11:25.347,534.9202258586884,150.0,149.8,33.4,0,8,BAKE-PREHEAT,183.8,115.8,183.8,115.8
2025-08-26T14:11:25.662,535.2352559566498,150.0,149.8,33.3,0,8,BAKE-PREHEAT,183.5,116.0,183.5,116.0
2025-08-26T14:11:25.847,535.421089887619,150.0,149.5,33.5,0,8,BAKE-PREHEAT,183.2,115.8,183.2,115.8
2025-08-26T14:11:26.170,535.7440288066864,150.0,149.5,33.3,0,8,BAKE-PREHEAT,183.0,116.0,183.0,116.0
2025-08-26T14:11:26.348,535.9221580028534,150.0,149.6,33.4,0,8,BAKE-PREHEAT,183.2,116.0,183.2,116.0
2025-08-26T14:11:26.596,536.1699419021606,150.0,149.6,33.3,0,8,BAKE-PREHEAT,183.0,116.2,183.0,116.2
2025-08-26T14:11:26.916,536.4897968769073,150.0,150.2,33.4,0,8,BAKE,184.0,116.5,184.0,116.5
2025-08-26T14:11:27.098,536.6717050075531,150.0,150.1,33.4,0,8,BAKE,183.5,116.8,183.5,116.8
2025-08-26T14:11:27.351,536.9249708652496,150.0,149.9,33.4,0,8,BAKE-PREHEAT,183.2,116.5,183.2,116.5
2025-08-26T14:11:27.674,537.247761964798,150.0,149.8,33.4,0,8,BAKE-PREHEAT,182.8,116.8,182.8,116.8
2025-08-26T14:11:27.860,537.4340028762817,150.0,150.1,33.5,0,8,BAKE,183.2,117.0,183.2,117.0
2025-08-26T14:11:28.106,537.6794328689575,150.0,150.0,33.3,0,8,BAKE,183.0,117.0,183.0,117.0
2025-08-26T14:11:28.351,537.9246859550476,150.0,150.0,33.4,0,8,BAKE,182.8,117.2,182.8,117.2
2025-08-26T14:11:28.596,538.1697947978973,150.0,150.0,33.3,0,8,BAKE,182.2,117.8,182.2,117.8
2025-08-26T14:11:28.910,538.4835288524628,150.0,150.1,33.5,0,8,BAKE,182.8,117.5,182.8,117.5
2025-08-26T14:11:29.090,538.6632668972015,150.0,150.1,33.4,0,8,BAKE,182.2,118.0,182.2,118.0
2025-08-26T14:11:29.406,538.9799308776855,150.0,150.1,33.3,0,8,BAKE,182.0,118.2,182.0,118.2
2025-08-26T14:11:29.596,539.1695508956909,150.0,150.0,33.4,0,8,BAKE,181.8,118.2,181.8,118.2
2025-08-26T14:11:29.846,539.4200348854065,150.0,149.9,33.5,0,8,BAKE-PREHEAT,181.5,118.2,181.5,118.2
