timestamp_iso,t_sec,set_c,actual_c,coldj_c,heat,fan,mode,temp0_c,temp1_c,temp2_c,temp3_c
2025-08-26T14:21:21.084,239.23056602478027,150.0,146.2,33.1,255,8,BAKE-PREHEAT,153.8,138.8,153.8,138.8
2025-08-26T14:21:21.321,239.46735501289368,150.0,146.6,33.1,228,8,BAKE-PREHEAT,154.0,139.2,154.0,139.2
2025-08-26T14:21:21.373,239.51956391334534,150.0,146.9,33.1,255,8,BAKE-PREHEAT,154.2,139.5,154.2,139.5
2025-08-26T14:21:21.831,239.9777500629425,135.0,147.0,33.1,0,255,BAKE,154.2,139.8,154.2,139.8
2025-08-26T14:21:22.072,240.2189440727234,135.0,147.1,33.1,0,255,BAKE,154.2,140.0,154.2,140.0
2025-08-26T14:21:22.308,240.45426487922668,135.0,147.0,33.0,0,255,BAKE,154.0,140.0,154.0,140.0
2025-08-26T14:21:22.606,240.7521939277649,135.0,147.9,33.1,0,255,BAKE,154.5,141.2,154.5,141.2
2025-08-26T14:21:22.786,240.9326229095459,135.0,148.6,33.1,0,255,BAKE,154.8,142.5,154.8,142.5
2025-08-26T14:21:23.087,241.23339796066284,135.0,149.0,33.1,0,255,BAKE,155.2,142.8,155.2,142.8
2025-08-26T14:21:23.326,241.47271585464478,135.0,149.0,33.1,0,255,BAKE,155.2,142.8,155.2,142.8
2025-08-26T14:21:23.561,241.7078878879547,135.0,149.1,33.2,0,255,BAKE,156.8,141.5,156.8,141.5
2025-08-26T14:21:23.799,241.94530391693115,135.0,149.0,33.0,0,255,BAKE,157.5,140.5,157.5,140.5
2025-08-26T14:21:24.030,242.1768388748169,135.0,149.1,33.1,0,255,BAKE,159.0,139.2,159.0,139.2
2025-08-26T14:21:24.325,242.47154903411865,135.0,149.0,33.1,0,255,BAKE,159.2,138.8,159.2,138.8
2025-08-26T14:21:24.561,242.70777797698975,135.0,148.8,33.1,0,255,BAKE,160.8,136.8,160.8,136.8
2025-08-26T14:21:24.789,242.9356758594513,135.0,148.6,33.1,0,255,BAKE,162.2,135.0,162.2,135.0
2025-08-26T14:21:25.083,243.2297089099884,135.0,148.2,33.0,0,255,BAKE,163.2,133.2,163.2,133.2
2025-08-26T14:21:25.319,243.46553301811218,135.0,147.8,33.1,0,255,BAKE,164.0,131.5,164.0,131.5
2025-08-26T14:21:25.543,243.68938088417053,135.0,147.6,33.2,0,255,BAKE,165.5,129.8,165.5,129.8
2025-08-26T14:21:25.833,243.97993898391724,135.0,147.2,33.2,0,255,BAKE,165.8,128.8,165.8,128.8
2025-08-26T14:21:26.068,244.21419596672058,135.0,146.8,33.2,0,255,BAKE,167.0,126.5,167.0,126.5
2025-08-26T14:21:26.302,244.44883394241333,135.0,146.1,33.2,0,255,BAKE,167.2,125.0,167.2,125.0
2025-08-26T14:21:26.592,244.73804593086243,135.0,145.1,33.2,0,255,BAKE,167.2,123.0,167.2,123.0
2025-08-26T14:21:26.826,244.97224187850952,135.0,144.2,33.2,0,255,BAKE,167.2,121.2,167.2,121.2
2025-08-26T14:21:27.063,245.20935893058777,135.0,143.5,33.2,0,255,BAKE,167.0,120.0,167.0,120.0
2025-08-26T14:21:27.298,245.44447088241577,135.0,142.4,33.1,0,229,BAKE,166.5,118.2,166.5,118.2
2025-08-26T14:21:27.412,245.55857396125793,135.0,141.8,33.1,0,210,BAKE,166.8,116.8,166.8,116.8
2025-08-26T14:21:27.819,245.9655909538269,135.0,140.8,33.2,0,180,BAKE,166.5,115.0,166.5,115.0
2025-08-26T14:21:28.118,246.26411986351013,135.0,139.5,33.1,0,143,BAKE,165.8,113.2,165.8,113.2
2025-08-26T14:21:28.291,246.4376609325409,135.0,139.0,33.1,0,128,BAKE,166.2,111.8,166.2,111.8
2025-08-26T14:21:28.591,246.73736190795898,135.0,138.1,33.1,0,101,BAKE,165.2,111.0,165.2,111.0
2025-08-26T14:21:28.828,246.97486901283264,135.0,137.8,33.2,0,8,BAKE,166.0,109.5,166.0,109.5
2025-08-26T14:21:29.066,247.21236991882324,135.0,137.0,33.2,0,8,BAKE,165.8,108.2,165.8,108.2
2025-08-26T14:21:29.302,247.44890093803406,135.0,136.4,33.2,0,8,BAKE,165.2,107.5,165.2,107.5
2025-08-26T14:21:29.587,247.73386788368225,135.0,135.6,33.1,0,8,BAKE,165.0,106.2,165.0,106.2
2025-08-26T14:21:29.820,247.96627187728882,135.0,135.1,33.2,0,8,BAKE,164.8,105.5,164.8,105.5
2025-08-26T14:21:30.055,248.20187497138977,135.0,134.9,33.2,0,8,BAKE-PREHEAT,164.8,105.0,164.8,105.0
2025-08-26T14:21:30.292,248.4383668899536,135.0,134.4,33.3,0,8,BAKE-PREHEAT,164.5,104.2,164.5,104.2
2025-08-26T14:21:30.581,248.72781491279602,135.0,134.2,33.2,0,8,BAKE-PREHEAT,164.8,103.8,164.8,103.8
2025-08-26T14:21:30.818,248.9640769958496,135.0,134.1,33.2,0,8,BAKE-PREHEAT,165.0,103.2,165.0,103.2
2025-08-26T14:21:31.053,249.1993420124054,135.0,133.9,33.3,0,8,BAKE-PREHEAT,165.0,102.8,165.0,102.8
2025-08-26T14:21:31.288,249.43482995033264,135.0,134.0,33.3,0,8,BAKE-PREHEAT,165.2,102.8,165.2,102.8
2025-08-26T14:21:31.582,249.72887992858887,135.0,133.6,33.2,0,8,BAKE-PREHEAT,165.0,102.2,165.0,102.2
2025-08-26T14:21:31.819,249.9654998779297,135.0,133.4,33.3,0,8,BAKE-PREHEAT,165.0,101.8,165.0,101.8
2025-08-26T14:21:32.053,250.1996030807495,135.0,133.8,33.3,0,8,BAKE-PREHEAT,165.5,102.0,165.5,102.0
2025-08-26T14:21:32.353,250.49913096427917,135.0,133.4,33.2,0,8,BAKE-PREHEAT,164.8,102.0,164.8,102.0
2025-08-26T14:21:32.530,250.6765160560608,135.0,133.6,33.3,0,8,BAKE-PREHEAT,165.5,101.8,165.5,101.8
2025-08-26T14:21:32.818,250.964350938797,135.0,133.4,33.3,0,8,BAKE-PREHEAT,165.0,101.8,165.0,101.8
2025-08-26T14:21:33.051,251.19710898399353,135.0,133.1,33.2,0,8,BAKE-PREHEAT,164.8,101.5,164.8,101.5
2025-08-26T14:21:33.286,251.4324550628662,135.0,133.2,33.3,0,8,BAKE-PREHEAT,165.0,101.5,165.0,101.5
2025-08-26T14:21:33.579,251.7250599861145,135.0,133.1,33.2,0,8,BAKE-PREHEAT,164.8,101.5,164.8,101.5
2025-08-26T14:21:33.815,251.96195697784424,135.0,133.6,33.3,0,8,BAKE-PREHEAT,165.8,101.5,165.8,101.5
2025-08-26T14:21:34.046,252.19245386123657,135.0,133.4,33.2,0,8,BAKE-PREHEAT,165.5,101.2,165.5,101.2
2025-08-26T14:21:34.341,252.48707485198975,135.0,133.8,33.2,0,8,BAKE-PREHEAT,166.2,101.2,166.2,101.2
2025-08-26T14:21:34.579,252.7251238822937,135.0,134.1,33.3,0,8,BAKE-PREHEAT,167.0,101.2,167.0,101.2
2025-08-26T14:21:34.810,252.9560809135437,135.0,134.5,33.2,0,8,BAKE-PREHEAT,167.5,101.5,167.5,101.5
2025-08-26T14:21:35.107,253.2530529499054,135.0,134.6,33.3,0,8,BAKE-PREHEAT,168.0,101.2,168.0,101.2
2025-08-26T14:21:35.279,253.42568397521973,135.0,134.9,33.3,0,8,BAKE-PREHEAT,168.5,101.2,168.5,101.2
2025-08-26T14:21:35.569,253.71523189544678,135.0,135.2,33.3,0,8,BAKE,169.0,101.5,169.0,101.5
2025-08-26T14:21:35.804,253.95053005218506,135.0,135.0,33.3,0,8,BAKE,168.5,101.5,168.5,101.5
2025-08-26T14:21:36.038,254.18466687202454,135.0,135.0,33.3,0,8,BAKE,168.5,101.5,168.5,101.5
2025-08-26T14:21:36.332,254.47835493087769,135.0,134.9,33.4,0,8,BAKE-PREHEAT,168.2,101.5,168.2,101.5
2025-08-26T14:21:36.565,254.7113540172577,135.0,135.0,33.3,0,8,BAKE,168.5,101.5,168.5,101.5
2025-08-26T14:21:36.796,254.94233798980713,135.0,134.9,33.3,0,8,BAKE-PREHEAT,168.2,101.5,168.2,101.5
2025-08-26T14:21:37.036,255.18218302726746,135.0,135.0,33.3,0,8,BAKE,168.5,101.5,168.5,101.5
2025-08-26T14:21:37.330,255.4768888950348,135.0,135.2,33.3,0,8,BAKE,168.5,102.0,168.5,102.0
2025-08-26T14:21:37.566,255.7129349708557,135.0,135.2,33.3,0,8,BAKE,168.5,102.0,168.5,102.0
2025-08-26T14:21:37.859,256.0051839351654,135.0,135.8,33.4,0,8,BAKE,169.5,102.0,169.5,102.0
2025-08-26T14:21:38.029,256.1754710674286,135.0,135.2,33.3,0,8,BAKE,168.5,102.0,168.5,102.0
2025-08-26T14:21:38.321,256.46714091300964,135.0,135.8,33.4,0,8,BAKE,169.5,102.0,169.5,102.0
2025-08-26T14:21:38.554,256.7007489204407,135.0,135.6,33.3,0,8,BAKE,169.2,102.0,169.2,102.0
2025-08-26T14:21:38.791,256.9373400211334,135.0,135.9,33.3,0,8,BAKE,169.8,102.0,169.8,102.0
2025-08-26T14:21:39.083,257.22985005378723,135.0,135.8,33.2,0,8,BAKE,169.2,102.2,169.2,102.2
2025-08-26T14:21:39.323,257.46937704086304,135.0,135.9,33.3,0,8,BAKE,169.2,102.5,169.2,102.5
2025-08-26T14:21:39.556,257.7024290561676,135.0,136.1,33.4,0,8,BAKE,169.5,102.8,169.5,102.8
2025-08-26T14:21:39.786,257.93208599090576,135.0,136.2,33.2,0,8,BAKE,170.0,102.5,170.0,102.5
2025-08-26T14:21:40.080,258.22605299949646,135.0,136.6,33.3,0,8,BAKE,170.5,102.8,170.5,102.8
2025-08-26T14:21:40.318,258.4648950099945,135.0,137.1,33.4,0,8,BAKE,170.8,103.5,170.8,103.5
2025-08-26T14:21:40.614,258.76020789146423,135.0,137.2,33.3,0,8,BAKE,171.0,103.5,171.0,103.5
2025-08-26T14:21:40.787,258.93334889411926,135.0,137.5,33.3,0,8,BAKE,171.5,103.5,171.5,103.5
2025-08-26T14:21:41.081,259.22731590270996,135.0,137.4,33.3,0,8,BAKE,171.2,103.5,171.2,103.5
2025-08-26T14:21:41.319,259.46531987190247,135.0,137.4,33.4,0,8,BAKE,170.8,104.0,170.8,104.0
2025-08-26T14:21:41.555,259.7011389732361,135.0,137.2,33.4,0,8,BAKE,170.2,104.2,170.2,104.2
2025-08-26T14:21:41.845,259.9913730621338,135.0,137.2,33.2,0,8,BAKE,170.2,104.2,170.2,104.2
2025-08-26T14:21:42.080,260.22698307037354,135.0,137.4,33.3,0,8,BAKE,170.5,104.2,170.5,104.2
2025-08-26T14:21:42.313,260.4595060348511,135.0,137.4,33.4,0,8,BAKE,170.0,104.8,170.0,104.8
2025-08-26T14:21:42.546,260.69236993789673,135.0,137.1,33.3,0,8,BAKE,169.5,104.8,169.5,104.8
2025-08-26T14:21:42.781,260.92750096321106,135.0,137.0,33.3,0,8,BAKE,169.2,104.8,169.2,104.8
2025-08-26T14:21:43.072,261.2184579372406,135.0,137.2,33.4,0,8,BAKE,169.5,105.0,169.5,105.0
2025-08-26T14:21:43.307,261.45395493507385,135.0,137.2,33.3,0,8,BAKE,169.0,105.5,169.0,105.5
2025-08-26T14:21:43.538,261.6843249797821,135.0,136.9,33.4,0,8,BAKE,168.0,105.8,168.0,105.8
2025-08-26T14:21:43.830,261.9769790172577,135.0,136.8,33.2,0,8,BAKE,167.8,105.8,167.8,105.8
2025-08-26T14:21:44.065,262.21151304244995,135.0,137.0,33.2,0,8,BAKE,168.0,106.0,168.0,106.0
2025-08-26T14:21:44.300,262.4464168548584,135.0,136.5,33.3,0,8,BAKE,166.8,106.2,166.8,106.2
2025-08-26T14:21:44.536,262.68277192115784,135.0,136.4,33.2,0,8,BAKE,166.2,106.5,166.2,106.5
2025-08-26T14:21:44.823,262.9697320461273,135.0,136.9,33.3,0,8,BAKE,167.0,106.8,167.0,106.8
2025-08-26T14:21:45.061,263.2071759700775,135.0,136.9,33.3,0,8,BAKE,167.0,106.8,167.0,106.8
2025-08-26T14:21:45.293,263.4391689300537,135.0,136.5,33.2,0,8,BAKE,166.2,106.8,166.2,106.8
2025-08-26T14:21:45.587,263.73311591148376,135.0,136.5,33.2,0,8,BAKE,166.2,106.8,166.2,106.8
2025-08-26T14:21:45.826,263.97282099723816,135.0,136.5,33.3,0,8,BAKE,165.5,107.5,165.5,107.5
2025-08-26T14:21:46.063,264.20940804481506,135.0,136.4,33.3,0,8,BAKE,165.2,107.5,165.2,107.5
2025-08-26T14:21:46.291,264.4378020763397,135.0,136.2,33.3,0,8,BAKE,164.8,107.8,164.8,107.8
2025-08-26T14:21:46.529,264.6756000518799,135.0,136.4,33.3,0,8,BAKE,164.8,108.0,164.8,108.0
2025-08-26T14:21:46.823,264.96925497055054,135.0,136.1,33.2,0,8,BAKE,164.0,108.2,164.0,108.2
2025-08-26T14:21:47.054,265.20082688331604,135.0,136.4,33.2,0,8,BAKE,164.0,108.8,164.0,108.8
2025-08-26T14:21:47.290,265.4368929862976,135.0,136.5,33.3,0,8,BAKE,164.0,109.0,164.0,109.0
2025-08-26T14:21:47.580,265.7267770767212,135.0,136.6,33.3,0,8,BAKE,163.5,109.8,163.5,109.8
2025-08-26T14:21:47.817,265.9633719921112,135.0,136.4,33.3,0,8,BAKE,162.8,110.0,162.8,110.0
2025-08-26T14:21:48.044,266.1908688545227,135.0,136.6,33.3,0,8,BAKE,163.0,110.2,163.0,110.2
2025-08-26T14:21:48.280,266.4265880584717,135.0,136.5,33.3,0,8,BAKE,162.5,110.5,162.5,110.5
2025-08-26T14:21:48.572,266.7182788848877,135.0,136.5,33.3,0,8,BAKE,162.2,110.8,162.2,110.8
2025-08-26T14:21:48.806,266.95293498039246,135.0,136.2,33.3,0,8,BAKE,161.8,110.8,161.8,110.8
2025-08-26T14:21:49.100,267.2467429637909,135.0,136.1,33.2,0,8,BAKE,161.2,111.0,161.2,111.0
2025-08-26T14:21:49.273,267.4195349216461,135.0,136.0,33.2,0,8,BAKE,160.8,111.2,160.8,111.2
2025-08-26T14:21:49.562,267.708468914032,135.0,136.0,33.2,0,8,BAKE,161.0,111.0,161.0,111.0
2025-08-26T14:21:49.795,267.9415018558502,135.0,135.8,33.2,0,8,BAKE,160.2,111.2,160.2,111.2
2025-08-26T14:21:50.085,268.23146390914917,135.0,135.8,33.2,0,8,BAKE,160.0,111.5,160.0,111.5
2025-08-26T14:21:50.320,268.4663779735565,135.0,135.9,33.4,0,8,BAKE,160.2,111.5,160.2,111.5
2025-08-26T14:21:50.557,268.7030379772186,135.0,135.8,33.3,0,8,BAKE,159.8,111.8,159.8,111.8
2025-08-26T14:21:50.794,268.9400689601898,135.0,135.8,33.3,0,8,BAKE,159.2,112.2,159.2,112.2
2025-08-26T14:21:51.090,269.23617696762085,135.0,135.8,33.3,0,8,BAKE,159.2,112.2,159.2,112.2
2025-08-26T14:21:51.329,269.4753448963165,135.0,135.2,33.3,0,8,BAKE,158.2,112.2,158.2,112.2
2025-08-26T14:21:51.563,269.70902585983276,135.0,135.2,33.2,0,8,BAKE,158.2,112.2,158.2,112.2
2025-08-26T14:21:51.862,270.0081329345703,135.0,135.6,33.3,0,8,BAKE,158.0,113.2,158.0,113.2
2025-08-26T14:21:52.031,270.1770339012146,135.0,135.2,33.3,0,8,BAKE,157.0,113.5,157.0,113.5
2025-08-26T14:21:52.325,270.47122287750244,135.0,135.2,33.2,0,8,BAKE,156.8,113.8,156.8,113.8
2025-08-26T14:21:52.557,270.7038629055023,135.0,134.9,33.2,0,8,BAKE-PREHEAT,156.2,113.5,156.2,113.5
2025-08-26T14:21:52.795,270.94142484664917,135.0,135.4,33.3,0,8,BAKE,156.5,114.2,156.5,114.2
2025-08-26T14:21:53.088,271.234580039978,135.0,134.9,33.2,0,8,BAKE-PREHEAT,155.5,114.2,155.5,114.2
2025-08-26T14:21:53.324,271.4701590538025,135.0,134.9,33.2,0,8,BAKE-PREHEAT,155.5,114.2,155.5,114.2
2025-08-26T14:21:53.552,271.698126077652,135.0,134.8,33.3,0,8,BAKE-PREHEAT,155.2,114.2,155.2,114.2
2025-08-26T14:21:53.783,271.9293818473816,135.0,134.8,33.3,0,8,BAKE-PREHEAT,155.2,114.2,155.2,114.2
2025-08-26T14:21:54.077,272.2239260673523,135.0,134.2,33.2,0,8,BAKE-PREHEAT,154.2,114.2,154.2,114.2
2025-08-26T14:21:54.315,272.46196603775024,135.0,134.5,33.3,0,8,BAKE-PREHEAT,154.5,114.5,154.5,114.5
2025-08-26T14:21:54.551,272.6979649066925,135.0,134.0,33.3,0,8,BAKE-PREHEAT,153.5,114.5,153.5,114.5
2025-08-26T14:21:54.783,272.92999291419983,135.0,133.4,33.2,0,8,BAKE-PREHEAT,152.8,114.0,152.8,114.0
2025-08-26T14:21:55.078,273.2241690158844,135.0,133.4,33.3,0,8,BAKE-PREHEAT,152.8,114.0,152.8,114.0
2025-08-26T14:21:55.316,273.4624960422516,135.0,133.2,33.2,0,8,BAKE-PREHEAT,152.2,114.2,152.2,114.2
2025-08-26T14:21:55.552,273.69809794425964,135.0,133.1,33.2,0,8,BAKE-PREHEAT,151.8,114.5,151.8,114.5
2025-08-26T14:21:55.845,273.99134588241577,135.0,133.1,33.2,0,8,BAKE-PREHEAT,151.5,114.8,151.5,114.8
2025-08-26T14:21:56.077,274.22371888160706,135.0,133.5,33.3,0,8,BAKE-PREHEAT,151.5,115.5,151.5,115.5
2025-08-26T14:21:56.316,274.4623110294342,135.0,133.4,33.3,0,8,BAKE-PREHEAT,151.0,115.8,151.0,115.8
2025-08-26T14:21:56.552,274.69816303253174,135.0,133.1,33.2,0,8,BAKE-PREHEAT,150.5,115.8,150.5,115.8
2025-08-26T14:21:56.787,274.93349599838257,135.0,133.0,33.2,0,8,BAKE-PREHEAT,150.0,116.0,150.0,116.0
2025-08-26T14:21:57.081,275.2279689311981,135.0,133.4,33.2,0,8,BAKE-PREHEAT,150.2,116.5,150.2,116.5
2025-08-26T14:21:57.316,275.46207785606384,135.0,133.0,33.2,0,8,BAKE-PREHEAT,150.0,116.0,150.0,116.0
2025-08-26T14:21:57.551,275.69710302352905,135.0,133.1,33.2,0,8,BAKE-PREHEAT,149.8,116.5,149.8,116.5
2025-08-26T14:21:57.782,275.9288110733032,135.0,133.1,33.2,0,8,BAKE-PREHEAT,149.5,116.8,149.5,116.8
2025-08-26T14:21:58.072,276.2186849117279,135.0,133.1,33.3,0,8,BAKE-PREHEAT,149.2,117.0,149.2,117.0
2025-08-26T14:21:58.309,276.45570707321167,135.0,133.5,33.2,0,8,BAKE-PREHEAT,149.2,117.8,149.2,117.8
2025-08-26T14:21:58.546,276.692528963089,135.0,133.4,33.2,0,8,BAKE-PREHEAT,149.0,117.8,149.0,117.8
2025-08-26T14:21:58.839,276.98559188842773,135.0,133.6,33.2,0,8,BAKE-PREHEAT,148.8,118.5,148.8,118.5
2025-08-26T14:21:59.078,277.22438788414,135.0,133.9,33.3,0,8,BAKE-PREHEAT,149.0,118.8,149.0,118.8
2025-08-26T14:21:59.316,277.462956905365,135.0,134.0,33.2,0,8,BAKE-PREHEAT,148.8,119.2,148.8,119.2
2025-08-26T14:21:59.552,277.69865798950195,135.0,134.0,33.2,0,8,BAKE-PREHEAT,148.8,119.2,148.8,119.2
2025-08-26T14:21:59.783,277.929123878479,135.0,134.0,33.2,0,8,BAKE-PREHEAT,148.8,119.2,148.8,119.2
2025-08-26T14:22:00.072,278.21855902671814,135.0,133.9,33.2,0,8,BAKE-PREHEAT,148.5,119.2,148.5,119.2
2025-08-26T14:22:00.308,278.45404505729675,135.0,134.1,33.3,0,8,BAKE-PREHEAT,148.2,120.0,148.2,120.0
2025-08-26T14:22:00.538,278.6841559410095,135.0,134.2,33.3,0,8,BAKE-PREHEAT,148.2,120.2,148.2,120.2
2025-08-26T14:22:00.828,278.9747099876404,135.0,134.2,33.3,0,8,BAKE-PREHEAT,148.0,120.5,148.0,120.5
2025-08-26T14:22:01.064,279.21005392074585,135.0,134.4,33.3,0,8,BAKE-PREHEAT,147.8,121.0,147.8,121.0
2025-08-26T14:22:01.299,279.44519996643066,135.0,134.5,33.3,0,8,BAKE-PREHEAT,147.8,121.2,147.8,121.2
2025-08-26T14:22:01.596,279.74209785461426,135.0,134.2,33.2,0,8,BAKE-PREHEAT,147.2,121.2,147.2,121.2
2025-08-26T14:22:01.830,279.9763629436493,135.0,134.6,33.3,0,8,BAKE-PREHEAT,147.5,121.8,147.5,121.8
2025-08-26T14:22:02.067,280.2130789756775,135.0,134.5,33.2,0,8,BAKE-PREHEAT,147.0,122.0,147.0,122.0
2025-08-26T14:22:02.303,280.44945907592773,135.0,134.4,33.2,0,8,BAKE-PREHEAT,146.8,122.0,146.8,122.0
2025-08-26T14:22:02.540,280.68637204170227,135.0,134.6,33.3,0,8,BAKE-PREHEAT,146.8,122.5,146.8,122.5
2025-08-26T14:22:02.828,280.97473907470703,135.0,134.2,33.2,0,8,BAKE-PREHEAT,146.2,122.2,146.2,122.2
2025-08-26T14:22:03.062,281.2081069946289,135.0,134.2,33.2,0,8,BAKE-PREHEAT,146.2,122.2,146.2,122.2
2025-08-26T14:22:03.292,281.4385759830475,135.0,134.4,33.3,0,8,BAKE-PREHEAT,146.0,122.8,146.0,122.8
2025-08-26T14:22:03.586,281.7321238517761,135.0,134.4,33.2,0,8,BAKE-PREHEAT,145.8,123.0,145.8,123.0
2025-08-26T14:22:03.821,281.96772503852844,135.0,134.5,33.2,0,8,BAKE-PREHEAT,145.5,123.5,145.5,123.5
2025-08-26T14:22:04.059,282.20515990257263,135.0,134.5,33.2,0,8,BAKE-PREHEAT,145.5,123.5,145.5,123.5
2025-08-26T14:22:04.303,282.4498209953308,135.0,134.4,33.2,0,8,BAKE-PREHEAT,145.2,123.5,145.2,123.5
2025-08-26T14:22:04.533,282.6793010234833,135.0,134.5,33.2,0,8,BAKE-PREHEAT,145.2,123.8,145.2,123.8
2025-08-26T14:22:04.826,282.97274684906006,135.0,134.6,33.3,0,8,BAKE-PREHEAT,145.2,124.0,145.2,124.0
2025-08-26T14:22:05.057,283.20393085479736,135.0,134.1,33.2,0,8,BAKE-PREHEAT,144.8,123.5,144.8,123.5
2025-08-26T14:22:05.297,283.4433739185333,135.0,134.1,33.2,0,8,BAKE-PREHEAT,144.8,123.5,144.8,123.5
2025-08-26T14:22:05.534,283.6807379722595,135.0,133.6,33.2,0,8,BAKE-PREHEAT,144.2,123.0,144.2,123.0
2025-08-26T14:22:05.825,283.9717540740967,135.0,133.9,33.3,0,8,BAKE-PREHEAT,144.2,123.5,144.2,123.5
2025-08-26T14:22:06.059,284.20512104034424,135.0,133.9,33.2,0,8,BAKE-PREHEAT,143.8,124.0,143.8,124.0
2025-08-26T14:22:06.293,284.43959498405457,135.0,134.1,33.3,0,8,BAKE-PREHEAT,144.0,124.2,144.0,124.2
2025-08-26T14:22:06.529,284.6751708984375,135.0,134.0,33.3,0,8,BAKE-PREHEAT,143.5,124.5,143.5,124.5
2025-08-26T14:22:06.823,284.96941900253296,135.0,134.1,33.2,0,8,BAKE-PREHEAT,143.2,125.0,143.2,125.0
2025-08-26T14:22:07.060,285.2066578865051,135.0,134.2,33.2,0,8,BAKE-PREHEAT,143.2,125.2,143.2,125.2
2025-08-26T14:22:07.296,285.4422199726105,135.0,134.2,33.2,0,8,BAKE-PREHEAT,143.0,125.5,143.0,125.5
2025-08-26T14:22:07.524,285.6702709197998,135.0,134.1,33.2,0,8,BAKE-PREHEAT,142.8,125.5,142.8,125.5
2025-08-26T14:22:07.812,285.9580600261688,135.0,134.2,33.2,0,8,BAKE-PREHEAT,142.8,125.8,142.8,125.8
2025-08-26T14:22:08.047,286.1933898925781,135.0,134.2,33.2,0,8,BAKE-PREHEAT,142.5,126.0,142.5,126.0
2025-08-26T14:22:08.281,286.4274399280548,135.0,134.2,33.2,0,8,BAKE-PREHEAT,142.5,126.0,142.5,126.0
2025-08-26T14:22:08.568,286.71416306495667,135.0,134.2,33.3,0,8,BAKE-PREHEAT,142.0,126.5,142.0,126.5
2025-08-26T14:22:08.801,286.9475200176239,135.0,134.0,33.2,0,8,BAKE-PREHEAT,141.8,126.2,141.8,126.2
2025-08-26T14:22:09.034,287.180242061615,135.0,134.1,33.3,0,8,BAKE-PREHEAT,142.0,126.2,142.0,126.2
2025-08-26T14:22:09.326,287.47284388542175,135.0,133.9,33.3,0,8,BAKE-PREHEAT,142.0,125.8,142.0,125.8
2025-08-26T14:22:09.565,287.71105194091797,135.0,133.8,33.3,0,8,BAKE-PREHEAT,141.5,126.0,141.5,126.0
2025-08-26T14:22:09.799,287.9453809261322,135.0,133.6,33.3,0,8,BAKE-PREHEAT,141.2,126.0,141.2,126.0
2025-08-26T14:22:10.086,288.23202204704285,135.0,133.8,33.4,0,8,BAKE-PREHEAT,141.5,126.0,141.5,126.0
2025-08-26T14:22:10.324,288.470773935318,135.0,133.6,33.2,0,8,BAKE-PREHEAT,141.0,126.2,141.0,126.2
2025-08-26T14:22:10.562,288.708025932312,135.0,133.2,33.2,0,8,BAKE-PREHEAT,140.5,126.0,140.5,126.0
2025-08-26T14:22:10.794,288.94016790390015,135.0,133.4,33.2,0,8,BAKE-PREHEAT,140.5,126.2,140.5,126.2
2025-08-26T14:22:11.028,289.17463397979736,135.0,133.5,33.2,0,8,BAKE-PREHEAT,140.5,126.5,140.5,126.5
2025-08-26T14:22:11.318,289.4640488624573,135.0,133.1,33.2,0,8,BAKE-PREHEAT,140.0,126.2,140.0,126.2
2025-08-26T14:22:11.555,289.70194602012634,135.0,133.4,33.2,0,8,BAKE-PREHEAT,140.0,126.8,140.0,126.8
2025-08-26T14:22:11.789,289.9355368614197,135.0,133.4,33.3,0,8,BAKE-PREHEAT,140.0,126.8,140.0,126.8
2025-08-26T14:22:12.080,290.2268009185791,135.0,133.0,33.4,0,8,BAKE-PREHEAT,139.8,126.2,139.8,126.2
2025-08-26T14:22:12.319,290.46548295021057,135.0,133.2,33.3,0,8,BAKE-PREHEAT,139.8,126.8,139.8,126.8
2025-08-26T14:22:12.555,290.7011499404907,135.0,133.2,33.3,0,8,BAKE-PREHEAT,139.2,127.2,139.2,127.2
2025-08-26T14:22:12.845,290.9912738800049,135.0,133.0,33.3,0,8,BAKE-PREHEAT,139.2,126.8,139.2,126.8
2025-08-26T14:22:13.083,291.22960686683655,135.0,133.0,33.3,0,8,BAKE-PREHEAT,139.2,126.8,139.2,126.8
2025-08-26T14:22:13.319,291.4658019542694,135.0,132.9,33.2,0,8,BAKE-PREHEAT,139.2,126.5,139.2,126.5
2025-08-26T14:22:13.556,291.7029929161072,135.0,132.6,33.2,0,8,BAKE-PREHEAT,139.2,126.0,139.2,126.0
2025-08-26T14:22:13.794,291.94007205963135,135.0,132.1,33.2,0,8,BAKE-PREHEAT,138.8,125.5,138.8,125.5
2025-08-26T14:22:14.095,292.2411730289459,135.0,131.8,33.2,255,8,BAKE-PREHEAT,138.8,124.8,138.8,124.8
2025-08-26T14:22:14.331,292.47715497016907,135.0,131.5,33.3,255,8,BAKE-PREHEAT,138.5,124.5,138.5,124.5
2025-08-26T14:22:14.569,292.71547198295593,135.0,131.6,33.3,255,8,BAKE-PREHEAT,138.5,124.8,138.5,124.8
2025-08-26T14:22:14.806,292.95258593559265,135.0,131.1,33.2,255,8,BAKE-PREHEAT,138.2,124.0,138.2,124.0
2025-08-26T14:22:15.043,293.18928384780884,135.0,131.1,33.2,255,8,BAKE-PREHEAT,138.0,124.2,138.0,124.2
2025-08-26T14:22:15.279,293.425411939621,135.0,131.1,33.3,255,8,BAKE-PREHEAT,138.0,124.2,138.0,124.2
2025-08-26T14:22:15.571,293.7178089618683,135.0,130.6,33.2,255,8,BAKE-PREHEAT,137.8,123.5,137.8,123.5
2025-08-26T14:22:15.810,293.95603489875793,135.0,130.5,33.3,255,8,BAKE-PREHEAT,137.8,123.2,137.8,123.2
2025-08-26T14:22:16.044,294.19074296951294,135.0,130.2,33.2,255,8,BAKE-PREHEAT,137.5,123.0,137.5,123.0
2025-08-26T14:22:16.277,294.4233419895172,135.0,130.1,33.2,255,8,BAKE-PREHEAT,137.5,122.8,137.5,122.8
2025-08-26T14:22:16.572,294.71812891960144,135.0,130.2,33.2,255,8,BAKE-PREHEAT,137.5,123.0,137.5,123.0
2025-08-26T14:22:16.804,294.9509129524231,135.0,130.4,33.3,255,8,BAKE-PREHEAT,137.2,123.5,137.2,123.5
2025-08-26T14:22:17.100,295.24604201316833,135.0,130.1,33.4,255,8,BAKE-PREHEAT,137.5,122.8,137.5,122.8
2025-08-26T14:22:17.336,295.48214507102966,135.0,129.6,33.3,255,8,BAKE-PREHEAT,136.8,122.5,136.8,122.5
2025-08-26T14:22:17.573,295.7193739414215,135.0,129.8,33.3,255,8,BAKE-PREHEAT,137.0,122.5,137.0,122.5
2025-08-26T14:22:17.809,295.95531487464905,135.0,129.5,33.2,255,8,BAKE-PREHEAT,137.0,122.0,137.0,122.0
2025-08-26T14:22:18.041,296.1873710155487,135.0,129.5,33.3,255,8,BAKE-PREHEAT,136.8,122.2,136.8,122.2
2025-08-26T14:22:18.334,296.48024702072144,135.0,129.2,33.2,255,8,BAKE-PREHEAT,136.5,122.0,136.5,122.0
2025-08-26T14:22:18.573,296.71990394592285,135.0,129.6,33.2,255,8,BAKE-PREHEAT,136.8,122.5,136.8,122.5
2025-08-26T14:22:18.806,296.9529318809509,135.0,129.6,33.2,255,8,BAKE-PREHEAT,137.0,122.2,137.0,122.2
2025-08-26T14:22:19.043,297.18938994407654,135.0,129.4,33.3,255,8,BAKE-PREHEAT,137.0,121.8,137.0,121.8
2025-08-26T14:22:19.276,297.4228479862213,135.0,129.2,33.3,255,8,BAKE-PREHEAT,136.8,121.8,136.8,121.8
2025-08-26T14:22:19.570,297.71688890457153,135.0,129.2,33.2,255,8,BAKE-PREHEAT,136.8,121.8,136.8,121.8
2025-08-26T14:22:19.805,297.95146894454956,135.0,129.6,33.2,255,8,BAKE-PREHEAT,137.0,122.2,137.0,122.2
2025-08-26T14:22:20.035,298.18177103996277,135.0,129.1,33.3,255,8,BAKE-PREHEAT,136.5,121.8,136.5,121.8
2025-08-26T14:22:20.329,298.47568106651306,135.0,129.1,33.2,255,8,BAKE-PREHEAT,136.5,121.8,136.5,121.8
2025-08-26T14:22:20.569,298.7153789997101,135.0,129.2,33.3,255,8,BAKE-PREHEAT,137.0,121.5,137.0,121.5
2025-08-26T14:22:20.806,298.952565908432,135.0,128.8,33.2,255,8,BAKE-PREHEAT,136.5,121.0,136.5,121.0
2025-08-26T14:22:21.044,299.19047498703003,135.0,129.1,33.3,255,8,BAKE-PREHEAT,136.8,121.5,136.8,121.5
2025-08-26T14:22:21.299,299.44536995887756,135.0,128.9,33.3,255,8,BAKE-PREHEAT,136.5,121.2,136.5,121.2
2025-08-26T14:22:21.544,299.6906440258026,135.0,128.8,33.2,255,8,BAKE-PREHEAT,136.5,121.0,136.5,121.0
2025-08-26T14:22:21.795,299.9416239261627,150.0,129.0,33.3,255,8,BAKE-PREHEAT,136.5,121.5,136.5,121.5
2025-08-26T14:22:22.052,300.19801092147827,150.0,129.1,33.3,255,8,BAKE-PREHEAT,136.8,121.5,136.8,121.5
2025-08-26T14:22:22.305,300.45197105407715,150.0,129.4,33.2,255,8,BAKE-PREHEAT,137.0,121.8,137.0,121.8
2025-08-26T14:22:22.557,300.7036118507385,150.0,129.2,33.3,255,8,BAKE-PREHEAT,136.8,121.8,136.8,121.8
2025-08-26T14:22:22.803,300.9497330188751,150.0,129.8,33.2,255,8,BAKE-PREHEAT,137.0,122.5,137.0,122.5
2025-08-26T14:22:23.057,301.20316100120544,150.0,129.9,33.4,255,8,BAKE-PREHEAT,137.0,122.8,137.0,122.8
2025-08-26T14:22:23.306,301.452024936676,150.0,129.9,33.3,255,8,BAKE-PREHEAT,137.0,122.8,137.0,122.8
2025-08-26T14:22:23.567,301.713583946228,150.0,129.9,33.2,255,8,BAKE-PREHEAT,136.8,123.0,136.8,123.0
2025-08-26T14:22:23.807,301.95381903648376,150.0,129.9,33.3,255,8,BAKE-PREHEAT,137.0,122.8,137.0,122.8
2025-08-26T14:22:24.060,302.2061929702759,150.0,130.1,33.3,255,8,BAKE-PREHEAT,137.2,123.0,137.2,123.0
2025-08-26T14:22:24.313,302.459743976593,150.0,130.2,33.2,255,8,BAKE-PREHEAT,137.2,123.2,137.2,123.2
2025-08-26T14:22:24.577,302.7231879234314,150.0,130.4,33.3,255,8,BAKE-PREHEAT,137.2,123.5,137.2,123.5
2025-08-26T14:22:24.838,302.9846649169922,150.0,130.6,33.3,255,8,BAKE-PREHEAT,137.2,124.0,137.2,124.0
2025-08-26T14:22:25.092,303.23891496658325,150.0,130.9,33.3,255,8,BAKE-PREHEAT,137.5,124.2,137.5,124.2
2025-08-26T14:22:25.355,303.5014748573303,150.0,131.1,33.3,255,8,BAKE-PREHEAT,137.5,124.8,137.5,124.8
2025-08-26T14:22:25.542,303.68879795074463,150.0,131.1,33.3,255,8,BAKE-PREHEAT,137.5,124.8,137.5,124.8
2025-08-26T14:22:25.792,303.93800497055054,150.0,131.5,33.3,255,8,BAKE-PREHEAT,137.8,125.2,137.8,125.2
2025-08-26T14:22:26.042,304.18884801864624,150.0,131.9,33.4,255,8,BAKE-PREHEAT,138.0,125.8,138.0,125.8
2025-08-26T14:22:26.292,304.43802785873413,150.0,132.0,33.4,255,8,BAKE-PREHEAT,138.0,126.0,138.0,126.0
2025-08-26T14:22:26.546,304.6922118663788,150.0,132.2,33.2,255,8,BAKE-PREHEAT,138.0,126.5,138.0,126.5
2025-08-26T14:22:26.868,305.0142478942871,150.0,132.4,33.2,255,8,BAKE-PREHEAT,138.0,126.8,138.0,126.8
2025-08-26T14:22:27.053,305.19965386390686,150.0,132.6,33.3,255,8,BAKE-PREHEAT,138.2,127.0,138.2,127.0
2025-08-26T14:22:27.293,305.43981289863586,150.0,132.6,33.2,255,8,BAKE-PREHEAT,138.2,127.0,138.2,127.0
2025-08-26T14:22:27.549,305.69563603401184,150.0,132.9,33.3,255,8,BAKE-PREHEAT,138.5,127.2,138.5,127.2
2025-08-26T14:22:27.792,305.93854093551636,150.0,132.9,33.4,255,8,BAKE-PREHEAT,138.5,127.2,138.5,127.2
2025-08-26T14:22:28.114,306.26002502441406,150.0,133.1,33.4,255,8,BAKE-PREHEAT,138.8,127.5,138.8,127.5
2025-08-26T14:22:28.297,306.4430818557739,150.0,133.4,33.4,255,8,BAKE-PREHEAT,138.8,128.0,138.8,128.0
2025-08-26T14:22:28.554,306.7007169723511,150.0,133.5,33.4,255,8,BAKE-PREHEAT,139.0,128.0,139.0,128.0
2025-08-26T14:22:28.809,306.9558689594269,150.0,134.0,33.2,255,8,BAKE-PREHEAT,139.2,128.8,139.2,128.8
2025-08-26T14:22:29.044,307.1901638507843,150.0,134.1,33.4,255,8,BAKE-PREHEAT,139.5,128.8,139.5,128.8
2025-08-26T14:22:29.294,307.44019889831543,150.0,134.2,33.4,255,8,BAKE-PREHEAT,139.5,129.0,139.5,129.0
2025-08-26T14:22:29.617,307.7638819217682,150.0,134.5,33.4,255,8,BAKE-PREHEAT,139.8,129.2,139.8,129.2
2025-08-26T14:22:29.809,307.9559659957886,150.0,134.9,33.3,255,8,BAKE-PREHEAT,140.0,129.8,140.0,129.8
2025-08-26T14:22:30.043,308.1893720626831,150.0,134.9,33.2,255,8,BAKE-PREHEAT,140.0,129.8,140.0,129.8
2025-08-26T14:22:30.291,308.4375259876251,150.0,135.1,33.2,255,8,BAKE-PREHEAT,140.2,130.0,140.2,130.0
2025-08-26T14:22:30.545,308.6918308734894,150.0,135.6,33.3,255,8,BAKE-PREHEAT,140.5,130.8,140.5,130.8
2025-08-26T14:22:30.795,308.9415099620819,150.0,135.8,33.3,255,8,BAKE-PREHEAT,140.5,131.0,140.5,131.0
2025-08-26T14:22:31.119,309.2650680541992,150.0,136.1,33.4,255,8,BAKE-PREHEAT,140.8,131.5,140.8,131.5
2025-08-26T14:22:31.310,309.45657896995544,150.0,136.5,33.3,255,8,BAKE-PREHEAT,141.0,132.0,141.0,132.0
2025-08-26T14:22:31.575,309.7215268611908,150.0,136.8,33.4,255,8,BAKE-PREHEAT,141.2,132.2,141.2,132.2
2025-08-26T14:22:31.829,309.97595596313477,150.0,136.8,33.2,255,8,BAKE-PREHEAT,141.0,132.5,141.0,132.5
2025-08-26T14:22:32.087,310.2338140010834,150.0,137.2,33.2,255,8,BAKE-PREHEAT,141.5,133.0,141.5,133.0
2025-08-26T14:22:32.340,310.48693084716797,150.0,137.8,33.3,255,8,BAKE-PREHEAT,141.8,133.8,141.8,133.8
2025-08-26T14:22:32.528,310.6747839450836,150.0,137.8,33.3,255,8,BAKE-PREHEAT,142.0,133.5,142.0,133.5
2025-08-26T14:22:32.776,310.92227387428284,150.0,137.9,33.4,255,8,BAKE-PREHEAT,142.2,133.5,142.2,133.5
2025-08-26T14:22:33.026,311.1720108985901,150.0,138.2,33.2,255,8,BAKE-PREHEAT,142.2,134.2,142.2,134.2
2025-08-26T14:22:33.276,311.4221239089966,150.0,138.6,33.4,255,8,BAKE-PREHEAT,142.8,134.5,142.8,134.5
2025-08-26T14:22:33.599,311.7451858520508,150.0,139.1,33.4,255,8,BAKE-PREHEAT,143.0,135.2,143.0,135.2
2025-08-26T14:22:33.860,312.00693798065186,150.0,139.0,33.4,255,8,BAKE-PREHEAT,143.0,135.0,143.0,135.0
2025-08-26T14:22:34.039,312.18593287467957,150.0,139.2,33.3,255,8,BAKE-PREHEAT,143.2,135.2,143.2,135.2
2025-08-26T14:22:34.278,312.4247269630432,150.0,139.6,33.4,255,8,BAKE-PREHEAT,143.5,135.8,143.5,135.8
2025-08-26T14:22:34.525,312.6716558933258,150.0,139.8,33.4,255,8,BAKE-PREHEAT,143.5,136.0,143.5,136.0
2025-08-26T14:22:34.839,312.9856698513031,150.0,140.1,33.3,255,8,BAKE-PREHEAT,143.8,136.5,143.8,136.5
2025-08-26T14:22:35.097,313.2434558868408,150.0,140.1,33.3,255,8,BAKE-PREHEAT,144.0,136.2,144.0,136.2
2025-08-26T14:22:35.282,313.42864990234375,150.0,140.8,33.3,255,8,BAKE-PREHEAT,144.5,137.0,144.5,137.0
2025-08-26T14:22:35.521,313.66790890693665,150.0,140.8,33.4,255,8,BAKE-PREHEAT,144.2,137.2,144.2,137.2
2025-08-26T14:22:35.775,313.9218008518219,150.0,141.2,33.4,255,8,BAKE-PREHEAT,144.8,137.8,144.8,137.8
2025-08-26T14:22:36.025,314.17198300361633,150.0,141.6,33.3,255,8,BAKE-PREHEAT,145.0,138.2,145.0,138.2
2025-08-26T14:22:36.278,314.4247808456421,150.0,141.8,33.3,255,8,BAKE-PREHEAT,145.2,138.2,145.2,138.2
2025-08-26T14:22:36.601,314.7475018501282,150.0,142.4,33.4,251,8,BAKE-PREHEAT,145.8,139.0,145.8,139.0
2025-08-26T14:22:36.789,314.9355089664459,150.0,142.4,33.4,255,8,BAKE-PREHEAT,145.8,139.0,145.8,139.0
2025-08-26T14:22:37.042,315.1880910396576,150.0,142.8,33.4,255,8,BAKE-PREHEAT,146.0,139.5,146.0,139.5
2025-08-26T14:22:37.291,315.4373118877411,150.0,143.0,33.3,255,8,BAKE-PREHEAT,146.2,139.8,146.2,139.8
2025-08-26T14:22:37.536,315.6828830242157,150.0,143.4,33.4,255,8,BAKE-PREHEAT,146.2,140.5,146.2,140.5
2025-08-26T14:22:37.854,316.00062799453735,150.0,143.8,33.3,255,8,BAKE-PREHEAT,147.0,140.5,147.0,140.5
2025-08-26T14:22:38.043,316.18965888023376,150.0,143.9,33.3,255,8,BAKE-PREHEAT,147.0,140.8,147.0,140.8
2025-08-26T14:22:38.291,316.4374749660492,150.0,144.1,33.3,255,8,BAKE-PREHEAT,147.0,141.2,147.0,141.2
2025-08-26T14:22:38.541,316.68786787986755,150.0,144.6,33.3,237,8,BAKE-PREHEAT,147.5,141.8,147.5,141.8
2025-08-26T14:22:38.794,316.9402780532837,150.0,144.8,33.4,255,8,BAKE-PREHEAT,148.0,141.5,148.0,141.5
2025-08-26T14:22:39.047,317.1939899921417,150.0,144.8,33.4,255,8,BAKE-PREHEAT,148.0,141.5,148.0,141.5
2025-08-26T14:22:39.296,317.4429519176483,150.0,145.2,33.3,225,8,BAKE-PREHEAT,148.2,142.2,148.2,142.2
2025-08-26T14:22:39.536,317.6822428703308,150.0,145.6,33.4,248,8,BAKE-PREHEAT,148.8,142.5,148.8,142.5
2025-08-26T14:22:39.790,317.93670201301575,150.0,145.9,33.4,255,8,BAKE-PREHEAT,149.0,142.8,149.0,142.8
2025-08-26T14:22:40.041,318.18740797042847,150.0,146.4,33.3,202,8,BAKE-PREHEAT,149.2,143.5,149.2,143.5
2025-08-26T14:22:40.293,318.439768075943,150.0,146.5,33.3,255,8,BAKE-PREHEAT,149.2,143.8,149.2,143.8
2025-08-26T14:22:40.545,318.69176506996155,150.0,147.2,33.3,0,8,BAKE-PREHEAT,150.0,144.5,150.0,144.5
2025-08-26T14:22:40.852,318.998153924942,150.0,147.6,33.4,0,8,BAKE-PREHEAT,150.2,145.0,150.2,145.0
2025-08-26T14:22:41.029,319.1751298904419,150.0,147.9,33.3,0,8,BAKE-PREHEAT,150.5,145.2,150.5,145.2
2025-08-26T14:22:41.331,319.4772710800171,150.0,148.1,33.3,0,8,BAKE-PREHEAT,150.8,145.5,150.8,145.5
2025-08-26T14:22:41.591,319.7374629974365,150.0,148.5,33.3,0,8,BAKE-PREHEAT,151.0,146.0,151.0,146.0
2025-08-26T14:22:41.778,319.92406606674194,150.0,148.8,33.2,0,8,BAKE-PREHEAT,151.0,146.5,151.0,146.5
2025-08-26T14:22:42.101,320.24775099754333,150.0,149.5,33.4,0,8,BAKE-PREHEAT,151.8,147.2,151.8,147.2
2025-08-26T14:22:42.288,320.43490505218506,150.0,149.8,33.4,0,8,BAKE-PREHEAT,152.0,147.5,152.0,147.5
2025-08-26T14:22:42.542,320.68820691108704,150.0,150.2,33.4,0,8,BAKE,152.5,148.0,152.5,148.0
2025-08-26T14:22:42.796,320.9423248767853,150.0,150.6,33.4,0,8,BAKE,152.5,148.8,152.5,148.8
2025-08-26T14:22:43.045,321.19150590896606,150.0,150.5,33.3,0,8,BAKE,152.5,148.5,152.5,148.5
2025-08-26T14:22:43.295,321.44128704071045,150.0,150.9,33.4,0,8,BAKE,153.0,148.8,153.0,148.8
2025-08-26T14:22:43.550,321.69652485847473,150.0,151.1,33.4,0,8,BAKE,153.2,149.0,153.2,149.0
2025-08-26T14:22:43.800,321.94674491882324,150.0,151.2,33.3,0,8,BAKE,153.2,149.2,153.2,149.2
2025-08-26T14:22:44.063,322.20908308029175,150.0,151.6,33.4,0,8,BAKE,153.8,149.5,153.8,149.5
2025-08-26T14:22:44.312,322.4589030742645,150.0,151.6,33.3,0,8,BAKE,153.5,149.8,153.5,149.8
2025-08-26T14:22:44.572,322.7185549736023,150.0,151.8,33.4,0,8,BAKE,153.8,149.8,153.8,149.8
2025-08-26T14:22:44.824,322.9709720611572,150.0,152.4,33.4,0,8,BAKE,154.2,150.5,154.2,150.5
2025-08-26T14:22:45.078,323.2244870662689,150.0,152.6,33.4,0,8,BAKE,154.5,150.8,154.5,150.8
2025-08-26T14:22:45.336,323.48278999328613,150.0,152.6,33.5,0,8,BAKE,154.5,150.8,154.5,150.8
2025-08-26T14:22:45.524,323.6703999042511,150.0,153.1,33.3,0,101,BAKE,154.8,151.5,154.8,151.5
2025-08-26T14:22:45.774,323.92056798934937,150.0,153.1,33.3,0,101,BAKE,154.5,151.8,154.5,151.8
2025-08-26T14:22:46.025,324.1712598800659,150.0,153.4,33.4,0,109,BAKE,154.8,152.0,154.8,152.0
2025-08-26T14:22:46.343,324.4890809059143,150.0,153.8,33.4,0,120,BAKE,155.2,152.2,155.2,152.2
2025-08-26T14:22:46.530,324.67675399780273,150.0,154.0,33.3,0,128,BAKE,155.2,152.8,155.2,152.8
2025-08-26T14:22:46.778,324.92447805404663,150.0,154.1,33.4,0,131,BAKE,155.5,152.8,155.5,152.8
2025-08-26T14:22:47.024,325.17019605636597,150.0,154.2,33.4,0,135,BAKE,155.8,152.8,155.8,152.8
2025-08-26T14:22:47.333,325.47953605651855,150.0,154.8,33.3,0,150,BAKE,156.0,153.5,156.0,153.5
2025-08-26T14:22:47.596,325.74201488494873,150.0,155.8,33.3,0,180,BAKE,157.0,154.5,157.0,154.5
2025-08-26T14:22:47.859,326.0053389072418,150.0,155.8,33.4,0,180,BAKE,157.5,154.0,157.5,154.0
2025-08-26T14:22:48.053,326.199156999588,150.0,155.8,33.4,0,180,BAKE,158.0,153.5,158.0,153.5
2025-08-26T14:22:48.300,326.44637989997864,150.0,155.8,33.4,0,180,BAKE,158.2,153.2,158.2,153.2
2025-08-26T14:22:48.546,326.6920988559723,150.0,156.6,33.3,0,206,BAKE,159.8,153.5,159.8,153.5
2025-08-26T14:22:48.803,326.9495139122009,150.0,157.0,33.4,0,218,BAKE,161.2,152.8,161.2,152.8
2025-08-26T14:22:49.044,327.19071984291077,150.0,157.0,33.3,0,218,BAKE,162.2,151.8,162.2,151.8
2025-08-26T14:22:49.283,327.4298379421234,150.0,157.1,33.4,0,221,BAKE,163.5,150.8,163.5,150.8
2025-08-26T14:22:49.529,327.67596101760864,150.0,157.2,33.5,0,225,BAKE,164.8,149.8,164.8,149.8
2025-08-26T14:22:49.778,327.9248459339142,150.0,157.5,33.5,0,233,BAKE,166.5,148.5,166.5,148.5
2025-08-26T14:22:50.024,328.17091608047485,150.0,157.8,33.5,0,240,BAKE,168.5,147.0,168.5,147.0
2025-08-26T14:22:50.279,328.42539286613464,150.0,157.5,33.4,0,233,BAKE,170.0,145.0,170.0,145.0
2025-08-26T14:22:50.602,328.748183965683,150.0,157.5,33.4,0,233,BAKE,171.5,143.5,171.5,143.5
2025-08-26T14:22:50.787,328.9339029788971,150.0,157.1,33.5,0,221,BAKE,172.5,141.8,172.5,141.8
2025-08-26T14:22:51.039,329.1858699321747,150.0,156.9,33.4,0,214,BAKE,172.8,141.0,172.8,141.0
2025-08-26T14:22:51.293,329.4397189617157,150.0,156.4,33.4,0,199,BAKE,173.5,139.2,173.5,139.2
2025-08-26T14:22:51.539,329.6857168674469,150.0,156.4,33.4,0,199,BAKE,174.8,138.0,174.8,138.0
2025-08-26T14:22:51.794,329.94044399261475,150.0,155.8,33.5,0,180,BAKE,175.2,136.2,175.2,136.2
2025-08-26T14:22:52.040,330.1867699623108,150.0,155.2,33.5,0,165,BAKE,176.2,134.2,176.2,134.2
2025-08-26T14:22:52.288,330.4341390132904,150.0,154.5,33.4,0,143,BAKE,176.0,133.0,176.0,133.0
2025-08-26T14:22:52.537,330.68364000320435,150.0,154.0,33.5,0,128,BAKE,176.5,131.5,176.5,131.5
2025-08-26T14:22:52.787,330.933641910553,150.0,153.5,33.6,0,113,BAKE,177.2,129.8,177.2,129.8
2025-08-26T14:22:53.029,331.17550706863403,150.0,153.0,33.6,0,8,BAKE,177.8,128.2,177.8,128.2
2025-08-26T14:22:53.347,331.49377489089966,150.0,152.4,33.5,0,8,BAKE,177.8,127.0,177.8,127.0
2025-08-26T14:22:53.531,331.67762088775635,150.0,151.5,33.5,0,8,BAKE,177.5,125.5,177.5,125.5
2025-08-26T14:22:53.787,331.9338479042053,150.0,151.2,33.4,0,8,BAKE,177.5,125.0,177.5,125.0
2025-08-26T14:22:54.039,332.18521189689636,150.0,150.5,33.5,0,8,BAKE,177.2,123.8,177.2,123.8
2025-08-26T14:22:54.289,332.435683965683,150.0,150.5,33.6,0,8,BAKE,178.2,122.8,178.2,122.8
2025-08-26T14:22:54.534,332.6805639266968,150.0,150.1,33.6,0,8,BAKE,178.5,121.8,178.5,121.8
2025-08-26T14:22:54.856,333.0028839111328,150.0,149.9,33.6,0,8,BAKE-PREHEAT,178.8,121.0,178.8,121.0
2025-08-26T14:22:55.038,333.18455505371094,150.0,149.2,33.6,0,8,BAKE-PREHEAT,178.2,120.2,178.2,120.2
2025-08-26T14:22:55.289,333.435035943985,150.0,149.2,33.5,0,8,BAKE-PREHEAT,178.5,120.0,178.5,120.0
2025-08-26T14:22:55.538,333.68446707725525,150.0,148.8,33.6,0,8,BAKE-PREHEAT,178.2,119.2,178.2,119.2
2025-08-26T14:22:55.790,333.9364938735962,150.0,148.8,33.5,0,8,BAKE-PREHEAT,179.0,118.5,179.0,118.5
2025-08-26T14:22:56.044,334.19013690948486,150.0,148.8,33.5,0,8,BAKE-PREHEAT,179.5,118.0,179.5,118.0
2025-08-26T14:22:56.290,334.43666100502014,150.0,148.9,33.6,0,8,BAKE-PREHEAT,180.2,117.5,180.2,117.5
2025-08-26T14:22:56.538,334.68487095832825,150.0,148.9,33.7,0,8,BAKE-PREHEAT,180.2,117.5,180.2,117.5
2025-08-26T14:22:56.793,334.9391448497772,150.0,148.5,33.5,0,8,BAKE-PREHEAT,180.2,116.8,180.2,116.8
2025-08-26T14:22:57.042,335.18823289871216,150.0,148.6,33.7,0,8,BAKE-PREHEAT,180.2,117.0,180.2,117.0
2025-08-26T14:22:57.294,335.4409248828888,150.0,148.4,33.6,0,8,BAKE-PREHEAT,180.5,116.2,180.5,116.2
2025-08-26T14:22:57.550,335.6962399482727,150.0,148.8,33.6,0,8,BAKE-PREHEAT,181.0,116.5,181.0,116.5
2025-08-26T14:22:57.800,335.9462339878082,150.0,148.5,33.6,0,8,BAKE-PREHEAT,181.0,116.0,181.0,116.0
2025-08-26T14:22:58.061,336.2070400714874,150.0,148.8,33.7,0,8,BAKE-PREHEAT,181.5,116.0,181.5,116.0
2025-08-26T14:22:58.310,336.45677185058594,150.0,148.2,33.7,0,8,BAKE-PREHEAT,181.2,115.2,181.2,115.2
2025-08-26T14:22:58.570,336.7169258594513,150.0,148.2,33.6,0,8,BAKE-PREHEAT,181.2,115.2,181.2,115.2
2025-08-26T14:22:58.833,336.9793770313263,150.0,148.0,33.6,0,8,BAKE-PREHEAT,180.8,115.2,180.8,115.2
2025-08-26T14:22:59.021,337.16730284690857,150.0,147.6,33.5,0,8,BAKE-PREHEAT,180.2,115.0,180.2,115.0
2025-08-26T14:22:59.336,337.4822678565979,150.0,148.1,33.7,0,8,BAKE-PREHEAT,181.0,115.2,181.0,115.2
2025-08-26T14:22:59.523,337.6693630218506,150.0,148.1,33.6,0,8,BAKE-PREHEAT,181.0,115.2,181.0,115.2
2025-08-26T14:22:59.772,337.9187240600586,150.0,148.2,33.6,0,8,BAKE-PREHEAT,181.2,115.2,181.2,115.2
2025-08-26T14:23:00.089,338.2355899810791,150.0,148.4,33.6,0,8,BAKE-PREHEAT,181.5,115.2,181.5,115.2
2025-08-26T14:23:00.349,338.49576687812805,150.0,148.6,33.5,0,8,BAKE-PREHEAT,182.2,115.0,182.2,115.0
2025-08-26T14:23:00.532,338.6786198616028,150.0,149.0,33.6,0,8,BAKE-PREHEAT,182.8,115.2,182.8,115.2
2025-08-26T14:23:00.772,338.9188048839569,150.0,149.0,33.6,0,8,BAKE-PREHEAT,183.0,115.0,183.0,115.0
2025-08-26T14:23:01.023,339.1690809726715,150.0,149.1,33.5,0,8,BAKE-PREHEAT,183.0,115.2,183.0,115.2
2025-08-26T14:23:01.338,339.48485803604126,150.0,149.0,33.5,0,8,BAKE-PREHEAT,183.0,115.0,183.0,115.0
2025-08-26T14:23:01.601,339.74791502952576,150.0,149.2,33.7,0,8,BAKE-PREHEAT,183.0,115.5,183.0,115.5
2025-08-26T14:23:01.784,339.93059396743774,150.0,149.4,33.7,0,8,BAKE-PREHEAT,183.2,115.5,183.2,115.5
2025-08-26T14:23:02.034,340.1801850795746,150.0,149.2,33.5,0,8,BAKE-PREHEAT,182.8,115.8,182.8,115.8
2025-08-26T14:23:02.278,340.4241900444031,150.0,149.4,33.6,0,8,BAKE-PREHEAT,183.2,115.5,183.2,115.5
2025-08-26T14:23:02.524,340.67033290863037,150.0,149.6,33.7,0,8,BAKE-PREHEAT,183.5,115.8,183.5,115.8
2025-08-26T14:23:02.777,340.9236228466034,150.0,149.9,33.7,0,8,BAKE-PREHEAT,184.0,115.8,184.0,115.8
2025-08-26T14:23:03.101,341.2472870349884,150.0,149.9,33.6,0,8,BAKE-PREHEAT,183.5,116.2,183.5,116.2
2025-08-26T14:23:03.285,341.43187403678894,150.0,149.8,33.6,0,8,BAKE-PREHEAT,183.2,116.2,183.2,116.2
2025-08-26T14:23:03.538,341.68455600738525,150.0,150.1,33.7,0,8,BAKE,183.8,116.5,183.8,116.5
2025-08-26T14:23:03.788,341.9345848560333,150.0,150.2,33.7,0,8,BAKE,183.5,117.0,183.5,117.0
2025-08-26T14:23:04.043,342.18974900245667,150.0,150.0,33.7,0,8,BAKE,183.0,117.0,183.0,117.0
2025-08-26T14:23:04.297,342.44352889060974,150.0,149.6,33.5,0,8,BAKE-PREHEAT,182.2,117.0,182.2,117.0
2025-08-26T14:23:04.541,342.6879439353943,150.0,149.5,33.6,0,8,BAKE-PREHEAT,181.8,117.2,181.8,117.2
2025-08-26T14:23:04.782,342.92805194854736,150.0,149.8,33.7,0,8,BAKE-PREHEAT,182.0,117.5,182.0,117.5
2025-08-26T14:23:05.030,343.17649102211,150.0,149.2,33.7,0,8,BAKE-PREHEAT,181.2,117.2,181.2,117.2
2025-08-26T14:23:05.272,343.41869497299194,150.0,149.1,33.7,0,8,BAKE-PREHEAT,180.5,117.8,180.5,117.8
2025-08-26T14:23:05.522,343.66893196105957,150.0,149.1,33.6,0,8,BAKE-PREHEAT,180.0,118.2,180.0,118.2
2025-08-26T14:23:05.845,343.99160385131836,150.0,148.9,33.5,0,8,BAKE-PREHEAT,179.2,118.5,179.2,118.5
2025-08-26T14:23:06.032,344.17806100845337,150.0,149.4,33.6,0,8,BAKE-PREHEAT,179.8,119.0,179.8,119.0
2025-08-26T14:23:06.272,344.41854190826416,150.0,149.0,33.6,0,8,BAKE-PREHEAT,179.2,118.8,179.2,118.8
2025-08-26T14:23:06.585,344.73138403892517,150.0,148.8,33.5,0,8,BAKE-PREHEAT,178.8,118.8,178.8,118.8
2025-08-26T14:23:06.772,344.918004989624,150.0,148.8,33.6,0,8,BAKE-PREHEAT,178.0,119.5,178.0,119.5
2025-08-26T14:23:07.092,345.23898696899414,150.0,148.8,33.7,0,8,BAKE-PREHEAT,178.0,119.5,178.0,119.5
2025-08-26T14:23:07.359,345.5056438446045,150.0,148.8,33.6,0,8,BAKE-PREHEAT,177.8,119.8,177.8,119.8
2025-08-26T14:23:07.547,345.6931300163269,150.0,148.9,33.5,0,8,BAKE-PREHEAT,177.5,120.2,177.5,120.2
2025-08-26T14:23:07.806,345.952143907547,150.0,148.6,33.6,0,8,BAKE-PREHEAT,177.2,120.0,177.2,120.0
2025-08-26T14:23:08.069,346.2155900001526,150.0,148.2,33.7,0,8,BAKE-PREHEAT,176.5,120.0,176.5,120.0
2025-08-26T14:23:08.329,346.47550106048584,150.0,148.1,33.7,0,8,BAKE-PREHEAT,176.0,120.2,176.0,120.2
2025-08-26T14:23:08.586,346.732843875885,150.0,148.2,33.7,0,8,BAKE-PREHEAT,175.5,121.0,175.5,121.0
2025-08-26T14:23:08.772,346.9183769226074,150.0,148.5,33.7,0,8,BAKE-PREHEAT,175.5,121.5,175.5,121.5
2025-08-26T14:23:09.022,347.1683430671692,150.0,148.2,33.7,0,8,BAKE-PREHEAT,175.2,121.2,175.2,121.2
2025-08-26T14:23:09.337,347.48370003700256,150.0,147.9,33.7,0,8,BAKE-PREHEAT,174.8,121.0,174.8,121.0
2025-08-26T14:23:09.523,347.66983699798584,150.0,147.9,33.6,0,8,BAKE-PREHEAT,174.2,121.5,174.2,121.5
2025-08-26T14:23:09.776,347.92276191711426,150.0,147.4,33.6,0,8,BAKE-PREHEAT,173.2,121.5,173.2,121.5
2025-08-26T14:23:10.098,348.24447107315063,150.0,147.4,33.6,0,8,BAKE-PREHEAT,173.2,121.5,173.2,121.5
2025-08-26T14:23:10.279,348.4254410266876,150.0,146.9,33.7,223,8,BAKE-PREHEAT,172.5,121.2,172.5,121.2
2025-08-26T14:23:10.526,348.67264103889465,150.0,146.6,33.5,255,8,BAKE-PREHEAT,172.0,121.2,172.0,121.2
2025-08-26T14:23:10.771,348.9177460670471,150.0,146.9,33.5,255,8,BAKE-PREHEAT,172.0,121.8,172.0,121.8
2025-08-26T14:23:11.079,349.22553300857544,150.0,147.1,33.6,0,8,BAKE-PREHEAT,172.2,122.0,172.2,122.0
2025-08-26T14:23:11.326,349.47237491607666,150.0,147.2,33.6,0,8,BAKE-PREHEAT,172.2,122.2,172.2,122.2
2025-08-26T14:23:11.575,349.7213010787964,150.0,146.9,33.6,255,8,BAKE-PREHEAT,171.0,122.8,171.0,122.8
2025-08-26T14:23:11.766,349.91241693496704,150.0,147.1,33.7,0,8,BAKE-PREHEAT,171.5,122.8,171.5,122.8
2025-08-26T14:23:12.080,350.22630190849304,150.0,146.8,33.7,255,8,BAKE-PREHEAT,170.5,123.0,170.5,123.0
2025-08-26T14:23:12.277,350.4233820438385,150.0,146.8,33.7,255,8,BAKE-PREHEAT,170.5,123.0,170.5,123.0
2025-08-26T14:23:12.522,350.6685688495636,150.0,146.5,33.6,255,8,BAKE-PREHEAT,169.8,123.2,169.8,123.2
2025-08-26T14:23:12.842,350.9889738559723,150.0,146.5,33.6,255,8,BAKE-PREHEAT,169.5,123.5,169.5,123.5
2025-08-26T14:23:13.033,351.1797618865967,150.0,146.4,33.5,255,8,BAKE-PREHEAT,168.8,124.0,168.8,124.0
2025-08-26T14:23:13.281,351.42705488204956,150.0,146.1,33.5,255,8,BAKE-PREHEAT,168.5,123.8,168.5,123.8
2025-08-26T14:23:13.521,351.66782903671265,150.0,146.4,33.7,255,8,BAKE-PREHEAT,168.8,124.0,168.8,124.0
2025-08-26T14:23:13.834,351.98043394088745,150.0,146.1,33.6,255,8,BAKE-PREHEAT,168.2,124.0,168.2,124.0
2025-08-26T14:23:14.027,352.1733748912811,150.0,146.2,33.7,255,8,BAKE-PREHEAT,167.8,124.8,167.8,124.8
2025-08-26T14:23:14.350,352.49635791778564,150.0,146.0,33.6,255,8,BAKE-PREHEAT,167.5,124.5,167.5,124.5
2025-08-26T14:23:14.535,352.68122005462646,150.0,146.0,33.7,255,8,BAKE-PREHEAT,167.2,124.8,167.2,124.8
2025-08-26T14:23:14.778,352.9242389202118,150.0,146.4,33.6,233,8,BAKE-PREHEAT,167.5,125.2,167.5,125.2
2025-08-26T14:23:15.025,353.1711070537567,150.0,146.1,33.6,255,8,BAKE-PREHEAT,166.8,125.5,166.8,125.5
2025-08-26T14:23:15.271,353.4173309803009,150.0,145.9,33.6,255,8,BAKE-PREHEAT,166.2,125.5,166.2,125.5
2025-08-26T14:23:15.585,353.7311120033264,150.0,145.9,33.5,255,8,BAKE-PREHEAT,166.2,125.5,166.2,125.5
2025-08-26T14:23:15.767,353.91339588165283,150.0,145.9,33.7,255,8,BAKE-PREHEAT,166.2,125.5,166.2,125.5
2025-08-26T14:23:16.021,354.1675260066986,150.0,145.5,33.6,255,8,BAKE-PREHEAT,165.2,125.8,165.2,125.8
2025-08-26T14:23:16.285,354.43100786209106,150.0,145.1,33.6,255,8,BAKE-PREHEAT,164.8,125.5,164.8,125.5
2025-08-26T14:23:16.531,354.67716693878174,150.0,145.2,33.6,255,8,BAKE-PREHEAT,165.0,125.5,165.0,125.5
2025-08-26T14:23:16.776,354.922287940979,150.0,144.6,33.5,255,8,BAKE-PREHEAT,164.2,125.0,164.2,125.0
2025-08-26T14:23:17.099,355.245707988739,150.0,144.2,33.6,255,8,BAKE-PREHEAT,163.5,125.0,163.5,125.0
2025-08-26T14:23:17.279,355.42549896240234,150.0,144.5,33.5,255,8,BAKE-PREHEAT,163.5,125.5,163.5,125.5
2025-08-26T14:23:17.521,355.667268037796,150.0,144.5,33.5,255,8,BAKE-PREHEAT,163.8,125.2,163.8,125.2
2025-08-26T14:23:17.838,355.9841959476471,150.0,144.9,33.6,255,8,BAKE-PREHEAT,163.2,126.5,163.2,126.5
2025-08-26T14:23:18.024,356.1708710193634,150.0,145.0,33.5,255,8,BAKE-PREHEAT,163.2,126.8,163.2,126.8
2025-08-26T14:23:18.339,356.4850220680237,150.0,145.5,33.6,220,8,BAKE-PREHEAT,163.2,127.8,163.2,127.8
2025-08-26T14:23:18.586,356.7327878475189,150.0,145.4,33.6,255,8,BAKE-PREHEAT,163.0,127.8,163.0,127.8
2025-08-26T14:23:18.772,356.9183840751648,150.0,145.2,33.5,255,8,BAKE-PREHEAT,162.8,127.8,162.8,127.8
2025-08-26T14:23:19.021,357.16706895828247,150.0,145.1,33.7,255,8,BAKE-PREHEAT,162.5,127.8,162.5,127.8
2025-08-26T14:23:19.337,357.48392486572266,150.0,145.2,33.6,255,8,BAKE-PREHEAT,162.8,127.8,162.8,127.8
2025-08-26T14:23:19.523,357.669203042984,150.0,145.4,33.6,255,8,BAKE-PREHEAT,162.5,128.2,162.5,128.2
2025-08-26T14:23:19.845,357.99199295043945,150.0,145.9,33.6,212,8,BAKE-PREHEAT,162.8,129.0,162.8,129.0
2025-08-26T14:23:20.033,358.17923307418823,150.0,145.9,33.6,255,8,BAKE-PREHEAT,162.2,129.5,162.2,129.5
2025-08-26T14:23:20.286,358.4323899745941,150.0,146.2,33.6,236,8,BAKE-PREHEAT,162.2,130.2,162.2,130.2
2025-08-26T14:23:20.540,358.68606090545654,150.0,146.6,33.6,228,8,BAKE-PREHEAT,162.5,130.8,162.5,130.8
2025-08-26T14:23:20.786,358.9326820373535,150.0,147.2,33.6,0,8,BAKE-PREHEAT,163.2,131.2,163.2,131.2
2025-08-26T14:23:21.044,359.19024991989136,150.0,147.1,33.5,0,8,BAKE-PREHEAT,162.5,131.8,162.5,131.8
2025-08-26T14:23:21.232,359.3784809112549,150.0,148.2,33.7,0,8,BAKE-PREHEAT,163.5,133.0,163.5,133.0
2025-08-26T14:23:21.539,359.6857159137726,120.0,148.6,33.6,0,255,BAKE,163.5,133.8,163.5,133.8
2025-08-26T14:23:21.795,359.9412589073181,120.0,148.8,33.7,0,255,BAKE,163.5,134.0,163.5,134.0
2025-08-26T14:23:22.054,360.20034289360046,120.0,149.1,33.6,0,255,BAKE,163.5,134.8,163.5,134.8
2025-08-26T14:23:22.317,360.46382784843445,120.0,149.5,33.5,0,255,BAKE,163.2,135.8,163.2,135.8
2025-08-26T14:23:22.572,360.7187159061432,120.0,150.4,33.6,0,255,BAKE,164.2,136.5,164.2,136.5
2025-08-26T14:23:22.763,360.9099678993225,120.0,150.2,33.6,0,255,BAKE,164.0,136.5,164.0,136.5
2025-08-26T14:23:23.087,361.23323607444763,120.0,150.6,33.7,0,255,BAKE,164.8,136.5,164.8,136.5
2025-08-26T14:23:23.275,361.4215760231018,120.0,150.4,33.6,0,255,BAKE,165.0,135.8,165.0,135.8
2025-08-26T14:23:23.521,361.6674518585205,120.0,151.0,33.6,0,255,BAKE,167.2,134.8,167.2,134.8
2025-08-26T14:23:23.838,361.9843668937683,120.0,150.9,33.7,0,255,BAKE,168.5,133.2,168.5,133.2
2025-08-26T14:23:24.101,362.24747800827026,120.0,150.8,33.5,0,255,BAKE,170.0,131.5,170.0,131.5
2025-08-26T14:23:24.286,362.43222188949585,120.0,150.8,33.7,0,255,BAKE,171.2,130.2,171.2,130.2
2025-08-26T14:23:24.525,362.67149686813354,120.0,150.6,33.6,0,255,BAKE,171.8,129.5,171.8,129.5
2025-08-26T14:23:24.839,362.9854290485382,120.0,150.0,33.7,0,255,BAKE,172.2,127.8,172.2,127.8
2025-08-26T14:23:25.026,363.1728980541229,120.0,149.6,33.7,0,255,BAKE,173.2,126.0,173.2,126.0
2025-08-26T14:23:25.346,363.49207305908203,120.0,149.0,33.7,0,255,BAKE,173.8,124.2,173.8,124.2
2025-08-26T14:23:25.527,363.67325806617737,120.0,148.5,33.7,0,255,BAKE,174.5,122.5,174.5,122.5
2025-08-26T14:23:25.772,363.9186420440674,120.0,148.0,33.7,0,255,BAKE,174.5,121.5,174.5,121.5
2025-08-26T14:23:26.020,364.1661858558655,120.0,146.8,33.6,0,255,BAKE,173.5,120.0,173.5,120.0
2025-08-26T14:23:26.270,364.41664600372314,120.0,145.6,33.6,0,255,BAKE,173.0,118.2,173.0,118.2
2025-08-26T14:23:26.582,364.72890996932983,120.0,145.5,33.6,0,255,BAKE,174.0,117.0,174.0,117.0
2025-08-26T14:23:26.845,364.9912979602814,120.0,144.6,33.7,0,255,BAKE,174.0,115.2,174.0,115.2
2025-08-26T14:23:27.031,365.1771399974823,120.0,143.1,33.7,0,255,BAKE,173.0,113.2,173.0,113.2
2025-08-26T14:23:27.226,365.37289786338806,120.0,143.0,33.6,0,255,BAKE,173.5,112.5,173.5,112.5
2025-08-26T14:23:27.528,365.67423605918884,120.0,142.0,33.7,0,255,BAKE,173.0,111.0,173.0,111.0
2025-08-26T14:23:27.775,365.92173504829407,120.0,141.0,33.7,0,255,BAKE,172.8,109.2,172.8,109.2
2025-08-26T14:23:28.098,366.2443468570709,120.0,139.9,33.6,0,255,BAKE,172.0,107.8,172.0,107.8
2025-08-26T14:23:28.283,366.4297890663147,120.0,138.6,33.7,0,255,BAKE,170.8,106.5,170.8,106.5
2025-08-26T14:23:28.529,366.67548990249634,120.0,138.2,33.6,0,255,BAKE,170.8,105.8,170.8,105.8
2025-08-26T14:23:28.775,366.9215319156647,120.0,137.5,33.7,0,255,BAKE,170.5,104.5,170.5,104.5
2025-08-26T14:23:29.020,367.16683197021484,120.0,136.1,33.7,0,255,BAKE,169.2,103.0,169.2,103.0
2025-08-26T14:23:29.275,367.42121601104736,120.0,135.4,33.6,0,255,BAKE,169.0,101.8,169.0,101.8
2025-08-26T14:23:29.596,367.74205589294434,120.0,134.9,33.7,0,255,BAKE,169.2,100.5,169.2,100.5
2025-08-26T14:23:29.779,367.92539286613464,120.0,133.8,33.8,0,255,BAKE,168.2,99.2,168.2,99.2
2025-08-26T14:23:30.029,368.175155878067,120.0,133.1,33.7,0,255,BAKE,167.5,98.8,167.5,98.8
2025-08-26T14:23:30.275,368.4211308956146,120.0,132.5,33.8,0,255,BAKE,167.2,97.8,167.2,97.8
2025-08-26T14:23:30.587,368.7337839603424,120.0,131.8,33.7,0,255,BAKE,166.5,97.0,166.5,97.0
2025-08-26T14:23:30.850,368.9968478679657,120.0,131.0,33.7,0,255,BAKE,165.8,96.2,165.8,96.2
2025-08-26T14:23:31.039,369.18581104278564,120.0,130.4,33.8,0,255,BAKE,165.5,95.2,165.5,95.2
2025-08-26T14:23:31.297,369.44318294525146,120.0,130.0,33.7,0,255,BAKE,165.0,95.0,165.0,95.0
2025-08-26T14:23:31.546,369.6920359134674,120.0,129.1,33.8,0,255,BAKE,164.0,94.2,164.0,94.2
2025-08-26T14:23:31.799,369.9453890323639,120.0,129.0,33.8,0,255,BAKE,164.2,93.8,164.2,93.8
2025-08-26T14:23:32.053,370.1999258995056,120.0,128.4,33.7,0,255,BAKE,163.8,93.0,163.8,93.0
2025-08-26T14:23:32.311,370.457181930542,120.0,127.5,33.7,0,233,BAKE,162.5,92.5,162.5,92.5
2025-08-26T14:23:32.563,370.7094168663025,120.0,127.4,33.8,0,229,BAKE,163.0,91.8,163.0,91.8
2025-08-26T14:23:32.828,370.97480487823486,120.0,127.1,33.8,0,221,BAKE,162.8,91.5,162.8,91.5
2025-08-26T14:23:33.086,371.2328908443451,120.0,126.6,33.8,0,206,BAKE,162.5,90.8,162.5,90.8
2025-08-26T14:23:33.273,371.41990303993225,120.0,126.2,33.8,0,195,BAKE,162.5,90.0,162.5,90.0
2025-08-26T14:23:33.586,371.73248195648193,120.0,126.0,33.7,0,188,BAKE,162.2,89.8,162.2,89.8
2025-08-26T14:23:33.842,371.9887070655823,120.0,125.5,33.8,0,173,BAKE,161.8,89.2,161.8,89.2
2025-08-26T14:23:34.027,372.17324900627136,120.0,124.6,33.7,0,146,BAKE,160.5,88.8,160.5,88.8
2025-08-26T14:23:34.283,372.429869890213,120.0,124.4,33.8,0,139,BAKE,160.2,88.5,160.2,88.5
2025-08-26T14:23:34.520,372.6663420200348,120.0,123.9,33.8,0,124,BAKE,159.8,88.0,159.8,88.0
2025-08-26T14:23:34.835,372.98170495033264,120.0,123.2,33.8,0,105,BAKE,158.8,87.8,158.8,87.8
2025-08-26T14:23:35.096,373.2422409057617,120.0,122.9,33.8,0,8,BAKE,158.2,87.5,158.2,87.5
2025-08-26T14:23:35.284,373.4300079345703,120.0,122.6,33.7,0,8,BAKE,158.2,87.0,158.2,87.0
2025-08-26T14:23:35.531,373.67783403396606,120.0,122.5,33.8,0,8,BAKE,158.2,86.8,158.2,86.8
2025-08-26T14:23:35.777,373.92336893081665,120.0,121.6,33.7,0,8,BAKE,156.5,86.8,156.5,86.8
2025-08-26T14:23:36.024,374.1701259613037,120.0,121.4,33.7,0,8,BAKE,156.5,86.2,156.5,86.2
2025-08-26T14:23:36.274,374.4203670024872,120.0,121.5,33.8,0,8,BAKE,156.8,86.2,156.8,86.2
2025-08-26T14:23:36.586,374.73277497291565,120.0,121.4,33.7,0,8,BAKE,156.5,86.2,156.5,86.2
2025-08-26T14:23:36.773,374.9192979335785,120.0,121.2,33.8,0,8,BAKE,156.2,86.2,156.2,86.2
2025-08-26T14:23:37.018,375.16488885879517,120.0,121.4,33.8,0,8,BAKE,156.5,86.2,156.5,86.2
2025-08-26T14:23:37.273,375.4198389053345,120.0,121.0,33.7,0,8,BAKE,155.5,86.5,155.5,86.5
2025-08-26T14:23:37.519,375.66538190841675,120.0,121.1,33.8,0,8,BAKE,155.8,86.5,155.8,86.5
2025-08-26T14:23:37.843,375.9890170097351,120.0,121.4,33.7,0,8,BAKE,156.0,86.8,156.0,86.8
2025-08-26T14:23:38.026,376.17255187034607,120.0,121.8,33.8,0,8,BAKE,156.8,86.8,156.8,86.8
2025-08-26T14:23:38.283,376.42909002304077,120.0,121.6,33.7,0,8,BAKE,156.5,86.8,156.5,86.8
2025-08-26T14:23:38.536,376.68250703811646,120.0,122.0,33.7,0,8,BAKE,157.2,86.8,157.2,86.8
2025-08-26T14:23:38.789,376.9352750778198,120.0,122.2,33.7,0,8,BAKE,157.5,87.0,157.5,87.0
2025-08-26T14:23:39.031,377.1773359775543,120.0,122.5,33.8,0,8,BAKE,158.0,87.0,158.0,87.0
2025-08-26T14:23:39.353,377.4991018772125,120.0,122.8,33.8,0,8,BAKE,158.2,87.2,158.2,87.2
2025-08-26T14:23:39.529,377.675332069397,120.0,123.2,33.8,0,105,BAKE,159.2,87.2,159.2,87.2
2025-08-26T14:23:39.776,377.9222538471222,120.0,123.4,33.8,0,109,BAKE,159.2,87.5,159.2,87.5
2025-08-26T14:23:40.018,378.1648440361023,120.0,123.5,33.7,0,113,BAKE,159.2,87.8,159.2,87.8
2025-08-26T14:23:40.269,378.4150278568268,120.0,123.8,33.7,0,120,BAKE,159.8,87.8,159.8,87.8
2025-08-26T14:23:40.579,378.7253279685974,120.0,124.4,33.8,0,139,BAKE,160.8,88.0,160.8,88.0
2025-08-26T14:23:40.829,378.9756610393524,120.0,123.8,33.8,0,120,BAKE,159.5,88.0,159.5,88.0
2025-08-26T14:23:41.011,379.15752506256104,120.0,124.0,33.8,0,128,BAKE,160.0,88.0,160.0,88.0
2025-08-26T14:23:41.267,379.41318798065186,120.0,123.8,33.8,0,120,BAKE,159.5,88.0,159.5,88.0
2025-08-26T14:23:41.579,379.7255849838257,120.0,124.0,33.8,0,128,BAKE,160.2,87.8,160.2,87.8
2025-08-26T14:23:41.830,379.97641801834106,120.0,124.0,33.7,0,128,BAKE,159.8,88.2,159.8,88.2
2025-08-26T14:23:42.076,380.222727060318,120.0,123.9,33.7,0,124,BAKE,159.8,88.0,159.8,88.0
2025-08-26T14:23:42.262,380.4080729484558,120.0,123.9,33.7,0,124,BAKE,159.8,88.0,159.8,88.0
2025-08-26T14:23:42.579,380.72533893585205,120.0,124.1,33.7,0,131,BAKE,160.2,88.0,160.2,88.0
2025-08-26T14:23:42.829,380.9753360748291,120.0,124.0,33.7,0,128,BAKE,160.2,87.8,160.2,87.8
2025-08-26T14:23:43.018,381.16432785987854,120.0,124.1,33.8,0,131,BAKE,160.5,87.8,160.5,87.8
2025-08-26T14:23:43.336,381.4820840358734,120.0,124.0,33.8,0,128,BAKE,160.5,87.5,160.5,87.5
2025-08-26T14:23:43.571,381.71732807159424,120.0,123.9,33.8,0,124,BAKE,160.2,87.5,160.2,87.5
2025-08-26T14:23:43.820,381.9660429954529,120.0,124.1,33.8,0,131,BAKE,161.0,87.2,161.0,87.2
2025-08-26T14:23:44.079,382.22576904296875,120.0,124.1,33.8,0,131,BAKE,161.0,87.2,161.0,87.2
2025-08-26T14:23:44.272,382.41880106925964,120.0,123.9,33.9,0,124,BAKE,161.0,86.8,161.0,86.8
2025-08-26T14:23:44.518,382.6647439002991,120.0,123.5,33.9,0,113,BAKE,160.5,86.5,160.5,86.5
2025-08-26T14:23:44.836,382.9827289581299,120.0,123.2,33.9,0,105,BAKE,159.8,86.8,159.8,86.8
2025-08-26T14:23:45.025,383.1718740463257,120.0,123.2,33.9,0,105,BAKE,160.2,86.2,160.2,86.2
2025-08-26T14:23:45.281,383.4279658794403,120.0,123.2,33.8,0,105,BAKE,160.2,86.2,160.2,86.2
2025-08-26T14:23:45.535,383.68103289604187,120.0,122.9,33.7,0,8,BAKE,159.8,86.0,159.8,86.0
2025-08-26T14:23:45.788,383.93453788757324,120.0,122.6,33.8,0,8,BAKE,159.5,85.8,159.5,85.8
2025-08-26T14:23:46.034,384.1801838874817,120.0,122.8,33.9,0,8,BAKE,159.8,85.8,159.8,85.8
2025-08-26T14:23:46.365,384.5111520290375,120.0,122.5,33.9,0,8,BAKE,159.2,85.8,159.2,85.8
2025-08-26T14:23:46.558,384.7043800354004,120.0,122.1,33.8,0,8,BAKE,159.0,85.2,159.0,85.2
2025-08-26T14:23:46.799,384.945848941803,120.0,122.1,33.8,0,8,BAKE,159.0,85.2,159.0,85.2
2025-08-26T14:23:47.053,385.1990489959717,120.0,121.8,33.9,0,8,BAKE,158.2,85.2,158.2,85.2
2025-08-26T14:23:47.316,385.4621980190277,120.0,121.6,33.8,0,8,BAKE,158.2,85.0,158.2,85.0
2025-08-26T14:23:47.570,385.7160849571228,120.0,121.8,33.9,0,8,BAKE,158.2,85.2,158.2,85.2
2025-08-26T14:23:47.823,385.9696309566498,120.0,121.6,33.9,0,8,BAKE,158.2,85.0,158.2,85.0
2025-08-26T14:23:48.010,386.15669894218445,120.0,121.8,33.8,0,8,BAKE,158.2,85.2,158.2,85.2
2025-08-26T14:23:48.265,386.41191005706787,120.0,121.2,33.8,0,8,BAKE,157.5,85.0,157.5,85.0
2025-08-26T14:23:48.571,386.7170829772949,120.0,121.5,33.9,0,8,BAKE,157.5,85.5,157.5,85.5
2025-08-26T14:23:48.832,386.97835397720337,120.0,121.1,33.8,0,8,BAKE,157.0,85.2,157.0,85.2
2025-08-26T14:23:49.085,387.23151302337646,120.0,121.4,34.0,0,8,BAKE,157.5,85.2,157.5,85.2
2025-08-26T14:23:49.268,387.4149000644684,120.0,121.1,33.9,0,8,BAKE,157.0,85.2,157.0,85.2
2025-08-26T14:23:49.517,387.66399908065796,120.0,121.0,33.9,0,8,BAKE,156.8,85.2,156.8,85.2
2025-08-26T14:23:49.772,387.91866302490234,120.0,121.4,33.9,0,8,BAKE,157.2,85.5,157.2,85.5
2025-08-26T14:23:50.017,388.1638560295105,120.0,121.0,33.8,0,8,BAKE,156.5,85.5,156.5,85.5
2025-08-26T14:23:50.272,388.4185609817505,120.0,121.5,33.8,0,8,BAKE,157.2,85.8,157.2,85.8
2025-08-26T14:23:50.586,388.7326319217682,120.0,121.5,33.8,0,8,BAKE,157.2,85.8,157.2,85.8
2025-08-26T14:23:50.775,388.9214060306549,120.0,121.6,33.9,0,8,BAKE,157.5,85.8,157.5,85.8
2025-08-26T14:23:51.022,389.16867685317993,120.0,121.6,33.9,0,8,BAKE,157.2,86.0,157.2,86.0
2025-08-26T14:23:51.271,389.4179379940033,120.0,121.9,34.0,0,8,BAKE,157.8,86.0,157.8,86.0
2025-08-26T14:23:51.517,389.6637349128723,120.0,122.0,33.8,0,8,BAKE,157.8,86.2,157.8,86.2
2025-08-26T14:23:51.841,389.987154006958,120.0,122.1,33.9,0,8,BAKE,157.8,86.5,157.8,86.5
2025-08-26T14:23:52.026,390.1726679801941,120.0,122.6,34.0,0,8,BAKE,158.5,86.8,158.5,86.8
2025-08-26T14:23:52.282,390.428062915802,120.0,122.4,33.9,0,8,BAKE,158.0,86.8,158.0,86.8
2025-08-26T14:23:52.533,390.6794090270996,120.0,122.6,33.9,0,8,BAKE,158.2,87.0,158.2,87.0
2025-08-26T14:23:52.783,390.92932987213135,120.0,122.9,33.9,0,8,BAKE,158.5,87.2,158.5,87.2
2025-08-26T14:23:53.035,391.18179297447205,120.0,123.1,33.9,0,101,BAKE,159.0,87.2,159.0,87.2
2025-08-26T14:23:53.361,391.5072250366211,120.0,122.9,33.9,0,8,BAKE,158.2,87.5,158.2,87.5
2025-08-26T14:23:53.556,391.7029399871826,120.0,122.9,33.8,0,8,BAKE,158.0,87.8,158.0,87.8
2025-08-26T14:23:53.819,391.96598196029663,120.0,122.9,34.0,0,8,BAKE,158.0,87.8,158.0,87.8
2025-08-26T14:23:54.069,392.21566700935364,120.0,122.6,34.0,0,8,BAKE,157.5,87.8,157.5,87.8
2025-08-26T14:23:54.332,392.47843885421753,120.0,123.0,33.9,0,8,BAKE,158.0,88.0,158.0,88.0
2025-08-26T14:23:54.594,392.7400050163269,120.0,122.8,33.9,0,8,BAKE,157.5,88.0,157.5,88.0
2025-08-26T14:23:54.845,392.99192094802856,120.0,122.8,33.8,0,8,BAKE,157.5,88.0,157.5,88.0
2025-08-26T14:23:55.027,393.1739959716797,120.0,123.1,33.9,0,101,BAKE,158.0,88.2,158.0,88.2
2025-08-26T14:23:55.281,393.42704701423645,120.0,123.1,33.9,0,101,BAKE,157.8,88.5,157.8,88.5
2025-08-26T14:23:55.534,393.6808989048004,120.0,123.5,34.0,0,113,BAKE,158.5,88.5,158.5,88.5
2025-08-26T14:23:55.783,393.92927289009094,120.0,123.4,33.9,0,109,BAKE,157.8,89.0,157.8,89.0
2025-08-26T14:23:56.096,394.24240803718567,120.0,123.4,33.8,0,109,BAKE,157.8,89.0,157.8,89.0
2025-08-26T14:23:56.283,394.42966198921204,120.0,123.2,33.9,0,105,BAKE,157.5,89.0,157.5,89.0
2025-08-26T14:23:56.538,394.6847779750824,120.0,123.0,33.9,0,8,BAKE,156.8,89.2,156.8,89.2
2025-08-26T14:23:56.792,394.93873286247253,120.0,123.0,33.9,0,8,BAKE,156.8,89.2,156.8,89.2
2025-08-26T14:23:57.045,395.1919219493866,120.0,123.1,33.9,0,101,BAKE,157.0,89.2,157.0,89.2
2025-08-26T14:23:57.298,395.4446220397949,120.0,123.1,33.9,0,101,BAKE,157.0,89.2,157.0,89.2
2025-08-26T14:23:57.553,395.6992599964142,120.0,123.4,33.9,0,109,BAKE,157.5,89.2,157.5,89.2
2025-08-26T14:23:57.805,395.9511709213257,120.0,123.5,33.9,0,113,BAKE,157.5,89.5,157.5,89.5
2025-08-26T14:23:58.063,396.20971488952637,120.0,123.2,33.8,0,105,BAKE,157.0,89.5,157.0,89.5
2025-08-26T14:23:58.317,396.46357107162476,120.0,123.4,33.8,0,109,BAKE,157.5,89.2,157.5,89.2
2025-08-26T14:23:58.573,396.71986985206604,120.0,123.4,33.8,0,109,BAKE,157.5,89.2,157.5,89.2
2025-08-26T14:23:58.833,396.9793620109558,120.0,123.6,33.9,0,116,BAKE,157.8,89.5,157.8,89.5
2025-08-26T14:23:59.013,397.15901494026184,120.0,123.6,33.9,0,116,BAKE,157.8,89.5,157.8,89.5
2025-08-26T14:23:59.265,397.41156792640686,120.0,123.5,33.9,0,113,BAKE,157.8,89.2,157.8,89.2
2025-08-26T14:23:59.517,397.6631050109863,120.0,123.5,33.8,0,113,BAKE,157.8,89.2,157.8,89.2
2025-08-26T14:23:59.767,397.9130709171295,120.0,123.4,33.9,0,109,BAKE,157.8,89.0,157.8,89.0
2025-08-26T14:24:00.083,398.229150056839,120.0,122.9,33.9,0,8,BAKE,157.0,88.8,157.0,88.8
2025-08-26T14:24:00.336,398.482941865921,120.0,122.8,33.8,0,8,BAKE,157.2,88.2,157.2,88.2
2025-08-26T14:24:00.523,398.6697030067444,120.0,122.1,33.8,0,8,BAKE,156.2,88.0,156.2,88.0
2025-08-26T14:24:00.767,398.9137840270996,120.0,122.4,33.9,0,8,BAKE,156.8,88.0,156.8,88.0
2025-08-26T14:24:01.069,399.2157928943634,120.0,122.0,33.9,0,8,BAKE,156.5,87.5,156.5,87.5
2025-08-26T14:24:01.332,399.4785439968109,120.0,122.2,33.9,0,8,BAKE,157.0,87.5,157.0,87.5
2025-08-26T14:24:01.528,399.6741828918457,120.0,121.9,33.9,0,8,BAKE,156.5,87.2,156.5,87.2
2025-08-26T14:24:01.850,399.99688696861267,120.0,121.8,33.8,0,8,BAKE,156.5,87.0,156.5,87.0
2025-08-26T14:24:02.027,400.17330384254456,120.0,121.9,33.8,0,8,BAKE,156.8,87.0,156.8,87.0
2025-08-26T14:24:02.280,400.42622900009155,120.0,121.9,33.9,0,8,BAKE,156.8,87.0,156.8,87.0
2025-08-26T14:24:02.534,400.68034195899963,120.0,121.8,33.9,0,8,BAKE,156.8,86.8,156.8,86.8
2025-08-26T14:24:02.790,400.93646001815796,120.0,121.8,33.9,0,8,BAKE,156.5,87.0,156.5,87.0
2025-08-26T14:24:03.042,401.1880829334259,120.0,121.6,33.9,0,8,BAKE,156.5,86.8,156.5,86.8
2025-08-26T14:24:03.281,401.4270169734955,120.0,121.1,33.9,0,8,BAKE,155.8,86.5,155.8,86.5
2025-08-26T14:24:03.522,401.6680500507355,120.0,121.1,33.8,0,8,BAKE,155.8,86.5,155.8,86.5
2025-08-26T14:24:03.836,401.982666015625,120.0,121.2,33.8,0,8,BAKE,155.8,86.8,155.8,86.8
2025-08-26T14:24:04.016,402.16259503364563,120.0,120.9,33.8,0,8,BAKE,155.2,86.5,155.2,86.5
2025-08-26T14:24:04.271,402.41713094711304,120.0,121.2,33.9,0,8,BAKE,155.5,87.0,155.5,87.0
2025-08-26T14:24:04.586,402.7327890396118,120.0,121.1,33.9,0,8,BAKE,155.5,86.8,155.5,86.8
2025-08-26T14:24:04.774,402.92046999931335,120.0,121.2,33.8,0,8,BAKE,155.5,87.0,155.5,87.0
2025-08-26T14:24:05.079,403.2254419326782,120.0,121.2,33.8,0,8,BAKE,155.2,87.2,155.2,87.2
2025-08-26T14:24:05.335,403.48147201538086,120.0,121.2,33.9,0,8,BAKE,155.2,87.2,155.2,87.2
2025-08-26T14:24:05.516,403.6622760295868,120.0,121.4,33.9,0,8,BAKE,155.2,87.5,155.2,87.5
2025-08-26T14:24:05.839,403.98585987091064,120.0,121.2,33.9,0,8,BAKE,155.0,87.5,155.0,87.5
2025-08-26T14:24:06.025,404.17127203941345,120.0,121.5,33.8,0,8,BAKE,155.5,87.5,155.5,87.5
2025-08-26T14:24:06.269,404.41599893569946,120.0,121.4,33.8,0,8,BAKE,155.0,87.8,155.0,87.8
2025-08-26T14:24:06.516,404.6623408794403,120.0,121.6,33.9,0,8,BAKE,155.5,87.8,155.5,87.8
2025-08-26T14:24:06.766,404.91231298446655,120.0,121.8,33.9,0,8,BAKE,155.5,88.0,155.5,88.0
2025-08-26T14:24:07.018,405.16403102874756,120.0,121.9,33.9,0,8,BAKE,155.8,88.0,155.8,88.0
2025-08-26T14:24:07.338,405.4847059249878,120.0,122.0,33.8,0,8,BAKE,155.5,88.5,155.5,88.5
2025-08-26T14:24:07.524,405.6709690093994,120.0,121.8,33.9,0,8,BAKE,155.2,88.2,155.2,88.2
2025-08-26T14:24:07.779,405.92523097991943,120.0,121.4,33.8,0,8,BAKE,154.5,88.2,154.5,88.2
2025-08-26T14:24:08.029,406.17548394203186,120.0,121.1,33.8,0,8,BAKE,154.0,88.2,154.0,88.2
2025-08-26T14:24:08.271,406.4178478717804,120.0,120.9,33.8,0,8,BAKE,153.5,88.2,153.5,88.2
2025-08-26T14:24:08.589,406.7356388568878,120.0,121.0,33.8,0,8,BAKE,153.2,88.8,153.2,88.8
2025-08-26T14:24:08.850,406.9966080188751,120.0,120.8,33.8,0,8,BAKE,152.5,89.0,152.5,89.0
2025-08-26T14:24:09.044,407.1907329559326,120.0,120.5,33.8,0,8,BAKE,152.0,89.0,152.0,89.0
2025-08-26T14:24:09.299,407.44575905799866,120.0,120.4,33.8,0,8,BAKE,151.5,89.2,151.5,89.2
2025-08-26T14:24:09.562,407.7089169025421,120.0,120.5,33.9,0,8,BAKE,151.5,89.5,151.5,89.5
2025-08-26T14:24:09.821,407.96715092658997,120.0,120.2,33.9,0,8,BAKE,151.0,89.5,151.0,89.5
2025-08-26T14:24:10.084,408.230584859848,120.0,120.2,33.9,0,8,BAKE,150.8,89.8,150.8,89.8
2025-08-26T14:24:10.260,408.40611696243286,120.0,120.1,33.9,0,8,BAKE,150.0,90.2,150.0,90.2
2025-08-26T14:24:10.583,408.7293710708618,120.0,119.9,33.8,0,8,BAKE-PREHEAT,149.8,90.0,149.8,90.0
2025-08-26T14:24:10.769,408.9158730506897,120.0,119.8,33.9,0,8,BAKE-PREHEAT,149.2,90.2,149.2,90.2
2025-08-26T14:24:11.015,409.16168689727783,120.0,119.6,33.9,0,8,BAKE-PREHEAT,148.8,90.5,148.8,90.5
2025-08-26T14:24:11.335,409.48120188713074,120.0,119.5,33.9,0,8,BAKE-PREHEAT,148.2,90.8,148.2,90.8
2025-08-26T14:24:11.595,409.7418529987335,120.0,119.6,33.9,0,8,BAKE-PREHEAT,148.0,91.2,148.0,91.2
2025-08-26T14:24:11.780,409.9260308742523,120.0,119.4,33.9,0,8,BAKE-PREHEAT,147.5,91.2,147.5,91.2
2025-08-26T14:24:12.031,410.1775178909302,120.0,119.5,33.8,0,8,BAKE-PREHEAT,147.5,91.5,147.5,91.5
2025-08-26T14:24:12.280,410.426882982254,120.0,119.5,33.9,0,8,BAKE-PREHEAT,147.0,92.0,147.0,92.0
2025-08-26T14:24:12.535,410.6811978816986,120.0,119.2,33.9,0,8,BAKE-PREHEAT,146.5,92.0,146.5,92.0
2025-08-26T14:24:12.801,410.9476010799408,120.0,119.1,33.9,0,8,BAKE-PREHEAT,146.0,92.2,146.0,92.2
2025-08-26T14:24:13.031,411.1778678894043,120.0,119.1,33.9,0,8,BAKE-PREHEAT,145.8,92.5,145.8,92.5
2025-08-26T14:24:13.280,411.4260790348053,120.0,119.1,33.9,0,8,BAKE-PREHEAT,145.8,92.5,145.8,92.5
2025-08-26T14:24:13.533,411.67992401123047,120.0,118.6,33.8,0,8,BAKE-PREHEAT,144.5,92.8,144.5,92.8
2025-08-26T14:24:13.789,411.93534994125366,120.0,118.6,33.8,0,8,BAKE-PREHEAT,144.5,92.8,144.5,92.8
2025-08-26T14:24:14.031,412.1775679588318,120.0,118.6,33.8,0,8,BAKE-PREHEAT,144.2,93.0,144.2,93.0
2025-08-26T14:24:14.346,412.4929368495941,120.0,118.5,33.8,0,8,BAKE-PREHEAT,143.5,93.5,143.5,93.5
2025-08-26T14:24:14.535,412.68180990219116,120.0,118.9,33.8,0,8,BAKE-PREHEAT,143.5,94.2,143.5,94.2
2025-08-26T14:24:14.790,412.93611192703247,120.0,118.8,33.8,0,8,BAKE-PREHEAT,143.2,94.2,143.2,94.2
2025-08-26T14:24:15.040,413.18617391586304,120.0,118.8,33.9,0,8,BAKE-PREHEAT,143.2,94.2,143.2,94.2
2025-08-26T14:24:15.299,413.44549107551575,120.0,118.5,33.9,0,8,BAKE-PREHEAT,142.8,94.2,142.8,94.2
2025-08-26T14:24:15.557,413.7031600475311,120.0,118.4,33.9,0,8,BAKE-PREHEAT,142.5,94.2,142.5,94.2
2025-08-26T14:24:15.807,413.95384192466736,120.0,118.4,33.9,0,8,BAKE-PREHEAT,142.5,94.2,142.5,94.2
2025-08-26T14:24:16.059,414.20548486709595,120.0,118.1,33.8,0,8,BAKE-PREHEAT,142.0,94.2,142.0,94.2
2025-08-26T14:24:16.319,414.46537590026855,120.0,118.0,33.8,0,8,BAKE-PREHEAT,141.5,94.5,141.5,94.5
2025-08-26T14:24:16.582,414.72816705703735,120.0,117.9,33.8,0,8,BAKE-PREHEAT,141.2,94.5,141.2,94.5
2025-08-26T14:24:16.773,414.9198648929596,120.0,117.8,33.8,0,8,BAKE-PREHEAT,141.0,94.5,141.0,94.5
2025-08-26T14:24:17.089,415.2350950241089,120.0,117.5,33.7,0,8,BAKE-PREHEAT,140.5,94.5,140.5,94.5
2025-08-26T14:24:17.276,415.4228720664978,120.0,117.8,33.8,0,8,BAKE-PREHEAT,140.5,95.0,140.5,95.0
2025-08-26T14:24:17.530,415.676148891449,120.0,117.6,33.8,0,8,BAKE-PREHEAT,140.2,95.0,140.2,95.0
2025-08-26T14:24:17.783,415.92943692207336,120.0,117.5,33.8,0,8,BAKE-PREHEAT,139.8,95.2,139.8,95.2
2025-08-26T14:24:18.030,416.1762549877167,120.0,117.4,33.8,0,8,BAKE-PREHEAT,139.5,95.2,139.5,95.2
2025-08-26T14:24:18.270,416.4162628650665,120.0,117.4,33.8,0,8,BAKE-PREHEAT,139.5,95.2,139.5,95.2
2025-08-26T14:24:18.592,416.73899006843567,120.0,117.1,33.8,0,8,BAKE-PREHEAT,139.0,95.2,139.0,95.2
2025-08-26T14:24:18.778,416.9245619773865,120.0,116.6,33.8,255,8,BAKE-PREHEAT,138.2,95.0,138.2,95.0
2025-08-26T14:24:19.021,417.1672990322113,120.0,117.1,33.9,0,8,BAKE-PREHEAT,138.8,95.5,138.8,95.5
2025-08-26T14:24:19.264,417.4108169078827,120.0,116.8,33.8,255,8,BAKE-PREHEAT,137.8,95.8,137.8,95.8
2025-08-26T14:24:19.514,417.6605689525604,120.0,116.8,33.8,255,8,BAKE-PREHEAT,137.5,96.0,137.5,96.0
2025-08-26T14:24:19.838,417.9841558933258,120.0,116.9,33.8,255,8,BAKE-PREHEAT,137.5,96.2,137.5,96.2
2025-08-26T14:24:20.023,418.16912508010864,120.0,116.4,33.8,255,8,BAKE-PREHEAT,136.8,96.0,136.8,96.0
2025-08-26T14:24:20.272,418.41820192337036,120.0,116.4,33.9,255,8,BAKE-PREHEAT,136.8,96.0,136.8,96.0
2025-08-26T14:24:20.514,418.66024804115295,120.0,115.6,33.8,255,8,BAKE-PREHEAT,135.5,95.8,135.5,95.8
2025-08-26T14:24:20.764,418.91086196899414,120.0,115.5,33.8,255,8,BAKE-PREHEAT,135.0,96.0,135.0,96.0
2025-08-26T14:24:21.017,419.1633770465851,120.0,115.5,33.9,255,8,BAKE-PREHEAT,135.2,95.8,135.2,95.8
2025-08-26T14:24:21.340,419.4865300655365,120.0,115.2,33.9,255,8,BAKE-PREHEAT,134.5,96.0,134.5,96.0
2025-08-26T14:24:21.527,419.67334485054016,120.0,114.8,33.8,255,8,BAKE-PREHEAT,133.8,95.8,133.8,95.8
2025-08-26T14:24:21.781,419.92720890045166,120.0,114.6,33.8,255,8,BAKE-PREHEAT,133.5,95.8,133.5,95.8
2025-08-26T14:24:22.025,420.1717998981476,120.0,114.9,33.8,255,8,BAKE-PREHEAT,133.5,96.2,133.5,96.2
2025-08-26T14:24:22.272,420.41883087158203,120.0,115.0,33.8,255,8,BAKE-PREHEAT,133.8,96.2,133.8,96.2
2025-08-26T14:24:22.590,420.7365689277649,120.0,114.9,33.8,255,8,BAKE-PREHEAT,133.5,96.2,133.5,96.2
2025-08-26T14:24:22.853,420.99981904029846,120.0,114.8,33.8,255,8,BAKE-PREHEAT,132.8,96.8,132.8,96.8
2025-08-26T14:24:22.973,421.1196799278259,120.0,114.8,33.8,255,8,BAKE-PREHEAT,132.8,96.8,132.8,96.8
2025-08-26T14:24:23.295,421.4418668746948,120.0,115.1,33.9,255,8,BAKE-PREHEAT,133.2,97.0,133.2,97.0
2025-08-26T14:24:23.553,421.6992108821869,120.0,114.5,33.8,255,8,BAKE-PREHEAT,132.0,97.0,132.0,97.0
2025-08-26T14:24:23.812,421.9586019515991,120.0,114.9,33.8,255,8,BAKE-PREHEAT,132.5,97.2,132.5,97.2
2025-08-26T14:24:24.064,422.2102909088135,120.0,114.6,33.8,255,8,BAKE-PREHEAT,132.0,97.2,132.0,97.2
2025-08-26T14:24:24.314,422.46097707748413,120.0,114.8,33.8,255,8,BAKE-PREHEAT,131.8,97.8,131.8,97.8
2025-08-26T14:24:24.576,422.7226150035858,120.0,114.8,33.8,255,8,BAKE-PREHEAT,131.8,97.8,131.8,97.8
2025-08-26T14:24:24.820,422.9668068885803,120.0,115.0,33.8,255,8,BAKE-PREHEAT,132.0,98.0,132.0,98.0
2025-08-26T14:24:25.069,423.215754032135,120.0,115.2,33.8,255,8,BAKE-PREHEAT,131.8,98.8,131.8,98.8
2025-08-26T14:24:25.332,423.47818899154663,120.0,115.4,33.8,255,8,BAKE-PREHEAT,131.8,99.0,131.8,99.0
2025-08-26T14:24:25.585,423.7314260005951,120.0,115.5,33.8,255,8,BAKE-PREHEAT,131.8,99.2,131.8,99.2
2025-08-26T14:24:25.772,423.9184100627899,120.0,115.8,33.9,255,8,BAKE-PREHEAT,132.5,99.0,132.5,99.0
2025-08-26T14:24:26.014,424.1602590084076,120.0,116.1,33.8,238,8,BAKE-PREHEAT,132.5,99.8,132.5,99.8
2025-08-26T14:24:26.264,424.41022086143494,120.0,116.2,33.8,255,8,BAKE-PREHEAT,132.0,100.5,132.0,100.5
2025-08-26T14:24:26.513,424.6595869064331,120.0,116.4,33.7,255,8,BAKE-PREHEAT,132.0,100.8,132.0,100.8
2025-08-26T14:24:26.824,424.9709370136261,120.0,116.9,33.8,192,8,BAKE-PREHEAT,132.5,101.2,132.5,101.2
2025-08-26T14:24:27.011,425.15762186050415,120.0,116.9,33.8,255,8,BAKE-PREHEAT,132.0,101.8,132.0,101.8
2025-08-26T14:24:27.312,425.45857286453247,120.0,117.2,33.9,0,8,BAKE-PREHEAT,132.5,102.0,132.5,102.0
2025-08-26T14:24:27.571,425.71753787994385,120.0,117.4,33.8,0,8,BAKE-PREHEAT,132.2,102.5,132.2,102.5
2025-08-26T14:24:27.763,425.90998697280884,120.0,117.9,33.9,0,8,BAKE-PREHEAT,132.8,103.0,132.8,103.0
2025-08-26T14:24:28.079,426.22593903541565,120.0,117.8,33.8,0,8,BAKE-PREHEAT,132.2,103.2,132.2,103.2
2025-08-26T14:24:28.337,426.48325395584106,120.0,118.0,33.8,0,8,BAKE-PREHEAT,132.0,104.0,132.0,104.0
2025-08-26T14:24:28.522,426.6688048839569,120.0,118.6,33.8,0,8,BAKE-PREHEAT,132.2,105.0,132.2,105.0
2025-08-26T14:24:28.763,426.9098918437958,120.0,118.4,33.8,0,8,BAKE-PREHEAT,132.0,104.8,132.0,104.8
2025-08-26T14:24:29.075,427.2219650745392,120.0,118.9,33.9,0,8,BAKE-PREHEAT,132.8,105.0,132.8,105.0
2025-08-26T14:24:29.326,427.47219800949097,120.0,118.8,33.8,0,8,BAKE-PREHEAT,132.2,105.2,132.2,105.2
2025-08-26T14:24:29.586,427.73275899887085,120.0,119.0,33.8,0,8,BAKE-PREHEAT,132.0,106.0,132.0,106.0
2025-08-26T14:24:29.774,427.9204668998718,120.0,119.4,33.9,0,8,BAKE-PREHEAT,132.5,106.2,132.5,106.2
2025-08-26T14:24:30.013,428.15965604782104,120.0,119.8,33.9,0,8,BAKE-PREHEAT,132.8,106.8,132.8,106.8
2025-08-26T14:24:30.263,428.4098708629608,120.0,120.0,33.9,0,8,BAKE,132.8,107.2,132.8,107.2
2025-08-26T14:24:30.579,428.72571992874146,120.0,119.8,33.7,0,8,BAKE-PREHEAT,132.0,107.5,132.0,107.5
2025-08-26T14:24:30.765,428.9119839668274,120.0,120.4,33.8,0,8,BAKE,132.8,108.0,132.8,108.0
2025-08-26T14:24:31.079,429.22503900527954,120.0,120.2,33.9,0,8,BAKE,132.5,108.0,132.5,108.0
2025-08-26T14:24:31.261,429.4075610637665,120.0,120.4,33.8,0,8,BAKE,132.2,108.5,132.2,108.5
2025-08-26T14:24:31.513,429.65933990478516,120.0,120.6,33.9,0,8,BAKE,132.5,108.8,132.5,108.8
2025-08-26T14:24:31.768,429.9141218662262,120.0,120.5,33.8,0,8,BAKE,132.0,109.0,132.0,109.0
2025-08-26T14:24:32.013,430.15991592407227,120.0,121.0,33.8,0,8,BAKE,132.8,109.2,132.8,109.2
2025-08-26T14:24:32.337,430.4836449623108,120.0,121.2,33.9,0,8,BAKE,132.2,110.2,132.2,110.2
2025-08-26T14:24:32.525,430.67170095443726,120.0,121.2,33.8,0,8,BAKE,132.0,110.5,132.0,110.5
2025-08-26T14:24:32.774,430.9206738471985,120.0,121.9,33.9,0,8,BAKE,133.0,110.8,133.0,110.8
2025-08-26T14:24:33.018,431.1646318435669,120.0,121.8,33.8,0,8,BAKE,132.2,111.2,132.2,111.2
2025-08-26T14:24:33.270,431.416622877121,120.0,121.9,33.8,0,8,BAKE,132.0,111.8,132.0,111.8
2025-08-26T14:24:33.517,431.6634728908539,120.0,122.0,33.8,0,8,BAKE,132.0,112.0,132.0,112.0
2025-08-26T14:24:33.840,431.9869179725647,120.0,122.4,33.9,0,8,BAKE,132.8,112.0,132.8,112.0
2025-08-26T14:24:34.036,432.1824860572815,120.0,122.6,33.9,0,8,BAKE,132.5,112.8,132.5,112.8
2025-08-26T14:24:34.294,432.44029092788696,120.0,122.6,33.9,0,8,BAKE,132.2,113.0,132.2,113.0
2025-08-26T14:24:34.550,432.6961450576782,120.0,122.6,33.8,0,8,BAKE,132.0,113.2,132.0,113.2
2025-08-26T14:24:34.813,432.9597330093384,120.0,122.9,33.9,0,8,BAKE,132.5,113.2,132.5,113.2
2025-08-26T14:24:35.069,433.21584701538086,120.0,123.2,33.9,0,105,BAKE,132.5,114.0,132.5,114.0
2025-08-26T14:24:35.313,433.4595160484314,120.0,123.1,33.8,0,101,BAKE,132.0,114.2,132.0,114.2
2025-08-26T14:24:35.563,433.70903491973877,120.0,123.1,33.8,0,101,BAKE,131.8,114.5,131.8,114.5
2025-08-26T14:24:35.826,433.97232699394226,120.0,123.0,33.8,0,8,BAKE,131.8,114.2,131.8,114.2
2025-08-26T14:24:36.013,434.15921902656555,120.0,123.4,33.8,0,109,BAKE,132.2,114.5,132.2,114.5
2025-08-26T14:24:36.265,434.41133093833923,120.0,123.5,33.8,0,113,BAKE,132.0,115.0,132.0,115.0
2025-08-26T14:24:36.580,434.7267789840698,120.0,123.5,33.7,0,113,BAKE,131.8,115.2,131.8,115.2
2025-08-26T14:24:36.768,434.91483998298645,120.0,123.8,33.8,0,120,BAKE,132.0,115.5,132.0,115.5
2025-08-26T14:24:37.015,435.16142201423645,120.0,123.9,33.8,0,124,BAKE,132.2,115.5,132.2,115.5
2025-08-26T14:24:37.322,435.4682528972626,120.0,124.0,33.9,0,128,BAKE,132.8,115.2,132.8,115.2
2025-08-26T14:24:37.578,435.7247109413147,120.0,123.9,33.9,0,124,BAKE,132.8,115.0,132.8,115.0
2025-08-26T14:24:37.767,435.91343784332275,120.0,124.1,33.9,0,131,BAKE,132.8,115.5,132.8,115.5
2025-08-26T14:24:38.085,436.23158288002014,120.0,123.9,33.8,0,124,BAKE,132.8,115.0,132.8,115.0
2025-08-26T14:24:38.273,436.4193298816681,120.0,123.5,33.8,0,113,BAKE,133.0,114.0,133.0,114.0
2025-08-26T14:24:38.521,436.66792488098145,120.0,123.6,33.8,0,116,BAKE,133.8,113.5,133.8,113.5
2025-08-26T14:24:38.768,436.91425490379333,120.0,123.4,33.8,0,109,BAKE,134.2,112.5,134.2,112.5
2025-08-26T14:24:39.014,437.1605770587921,120.0,123.0,33.8,0,8,BAKE,134.2,111.8,134.2,111.8
2025-08-26T14:24:39.320,437.4660279750824,120.0,123.2,33.8,0,105,BAKE,135.5,111.0,135.5,111.0
2025-08-26T14:24:39.505,437.65140199661255,120.0,123.1,33.8,0,101,BAKE,136.0,110.2,136.0,110.2
2025-08-26T14:24:39.828,437.9741179943085,120.0,122.9,33.8,0,8,BAKE,136.2,109.5,136.2,109.5
2025-08-26T14:24:40.014,438.16011786460876,120.0,123.1,33.8,0,101,BAKE,137.2,109.0,137.2,109.0
2025-08-26T14:24:40.326,438.4721179008484,120.0,123.0,33.9,0,8,BAKE,137.8,108.2,137.8,108.2
2025-08-26T14:24:40.512,438.65883803367615,120.0,122.9,33.9,0,8,BAKE,138.2,107.5,138.2,107.5
2025-08-26T14:24:40.834,438.9807050228119,120.0,123.0,34.0,0,8,BAKE,139.0,107.0,139.0,107.0
2025-08-26T14:24:41.021,439.1672809123993,120.0,123.0,33.9,0,8,BAKE,139.8,106.2,139.8,106.2
2025-08-26T14:24:41.274,439.4201190471649,120.0,123.1,34.0,0,101,BAKE,140.0,106.2,140.0,106.2
2025-08-26T14:24:41.579,439.72510385513306,120.0,123.0,33.9,0,8,BAKE,140.5,105.5,140.5,105.5
2025-08-26T14:24:41.765,439.9113190174103,120.0,122.9,33.8,0,8,BAKE,141.0,104.8,141.0,104.8
2025-08-26T14:24:42.017,440.1636610031128,120.0,122.9,33.9,0,8,BAKE,141.5,104.2,141.5,104.2
2025-08-26T14:24:42.322,440.46805906295776,120.0,122.9,33.9,0,8,BAKE,142.0,103.8,142.0,103.8
2025-08-26T14:24:42.508,440.65487790107727,120.0,122.9,33.9,0,8,BAKE,142.5,103.2,142.5,103.2
2025-08-26T14:24:42.759,440.90593695640564,120.0,122.9,33.9,0,8,BAKE,142.8,103.0,142.8,103.0
2025-08-26T14:24:43.012,441.15810203552246,120.0,123.0,33.8,0,8,BAKE,143.2,102.8,143.2,102.8
2025-08-26T14:24:43.262,441.4082808494568,120.0,122.9,33.9,0,8,BAKE,143.2,102.5,143.2,102.5
2025-08-26T14:24:43.569,441.71589398384094,120.0,123.1,33.9,0,101,BAKE,143.5,102.8,143.5,102.8
2025-08-26T14:24:43.755,441.901211977005,120.0,123.2,33.8,0,105,BAKE,144.0,102.5,144.0,102.5
2025-08-26T14:24:44.076,442.2224009037018,120.0,123.2,33.8,0,105,BAKE,144.2,102.2,144.2,102.2
2025-08-26T14:24:44.266,442.41266894340515,120.0,123.1,33.8,0,101,BAKE,144.5,101.8,144.5,101.8
2025-08-26T14:24:44.511,442.6579020023346,120.0,123.4,33.9,0,109,BAKE,145.2,101.5,145.2,101.5
2025-08-26T14:24:44.766,442.9126179218292,120.0,123.4,34.0,0,109,BAKE,145.5,101.2,145.5,101.2
2025-08-26T14:24:45.078,443.2249279022217,120.0,123.0,33.8,0,8,BAKE,145.2,100.8,145.2,100.8
2025-08-26T14:24:45.259,443.40599489212036,120.0,122.9,33.8,0,8,BAKE,145.5,100.2,145.5,100.2
2025-08-26T14:24:45.563,443.70914101600647,120.0,123.0,33.8,0,8,BAKE,146.0,100.0,146.0,100.0
2025-08-26T14:24:45.825,443.97182607650757,120.0,123.0,33.8,0,8,BAKE,146.5,99.5,146.5,99.5
2025-08-26T14:24:46.011,444.1576409339905,120.0,123.1,33.8,0,101,BAKE,147.0,99.2,147.0,99.2
2025-08-26T14:24:46.328,444.4744279384613,120.0,122.8,33.9,0,8,BAKE,147.2,98.2,147.2,98.2
2025-08-26T14:24:46.518,444.6643810272217,120.0,122.9,33.9,0,8,BAKE,147.5,98.2,147.5,98.2
2025-08-26T14:24:46.764,444.91070103645325,120.0,122.9,33.9,0,8,BAKE,147.5,98.2,147.5,98.2
2025-08-26T14:24:47.011,445.1577169895172,120.0,123.1,34.0,0,101,BAKE,148.2,98.0,148.2,98.0
2025-08-26T14:24:47.319,445.4659688472748,120.0,123.0,33.8,0,8,BAKE,148.2,97.8,148.2,97.8
2025-08-26T14:24:47.512,445.65869188308716,120.0,122.9,33.8,0,8,BAKE,148.2,97.5,148.2,97.5
2025-08-26T14:24:47.834,445.9807469844818,120.0,122.8,33.8,0,8,BAKE,148.5,97.0,148.5,97.0
2025-08-26T14:24:48.020,446.16695499420166,120.0,123.0,34.0,0,8,BAKE,149.0,97.0,149.0,97.0
2025-08-26T14:24:48.273,446.4193000793457,120.0,123.2,34.0,0,105,BAKE,149.8,96.8,149.8,96.8
2025-08-26T14:24:48.511,446.65757989883423,120.0,123.0,33.8,0,8,BAKE,149.5,96.5,149.5,96.5
2025-08-26T14:24:48.761,446.907212972641,120.0,123.0,33.8,0,8,BAKE,149.8,96.2,149.8,96.2
2025-08-26T14:24:49.076,447.22233295440674,120.0,123.1,33.9,0,101,BAKE,150.0,96.2,150.0,96.2
2025-08-26T14:24:49.327,447.47350001335144,120.0,122.9,33.9,0,8,BAKE,149.8,96.0,149.8,96.0
2025-08-26T14:24:49.513,447.65998888015747,120.0,122.9,33.9,0,8,BAKE,149.5,96.2,149.5,96.2
2025-08-26T14:24:49.820,447.9660098552704,120.0,122.9,33.9,0,8,BAKE,149.8,96.0,149.8,96.0
2025-08-26T14:24:50.011,448.1577968597412,120.0,122.4,33.8,0,8,BAKE,149.0,95.8,149.0,95.8
2025-08-26T14:24:50.261,448.4073829650879,120.0,122.6,33.9,0,8,BAKE,149.5,95.8,149.5,95.8
2025-08-26T14:24:50.578,448.7249529361725,120.0,122.6,33.9,0,8,BAKE,149.2,96.0,149.2,96.0
2025-08-26T14:24:50.766,448.9120979309082,120.0,122.5,33.8,0,8,BAKE,148.5,96.5,148.5,96.5
2025-08-26T14:24:51.011,449.1579239368439,120.0,122.4,33.8,0,8,BAKE,148.2,96.5,148.2,96.5
2025-08-26T14:24:51.323,449.4695909023285,120.0,122.1,33.9,0,8,BAKE,148.0,96.2,148.0,96.2
2025-08-26T14:24:51.511,449.65720891952515,120.0,122.4,34.0,0,8,BAKE,148.2,96.5,148.2,96.5
2025-08-26T14:24:51.765,449.91189885139465,120.0,122.2,34.0,0,8,BAKE,147.8,96.8,147.8,96.8
2025-08-26T14:24:52.078,450.22475695610046,120.0,121.8,33.8,0,8,BAKE,147.0,96.5,147.0,96.5
2025-08-26T14:24:52.263,450.40936303138733,120.0,121.5,33.8,0,8,BAKE,146.5,96.5,146.5,96.5
2025-08-26T14:24:52.511,450.65713596343994,120.0,121.6,33.9,0,8,BAKE,146.5,96.8,146.5,96.8
2025-08-26T14:24:52.829,450.97578287124634,120.0,121.5,34.0,0,8,BAKE,146.5,96.5,146.5,96.5
2025-08-26T14:24:53.017,451.1633698940277,120.0,121.4,33.8,0,8,BAKE,146.2,96.5,146.2,96.5
2025-08-26T14:24:53.330,451.47618889808655,120.0,121.2,33.9,0,8,BAKE,146.2,96.2,146.2,96.2
2025-08-26T14:24:53.516,451.6625008583069,120.0,121.4,34.0,0,8,BAKE,146.2,96.5,146.2,96.5
2025-08-26T14:24:53.758,451.9045069217682,120.0,121.2,34.0,0,8,BAKE,146.0,96.5,146.0,96.5
2025-08-26T14:24:54.010,452.1569700241089,120.0,121.1,33.8,0,8,BAKE,145.5,96.8,145.5,96.8
2025-08-26T14:24:54.261,452.40713000297546,120.0,121.0,33.8,0,8,BAKE,145.0,97.0,145.0,97.0
2025-08-26T14:24:54.511,452.65774488449097,120.0,120.8,33.9,0,8,BAKE,145.0,96.5,145.0,96.5
2025-08-26T14:24:54.834,452.9800908565521,120.0,120.4,33.9,0,8,BAKE,144.0,96.8,144.0,96.8
2025-08-26T14:24:55.019,453.1659770011902,120.0,120.4,33.8,0,8,BAKE,144.0,96.8,144.0,96.8
2025-08-26T14:24:55.269,453.41571402549744,120.0,120.4,33.8,0,8,BAKE,144.0,96.8,144.0,96.8
2025-08-26T14:24:55.511,453.6572060585022,120.0,120.4,34.0,0,8,BAKE,144.0,96.8,144.0,96.8
2025-08-26T14:24:55.824,453.9702820777893,120.0,119.9,33.8,0,8,BAKE-PREHEAT,143.0,96.8,143.0,96.8
2025-08-26T14:24:56.079,454.2252230644226,120.0,120.0,33.8,0,8,BAKE,142.5,97.5,142.5,97.5
2025-08-26T14:24:56.261,454.4074239730835,120.0,119.9,33.8,0,8,BAKE-PREHEAT,142.5,97.2,142.5,97.2
2025-08-26T14:24:56.564,454.71033692359924,120.0,119.9,33.8,0,8,BAKE-PREHEAT,142.2,97.5,142.2,97.5
2025-08-26T14:24:56.817,454.9637248516083,120.0,119.8,33.8,0,8,BAKE-PREHEAT,142.0,97.5,142.0,97.5
2025-08-26T14:24:57.010,455.1565990447998,120.0,119.8,33.9,0,8,BAKE-PREHEAT,141.8,97.8,141.8,97.8
2025-08-26T14:24:57.260,455.40693187713623,120.0,119.9,33.9,0,8,BAKE-PREHEAT,141.8,98.0,141.8,98.0
2025-08-26T14:24:57.581,455.7271490097046,120.0,119.5,33.8,0,8,BAKE-PREHEAT,141.0,98.0,141.0,98.0
2025-08-26T14:24:57.763,455.90918707847595,120.0,119.4,33.9,0,8,BAKE-PREHEAT,141.0,97.8,141.0,97.8
2025-08-26T14:24:58.009,456.1552040576935,120.0,119.5,33.9,0,8,BAKE-PREHEAT,141.0,98.0,141.0,98.0
2025-08-26T14:24:58.260,456.406888961792,120.0,119.5,34.0,0,8,BAKE-PREHEAT,141.0,98.0,141.0,98.0
2025-08-26T14:24:58.510,456.6566939353943,120.0,119.1,33.9,0,8,BAKE-PREHEAT,140.2,98.0,140.2,98.0
2025-08-26T14:24:58.825,456.97119307518005,120.0,119.4,33.8,0,8,BAKE-PREHEAT,140.2,98.5,140.2,98.5
2025-08-26T14:24:59.086,457.2321388721466,120.0,119.1,33.8,0,8,BAKE-PREHEAT,139.5,98.8,139.5,98.8
2025-08-26T14:24:59.269,457.41513299942017,120.0,119.2,33.9,0,8,BAKE-PREHEAT,139.5,99.0,139.5,99.0
2025-08-26T14:24:59.525,457.671236038208,120.0,119.1,33.9,0,8,BAKE-PREHEAT,139.0,99.2,139.0,99.2
2025-08-26T14:24:59.774,457.9203259944916,120.0,118.9,33.8,0,8,BAKE-PREHEAT,138.5,99.2,138.5,99.2
2025-08-26T14:25:00.017,458.1635880470276,120.0,118.8,33.8,0,8,BAKE-PREHEAT,138.2,99.2,138.2,99.2
2025-08-26T14:25:00.336,458.4823579788208,120.0,118.8,33.9,0,8,BAKE-PREHEAT,138.5,99.0,138.5,99.0
2025-08-26T14:25:00.530,458.6761040687561,120.0,118.5,33.9,0,8,BAKE-PREHEAT,138.0,99.0,138.0,99.0
2025-08-26T14:25:00.768,458.9140589237213,120.0,118.4,33.8,0,8,BAKE-PREHEAT,137.8,99.0,137.8,99.0
2025-08-26T14:25:01.015,459.16123700141907,120.0,118.1,33.8,0,8,BAKE-PREHEAT,137.0,99.2,137.0,99.2
2025-08-26T14:25:01.260,459.4067029953003,120.0,118.0,33.8,0,8,BAKE-PREHEAT,136.8,99.2,136.8,99.2
2025-08-26T14:25:01.579,459.7251250743866,120.0,117.9,33.8,0,8,BAKE-PREHEAT,136.8,99.0,136.8,99.0
2025-08-26T14:25:01.831,459.97749185562134,120.0,117.9,33.9,0,8,BAKE-PREHEAT,136.8,99.0,136.8,99.0
2025-08-26T14:25:02.022,460.16801595687866,120.0,117.5,33.9,0,8,BAKE-PREHEAT,135.8,99.2,135.8,99.2
2025-08-26T14:25:02.260,460.4068989753723,120.0,117.2,33.9,0,8,BAKE-PREHEAT,135.5,99.0,135.5,99.0
2025-08-26T14:25:02.569,460.71582293510437,120.0,117.0,33.8,0,8,BAKE-PREHEAT,135.5,98.5,135.5,98.5
2025-08-26T14:25:02.759,460.9055950641632,120.0,116.8,33.9,255,8,BAKE-PREHEAT,134.8,98.8,134.8,98.8
2025-08-26T14:25:03.082,461.2289249897003,120.0,117.0,34.0,0,8,BAKE-PREHEAT,135.0,99.0,135.0,99.0
2025-08-26T14:25:03.335,461.48157000541687,120.0,116.6,33.8,255,8,BAKE-PREHEAT,134.2,99.0,134.2,99.0
2025-08-26T14:25:03.523,461.66956901550293,120.0,116.1,33.8,255,8,BAKE-PREHEAT,133.5,98.8,133.5,98.8
2025-08-26T14:25:03.760,461.9067590236664,120.0,116.4,33.9,255,8,BAKE-PREHEAT,133.5,99.2,133.5,99.2
2025-08-26T14:25:04.009,462.1558520793915,120.0,116.0,33.9,255,8,BAKE-PREHEAT,133.0,99.0,133.0,99.0
2025-08-26T14:25:04.260,462.4060890674591,120.0,116.0,33.9,255,8,BAKE-PREHEAT,132.8,99.2,132.8,99.2
2025-08-26T14:25:04.565,462.71156191825867,120.0,116.0,33.9,255,8,BAKE-PREHEAT,132.8,99.2,132.8,99.2
2025-08-26T14:25:04.808,462.9542078971863,120.0,115.5,33.9,255,8,BAKE-PREHEAT,132.0,99.0,132.0,99.0
2025-08-26T14:25:05.070,463.2168970108032,120.0,115.8,33.8,255,8,BAKE-PREHEAT,132.2,99.2,132.2,99.2
2025-08-26T14:25:05.322,463.4686179161072,120.0,115.5,33.9,255,8,BAKE-PREHEAT,131.5,99.5,131.5,99.5
2025-08-26T14:25:05.509,463.6556570529938,120.0,115.2,33.8,255,8,BAKE-PREHEAT,131.2,99.2,131.2,99.2
2025-08-26T14:25:05.811,463.95797896385193,120.0,114.9,33.8,255,8,BAKE-PREHEAT,131.0,98.8,131.0,98.8
2025-08-26T14:25:06.067,464.2135009765625,120.0,115.0,33.9,255,8,BAKE-PREHEAT,131.2,98.8,131.2,98.8
2025-08-26T14:25:06.309,464.4559769630432,120.0,115.0,33.9,255,8,BAKE-PREHEAT,130.5,99.5,130.5,99.5
2025-08-26T14:25:06.546,464.6921339035034,120.0,114.9,33.8,255,8,BAKE-PREHEAT,130.2,99.5,130.2,99.5
2025-08-26T14:25:06.786,464.9326448440552,120.0,115.1,33.9,255,8,BAKE-PREHEAT,130.8,99.5,130.8,99.5
2025-08-26T14:25:07.046,465.192715883255,120.0,114.8,33.8,255,8,BAKE-PREHEAT,130.0,99.5,130.0,99.5
2025-08-26T14:25:07.290,465.4368009567261,120.0,114.9,33.8,255,8,BAKE-PREHEAT,130.0,99.8,130.0,99.8
2025-08-26T14:25:07.542,465.6887650489807,120.0,115.4,33.9,222,8,BAKE-PREHEAT,130.2,100.5,130.2,100.5
2025-08-26T14:25:07.785,465.9314980506897,120.0,115.4,33.9,255,8,BAKE-PREHEAT,130.0,100.8,130.0,100.8
2025-08-26T14:25:08.049,466.1951959133148,120.0,115.6,33.8,255,8,BAKE-PREHEAT,130.0,101.2,130.0,101.2
2025-08-26T14:25:08.303,466.4491310119629,120.0,115.8,33.9,255,8,BAKE-PREHEAT,130.0,101.5,130.0,101.5
2025-08-26T14:25:08.547,466.69398498535156,120.0,116.0,33.8,255,8,BAKE-PREHEAT,130.2,101.8,130.2,101.8
2025-08-26T14:25:08.794,466.9408059120178,120.0,116.1,33.8,255,8,BAKE-PREHEAT,130.0,102.2,130.0,102.2
2025-08-26T14:25:09.058,467.2048840522766,120.0,116.2,33.9,255,8,BAKE-PREHEAT,130.2,102.2,130.2,102.2
2025-08-26T14:25:09.315,467.4613630771637,120.0,116.0,33.9,255,8,BAKE-PREHEAT,130.0,102.0,130.0,102.0
2025-08-26T14:25:09.562,467.7085020542145,120.0,116.0,33.8,255,8,BAKE-PREHEAT,129.8,102.2,129.8,102.2
2025-08-26T14:25:09.818,467.964772939682,120.0,116.4,33.8,233,8,BAKE-PREHEAT,130.0,102.8,130.0,102.8
2025-08-26T14:25:10.081,468.22757506370544,120.0,116.5,33.8,255,8,BAKE-PREHEAT,130.0,103.0,130.0,103.0
2025-08-26T14:25:10.337,468.4832580089569,120.0,116.9,33.8,223,8,BAKE-PREHEAT,130.0,103.8,130.0,103.8
2025-08-26T14:25:10.522,468.66878485679626,120.0,117.0,33.8,0,8,BAKE-PREHEAT,130.0,104.0,130.0,104.0
2025-08-26T14:25:10.774,468.9207990169525,120.0,117.1,33.8,0,8,BAKE-PREHEAT,129.8,104.5,129.8,104.5
2025-08-26T14:25:11.022,469.1683919429779,120.0,117.8,34.0,0,8,BAKE-PREHEAT,130.5,105.0,130.5,105.0
2025-08-26T14:25:11.259,469.405394077301,120.0,117.9,34.0,0,8,BAKE-PREHEAT,130.2,105.5,130.2,105.5
2025-08-26T14:25:11.587,469.73342204093933,120.0,118.0,33.9,0,8,BAKE-PREHEAT,130.2,105.8,130.2,105.8
2025-08-26T14:25:11.767,469.9139549732208,120.0,118.1,33.8,0,8,BAKE-PREHEAT,129.8,106.5,129.8,106.5
2025-08-26T14:25:12.012,470.1585829257965,120.0,118.5,33.9,0,8,BAKE-PREHEAT,130.2,106.8,130.2,106.8
2025-08-26T14:25:12.259,470.40542697906494,120.0,118.9,33.9,0,8,BAKE-PREHEAT,130.2,107.5,130.2,107.5
2025-08-26T14:25:12.563,470.7096290588379,120.0,118.8,33.8,0,8,BAKE-PREHEAT,129.8,107.8,129.8,107.8
2025-08-26T14:25:12.803,470.9491560459137,120.0,119.1,33.8,0,8,BAKE-PREHEAT,130.2,108.0,130.2,108.0
2025-08-26T14:25:13.056,471.20267486572266,120.0,119.4,33.9,0,8,BAKE-PREHEAT,130.5,108.2,130.5,108.2
2025-08-26T14:25:13.320,471.46607303619385,120.0,119.2,33.8,0,8,BAKE-PREHEAT,130.0,108.5,130.0,108.5
2025-08-26T14:25:13.509,471.655161857605,120.0,119.5,33.9,0,8,BAKE-PREHEAT,130.2,108.8,130.2,108.8
2025-08-26T14:25:13.759,471.905061006546,120.0,119.5,33.8,0,8,BAKE-PREHEAT,129.8,109.2,129.8,109.2
2025-08-26T14:25:14.008,472.15451407432556,120.0,119.9,33.8,0,8,BAKE-PREHEAT,130.0,109.8,130.0,109.8
2025-08-26T14:25:14.329,472.4759929180145,120.0,120.4,34.0,0,8,BAKE,130.5,110.2,130.5,110.2
2025-08-26T14:25:14.510,472.6567039489746,120.0,120.0,33.8,0,8,BAKE,129.8,110.2,129.8,110.2
2025-08-26T14:25:14.758,472.9049029350281,120.0,120.4,33.9,0,8,BAKE,130.2,110.5,130.2,110.5
2025-08-26T14:25:15.013,473.1590430736542,120.0,120.8,34.0,0,8,BAKE,130.5,111.0,130.5,111.0
2025-08-26T14:25:15.258,473.40434193611145,120.0,121.0,34.0,0,8,BAKE,130.8,111.2,130.8,111.2
2025-08-26T14:25:15.578,473.72484493255615,120.0,121.1,34.0,0,8,BAKE,130.5,111.8,130.5,111.8
2025-08-26T14:25:15.825,473.9711790084839,120.0,121.1,33.9,0,8,BAKE,130.0,112.2,130.0,112.2
2025-08-26T14:25:16.010,474.156259059906,120.0,121.1,33.8,0,8,BAKE,129.8,112.5,129.8,112.5
2025-08-26T14:25:16.258,474.4046399593353,120.0,121.2,33.9,0,8,BAKE,130.0,112.5,130.0,112.5
2025-08-26T14:25:16.575,474.72177386283875,120.0,121.5,33.9,0,8,BAKE,130.0,113.0,130.0,113.0
2025-08-26T14:25:16.759,474.90577697753906,120.0,121.8,33.9,0,8,BAKE,129.8,113.8,129.8,113.8
2025-08-26T14:25:17.082,475.22851300239563,120.0,121.8,33.8,0,8,BAKE,129.5,114.0,129.5,114.0
2025-08-26T14:25:17.268,475.4144480228424,120.0,122.0,33.8,0,8,BAKE,129.5,114.5,129.5,114.5
2025-08-26T14:25:17.507,475.6531620025635,120.0,121.9,33.8,0,8,BAKE,129.8,114.0,129.8,114.0
2025-08-26T14:25:17.764,475.9107310771942,120.0,122.6,34.0,0,8,BAKE,130.5,114.8,130.5,114.8
2025-08-26T14:25:18.008,476.154953956604,120.0,122.6,34.0,0,8,BAKE,130.5,114.8,130.5,114.8
2025-08-26T14:25:18.258,476.40470600128174,120.0,122.8,34.0,0,8,BAKE,130.2,115.2,130.2,115.2
2025-08-26T14:25:18.575,476.72173500061035,120.0,122.8,34.0,0,8,BAKE,130.5,115.0,130.5,115.0
2025-08-26T14:25:18.766,476.91225004196167,120.0,122.9,33.9,0,8,BAKE,130.5,115.2,130.5,115.2
2025-08-26T14:25:19.013,477.15971398353577,120.0,123.0,33.9,0,8,BAKE,130.2,115.8,130.2,115.8
2025-08-26T14:25:19.258,477.4044349193573,120.0,122.9,33.8,0,8,BAKE,129.8,116.0,129.8,116.0
2025-08-26T14:25:19.508,477.6545488834381,120.0,123.0,33.9,0,8,BAKE,129.8,116.2,129.8,116.2
2025-08-26T14:25:19.828,477.9749140739441,120.0,123.0,33.9,0,8,BAKE,129.8,116.2,129.8,116.2
2025-08-26T14:25:20.086,478.2322609424591,120.0,123.1,34.0,0,101,BAKE,130.0,116.2,130.0,116.2
2025-08-26T14:25:20.274,478.42016196250916,120.0,123.0,33.9,0,8,BAKE,129.8,116.2,129.8,116.2
2025-08-26T14:25:20.523,478.6692819595337,120.0,123.2,33.9,0,105,BAKE,130.0,116.5,130.0,116.5
2025-08-26T14:25:20.774,478.92006492614746,120.0,123.2,33.8,0,105,BAKE,129.8,116.8,129.8,116.8
2025-08-26T14:25:21.028,479.1742079257965,120.0,123.8,33.8,0,120,BAKE,129.8,117.8,129.8,117.8
2025-08-26T14:25:21.285,479.4318540096283,120.0,123.8,33.9,0,120,BAKE,129.8,117.8,129.8,117.8
2025-08-26T14:25:21.536,479.6820640563965,120.0,123.6,33.8,0,116,BAKE,129.5,117.8,129.5,117.8
2025-08-26T14:25:21.564,479.710489988327,120.0,124.1,33.8,0,131,BAKE,130.0,118.2,130.0,118.2
2025-08-26T14:25:22.050,480.1968660354614,150.0,124.2,33.9,0,8,BAKE-PREHEAT,130.2,118.2,130.2,118.2
2025-08-26T14:25:22.314,480.46045899391174,150.0,124.2,33.8,255,8,BAKE-PREHEAT,130.0,118.5,130.0,118.5
2025-08-26T14:25:22.569,480.71553206443787,150.0,124.6,33.9,255,8,BAKE-PREHEAT,130.8,118.5,130.8,118.5
2025-08-26T14:25:22.828,480.97413897514343,150.0,124.0,33.8,255,8,BAKE-PREHEAT,130.2,117.8,130.2,117.8
2025-08-26T14:25:23.017,481.16308403015137,150.0,124.0,33.9,255,8,BAKE-PREHEAT,130.2,117.8,130.2,117.8
2025-08-26T14:25:23.265,481.4111170768738,150.0,124.4,34.0,255,8,BAKE-PREHEAT,130.8,118.0,130.8,118.0
2025-08-26T14:25:23.508,481.6541368961334,150.0,124.2,33.9,255,8,BAKE-PREHEAT,131.2,117.2,131.2,117.2
2025-08-26T14:25:23.758,481.9041860103607,150.0,124.0,33.9,255,8,BAKE-PREHEAT,131.2,116.8,131.2,116.8
2025-08-26T14:25:24.080,482.22690200805664,150.0,123.9,34.0,255,8,BAKE-PREHEAT,131.8,116.0,131.8,116.0
2025-08-26T14:25:24.266,482.4123799800873,150.0,123.8,33.9,255,8,BAKE-PREHEAT,131.8,115.8,131.8,115.8
2025-08-26T14:25:24.522,482.66843700408936,150.0,124.0,34.0,255,8,BAKE-PREHEAT,132.5,115.5,132.5,115.5
2025-08-26T14:25:24.772,482.91899490356445,150.0,124.1,34.0,255,8,BAKE-PREHEAT,132.8,115.5,132.8,115.5
2025-08-26T14:25:25.027,483.1734628677368,150.0,123.8,33.9,255,8,BAKE-PREHEAT,132.2,115.2,132.2,115.2
2025-08-26T14:25:25.283,483.42933988571167,150.0,123.9,33.9,255,8,BAKE-PREHEAT,132.8,115.0,132.8,115.0
2025-08-26T14:25:25.604,483.7509288787842,150.0,123.8,34.0,255,8,BAKE-PREHEAT,132.5,115.0,132.5,115.0
2025-08-26T14:25:25.795,483.9417579174042,150.0,123.6,33.9,255,8,BAKE-PREHEAT,132.8,114.5,132.8,114.5
2025-08-26T14:25:26.043,484.18935894966125,150.0,123.9,34.0,255,8,BAKE-PREHEAT,133.2,114.5,133.2,114.5
2025-08-26T14:25:26.306,484.45259404182434,150.0,123.4,33.9,255,8,BAKE-PREHEAT,132.8,114.0,132.8,114.0
2025-08-26T14:25:26.562,484.70842003822327,150.0,123.8,34.0,255,8,BAKE-PREHEAT,133.8,113.8,133.8,113.8
2025-08-26T14:25:26.820,484.9665319919586,150.0,123.5,33.9,255,8,BAKE-PREHEAT,133.2,113.8,133.2,113.8
2025-08-26T14:25:27.070,485.21671986579895,150.0,123.6,33.9,255,8,BAKE-PREHEAT,133.5,113.8,133.5,113.8
2025-08-26T14:25:27.258,485.404718875885,150.0,124.0,34.0,255,8,BAKE-PREHEAT,134.0,114.0,134.0,114.0
2025-08-26T14:25:27.506,485.6523289680481,150.0,123.6,34.0,255,8,BAKE-PREHEAT,133.8,113.5,133.8,113.5
2025-08-26T14:25:27.565,485.7113869190216,150.0,123.9,34.0,255,8,BAKE-PREHEAT,134.2,113.5,134.2,113.5
2025-08-26T14:25:28.007,486.15332102775574,150.0,123.6,33.9,255,8,BAKE-PREHEAT,134.0,113.2,134.0,113.2
2025-08-26T14:25:28.330,486.47656297683716,150.0,123.9,33.9,255,8,BAKE-PREHEAT,134.2,113.5,134.2,113.5
2025-08-26T14:25:28.515,486.6610858440399,150.0,123.8,33.9,255,8,BAKE-PREHEAT,134.2,113.2,134.2,113.2
2025-08-26T14:25:28.813,486.95942401885986,150.0,123.8,33.9,255,8,BAKE-PREHEAT,134.2,113.2,134.2,113.2
2025-08-26T14:25:29.072,487.21877002716064,150.0,123.5,33.9,255,8,BAKE-PREHEAT,134.0,113.0,134.0,113.0
2025-08-26T14:25:29.262,487.40814685821533,150.0,123.6,34.0,255,8,BAKE-PREHEAT,134.5,112.8,134.5,112.8
2025-08-26T14:25:29.513,487.65903401374817,150.0,123.9,34.0,255,8,BAKE-PREHEAT,134.8,113.0,134.8,113.0
2025-08-26T14:25:29.825,487.97181487083435,150.0,123.5,33.9,255,8,BAKE-PREHEAT,134.5,112.5,134.5,112.5
2025-08-26T14:25:30.019,488.1657910346985,150.0,123.5,33.9,255,8,BAKE-PREHEAT,134.0,113.0,134.0,113.0
2025-08-26T14:25:30.269,488.41525387763977,150.0,123.6,33.9,255,8,BAKE-PREHEAT,134.0,113.2,134.0,113.2
2025-08-26T14:25:30.520,488.6666350364685,150.0,124.1,34.0,255,8,BAKE-PREHEAT,134.8,113.5,134.8,113.5
2025-08-26T14:25:30.764,488.91074299812317,150.0,124.0,34.0,255,8,BAKE-PREHEAT,134.0,114.0,134.0,114.0
2025-08-26T14:25:31.079,489.2255289554596,150.0,124.2,34.0,255,8,BAKE-PREHEAT,134.5,114.0,134.5,114.0
2025-08-26T14:25:31.265,489.41197299957275,150.0,124.2,34.0,255,8,BAKE-PREHEAT,134.8,113.8,134.8,113.8
2025-08-26T14:25:31.504,489.650151014328,150.0,124.2,33.9,255,8,BAKE-PREHEAT,134.2,114.2,134.2,114.2
2025-08-26T14:25:31.820,489.966894865036,150.0,124.9,34.0,255,8,BAKE-PREHEAT,135.0,114.8,135.0,114.8
2025-08-26T14:25:32.007,490.15328907966614,150.0,124.5,33.9,255,8,BAKE-PREHEAT,134.2,114.8,134.2,114.8
2025-08-26T14:25:32.258,490.4040958881378,150.0,124.8,33.9,255,8,BAKE-PREHEAT,134.5,115.0,134.5,115.0
2025-08-26T14:25:32.576,490.7227680683136,150.0,124.9,34.0,255,8,BAKE-PREHEAT,134.8,115.0,134.8,115.0
2025-08-26T14:25:32.761,490.9073660373688,150.0,125.1,33.9,255,8,BAKE-PREHEAT,134.8,115.5,134.8,115.5
2025-08-26T14:25:33.007,491.15312004089355,150.0,125.5,34.0,255,8,BAKE-PREHEAT,135.2,115.8,135.2,115.8
2025-08-26T14:25:33.256,491.402685880661,150.0,126.0,34.1,255,8,BAKE-PREHEAT,135.5,116.5,135.5,116.5
2025-08-26T14:25:33.506,491.65250992774963,150.0,126.2,33.9,255,8,BAKE-PREHEAT,135.2,117.2,135.2,117.2
2025-08-26T14:25:33.824,491.97082805633545,150.0,126.8,34.0,255,8,BAKE-PREHEAT,136.0,117.5,136.0,117.5
2025-08-26T14:25:34.088,492.2348840236664,150.0,127.0,34.0,255,8,BAKE-PREHEAT,136.2,117.8,136.2,117.8
2025-08-26T14:25:34.277,492.4232530593872,150.0,127.9,34.0,255,8,BAKE-PREHEAT,136.8,119.0,136.8,119.0
2025-08-26T14:25:34.530,492.6760959625244,150.0,127.6,33.9,255,8,BAKE-PREHEAT,136.5,118.8,136.5,118.8
2025-08-26T14:25:34.781,492.92719197273254,150.0,128.0,34.0,255,8,BAKE-PREHEAT,136.8,119.2,136.8,119.2
2025-08-26T14:25:35.017,493.16392707824707,150.0,128.8,34.0,255,8,BAKE-PREHEAT,137.2,120.2,137.2,120.2
2025-08-26T14:25:35.310,493.4563739299774,150.0,129.0,33.9,255,8,BAKE-PREHEAT,137.2,120.8,137.2,120.8
2025-08-26T14:25:35.548,493.6946630477905,150.0,129.8,34.0,255,8,BAKE-PREHEAT,137.8,121.8,137.8,121.8
2025-08-26T14:25:35.774,493.92003297805786,150.0,130.0,34.1,255,8,BAKE-PREHEAT,138.0,122.0,138.0,122.0
2025-08-26T14:25:36.008,494.15417194366455,150.0,130.5,34.1,255,8,BAKE-PREHEAT,138.5,122.5,138.5,122.5
2025-08-26T14:25:36.297,494.4434230327606,150.0,130.6,34.1,255,8,BAKE-PREHEAT,138.8,122.5,138.8,122.5
2025-08-26T14:25:36.536,494.68274188041687,150.0,131.2,33.9,255,8,BAKE-PREHEAT,138.8,123.8,138.8,123.8
2025-08-26T14:25:37.254,495.40007495880127,150.0,131.9,33.9,255,8,BAKE-PREHEAT,139.0,124.8,139.0,124.8
2025-08-26T14:25:37.256,495.4029378890991,150.0,132.5,33.9,255,8,BAKE-PREHEAT,139.5,125.5,139.5,125.5
2025-08-26T14:25:37.288,495.4345910549164,150.0,132.6,34.0,255,8,BAKE-PREHEAT,139.5,125.8,139.5,125.8
2025-08-26T14:25:37.522,495.6680190563202,150.0,133.1,33.9,255,8,BAKE-PREHEAT,140.0,126.2,140.0,126.2
2025-08-26T14:25:37.809,495.95597887039185,150.0,133.4,33.9,255,8,BAKE-PREHEAT,140.0,126.8,140.0,126.8
2025-08-26T14:25:38.033,496.17920303344727,150.0,134.1,33.9,255,8,BAKE-PREHEAT,140.5,127.8,140.5,127.8
2025-08-26T14:25:38.261,496.407595872879,150.0,134.8,34.0,255,8,BAKE-PREHEAT,140.8,128.8,140.8,128.8
2025-08-26T14:25:38.549,496.6952829360962,150.0,135.0,34.0,255,8,BAKE-PREHEAT,141.0,129.0,141.0,129.0
2025-08-26T14:25:38.785,496.93119192123413,150.0,135.0,33.9,255,8,BAKE-PREHEAT,141.0,129.0,141.0,129.0
2025-08-26T14:25:39.015,497.16195702552795,150.0,135.5,34.0,255,8,BAKE-PREHEAT,141.5,129.5,141.5,129.5
2025-08-26T14:25:39.309,497.45595598220825,150.0,135.6,34.0,255,8,BAKE-PREHEAT,141.8,129.5,141.8,129.5
2025-08-26T14:25:39.544,497.6907150745392,150.0,136.4,34.0,255,8,BAKE-PREHEAT,142.0,130.8,142.0,130.8
2025-08-26T14:25:39.779,497.9258379936218,150.0,136.8,34.0,255,8,BAKE-PREHEAT,142.2,131.2,142.2,131.2
2025-08-26T14:25:40.016,498.1625280380249,150.0,136.9,34.0,255,8,BAKE-PREHEAT,142.5,131.2,142.5,131.2
2025-08-26T14:25:40.310,498.4564759731293,150.0,137.5,33.9,255,8,BAKE-PREHEAT,143.0,132.0,143.0,132.0
2025-08-26T14:25:40.547,498.69352197647095,150.0,137.9,34.0,255,8,BAKE-PREHEAT,143.0,132.8,143.0,132.8
2025-08-26T14:25:40.775,498.921422958374,150.0,138.4,34.1,255,8,BAKE-PREHEAT,143.5,133.2,143.5,133.2
2025-08-26T14:25:41.060,499.2065830230713,150.0,138.6,33.9,255,8,BAKE-PREHEAT,143.8,133.5,143.8,133.5
2025-08-26T14:25:41.296,499.44213700294495,150.0,139.4,33.9,255,8,BAKE-PREHEAT,144.2,134.5,144.2,134.5
2025-08-26T14:25:41.527,499.6736400127411,150.0,139.4,34.0,255,8,BAKE-PREHEAT,144.0,134.8,144.0,134.8
2025-08-26T14:25:41.759,499.90503191947937,150.0,139.9,33.9,255,8,BAKE-PREHEAT,144.5,135.2,144.5,135.2
2025-08-26T14:25:42.045,500.19196486473083,150.0,140.4,34.1,255,8,BAKE-PREHEAT,145.0,135.8,145.0,135.8
2025-08-26T14:25:42.276,500.42291593551636,150.0,140.2,34.1,255,8,BAKE-PREHEAT,145.0,135.5,145.0,135.5
2025-08-26T14:25:42.503,500.6494128704071,150.0,140.9,34.1,255,8,BAKE-PREHEAT,145.8,136.0,145.8,136.0
2025-08-26T14:25:42.792,500.9380850791931,150.0,141.0,34.0,255,8,BAKE-PREHEAT,145.8,136.2,145.8,136.2
2025-08-26T14:25:43.022,501.16845202445984,150.0,141.4,34.0,255,8,BAKE-PREHEAT,146.0,136.8,146.0,136.8
2025-08-26T14:25:43.314,501.46071887016296,150.0,141.9,34.1,255,8,BAKE-PREHEAT,146.5,137.2,146.5,137.2
2025-08-26T14:25:43.548,501.69429302215576,150.0,141.9,33.9,255,8,BAKE-PREHEAT,146.8,137.0,146.8,137.0
2025-08-26T14:25:43.839,501.98558497428894,150.0,142.8,34.1,181,8,BAKE-PREHEAT,147.0,138.5,147.0,138.5
2025-08-26T14:25:44.013,502.1591899394989,150.0,143.2,34.0,255,8,BAKE-PREHEAT,147.2,139.2,147.2,139.2
2025-08-26T14:25:44.306,502.45250606536865,150.0,143.8,34.1,255,8,BAKE-PREHEAT,147.8,139.8,147.8,139.8
2025-08-26T14:25:44.545,502.69140005111694,150.0,144.0,34.1,255,8,BAKE-PREHEAT,148.0,140.0,148.0,140.0
2025-08-26T14:25:44.779,502.9251010417938,150.0,144.2,34.1,255,8,BAKE-PREHEAT,148.5,140.0,148.5,140.0
2025-08-26T14:25:45.077,503.22330594062805,150.0,144.8,34.0,235,8,BAKE-PREHEAT,148.8,140.8,148.8,140.8
2025-08-26T14:25:45.309,503.4557900428772,150.0,144.5,34.1,255,8,BAKE-PREHEAT,149.0,140.0,149.0,140.0
2025-08-26T14:25:45.549,503.69553804397583,150.0,145.1,34.1,196,8,BAKE-PREHEAT,149.5,140.8,149.5,140.8
2025-08-26T14:25:45.787,503.9335889816284,150.0,145.2,34.1,255,8,BAKE-PREHEAT,149.8,140.8,149.8,140.8
2025-08-26T14:25:46.020,504.16626596450806,150.0,145.1,34.1,255,8,BAKE-PREHEAT,149.8,140.5,149.8,140.5
2025-08-26T14:25:46.311,504.45720195770264,150.0,145.5,34.0,251,8,BAKE-PREHEAT,150.0,141.0,150.0,141.0
2025-08-26T14:25:46.546,504.6922650337219,150.0,145.9,34.1,243,8,BAKE-PREHEAT,150.5,141.2,150.5,141.2
2025-08-26T14:25:46.776,504.9221520423889,150.0,146.2,34.0,236,8,BAKE-PREHEAT,150.5,142.0,150.5,142.0
2025-08-26T14:25:47.012,505.15847086906433,150.0,146.2,34.0,255,8,BAKE-PREHEAT,150.8,141.8,150.8,141.8
2025-08-26T14:25:47.309,505.45518803596497,150.0,146.8,34.1,195,8,BAKE-PREHEAT,151.5,142.0,151.5,142.0
2025-08-26T14:25:47.548,505.69489884376526,150.0,147.0,34.1,0,8,BAKE-PREHEAT,152.0,142.0,152.0,142.0
2025-08-26T14:25:47.781,505.9277229309082,150.0,146.9,34.1,255,8,BAKE-PREHEAT,152.0,141.8,152.0,141.8
2025-08-26T14:25:48.064,506.2103729248047,150.0,147.0,34.0,0,8,BAKE-PREHEAT,152.2,141.8,152.2,141.8
2025-08-26T14:25:48.300,506.4464838504791,150.0,147.2,34.1,0,8,BAKE-PREHEAT,153.0,141.5,153.0,141.5
2025-08-26T14:25:48.533,506.67975187301636,150.0,147.1,34.0,0,8,BAKE-PREHEAT,152.5,141.8,152.5,141.8
2025-08-26T14:25:48.767,506.9138698577881,150.0,147.4,34.0,0,8,BAKE-PREHEAT,153.0,141.8,153.0,141.8
2025-08-26T14:25:49.057,507.2031919956207,150.0,147.8,34.1,0,8,BAKE-PREHEAT,153.2,142.2,153.2,142.2
2025-08-26T14:25:49.289,507.435555934906,150.0,147.9,34.1,0,8,BAKE-PREHEAT,153.5,142.2,153.5,142.2
2025-08-26T14:25:49.516,507.662556886673,150.0,147.9,34.0,0,8,BAKE-PREHEAT,153.5,142.2,153.5,142.2
2025-08-26T14:25:49.813,507.9599418640137,150.0,148.0,34.0,0,8,BAKE-PREHEAT,153.8,142.2,153.8,142.2
2025-08-26T14:25:50.046,508.19256496429443,150.0,148.1,34.1,0,8,BAKE-PREHEAT,154.0,142.2,154.0,142.2
2025-08-26T14:25:50.279,508.4253878593445,150.0,148.5,34.1,0,8,BAKE-PREHEAT,154.2,142.8,154.2,142.8
2025-08-26T14:25:50.568,508.7144479751587,150.0,148.8,34.0,0,8,BAKE-PREHEAT,154.5,143.0,154.5,143.0
2025-08-26T14:25:50.798,508.944678068161,150.0,148.9,34.0,0,8,BAKE-PREHEAT,154.5,143.2,154.5,143.2
2025-08-26T14:25:51.029,509.1751329898834,150.0,149.1,34.1,0,8,BAKE-PREHEAT,154.8,143.5,154.8,143.5
2025-08-26T14:25:51.254,509.40068101882935,150.0,149.4,34.1,0,8,BAKE-PREHEAT,155.0,143.8,155.0,143.8
2025-08-26T14:25:51.541,509.68780303001404,150.0,149.5,34.0,0,8,BAKE-PREHEAT,155.0,144.0,155.0,144.0
2025-08-26T14:25:51.775,509.9216868877411,150.0,149.6,34.0,0,8,BAKE-PREHEAT,155.2,144.0,155.2,144.0
2025-08-26T14:25:52.066,510.2128028869629,150.0,149.9,34.1,0,8,BAKE-PREHEAT,155.5,144.2,155.5,144.2
2025-08-26T14:25:52.298,510.44430685043335,150.0,150.1,34.1,0,8,BAKE,155.5,144.8,155.5,144.8
2025-08-26T14:25:52.533,510.67990589141846,150.0,150.1,34.0,0,8,BAKE,155.5,144.8,155.5,144.8
2025-08-26T14:25:52.773,510.91939091682434,150.0,150.4,34.0,0,8,BAKE,155.8,145.0,155.8,145.0
2025-08-26T14:25:53.068,511.2147650718689,150.0,150.5,34.0,0,8,BAKE,156.0,145.0,156.0,145.0
2025-08-26T14:25:53.307,511.45389890670776,150.0,150.5,34.0,0,8,BAKE,156.0,145.0,156.0,145.0
2025-08-26T14:25:53.549,511.6956419944763,150.0,150.8,34.0,0,8,BAKE,156.2,145.2,156.2,145.2
2025-08-26T14:25:53.780,511.92653703689575,150.0,151.0,34.1,0,8,BAKE,156.2,145.8,156.2,145.8
2025-08-26T14:25:54.014,512.1600489616394,150.0,151.1,34.1,0,8,BAKE,156.2,146.0,156.2,146.0
2025-08-26T14:25:54.311,512.4577839374542,150.0,151.2,34.1,0,8,BAKE,156.5,146.0,156.5,146.0
2025-08-26T14:25:54.550,512.6964499950409,150.0,151.1,34.1,0,8,BAKE,156.8,145.5,156.8,145.5
2025-08-26T14:25:54.785,512.9317378997803,150.0,151.4,34.1,0,8,BAKE,156.8,146.0,156.8,146.0
2025-08-26T14:25:55.080,513.2261309623718,150.0,151.5,34.1,0,8,BAKE,156.8,146.2,156.8,146.2
2025-08-26T14:25:55.249,513.3954839706421,150.0,151.9,34.1,0,8,BAKE,157.0,146.8,157.0,146.8
2025-08-26T14:25:55.543,513.6898989677429,150.0,151.8,34.1,0,8,BAKE,156.8,146.8,156.8,146.8
2025-08-26T14:25:55.773,513.9198880195618,150.0,151.9,34.0,0,8,BAKE,157.0,146.8,157.0,146.8
2025-08-26T14:25:56.007,514.1539840698242,150.0,152.2,34.1,0,8,BAKE,157.2,147.2,157.2,147.2
2025-08-26T14:25:56.293,514.4390149116516,150.0,152.2,34.2,0,8,BAKE,157.2,147.2,157.2,147.2
2025-08-26T14:25:56.527,514.6738889217377,150.0,152.1,34.1,0,8,BAKE,157.2,147.0,157.2,147.0
2025-08-26T14:25:56.763,514.9094529151917,150.0,152.1,34.1,0,8,BAKE,157.2,147.0,157.2,147.0
2025-08-26T14:25:57.051,515.1978230476379,150.0,152.5,34.1,0,8,BAKE,157.5,147.5,157.5,147.5
2025-08-26T14:25:57.286,515.4324698448181,150.0,152.9,34.1,0,8,BAKE,157.5,148.2,157.5,148.2
2025-08-26T14:25:57.521,515.6676280498505,150.0,153.0,34.1,0,8,BAKE,157.5,148.5,157.5,148.5
2025-08-26T14:25:57.802,515.948737859726,150.0,153.1,34.1,0,101,BAKE,157.5,148.8,157.5,148.8
2025-08-26T14:25:58.029,516.1756479740143,150.0,153.1,34.1,0,101,BAKE,157.5,148.8,157.5,148.8
2025-08-26T14:25:58.263,516.4094769954681,150.0,153.2,34.0,0,105,BAKE,157.5,149.0,157.5,149.0
2025-08-26T14:25:58.558,516.7040228843689,150.0,153.2,34.0,0,105,BAKE,157.5,149.0,157.5,149.0
2025-08-26T14:25:58.789,516.935210943222,150.0,153.5,34.1,0,113,BAKE,157.8,149.2,157.8,149.2
2025-08-26T14:25:59.026,517.172031879425,150.0,153.8,34.1,0,120,BAKE,158.0,149.5,158.0,149.5
2025-08-26T14:25:59.251,517.3973460197449,150.0,154.1,34.1,0,131,BAKE,158.0,150.2,158.0,150.2
2025-08-26T14:25:59.541,517.687882900238,150.0,154.5,34.1,0,143,BAKE,158.2,150.8,158.2,150.8
2025-08-26T14:25:59.776,517.9221389293671,150.0,154.8,34.1,0,150,BAKE,158.8,150.8,158.8,150.8
2025-08-26T14:26:00.004,518.1505329608917,150.0,154.9,34.1,0,154,BAKE,159.0,150.8,159.0,150.8
2025-08-26T14:26:00.298,518.4449169635773,150.0,154.8,34.1,0,150,BAKE,159.5,150.0,159.5,150.0
2025-08-26T14:26:00.536,518.6820869445801,150.0,155.0,34.2,0,158,BAKE,159.8,150.2,159.8,150.2
2025-08-26T14:26:00.759,518.9056558609009,150.0,154.6,34.1,0,146,BAKE,160.5,148.8,160.5,148.8
2025-08-26T14:26:01.055,519.2010679244995,150.0,154.8,34.1,0,150,BAKE,161.0,148.5,161.0,148.5
2025-08-26T14:26:01.286,519.43288397789,150.0,154.8,34.1,0,150,BAKE,162.0,147.5,162.0,147.5
2025-08-26T14:26:01.521,519.6678738594055,150.0,155.0,34.2,0,158,BAKE,163.2,146.8,163.2,146.8
2025-08-26T14:26:01.820,519.9665110111237,150.0,154.8,34.1,0,150,BAKE,163.8,145.8,163.8,145.8
2025-08-26T14:26:02.053,520.1998529434204,150.0,155.0,34.2,0,158,BAKE,165.8,144.2,165.8,144.2
2025-08-26T14:26:02.286,520.4325098991394,150.0,155.0,34.2,0,158,BAKE,166.8,143.2,166.8,143.2
2025-08-26T14:26:02.521,520.6674468517303,150.0,155.2,34.2,0,165,BAKE,168.0,142.5,168.0,142.5
2025-08-26T14:26:02.754,520.9008989334106,150.0,155.1,34.1,0,161,BAKE,169.2,141.0,169.2,141.0
2025-08-26T14:26:03.035,521.1817779541016,150.0,155.2,34.2,0,165,BAKE,170.5,140.0,170.5,140.0
2025-08-26T14:26:03.326,521.4729409217834,150.0,155.2,34.1,0,165,BAKE,172.0,138.5,172.0,138.5
2025-08-26T14:26:03.498,521.6446409225464,150.0,155.2,34.2,0,165,BAKE,173.2,137.2,173.2,137.2
2025-08-26T14:26:03.785,521.9314820766449,150.0,155.0,34.2,0,158,BAKE,173.8,136.2,173.8,136.2
2025-08-26T14:26:04.021,522.16770195961,150.0,155.0,34.2,0,158,BAKE,174.8,135.2,174.8,135.2
2025-08-26T14:26:04.312,522.458263874054,150.0,154.2,34.1,0,135,BAKE,174.8,133.8,174.8,133.8
2025-08-26T14:26:04.550,522.6967279911041,150.0,154.1,34.1,0,131,BAKE,176.0,132.2,176.0,132.2
2025-08-26T14:26:04.781,522.9272630214691,150.0,153.4,34.2,0,109,BAKE,176.0,130.8,176.0,130.8
2025-08-26T14:26:05.007,523.1533279418945,150.0,153.0,34.2,0,8,BAKE,176.5,129.5,176.5,129.5
2025-08-26T14:26:05.295,523.4410610198975,150.0,152.6,34.1,0,8,BAKE,176.2,129.0,176.2,129.0
2025-08-26T14:26:05.530,523.6769540309906,150.0,152.0,34.2,0,8,BAKE,176.5,127.5,176.5,127.5
2025-08-26T14:26:05.759,523.9050760269165,150.0,151.1,34.2,0,8,BAKE,176.5,125.8,176.5,125.8
2025-08-26T14:26:06.041,524.1876499652863,150.0,150.9,34.2,0,8,BAKE,176.8,125.0,176.8,125.0
2025-08-26T14:26:06.272,524.4184138774872,150.0,151.0,34.2,0,8,BAKE,178.0,124.0,178.0,124.0
2025-08-26T14:26:06.507,524.6539640426636,150.0,150.6,34.2,0,8,BAKE,177.8,123.5,177.8,123.5
2025-08-26T14:26:06.792,524.9381618499756,150.0,150.5,34.2,0,8,BAKE,178.2,122.8,178.2,122.8
2025-08-26T14:26:07.027,525.1737070083618,150.0,149.8,34.2,0,8,BAKE-PREHEAT,177.8,121.8,177.8,121.8
2025-08-26T14:26:07.258,525.4043729305267,150.0,149.8,34.3,0,8,BAKE-PREHEAT,178.5,121.0,178.5,121.0
2025-08-26T14:26:07.545,525.691025018692,150.0,149.2,34.2,0,8,BAKE-PREHEAT,178.2,120.2,178.2,120.2
2025-08-26T14:26:07.783,525.9294929504395,150.0,149.2,34.2,0,8,BAKE-PREHEAT,178.8,119.8,178.8,119.8
2025-08-26T14:26:08.013,526.1598670482635,150.0,149.6,34.3,0,8,BAKE-PREHEAT,179.2,120.0,179.2,120.0
2025-08-26T14:26:08.301,526.447242975235,150.0,149.1,34.3,0,8,BAKE-PREHEAT,179.0,119.2,179.0,119.2
2025-08-26T14:26:08.540,526.6861410140991,150.0,149.2,34.2,0,8,BAKE-PREHEAT,180.0,118.5,180.0,118.5
2025-08-26T14:26:08.768,526.9149549007416,150.0,149.2,34.2,0,8,BAKE-PREHEAT,180.5,118.0,180.5,118.0
2025-08-26T14:26:09.055,527.2015089988708,150.0,149.0,34.2,0,8,BAKE-PREHEAT,180.2,117.8,180.2,117.8
2025-08-26T14:26:09.289,527.435054063797,150.0,149.2,34.3,0,8,BAKE-PREHEAT,180.8,117.8,180.8,117.8
2025-08-26T14:26:09.524,527.6704189777374,150.0,149.2,34.2,0,8,BAKE-PREHEAT,181.0,117.5,181.0,117.5
2025-08-26T14:26:09.758,527.9041218757629,150.0,149.8,34.3,0,8,BAKE-PREHEAT,182.2,117.2,182.2,117.2
2025-08-26T14:26:10.042,528.1885089874268,150.0,149.6,34.3,0,8,BAKE-PREHEAT,182.2,117.0,182.2,117.0
2025-08-26T14:26:10.338,528.4846749305725,150.0,149.9,34.3,0,8,BAKE-PREHEAT,182.8,117.0,182.8,117.0
2025-08-26T14:26:10.514,528.6603538990021,150.0,150.2,34.2,0,8,BAKE,183.2,117.2,183.2,117.2
2025-08-26T14:26:10.801,528.9473118782043,150.0,150.1,34.3,0,8,BAKE,183.2,117.0,183.2,117.0
2025-08-26T14:26:11.028,529.1744959354401,150.0,150.2,34.3,0,8,BAKE,183.8,116.8,183.8,116.8
2025-08-26T14:26:11.262,529.4081358909607,150.0,150.2,34.3,0,8,BAKE,183.8,116.8,183.8,116.8
2025-08-26T14:26:11.554,529.7006850242615,150.0,149.9,34.3,0,8,BAKE-PREHEAT,182.8,117.0,182.8,117.0
2025-08-26T14:26:11.789,529.9355669021606,150.0,150.1,34.3,0,8,BAKE,183.5,116.8,183.5,116.8
2025-08-26T14:26:12.011,530.1579430103302,150.0,149.8,34.2,0,8,BAKE-PREHEAT,182.8,116.8,182.8,116.8
2025-08-26T14:26:12.296,530.4429459571838,150.0,149.9,34.3,0,8,BAKE-PREHEAT,183.0,116.8,183.0,116.8
2025-08-26T14:26:12.534,530.6805169582367,150.0,149.8,34.3,0,8,BAKE-PREHEAT,182.8,116.8,182.8,116.8
2025-08-26T14:26:12.768,530.9141519069672,150.0,150.0,34.3,0,8,BAKE,183.2,116.8,183.2,116.8
2025-08-26T14:26:13.052,531.1981039047241,150.0,150.0,34.3,0,8,BAKE,183.5,116.5,183.5,116.5
2025-08-26T14:26:13.290,531.43683385849,150.0,149.9,34.3,0,8,BAKE-PREHEAT,183.2,116.5,183.2,116.5
2025-08-26T14:26:13.524,531.670567035675,150.0,149.6,34.2,0,8,BAKE-PREHEAT,182.5,116.8,182.5,116.8
2025-08-26T14:26:13.756,531.9022798538208,150.0,149.8,34.2,0,8,BAKE-PREHEAT,182.8,116.8,182.8,116.8
2025-08-26T14:26:14.044,532.1904518604279,150.0,148.8,34.2,0,8,BAKE-PREHEAT,181.0,116.5,181.0,116.5
2025-08-26T14:26:14.278,532.4240429401398,150.0,148.5,34.3,0,8,BAKE-PREHEAT,180.5,116.5,180.5,116.5
2025-08-26T14:26:14.572,532.7185220718384,150.0,148.5,34.3,0,8,BAKE-PREHEAT,180.2,116.8,180.2,116.8
2025-08-26T14:26:14.745,532.8915629386902,150.0,148.8,34.3,0,8,BAKE-PREHEAT,180.5,117.0,180.5,117.0
2025-08-26T14:26:15.033,533.1791920661926,150.0,148.6,34.3,0,8,BAKE-PREHEAT,180.0,117.2,180.0,117.2
2025-08-26T14:26:15.267,533.4134590625763,150.0,148.8,34.3,0,8,BAKE-PREHEAT,180.2,117.2,180.2,117.2
2025-08-26T14:26:15.502,533.648218870163,150.0,148.8,34.3,0,8,BAKE-PREHEAT,180.0,117.5,180.0,117.5
2025-08-26T14:26:15.792,533.9389200210571,150.0,148.2,34.3,0,8,BAKE-PREHEAT,179.0,117.5,179.0,117.5
2025-08-26T14:26:16.020,534.1663460731506,150.0,148.2,34.3,0,8,BAKE-PREHEAT,179.0,117.5,179.0,117.5
2025-08-26T14:26:16.252,534.3988919258118,150.0,148.1,34.3,0,8,BAKE-PREHEAT,178.8,117.5,178.8,117.5
2025-08-26T14:26:16.545,534.6917278766632,150.0,148.1,34.3,0,8,BAKE-PREHEAT,178.0,118.2,178.0,118.2
2025-08-26T14:26:16.780,534.9264769554138,150.0,147.6,34.3,0,8,BAKE-PREHEAT,177.2,118.0,177.2,118.0
2025-08-26T14:26:17.012,535.1580638885498,150.0,147.4,34.2,0,8,BAKE-PREHEAT,176.8,118.0,176.8,118.0
2025-08-26T14:26:17.299,535.4450860023499,150.0,147.4,34.3,0,8,BAKE-PREHEAT,176.2,118.5,176.2,118.5
2025-08-26T14:26:17.534,535.6801419258118,150.0,147.8,34.3,0,8,BAKE-PREHEAT,176.8,118.8,176.8,118.8
2025-08-26T14:26:17.766,535.9129860401154,150.0,147.2,34.3,0,8,BAKE-PREHEAT,176.0,118.5,176.0,118.5
2025-08-26T14:26:18.061,536.2073259353638,150.0,147.1,34.3,0,8,BAKE-PREHEAT,175.8,118.5,175.8,118.5
2025-08-26T14:26:18.299,536.4453780651093,150.0,146.9,34.2,255,8,BAKE-PREHEAT,175.2,118.5,175.2,118.5
2025-08-26T14:26:18.533,536.6796178817749,150.0,147.1,34.3,0,8,BAKE-PREHEAT,175.2,119.0,175.2,119.0
2025-08-26T14:26:18.771,536.9178009033203,150.0,146.9,34.2,255,8,BAKE-PREHEAT,174.5,119.2,174.5,119.2
2025-08-26T14:26:19.002,537.1480770111084,150.0,147.0,34.3,0,8,BAKE-PREHEAT,174.5,119.5,174.5,119.5
2025-08-26T14:26:19.295,537.4418308734894,150.0,146.8,34.3,255,8,BAKE-PREHEAT,174.2,119.2,174.2,119.2
2025-08-26T14:26:19.532,537.6782879829407,150.0,146.2,34.3,255,8,BAKE-PREHEAT,173.2,119.2,173.2,119.2
2025-08-26T14:26:19.758,537.9045059680939,150.0,146.4,34.3,255,8,BAKE-PREHEAT,173.2,119.5,173.2,119.5
2025-08-26T14:26:20.043,538.1897389888763,150.0,146.1,34.3,255,8,BAKE-PREHEAT,173.0,119.2,173.0,119.2
2025-08-26T14:26:20.276,538.4221160411835,150.0,145.9,34.3,255,8,BAKE-PREHEAT,172.2,119.5,172.2,119.5
2025-08-26T14:26:20.512,538.658313035965,150.0,146.1,34.3,255,8,BAKE-PREHEAT,172.2,120.0,172.2,120.0
2025-08-26T14:26:20.805,538.951504945755,150.0,145.9,34.3,255,8,BAKE-PREHEAT,172.0,119.8,172.0,119.8
