timestamp_iso,t_sec,set_c,actual_c,coldj_c,heat,fan,mode,temp0_c,temp1_c,temp2_c,temp3_c
2025-08-26T19:31:28.474,153.25537109375,,192.35,35.2,,,PASSIVE,194.2,190.5,,
2025-08-26T19:31:28.678,153.46016001701355,200.0,192.5,35.2,123,8,BAKE,194.5,190.5,194.5,190.5
2025-08-26T19:31:28.972,153.75420904159546,200.0,192.4,35.2,166,8,BAKE,194.2,190.5,194.2,190.5
2025-08-26T19:31:29.211,153.99315094947815,200.0,192.5,35.2,123,8,BAKE,194.5,190.5,194.5,190.5
2025-08-26T19:31:29.448,154.22939109802246,200.0,192.6,35.2,121,8,BAKE,194.5,190.8,194.5,190.8
2025-08-26T19:31:29.680,154.46156191825867,200.0,192.6,35.2,141,8,BAKE,194.5,190.8,194.5,190.8
2025-08-26T19:31:29.970,154.75159811973572,200.0,192.8,35.2,118,8,BAKE,194.5,191.0,194.5,191.0
2025-08-26T19:31:30.209,154.9906520843506,200.0,192.9,35.2,116,8,BAKE,194.5,191.2,194.5,191.2
2025-08-26T19:31:30.447,155.22843599319458,200.0,192.9,35.2,136,8,BAKE,194.5,191.2,194.5,191.2
2025-08-26T19:31:30.678,155.45965194702148,200.0,192.9,35.2,136,8,BAKE,194.5,191.2,194.5,191.2
2025-08-26T19:31:30.969,155.75049495697021,200.0,192.8,35.2,159,8,BAKE,194.5,191.0,194.5,191.0
2025-08-26T19:31:31.205,155.98711490631104,200.0,192.8,35.2,139,8,BAKE,194.5,191.0,194.5,191.0
2025-08-26T19:31:31.506,156.28812289237976,200.0,192.9,35.2,116,8,BAKE,194.5,191.2,194.5,191.2
2025-08-26T19:31:31.538,156.3198390007019,,192.85,35.2,,,PASSIVE,194.5,191.2,,
2025-08-26T19:31:31.685,156.46663403511047,200.0,192.9,35.2,136,8,BAKE,194.5,191.2,194.5,191.2
2025-08-26T19:31:31.919,156.70106196403503,200.0,193.0,35.2,114,8,BAKE,194.5,191.5,194.5,191.5
2025-08-26T19:31:32.213,156.99477005004883,200.0,193.2,35.2,89,8,BAKE,194.8,191.8,194.8,191.8
2025-08-26T19:31:32.450,157.23199105262756,200.0,193.2,35.2,129,8,BAKE,194.8,191.8,194.8,191.8
2025-08-26T19:31:32.747,157.52924704551697,200.0,193.2,35.2,129,8,BAKE,194.8,191.8,194.8,191.8
2025-08-26T19:31:32.921,157.70252990722656,200.0,193.1,35.2,152,8,BAKE,194.8,191.5,194.8,191.5
2025-08-26T19:31:33.215,157.9963619709015,200.0,193.1,35.2,132,8,BAKE,194.8,191.5,194.8,191.5
2025-08-26T19:31:33.451,158.2329831123352,200.0,193.4,35.2,87,8,BAKE,194.8,192.0,194.8,192.0
2025-08-26T19:31:33.686,158.46795296669006,200.0,193.4,35.2,127,8,BAKE,194.8,192.0,194.8,192.0
2025-08-26T19:31:33.971,158.75302505493164,200.0,193.4,35.2,127,8,BAKE,194.8,192.0,194.8,192.0
2025-08-26T19:31:34.207,158.98919010162354,200.0,193.4,35.2,127,8,BAKE,195.0,191.8,195.0,191.8
2025-08-26T19:31:34.438,159.22014999389648,200.0,193.1,35.2,172,8,BAKE,195.0,191.2,195.0,191.2
2025-08-26T19:31:34.447,159.22844099998474,200.0,193.1,35.2,132,8,BAKE,195.0,191.2,195.0,191.2
2025-08-26T19:31:34.493,159.27519989013672,,193.1,35.2,,,PASSIVE,195.0,191.2,,
2025-08-26T19:31:34.958,159.74021410942078,200.0,193.0,35.2,154,8,BAKE,195.0,191.0,195.0,191.0
2025-08-26T19:31:35.192,159.9742670059204,200.0,193.0,35.2,134,8,BAKE,195.0,191.0,195.0,191.0
2025-08-26T19:31:35.493,160.27517008781433,200.0,193.0,35.2,134,8,BAKE,195.0,191.0,195.0,191.0
2025-08-26T19:31:35.667,160.44893503189087,200.0,193.1,35.2,112,8,BAKE,195.0,191.2,195.0,191.2
2025-08-26T19:31:35.957,160.73931694030762,200.0,193.2,35.2,109,8,BAKE,195.0,191.5,195.0,191.5
2025-08-26T19:31:36.193,160.97436904907227,200.0,193.4,35.2,107,8,BAKE,195.2,191.5,195.2,191.5
2025-08-26T19:31:36.429,161.21037006378174,200.0,193.5,35.2,105,8,BAKE,195.2,191.8,195.2,191.8
2025-08-26T19:31:36.723,161.5046660900116,200.0,193.1,35.2,192,8,BAKE,195.0,191.2,195.0,191.2
2025-08-26T19:31:36.959,161.7410809993744,200.0,193.2,35.2,110,8,BAKE,195.2,191.2,195.2,191.2
2025-08-26T19:31:37.189,161.9705810546875,200.0,193.4,35.2,107,8,BAKE,195.5,191.2,195.5,191.2
2025-08-26T19:31:37.424,162.2062029838562,200.0,193.4,35.2,127,8,BAKE,195.5,191.2,195.5,191.2
2025-08-26T19:31:37.479,162.26104712486267,200.0,193.1,35.2,172,8,BAKE,195.5,190.8,195.5,190.8
2025-08-26T19:31:37.498,162.27992391586304,,193.15,35.2,,,PASSIVE,195.5,190.8,,
2025-08-26T19:31:37.952,162.73378491401672,200.0,193.1,35.2,132,8,BAKE,195.5,190.8,195.5,190.8
2025-08-26T19:31:38.188,162.97000694274902,200.0,193.2,35.2,110,8,BAKE,195.5,191.0,195.5,191.0
2025-08-26T19:31:38.479,163.2604160308838,200.0,193.2,35.2,130,8,BAKE,195.5,191.0,195.5,191.0
2025-08-26T19:31:38.718,163.49981307983398,200.0,193.1,35.2,152,8,BAKE,195.5,190.8,195.5,190.8
2025-08-26T19:31:38.953,163.73505401611328,200.0,192.9,35.2,177,8,BAKE,195.5,190.2,195.5,190.2
2025-08-26T19:31:39.186,163.96735095977783,200.0,193.1,35.2,92,8,BAKE,195.5,190.8,195.5,190.8
2025-08-26T19:31:39.421,164.20266389846802,200.0,193.4,35.2,87,8,BAKE,195.8,191.0,195.8,191.0
2025-08-26T19:31:39.712,164.49339199066162,200.0,193.5,35.2,105,8,BAKE,195.8,191.2,195.8,191.2
2025-08-26T19:31:39.949,164.73070907592773,200.0,193.6,35.2,103,8,BAKE,195.5,191.8,195.5,191.8
2025-08-26T19:31:40.186,164.96754789352417,200.0,193.8,35.2,100,8,BAKE,195.8,191.8,195.8,191.8
2025-08-26T19:31:40.421,165.20246291160583,200.0,193.6,35.2,143,8,BAKE,195.8,191.5,195.8,191.5
2025-08-26T19:31:40.477,165.25898790359497,,193.65,35.2,,,PASSIVE,195.8,191.5,,
2025-08-26T19:31:40.717,165.49900889396667,200.0,193.9,35.2,78,8,BAKE,195.8,192.0,195.8,192.0
2025-08-26T19:31:40.954,165.73616909980774,200.0,194.0,35.2,96,8,BAKE,196.0,192.0,196.0,192.0
2025-08-26T19:31:41.250,166.03158497810364,200.0,194.1,35.2,93,8,BAKE,195.8,192.5,195.8,192.5
2025-08-26T19:31:41.424,166.20578289031982,200.0,194.1,35.2,113,8,BAKE,196.0,192.2,196.0,192.2
2025-08-26T19:31:41.716,166.4980969429016,200.0,194.4,35.2,69,8,BAKE,196.0,192.8,196.0,192.8
2025-08-26T19:31:41.952,166.7335901260376,200.0,194.4,35.2,109,8,BAKE,196.0,192.8,196.0,192.8
2025-08-26T19:31:42.186,166.96740794181824,200.0,194.5,35.2,86,8,BAKE,195.8,193.2,195.8,193.2
2025-08-26T19:31:42.487,167.26837491989136,200.0,194.5,35.2,106,8,BAKE,196.0,193.0,196.0,193.0
2025-08-26T19:31:42.718,167.49970507621765,200.0,194.8,35.2,61,8,BAKE,196.0,193.5,196.0,193.5
2025-08-26T19:31:42.954,167.73570704460144,200.0,194.9,35.2,79,8,BAKE,196.0,193.8,196.0,193.8
2025-08-26T19:31:43.188,167.97002696990967,200.0,194.8,35.3,122,8,BAKE,196.0,193.5,196.0,193.5
2025-08-26T19:31:43.422,168.20343399047852,200.0,194.4,35.2,169,8,BAKE,196.0,192.8,196.0,192.8
2025-08-26T19:31:43.476,168.25770711898804,200.0,194.5,35.2,86,8,BAKE,196.0,193.0,196.0,193.0
2025-08-26T19:31:43.495,168.27652406692505,,194.5,35.2,,,PASSIVE,196.0,193.0,,
2025-08-26T19:31:43.949,168.73054194450378,200.0,194.5,35.3,106,8,BAKE,196.2,192.8,196.2,192.8
2025-08-26T19:31:44.178,168.95978212356567,200.0,194.8,35.2,62,8,BAKE,196.2,193.2,196.2,193.2
2025-08-26T19:31:44.479,169.2606999874115,200.0,194.4,35.2,169,8,BAKE,196.2,192.5,196.2,192.5
2025-08-26T19:31:44.718,169.50008702278137,200.0,194.6,35.3,64,8,BAKE,196.2,193.0,196.2,193.0
2025-08-26T19:31:44.954,169.73616003990173,200.0,194.6,35.3,104,8,BAKE,196.5,192.8,196.5,192.8
2025-08-26T19:31:45.191,169.9731080532074,200.0,194.2,35.2,171,8,BAKE,196.2,192.2,196.2,192.2
2025-08-26T19:31:45.491,170.27240300178528,200.0,194.1,35.2,134,8,BAKE,196.2,192.0,196.2,192.0
2025-08-26T19:31:45.664,170.44551610946655,200.0,194.4,35.2,69,8,BAKE,196.2,192.5,196.2,192.5
2025-08-26T19:31:45.955,170.73696112632751,200.0,194.5,35.3,86,8,BAKE,196.5,192.5,196.5,192.5
2025-08-26T19:31:46.188,170.9702730178833,200.0,194.4,35.2,129,8,BAKE,196.2,192.5,196.2,192.5
2025-08-26T19:31:46.423,171.20516800880432,200.0,194.4,35.3,109,8,BAKE,196.2,192.5,196.2,192.5
2025-08-26T19:31:46.478,171.2599699497223,200.0,194.5,35.2,87,8,BAKE,196.2,192.8,196.2,192.8
2025-08-26T19:31:46.497,171.27919697761536,,194.5,35.2,,,PASSIVE,196.2,192.8,,
2025-08-26T19:31:46.947,171.72912502288818,200.0,194.1,35.2,174,8,BAKE,196.2,192.0,196.2,192.0
2025-08-26T19:31:47.184,171.96592211723328,200.0,194.2,35.3,91,8,BAKE,196.5,192.0,196.5,192.0
2025-08-26T19:31:47.479,172.26055002212524,200.0,194.2,35.3,111,8,BAKE,196.2,192.2,196.2,192.2
2025-08-26T19:31:47.718,172.50006103515625,200.0,194.1,35.2,134,8,BAKE,196.2,192.0,196.2,192.0
2025-08-26T19:31:47.952,172.7338809967041,200.0,194.4,35.3,69,8,BAKE,196.5,192.2,196.5,192.2
2025-08-26T19:31:48.249,173.03062105178833,200.0,194.2,35.3,131,8,BAKE,196.5,192.0,196.5,192.0
2025-08-26T19:31:48.423,173.20454096794128,200.0,194.4,35.3,89,8,BAKE,196.5,192.2,196.5,192.2
2025-08-26T19:31:48.717,173.49906611442566,200.0,194.5,35.3,87,8,BAKE,196.5,192.5,196.5,192.5
2025-08-26T19:31:48.953,173.73515796661377,200.0,194.5,35.2,107,8,BAKE,196.5,192.5,196.5,192.5
2025-08-26T19:31:49.184,173.96621203422546,200.0,194.4,35.2,129,8,BAKE,196.5,192.2,196.5,192.2
2025-08-26T19:31:49.481,174.26267409324646,200.0,194.6,35.2,64,8,BAKE,196.8,192.5,196.8,192.5
2025-08-26T19:31:49.512,174.29348611831665,,194.65,35.2,,,PASSIVE,196.8,192.5,,
2025-08-26T19:31:49.661,174.4425060749054,200.0,194.8,35.3,82,8,BAKE,196.8,192.8,196.8,192.8
2025-08-26T19:31:49.955,174.7366271018982,200.0,194.8,35.3,102,8,BAKE,196.8,192.8,196.8,192.8
2025-08-26T19:31:50.190,174.9714651107788,200.0,194.9,35.3,80,8,BAKE,196.8,193.0,196.8,193.0
2025-08-26T19:31:50.425,175.20713210105896,200.0,194.9,35.3,100,8,BAKE,196.8,193.0,196.8,193.0
2025-08-26T19:31:50.720,175.5014889240265,200.0,194.9,35.3,100,8,BAKE,196.8,193.0,196.8,193.0
2025-08-26T19:31:50.953,175.73476004600525,200.0,195.0,35.3,77,8,BAKE,196.8,193.2,196.8,193.2
2025-08-26T19:31:51.181,175.96296095848083,200.0,195.0,35.3,97,8,BAKE,196.8,193.2,196.8,193.2
2025-08-26T19:31:51.418,176.2002580165863,200.0,195.2,35.3,53,8,BAKE,196.8,193.8,196.8,193.8
2025-08-26T19:31:51.713,176.4947190284729,200.0,194.8,35.2,182,8,BAKE,196.8,192.8,196.8,192.8
2025-08-26T19:31:51.945,176.72713589668274,200.0,194.9,35.3,80,8,BAKE,196.8,193.0,196.8,193.0
2025-08-26T19:31:52.177,176.9584550857544,200.0,195.1,35.3,55,8,BAKE,196.8,193.5,196.8,193.5
2025-08-26T19:31:52.468,177.24994206428528,200.0,194.9,35.2,140,8,BAKE,196.5,193.2,196.5,193.2
2025-08-26T19:31:52.501,177.28305912017822,,194.85,35.2,,,PASSIVE,196.5,193.2,,
2025-08-26T19:31:52.705,177.48674297332764,200.0,195.1,35.3,55,8,BAKE,196.8,193.5,196.8,193.5
2025-08-26T19:31:52.940,177.72162699699402,200.0,195.1,35.3,95,8,BAKE,196.5,193.8,196.5,193.8
2025-08-26T19:31:53.169,177.95094203948975,200.0,195.1,35.3,95,8,BAKE,196.8,193.5,196.8,193.5
2025-08-26T19:31:53.464,178.24605703353882,200.0,195.2,35.3,73,8,BAKE,196.5,194.0,196.5,194.0
2025-08-26T19:31:53.701,178.48325896263123,200.0,195.1,35.2,115,8,BAKE,196.5,193.8,196.5,193.8
2025-08-26T19:31:53.929,178.71076011657715,200.0,195.0,35.3,117,8,BAKE,196.5,193.5,196.5,193.5
2025-08-26T19:31:54.219,179.00128412246704,200.0,195.1,35.3,75,8,BAKE,196.5,193.8,196.5,193.8
2025-08-26T19:31:54.455,179.2367889881134,200.0,194.9,35.3,140,8,BAKE,196.5,193.2,196.5,193.2
2025-08-26T19:31:54.690,179.47214007377625,200.0,194.9,35.2,100,8,BAKE,196.5,193.2,196.5,193.2
2025-08-26T19:31:54.925,179.7068099975586,200.0,195.1,35.3,55,8,BAKE,196.8,193.5,196.8,193.5
2025-08-26T19:31:55.215,179.99669003486633,200.0,195.0,35.3,118,8,BAKE,196.8,193.2,196.8,193.2
2025-08-26T19:31:55.451,180.23293089866638,200.0,195.0,35.3,98,8,BAKE,196.8,193.2,196.8,193.2
2025-08-26T19:31:55.460,180.24201011657715,200.0,195.0,35.2,98,8,BAKE,196.5,193.5,196.5,193.5
2025-08-26T19:31:55.486,180.267657995224,,195.0,35.2,,,PASSIVE,196.5,193.5,,
2025-08-26T19:31:55.923,180.70508909225464,200.0,195.0,35.3,98,8,BAKE,196.5,193.5,196.5,193.5
2025-08-26T19:31:56.217,180.99902391433716,200.0,195.4,35.3,30,8,BAKE,196.5,194.2,196.5,194.2
2025-08-26T19:31:56.454,181.2353799343109,200.0,195.2,35.3,113,8,BAKE,196.5,194.0,196.5,194.0
2025-08-26T19:31:56.686,181.46755695343018,200.0,195.5,35.3,48,8,BAKE,196.5,194.5,196.5,194.5
2025-08-26T19:31:56.917,181.69915199279785,200.0,195.5,35.3,88,8,BAKE,196.5,194.5,196.5,194.5
2025-08-26T19:31:57.211,181.99320101737976,200.0,195.4,35.3,111,8,BAKE,196.5,194.2,196.5,194.2
2025-08-26T19:31:57.449,182.23039603233337,200.0,195.2,35.3,113,8,BAKE,196.5,194.0,196.5,194.0
2025-08-26T19:31:57.685,182.46649289131165,200.0,195.0,35.3,138,8,BAKE,196.5,193.5,196.5,193.5
2025-08-26T19:31:57.981,182.7625470161438,200.0,195.2,35.3,53,8,BAKE,196.5,194.0,196.5,194.0
2025-08-26T19:31:58.220,183.00146508216858,200.0,195.1,35.3,115,8,BAKE,196.5,193.8,196.5,193.8
2025-08-26T19:31:58.457,183.23876309394836,200.0,195.1,35.3,95,8,BAKE,196.5,193.8,196.5,193.8
2025-08-26T19:31:58.465,183.24684810638428,200.0,194.9,35.3,140,8,BAKE,196.5,193.2,196.5,193.2
2025-08-26T19:31:58.470,183.25140404701233,,194.85,35.3,,,PASSIVE,196.5,193.2,,
2025-08-26T19:31:58.926,183.70782995224,200.0,194.9,35.3,100,8,BAKE,196.2,193.5,196.2,193.5
2025-08-26T19:31:59.220,184.00173592567444,200.0,194.9,35.3,100,8,BAKE,196.5,193.2,196.5,193.2
2025-08-26T19:31:59.456,184.2381410598755,200.0,194.8,35.3,123,8,BAKE,196.5,193.0,196.5,193.0
2025-08-26T19:31:59.686,184.4677860736847,200.0,194.9,35.3,80,8,BAKE,196.8,193.0,196.8,193.0
2025-08-26T19:31:59.917,184.6988639831543,200.0,194.8,35.3,123,8,BAKE,196.5,193.0,196.5,193.0
2025-08-26T19:32:00.211,184.99238896369934,200.0,194.5,35.3,147,8,BAKE,196.5,192.5,196.5,192.5
2025-08-26T19:32:00.448,185.22966599464417,200.0,194.5,35.3,107,8,BAKE,196.5,192.5,196.5,192.5
2025-08-26T19:32:00.745,185.52693700790405,200.0,194.5,35.3,107,8,BAKE,196.5,192.5,196.5,192.5
2025-08-26T19:32:00.918,185.70018601417542,200.0,194.6,35.3,85,8,BAKE,196.5,192.8,196.5,192.8
2025-08-26T19:32:01.212,185.99339199066162,200.0,194.6,35.4,105,8,BAKE,196.5,192.8,196.5,192.8
2025-08-26T19:32:01.447,186.22929692268372,200.0,194.6,35.3,105,8,BAKE,196.5,192.8,196.5,192.8
2025-08-26T19:32:01.475,186.2572410106659,,194.65,35.3,,,PASSIVE,196.5,192.8,,
2025-08-26T19:32:01.688,186.46995496749878,200.0,194.8,35.3,83,8,BAKE,196.5,193.0,196.5,193.0
2025-08-26T19:32:01.923,186.70481204986572,200.0,195.0,35.4,58,8,BAKE,196.8,193.2,196.8,193.2
2025-08-26T19:32:02.212,186.99410390853882,200.0,194.5,35.4,187,8,BAKE,196.5,192.5,196.5,192.5
2025-08-26T19:32:02.451,187.23241090774536,200.0,194.9,35.3,40,8,BAKE,196.8,193.0,196.8,193.0
2025-08-26T19:32:02.684,187.46585512161255,200.0,194.9,35.3,100,8,BAKE,196.8,193.0,196.8,193.0
2025-08-26T19:32:02.981,187.76260709762573,200.0,194.6,35.3,145,8,BAKE,196.5,192.8,196.5,192.8
2025-08-26T19:32:03.220,188.00153303146362,200.0,194.8,35.3,83,8,BAKE,196.5,193.0,196.5,193.0
2025-08-26T19:32:03.454,188.23629593849182,200.0,194.9,35.4,80,8,BAKE,196.5,193.2,196.5,193.2
2025-08-26T19:32:03.690,188.4716010093689,200.0,194.9,35.4,100,8,BAKE,196.5,193.2,196.5,193.2
2025-08-26T19:32:03.917,188.69931602478027,200.0,194.9,35.4,100,8,BAKE,196.8,193.0,196.8,193.0
2025-08-26T19:32:04.211,188.99331903457642,200.0,194.9,35.3,100,8,BAKE,196.5,193.2,196.5,193.2
2025-08-26T19:32:04.447,189.22928309440613,200.0,194.8,35.3,123,8,BAKE,196.5,193.0,196.5,193.0
2025-08-26T19:32:04.453,189.23438811302185,200.0,194.9,35.3,80,8,BAKE,196.5,193.2,196.5,193.2
2025-08-26T19:32:04.476,189.258043050766,,194.85,35.3,,,PASSIVE,196.5,193.2,,
2025-08-26T19:32:04.982,189.76374197006226,200.0,194.9,35.3,101,8,BAKE,196.5,193.2,196.5,193.2
2025-08-26T19:32:05.221,190.0025610923767,200.0,195.0,35.3,78,8,BAKE,196.8,193.2,196.8,193.2
2025-08-26T19:32:05.460,190.24175596237183,200.0,195.1,35.3,76,8,BAKE,196.8,193.5,196.8,193.5
2025-08-26T19:32:05.697,190.47886109352112,200.0,195.1,35.3,96,8,BAKE,196.8,193.5,196.8,193.5
2025-08-26T19:32:05.930,190.7120840549469,200.0,194.6,35.3,185,8,BAKE,196.5,192.8,196.5,192.8
2025-08-26T19:32:06.219,191.00117111206055,200.0,194.9,35.4,61,8,BAKE,196.8,193.0,196.8,193.0
2025-08-26T19:32:06.455,191.23711705207825,200.0,194.8,35.4,123,8,BAKE,196.8,192.8,196.8,192.8
2025-08-26T19:32:06.685,191.46710205078125,200.0,195.0,35.4,58,8,BAKE,196.8,193.2,196.8,193.2
2025-08-26T19:32:06.919,191.70085096359253,200.0,195.0,35.3,98,8,BAKE,196.8,193.2,196.8,193.2
2025-08-26T19:32:07.210,191.99212503433228,200.0,195.1,35.4,76,8,BAKE,196.8,193.5,196.8,193.5
2025-08-26T19:32:07.446,192.22780799865723,200.0,195.1,35.3,96,8,BAKE,196.8,193.5,196.8,193.5
2025-08-26T19:32:07.450,192.23191499710083,200.0,195.5,35.4,29,8,BAKE,196.8,194.2,196.8,194.2
2025-08-26T19:32:07.453,192.2350149154663,,195.5,35.4,,,PASSIVE,196.8,194.2,,
2025-08-26T19:32:07.921,192.702800989151,200.0,195.5,35.4,89,8,BAKE,196.8,194.2,196.8,194.2
2025-08-26T19:32:08.210,192.99216508865356,200.0,195.5,35.4,89,8,BAKE,196.8,194.2,196.8,194.2
2025-08-26T19:32:08.446,193.2280979156494,200.0,195.4,35.4,111,8,BAKE,196.8,194.0,196.8,194.0
2025-08-26T19:32:08.684,193.46534895896912,200.0,195.5,35.4,69,8,BAKE,197.0,194.0,197.0,194.0
2025-08-26T19:32:08.983,193.76457905769348,200.0,195.5,35.3,89,8,BAKE,196.8,194.2,196.8,194.2
2025-08-26T19:32:09.219,194.00041890144348,200.0,195.2,35.3,134,8,BAKE,196.8,193.8,196.8,193.8
2025-08-26T19:32:09.458,194.23952794075012,200.0,195.1,35.4,116,8,BAKE,196.8,193.5,196.8,193.5
2025-08-26T19:32:09.695,194.4764370918274,200.0,195.1,35.4,96,8,BAKE,197.0,193.2,197.0,193.2
2025-08-26T19:32:09.928,194.7094690799713,200.0,195.2,35.3,74,8,BAKE,197.0,193.5,197.0,193.5
2025-08-26T19:32:10.219,195.00034999847412,200.0,195.2,35.4,94,8,BAKE,197.0,193.5,197.0,193.5
2025-08-26T19:32:10.452,195.23398303985596,200.0,195.2,35.4,94,8,BAKE,197.2,193.2,197.2,193.2
2025-08-26T19:32:10.457,195.23842191696167,,195.2,35.4,,,PASSIVE,197.2,193.2,,
2025-08-26T19:32:10.689,195.47095704078674,200.0,195.4,35.4,71,8,BAKE,197.0,193.8,197.0,193.8
2025-08-26T19:32:10.926,195.70782709121704,200.0,195.2,35.4,114,8,BAKE,197.0,193.5,197.0,193.5
2025-08-26T19:32:11.219,196.00122690200806,200.0,194.9,35.4,161,8,BAKE,196.8,193.0,196.8,193.0
2025-08-26T19:32:11.459,196.2403519153595,200.0,195.0,35.5,79,8,BAKE,197.0,193.0,197.0,193.0
2025-08-26T19:32:11.696,196.4774889945984,200.0,195.1,35.3,76,8,BAKE,197.0,193.2,197.0,193.2
2025-08-26T19:32:11.994,196.7759039402008,200.0,195.1,35.4,96,8,BAKE,196.8,193.5,196.8,193.5
2025-08-26T19:32:12.167,196.9491651058197,200.0,195.4,35.3,51,8,BAKE,197.0,193.8,197.0,193.8
2025-08-26T19:32:12.461,197.24328112602234,200.0,195.4,35.4,91,8,BAKE,197.0,193.8,197.0,193.8
2025-08-26T19:32:12.698,197.4802269935608,200.0,195.5,35.4,69,8,BAKE,197.0,194.0,197.0,194.0
2025-08-26T19:32:12.933,197.71452498435974,200.0,195.2,35.4,134,8,BAKE,197.0,193.5,197.0,193.5
2025-08-26T19:32:13.232,198.01391196250916,200.0,195.0,35.4,139,8,BAKE,197.0,193.0,197.0,193.0
2025-08-26T19:32:13.465,198.24685907363892,200.0,194.9,35.4,121,8,BAKE,196.8,193.0,196.8,193.0
2025-08-26T19:32:13.487,198.26870489120483,,194.9,35.4,,,PASSIVE,196.8,193.0,,
2025-08-26T19:32:13.702,198.4837839603424,200.0,195.1,35.4,56,8,BAKE,197.0,193.2,197.0,193.2
2025-08-26T19:32:13.938,198.71966409683228,200.0,195.1,35.4,96,8,BAKE,197.0,193.2,197.0,193.2
2025-08-26T19:32:14.171,198.95270705223083,200.0,195.0,35.4,119,8,BAKE,197.0,193.0,197.0,193.0
2025-08-26T19:32:14.465,199.24679589271545,200.0,195.0,35.4,99,8,BAKE,197.2,192.8,197.2,192.8
2025-08-26T19:32:14.697,199.47879099845886,200.0,194.5,35.3,188,8,BAKE,196.8,192.2,196.8,192.2
2025-08-26T19:32:14.925,199.70712900161743,200.0,194.6,35.4,86,8,BAKE,197.0,192.2,197.0,192.2
2025-08-26T19:32:15.219,200.00104403495789,200.0,194.4,35.4,151,8,BAKE,197.0,191.8,197.0,191.8
2025-08-26T19:32:15.457,200.23930406570435,200.0,194.6,35.4,66,8,BAKE,197.2,192.0,197.2,192.0
2025-08-26T19:32:15.694,200.47625589370728,200.0,194.6,35.4,106,8,BAKE,197.0,192.2,197.0,192.2
2025-08-26T19:32:15.930,200.71232199668884,200.0,194.5,35.4,128,8,BAKE,197.0,192.0,197.0,192.0
2025-08-26T19:32:16.218,200.99994492530823,200.0,194.8,35.4,64,8,BAKE,197.0,192.5,197.0,192.5
2025-08-26T19:32:16.456,201.23825812339783,200.0,194.9,35.4,81,8,BAKE,197.0,192.8,197.0,192.8
2025-08-26T19:32:16.460,201.24152493476868,200.0,194.9,35.4,101,8,BAKE,197.2,192.5,197.2,192.5
2025-08-26T19:32:16.476,201.2581388950348,,194.85,35.4,,,PASSIVE,197.2,192.5,,
2025-08-26T19:32:16.926,201.70802092552185,200.0,194.8,35.4,124,8,BAKE,197.0,192.5,197.0,192.5
2025-08-26T19:32:17.220,202.00203204154968,200.0,194.9,35.5,81,8,BAKE,197.0,192.8,197.0,192.8
2025-08-26T19:32:17.455,202.23707699775696,200.0,194.9,35.4,101,8,BAKE,197.2,192.5,197.2,192.5
2025-08-26T19:32:17.690,202.47215008735657,200.0,194.8,35.4,124,8,BAKE,197.0,192.5,197.0,192.5
2025-08-26T19:32:17.919,202.70061993598938,200.0,194.9,35.4,81,8,BAKE,197.2,192.5,197.2,192.5
2025-08-26T19:32:18.208,202.9901580810547,200.0,194.9,35.4,101,8,BAKE,197.0,192.8,197.0,192.8
2025-08-26T19:32:18.445,203.22691202163696,200.0,195.0,35.4,79,8,BAKE,197.2,192.8,197.2,192.8
2025-08-26T19:32:18.681,203.463280916214,200.0,194.9,35.4,121,8,BAKE,197.2,192.5,197.2,192.5
2025-08-26T19:32:18.973,203.75467705726624,200.0,194.8,35.4,124,8,BAKE,197.0,192.5,197.0,192.5
2025-08-26T19:32:19.211,203.99244594573975,200.0,194.6,35.4,126,8,BAKE,197.0,192.2,197.0,192.2
2025-08-26T19:32:19.446,204.22747802734375,200.0,194.9,35.4,61,8,BAKE,197.2,192.5,197.2,192.5
2025-08-26T19:32:19.448,204.23020195960999,200.0,195.0,35.5,79,8,BAKE,197.0,193.0,197.0,193.0
2025-08-26T19:32:19.451,204.23232889175415,,195.0,35.5,,,PASSIVE,197.0,193.0,,
2025-08-26T19:32:19.971,204.7530961036682,200.0,195.0,35.5,99,8,BAKE,197.0,193.0,197.0,193.0
2025-08-26T19:32:20.210,204.991553068161,200.0,195.1,35.5,77,8,BAKE,197.2,193.0,197.2,193.0
2025-08-26T19:32:20.510,205.29192304611206,200.0,195.1,35.5,97,8,BAKE,197.2,193.0,197.2,193.0
2025-08-26T19:32:20.684,205.46592807769775,200.0,195.1,35.5,97,8,BAKE,197.2,193.0,197.2,193.0
2025-08-26T19:32:20.915,205.69690108299255,200.0,195.1,35.4,97,8,BAKE,197.0,193.2,197.0,193.2
2025-08-26T19:32:21.204,205.9861319065094,200.0,194.9,35.5,141,8,BAKE,197.0,192.8,197.0,192.8
2025-08-26T19:32:21.440,206.2218780517578,200.0,194.9,35.5,101,8,BAKE,197.2,192.5,197.2,192.5
2025-08-26T19:32:21.737,206.51884293556213,200.0,194.6,35.5,146,8,BAKE,197.0,192.2,197.0,192.2
2025-08-26T19:32:21.914,206.69594192504883,200.0,194.9,35.5,62,8,BAKE,197.0,192.8,197.0,192.8
2025-08-26T19:32:22.204,206.9860999584198,200.0,195.0,35.5,79,8,BAKE,197.2,192.8,197.2,192.8
2025-08-26T19:32:22.439,207.2204520702362,200.0,195.0,35.5,99,8,BAKE,197.2,192.8,197.2,192.8
2025-08-26T19:32:22.455,207.23703694343567,,195.0,35.5,,,PASSIVE,197.2,192.8,,
2025-08-26T19:32:22.676,207.457750082016,200.0,194.9,35.4,122,8,BAKE,197.0,192.8,197.0,192.8
2025-08-26T19:32:22.969,207.75054597854614,200.0,195.0,35.5,79,8,BAKE,197.2,192.8,197.2,192.8
2025-08-26T19:32:23.205,207.98667311668396,200.0,195.1,35.5,77,8,BAKE,197.2,193.0,197.2,193.0
2025-08-26T19:32:23.433,208.21529293060303,200.0,195.0,35.5,119,8,BAKE,197.2,192.8,197.2,192.8
2025-08-26T19:32:23.668,208.45030212402344,200.0,195.0,35.5,99,8,BAKE,197.2,192.8,197.2,192.8
2025-08-26T19:32:23.958,208.73984098434448,200.0,195.0,35.5,99,8,BAKE,197.2,192.8,197.2,192.8
2025-08-26T19:32:24.188,208.96974992752075,200.0,195.1,35.5,77,8,BAKE,197.2,193.0,197.2,193.0
2025-08-26T19:32:24.484,209.26609110832214,200.0,195.4,35.5,52,8,BAKE,197.5,193.2,197.5,193.2
2025-08-26T19:32:24.658,209.4400589466095,200.0,195.1,35.5,137,8,BAKE,197.2,193.0,197.2,193.0
2025-08-26T19:32:24.947,209.72836995124817,200.0,195.1,35.5,97,8,BAKE,197.2,193.0,197.2,193.0
2025-08-26T19:32:25.179,209.96085810661316,200.0,195.2,35.5,75,8,BAKE,197.2,193.2,197.2,193.2
2025-08-26T19:32:25.473,210.25478601455688,200.0,195.2,35.5,95,8,BAKE,197.0,193.5,197.0,193.5
2025-08-26T19:32:25.476,210.2579700946808,200.0,195.4,35.5,72,8,BAKE,197.2,193.5,197.2,193.5
2025-08-26T19:32:25.493,210.27457690238953,,195.35,35.5,,,PASSIVE,197.2,193.5,,
2025-08-26T19:32:25.945,210.72715997695923,200.0,195.2,35.5,115,8,BAKE,197.2,193.2,197.2,193.2
2025-08-26T19:32:26.174,210.95619010925293,200.0,195.4,35.5,72,8,BAKE,197.2,193.5,197.2,193.5
2025-08-26T19:32:26.471,211.2525761127472,200.0,195.5,35.5,70,8,BAKE,197.2,193.8,197.2,193.8
2025-08-26T19:32:26.709,211.49107599258423,200.0,195.6,35.5,68,8,BAKE,197.2,194.0,197.2,194.0
2025-08-26T19:32:26.947,211.72874903678894,200.0,195.5,35.5,110,8,BAKE,197.2,193.8,197.2,193.8
2025-08-26T19:32:27.178,211.95989203453064,200.0,195.5,35.5,90,8,BAKE,197.2,193.8,197.2,193.8
2025-08-26T19:32:27.469,212.2506821155548,200.0,195.6,35.5,68,8,BAKE,197.5,193.8,197.5,193.8
2025-08-26T19:32:27.705,212.48643112182617,200.0,195.9,35.6,43,8,BAKE,197.5,194.2,197.5,194.2
2025-08-26T19:32:27.940,212.72184801101685,200.0,195.8,35.5,105,8,BAKE,197.2,194.2,197.2,194.2
2025-08-26T19:32:28.177,212.9585039615631,200.0,195.8,35.5,85,8,BAKE,197.2,194.2,197.2,194.2
2025-08-26T19:32:28.471,213.25232911109924,200.0,195.9,35.5,63,8,BAKE,197.5,194.2,197.5,194.2
2025-08-26T19:32:28.473,213.25510096549988,200.0,195.5,35.5,150,8,BAKE,197.2,193.8,197.2,193.8
2025-08-26T19:32:28.490,213.27165603637695,,195.5,35.5,,,PASSIVE,197.2,193.8,,
2025-08-26T19:32:28.940,213.72202491760254,200.0,195.8,35.5,45,8,BAKE,197.5,194.0,197.5,194.0
2025-08-26T19:32:29.177,213.95838689804077,200.0,195.4,35.5,152,8,BAKE,197.2,193.5,197.2,193.5
2025-08-26T19:32:29.469,214.2511339187622,200.0,195.4,35.5,92,8,BAKE,197.2,193.5,197.2,193.5
2025-08-26T19:32:29.709,214.49070191383362,200.0,195.6,35.5,48,8,BAKE,197.5,193.8,197.5,193.8
2025-08-26T19:32:29.945,214.72699403762817,200.0,195.4,35.5,132,8,BAKE,197.2,193.5,197.2,193.5
2025-08-26T19:32:30.245,215.0263819694519,200.0,195.5,35.5,70,8,BAKE,197.5,193.5,197.5,193.5
2025-08-26T19:32:30.418,215.20010089874268,200.0,195.4,35.5,112,8,BAKE,197.5,193.2,197.5,193.2
2025-08-26T19:32:30.713,215.49481105804443,200.0,195.5,35.6,70,8,BAKE,197.5,193.5,197.5,193.5
2025-08-26T19:32:30.946,215.72779607772827,200.0,195.4,35.5,113,8,BAKE,197.2,193.5,197.2,193.5
2025-08-26T19:32:31.181,215.9623761177063,200.0,195.5,35.5,70,8,BAKE,197.5,193.5,197.5,193.5
2025-08-26T19:32:31.481,216.2624180316925,200.0,195.5,35.5,90,8,BAKE,197.5,193.5,197.5,193.5
2025-08-26T19:32:31.498,216.27939009666443,,195.5,35.5,,,PASSIVE,197.5,193.5,,
2025-08-26T19:32:31.656,216.4382359981537,200.0,195.5,35.5,90,8,BAKE,197.5,193.5,197.5,193.5
2025-08-26T19:32:31.948,216.730211019516,200.0,195.4,35.5,113,8,BAKE,197.5,193.2,197.5,193.2
2025-08-26T19:32:32.181,216.96265196800232,200.0,195.6,35.6,48,8,BAKE,197.8,193.5,197.8,193.5
2025-08-26T19:32:32.415,217.19654297828674,200.0,195.6,35.6,88,8,BAKE,197.5,193.8,197.5,193.8
2025-08-26T19:32:32.709,217.49124908447266,200.0,195.8,35.6,65,8,BAKE,197.5,194.0,197.5,194.0
2025-08-26T19:32:32.944,217.72589707374573,200.0,195.5,35.6,130,8,BAKE,197.5,193.5,197.5,193.5
2025-08-26T19:32:33.174,217.9560899734497,200.0,195.6,35.6,68,8,BAKE,197.8,193.5,197.8,193.5
2025-08-26T19:32:33.474,218.25629997253418,200.0,195.6,35.5,88,8,BAKE,197.5,193.8,197.5,193.8
2025-08-26T19:32:33.714,218.49549198150635,200.0,196.0,35.6,21,8,BAKE,197.8,194.2,197.8,194.2
2025-08-26T19:32:33.951,218.73254203796387,200.0,195.9,35.6,103,8,BAKE,197.8,194.0,197.8,194.0
2025-08-26T19:32:34.186,218.96770596504211,200.0,195.8,35.5,106,8,BAKE,197.5,194.0,197.5,194.0
2025-08-26T19:32:34.471,219.25266790390015,200.0,196.0,35.6,41,8,BAKE,197.8,194.2,197.8,194.2
2025-08-26T19:32:34.474,219.2556710243225,,196.0,35.6,,,PASSIVE,197.8,194.2,,
2025-08-26T19:32:34.712,219.4937300682068,200.0,195.8,35.5,126,8,BAKE,197.8,193.8,197.8,193.8
2025-08-26T19:32:34.947,219.72897911071777,200.0,195.6,35.6,108,8,BAKE,197.8,193.5,197.8,193.5
2025-08-26T19:32:35.182,219.96349692344666,200.0,195.6,35.5,88,8,BAKE,197.8,193.5,197.8,193.5
2025-08-26T19:32:35.414,220.19619512557983,200.0,195.9,35.6,43,8,BAKE,198.0,193.8,198.0,193.8
2025-08-26T19:32:35.704,220.48603105545044,200.0,195.8,35.5,106,8,BAKE,197.5,194.0,197.5,194.0
2025-08-26T19:32:35.935,220.71690607070923,200.0,196.0,35.6,41,8,BAKE,198.0,194.0,198.0,194.0
2025-08-26T19:32:36.169,220.9505479335785,200.0,195.9,35.6,103,8,BAKE,197.8,194.0,197.8,194.0
2025-08-26T19:32:36.463,221.244460105896,200.0,195.8,35.6,106,8,BAKE,197.8,193.8,197.8,193.8
2025-08-26T19:32:36.697,221.4789640903473,200.0,195.8,35.6,86,8,BAKE,197.8,193.8,197.8,193.8
2025-08-26T19:32:36.930,221.71152710914612,200.0,195.9,35.6,63,8,BAKE,197.8,194.0,197.8,194.0
2025-08-26T19:32:37.221,222.00297904014587,200.0,195.8,35.6,106,8,BAKE,197.8,193.8,197.8,193.8
2025-08-26T19:32:37.460,222.24183893203735,200.0,195.9,35.6,63,8,BAKE,198.0,193.8,198.0,193.8
2025-08-26T19:32:37.463,222.24448895454407,200.0,195.8,35.6,106,8,BAKE,197.8,193.8,197.8,193.8
2025-08-26T19:32:37.465,222.2467179298401,,195.8,35.6,,,PASSIVE,197.8,193.8,,
2025-08-26T19:32:37.930,222.7114019393921,200.0,195.8,35.6,86,8,BAKE,197.8,193.8,197.8,193.8
2025-08-26T19:32:38.221,223.00312900543213,200.0,195.9,35.6,63,8,BAKE,198.0,193.8,198.0,193.8
2025-08-26T19:32:38.457,223.23850512504578,200.0,195.9,35.6,83,8,BAKE,197.8,194.0,197.8,194.0
2025-08-26T19:32:38.691,223.4731800556183,200.0,195.9,35.6,83,8,BAKE,197.8,194.0,197.8,194.0
2025-08-26T19:32:38.920,223.70221495628357,200.0,195.9,35.6,83,8,BAKE,197.8,194.0,197.8,194.0
2025-08-26T19:32:39.215,223.99680590629578,200.0,195.8,35.6,106,8,BAKE,197.8,193.8,197.8,193.8
2025-08-26T19:32:39.452,224.2340030670166,200.0,195.9,35.6,63,8,BAKE,197.8,194.0,197.8,194.0
2025-08-26T19:32:39.689,224.47041511535645,200.0,195.8,35.6,106,8,BAKE,197.5,194.0,197.5,194.0
2025-08-26T19:32:39.989,224.77114510536194,200.0,195.9,35.6,63,8,BAKE,197.5,194.2,197.5,194.2
2025-08-26T19:32:40.163,224.94529700279236,200.0,196.1,35.6,39,8,BAKE,197.8,194.5,197.8,194.5
2025-08-26T19:32:40.456,225.2377200126648,200.0,196.0,35.6,101,8,BAKE,197.8,194.2,197.8,194.2
2025-08-26T19:32:40.459,225.24058389663696,200.0,195.8,35.6,126,8,BAKE,197.5,194.0,197.5,194.0
2025-08-26T19:32:40.475,225.25707292556763,,195.75,35.6,,,PASSIVE,197.5,194.0,,
2025-08-26T19:32:40.930,225.71137189865112,200.0,195.9,35.6,64,8,BAKE,197.8,194.0,197.8,194.0
2025-08-26T19:32:41.226,226.00734496116638,200.0,196.0,35.6,61,8,BAKE,197.8,194.2,197.8,194.2
2025-08-26T19:32:41.461,226.24312591552734,200.0,196.0,35.7,81,8,BAKE,197.8,194.2,197.8,194.2
2025-08-26T19:32:41.691,226.4731080532074,200.0,196.2,35.6,36,8,BAKE,197.8,194.8,197.8,194.8
2025-08-26T19:32:41.928,226.70951390266418,200.0,196.0,35.6,121,8,BAKE,197.5,194.5,197.5,194.5
2025-08-26T19:32:42.219,227.0012550354004,200.0,196.1,35.7,59,8,BAKE,197.5,194.8,197.5,194.8
2025-08-26T19:32:42.455,227.23662090301514,200.0,196.1,35.6,79,8,BAKE,197.5,194.8,197.5,194.8
2025-08-26T19:32:42.691,227.47301602363586,200.0,196.2,35.7,56,8,BAKE,197.8,194.8,197.8,194.8
2025-08-26T19:32:42.918,227.69954895973206,200.0,196.2,35.7,77,8,BAKE,197.8,194.8,197.8,194.8
2025-08-26T19:32:43.205,227.9863739013672,200.0,196.0,35.6,121,8,BAKE,197.5,194.5,197.5,194.5
2025-08-26T19:32:43.440,228.22150492668152,200.0,196.0,35.7,81,8,BAKE,197.5,194.5,197.5,194.5
2025-08-26T19:32:43.443,228.22454810142517,,196.0,35.7,,,PASSIVE,197.5,194.5,,
2025-08-26T19:32:43.678,228.45932912826538,200.0,196.0,35.7,81,8,BAKE,197.8,194.2,197.8,194.2
2025-08-26T19:32:43.969,228.75047612190247,200.0,196.1,35.6,59,8,BAKE,197.8,194.5,197.8,194.5
2025-08-26T19:32:44.201,228.98290300369263,200.0,196.0,35.6,101,8,BAKE,197.5,194.5,197.5,194.5
2025-08-26T19:32:44.427,229.2087700366974,200.0,196.1,35.7,59,8,BAKE,197.8,194.5,197.8,194.5
2025-08-26T19:32:44.663,229.4452850818634,200.0,196.1,35.7,79,8,BAKE,197.8,194.5,197.8,194.5
2025-08-26T19:32:44.954,229.7362790107727,200.0,196.0,35.6,101,8,BAKE,197.5,194.5,197.5,194.5
2025-08-26T19:32:45.191,229.97307300567627,200.0,195.9,35.7,104,8,BAKE,197.5,194.2,197.5,194.2
2025-08-26T19:32:45.491,230.27234506607056,200.0,195.6,35.6,128,8,BAKE,197.5,193.8,197.5,193.8
2025-08-26T19:32:45.666,230.44742393493652,200.0,195.9,35.8,44,8,BAKE,197.8,194.0,197.8,194.0
2025-08-26T19:32:45.958,230.7402720451355,200.0,195.6,35.7,129,8,BAKE,197.2,194.0,197.2,194.0
2025-08-26T19:32:46.195,230.97660899162292,200.0,195.8,35.7,66,8,BAKE,197.5,194.0,197.5,194.0
2025-08-26T19:32:46.428,231.2093379497528,200.0,195.8,35.7,86,8,BAKE,197.2,194.2,197.2,194.2
2025-08-26T19:32:46.430,231.2121241092682,200.0,195.9,35.7,64,8,BAKE,197.5,194.2,197.5,194.2
2025-08-26T19:32:46.483,231.26511311531067,,195.85,35.7,,,PASSIVE,197.5,194.2,,
2025-08-26T19:32:46.941,231.72308802604675,200.0,196.0,35.7,61,8,BAKE,197.5,194.5,197.5,194.5
2025-08-26T19:32:47.171,231.95298790931702,200.0,196.0,35.7,81,8,BAKE,197.2,194.8,197.2,194.8
2025-08-26T19:32:47.465,232.2469220161438,200.0,196.1,35.7,59,8,BAKE,197.5,194.8,197.5,194.8
2025-08-26T19:32:47.704,232.48625493049622,200.0,196.1,35.7,79,8,BAKE,197.5,194.8,197.5,194.8
2025-08-26T19:32:47.936,232.71757006645203,200.0,196.1,35.8,79,8,BAKE,197.5,194.8,197.5,194.8
2025-08-26T19:32:48.168,232.95007705688477,200.0,195.9,35.7,124,8,BAKE,197.5,194.2,197.5,194.2
2025-08-26T19:32:48.455,233.23670291900635,200.0,195.9,35.7,84,8,BAKE,197.5,194.2,197.5,194.2
2025-08-26T19:32:48.686,233.46736407279968,200.0,195.9,35.7,84,8,BAKE,197.5,194.2,197.5,194.2
2025-08-26T19:32:48.922,233.70390605926514,200.0,195.9,35.8,84,8,BAKE,197.5,194.2,197.5,194.2
2025-08-26T19:32:49.214,233.99552989006042,200.0,195.9,35.7,84,8,BAKE,197.5,194.2,197.5,194.2
2025-08-26T19:32:49.451,234.23289895057678,200.0,196.1,35.7,39,8,BAKE,197.5,194.8,197.5,194.8
2025-08-26T19:32:49.454,234.23576593399048,200.0,196.2,35.8,57,8,BAKE,197.5,195.0,197.5,195.0
2025-08-26T19:32:49.456,234.23805499076843,,196.25,35.8,,,PASSIVE,197.5,195.0,,
2025-08-26T19:32:49.914,234.6963028907776,200.0,196.1,35.7,99,8,BAKE,197.5,194.8,197.5,194.8
2025-08-26T19:32:50.205,234.98633003234863,200.0,196.1,35.8,79,8,BAKE,197.5,194.8,197.5,194.8
2025-08-26T19:32:50.438,235.2202091217041,200.0,196.0,35.8,102,8,BAKE,197.2,194.8,197.2,194.8
2025-08-26T19:32:50.675,235.45684790611267,200.0,196.0,35.7,82,8,BAKE,197.2,194.8,197.2,194.8
2025-08-26T19:32:50.970,235.75147604942322,200.0,196.4,35.7,15,8,BAKE,197.5,195.2,197.5,195.2
2025-08-26T19:32:51.204,235.98632502555847,200.0,196.2,35.8,97,8,BAKE,197.8,194.8,197.8,194.8
2025-08-26T19:32:51.434,236.215665102005,200.0,196.1,35.7,99,8,BAKE,197.5,194.8,197.5,194.8
2025-08-26T19:32:51.663,236.44510698318481,200.0,196.0,35.7,102,8,BAKE,197.5,194.5,197.5,194.5
2025-08-26T19:32:51.958,236.73978304862976,200.0,195.6,35.8,149,8,BAKE,197.2,194.0,197.2,194.0
2025-08-26T19:32:52.191,236.97277998924255,200.0,195.6,35.7,89,8,BAKE,197.2,194.0,197.2,194.0
2025-08-26T19:32:52.424,237.20622611045837,200.0,195.6,35.8,89,8,BAKE,197.2,194.0,197.2,194.0
2025-08-26T19:32:52.480,237.2619390487671,,195.6,35.8,,,PASSIVE,197.2,194.0,,
2025-08-26T19:32:52.654,237.43558311462402,200.0,195.8,35.8,66,8,BAKE,197.2,194.2,197.2,194.2
2025-08-26T19:32:52.947,237.72894096374512,200.0,195.6,35.8,109,8,BAKE,197.5,193.8,197.5,193.8
2025-08-26T19:32:53.182,237.96384692192078,200.0,195.9,35.8,44,8,BAKE,197.5,194.2,197.5,194.2
2025-08-26T19:32:53.417,238.198744058609,200.0,195.9,35.7,84,8,BAKE,197.5,194.2,197.5,194.2
2025-08-26T19:32:53.711,238.49292302131653,200.0,195.8,35.8,107,8,BAKE,197.5,194.0,197.5,194.0
2025-08-26T19:32:53.947,238.72860312461853,200.0,195.6,35.8,109,8,BAKE,197.5,193.8,197.5,193.8
2025-08-26T19:32:54.174,238.95606994628906,200.0,195.4,35.8,134,8,BAKE,197.5,193.2,197.5,193.2
2025-08-26T19:32:54.411,239.19241309165955,200.0,195.2,35.7,116,8,BAKE,197.2,193.2,197.2,193.2
2025-08-26T19:32:54.705,239.4864799976349,200.0,195.4,35.8,74,8,BAKE,197.2,193.5,197.2,193.5
2025-08-26T19:32:54.940,239.72199606895447,200.0,195.2,35.8,116,8,BAKE,197.2,193.2,197.2,193.2
2025-08-26T19:32:55.176,239.9580318927765,200.0,195.2,35.7,96,8,BAKE,197.2,193.2,197.2,193.2
2025-08-26T19:32:55.462,240.24424290657043,200.0,195.1,35.7,118,8,BAKE,197.2,193.0,197.2,193.0
2025-08-26T19:32:55.480,240.26212310791016,,195.1,35.7,,,PASSIVE,197.2,193.0,,
2025-08-26T19:32:55.696,240.47780299186707,200.0,195.1,35.8,99,8,BAKE,197.2,193.0,197.2,193.0
2025-08-26T19:32:55.932,240.7135910987854,200.0,195.0,35.8,121,8,BAKE,197.2,192.8,197.2,192.8
2025-08-26T19:32:56.221,241.00298500061035,200.0,195.1,35.7,79,8,BAKE,197.2,193.0,197.2,193.0
2025-08-26T19:32:56.460,241.24176406860352,200.0,195.1,35.8,99,8,BAKE,197.2,193.0,197.2,193.0
2025-08-26T19:32:56.696,241.47771692276,200.0,195.1,35.8,99,8,BAKE,197.5,192.8,197.5,192.8
2025-08-26T19:32:56.932,241.71388602256775,200.0,195.1,35.8,99,8,BAKE,197.2,193.0,197.2,193.0
2025-08-26T19:32:57.167,241.9484179019928,200.0,195.2,35.8,76,8,BAKE,197.5,193.0,197.5,193.0
2025-08-26T19:32:57.461,242.24255990982056,200.0,195.0,35.8,141,8,BAKE,197.2,192.8,197.2,192.8
2025-08-26T19:32:57.699,242.48111701011658,200.0,195.0,35.8,101,8,BAKE,197.2,192.8,197.2,192.8
2025-08-26T19:32:57.934,242.71613597869873,200.0,194.8,35.7,146,8,BAKE,197.2,192.2,197.2,192.2
2025-08-26T19:32:58.232,243.01426911354065,200.0,194.8,35.8,106,8,BAKE,197.2,192.2,197.2,192.2
2025-08-26T19:32:58.410,243.1914939880371,200.0,195.0,35.8,61,8,BAKE,197.2,192.8,197.2,192.8
2025-08-26T19:32:58.465,243.24653005599976,200.0,195.0,35.8,101,8,BAKE,197.2,192.8,197.2,192.8
2025-08-26T19:32:58.482,243.26366996765137,,195.0,35.8,,,PASSIVE,197.2,192.8,,
2025-08-26T19:32:58.939,243.72124004364014,200.0,195.1,35.8,79,8,BAKE,197.2,193.0,197.2,193.0
2025-08-26T19:32:59.177,243.9584310054779,200.0,194.9,35.8,143,8,BAKE,197.2,192.5,197.2,192.5
2025-08-26T19:32:59.470,244.2523078918457,200.0,195.0,35.8,81,8,BAKE,197.2,192.8,197.2,192.8
2025-08-26T19:32:59.703,244.48528695106506,200.0,195.1,35.8,79,8,BAKE,197.5,192.8,197.5,192.8
2025-08-26T19:32:59.941,244.72257900238037,200.0,195.2,35.8,76,8,BAKE,197.5,193.0,197.5,193.0
2025-08-26T19:33:00.178,244.9596290588379,200.0,195.1,35.8,119,8,BAKE,197.5,192.8,197.5,192.8
2025-08-26T19:33:00.412,245.19368290901184,200.0,195.0,35.8,121,8,BAKE,197.5,192.5,197.5,192.5
2025-08-26T19:33:00.706,245.48779106140137,200.0,194.9,35.8,124,8,BAKE,197.5,192.2,197.5,192.2
2025-08-26T19:33:00.941,245.7225160598755,200.0,194.9,35.8,104,8,BAKE,197.5,192.2,197.5,192.2
2025-08-26T19:33:01.171,245.952819108963,200.0,195.0,35.8,81,8,BAKE,197.5,192.5,197.5,192.5
2025-08-26T19:33:01.471,246.2531111240387,200.0,194.9,35.8,124,8,BAKE,197.2,192.5,197.2,192.5
2025-08-26T19:33:01.474,246.25611400604248,200.0,195.1,35.8,59,8,BAKE,197.5,192.8,197.5,192.8
2025-08-26T19:33:01.491,246.27330994606018,,195.15,35.8,,,PASSIVE,197.5,192.8,,
2025-08-26T19:33:01.951,246.73271203041077,200.0,195.2,35.8,77,8,BAKE,197.5,193.0,197.5,193.0
2025-08-26T19:33:02.183,246.96500706672668,200.0,195.5,35.8,52,8,BAKE,197.8,193.2,197.8,193.2
2025-08-26T19:33:02.480,247.26139092445374,200.0,195.2,35.9,137,8,BAKE,197.5,193.0,197.5,193.0
2025-08-26T19:33:02.655,247.4364709854126,200.0,195.4,35.8,74,8,BAKE,197.8,193.0,197.8,193.0
2025-08-26T19:33:02.949,247.7303910255432,200.0,195.2,35.8,117,8,BAKE,197.5,193.0,197.5,193.0
2025-08-26T19:33:03.179,247.96047401428223,200.0,195.2,35.8,97,8,BAKE,197.8,192.8,197.8,192.8
2025-08-26T19:33:03.411,248.19329810142517,200.0,195.1,35.8,119,8,BAKE,197.8,192.5,197.8,192.5
2025-08-26T19:33:03.702,248.48387503623962,200.0,195.2,35.8,77,8,BAKE,197.5,193.0,197.5,193.0
2025-08-26T19:33:03.938,248.71949100494385,200.0,195.2,35.8,97,8,BAKE,197.5,193.0,197.5,193.0
2025-08-26T19:33:04.173,248.95520901679993,200.0,195.5,35.8,52,8,BAKE,197.8,193.2,197.8,193.2
2025-08-26T19:33:04.465,249.24714589118958,200.0,195.5,35.9,92,8,BAKE,197.8,193.2,197.8,193.2
2025-08-26T19:33:04.483,249.26481199264526,,195.5,35.9,,,PASSIVE,197.8,193.2,,
2025-08-26T19:33:04.706,249.48820400238037,200.0,195.6,35.9,70,8,BAKE,197.8,193.5,197.8,193.5
2025-08-26T19:33:04.942,249.72362208366394,200.0,195.4,35.8,134,8,BAKE,197.8,193.0,197.8,193.0
2025-08-26T19:33:05.240,250.02226090431213,200.0,195.4,35.8,94,8,BAKE,197.8,193.0,197.8,193.0
2025-08-26T19:33:05.412,250.19419312477112,200.0,195.2,35.8,117,8,BAKE,197.8,192.8,197.8,192.8
2025-08-26T19:33:05.706,250.48820304870605,200.0,195.5,35.8,52,8,BAKE,197.8,193.2,197.8,193.2
2025-08-26T19:33:05.943,250.72507500648499,200.0,195.4,35.8,114,8,BAKE,197.8,193.0,197.8,193.0
2025-08-26T19:33:06.177,250.95836091041565,200.0,195.6,35.8,50,8,BAKE,198.0,193.2,198.0,193.2
2025-08-26T19:33:06.477,251.2586419582367,200.0,195.6,35.8,90,8,BAKE,198.0,193.2,198.0,193.2
2025-08-26T19:33:06.653,251.43465995788574,200.0,195.5,35.8,112,8,BAKE,197.5,193.5,197.5,193.5
2025-08-26T19:33:06.941,251.7227280139923,200.0,195.6,35.8,70,8,BAKE,197.5,193.8,197.5,193.8
2025-08-26T19:33:07.177,251.95859098434448,200.0,195.8,35.8,67,8,BAKE,197.8,193.8,197.8,193.8
2025-08-26T19:33:07.412,252.19336104393005,200.0,196.1,35.9,20,8,BAKE,198.0,194.2,198.0,194.2
2025-08-26T19:33:07.465,252.2468559741974,200.0,196.1,35.9,80,8,BAKE,198.0,194.2,198.0,194.2
2025-08-26T19:33:07.483,252.26454210281372,,196.1,35.9,,,PASSIVE,198.0,194.2,,
2025-08-26T19:33:07.940,252.72135305404663,200.0,196.2,35.9,58,8,BAKE,198.0,194.5,198.0,194.5
2025-08-26T19:33:08.170,252.95186805725098,200.0,196.2,35.9,78,8,BAKE,198.0,194.5,198.0,194.5
2025-08-26T19:33:08.462,253.2442009449005,200.0,196.4,35.9,55,8,BAKE,198.2,194.5,198.2,194.5
2025-08-26T19:33:08.701,253.48325395584106,200.0,196.4,35.9,75,8,BAKE,198.2,194.5,198.2,194.5
2025-08-26T19:33:08.938,253.71952509880066,200.0,196.2,35.9,98,8,BAKE,198.2,194.2,198.2,194.2
2025-08-26T19:33:09.173,253.95528101921082,200.0,196.2,35.9,78,8,BAKE,198.0,194.5,198.0,194.5
2025-08-26T19:33:09.462,254.2434859275818,200.0,196.4,35.9,56,8,BAKE,198.0,194.8,198.0,194.8
2025-08-26T19:33:09.694,254.47624111175537,200.0,196.4,35.9,76,8,BAKE,198.0,194.8,198.0,194.8
2025-08-26T19:33:09.930,254.71157908439636,200.0,196.2,35.9,98,8,BAKE,198.0,194.5,198.0,194.5
2025-08-26T19:33:10.165,254.94668197631836,200.0,196.2,35.8,78,8,BAKE,198.0,194.5,198.0,194.5
2025-08-26T19:33:10.458,255.23979806900024,200.0,196.1,35.8,100,8,BAKE,198.0,194.2,198.0,194.2
2025-08-26T19:33:10.463,255.24442505836487,200.0,195.9,35.8,125,8,BAKE,198.0,193.8,198.0,193.8
2025-08-26T19:33:10.484,255.26578998565674,,195.9,35.8,,,PASSIVE,198.0,193.8,,
2025-08-26T19:33:10.932,255.714271068573,200.0,195.8,35.8,107,8,BAKE,198.0,193.5,198.0,193.5
2025-08-26T19:33:11.161,255.94275999069214,200.0,196.1,35.9,20,8,BAKE,198.2,194.0,198.2,194.0
2025-08-26T19:33:11.453,256.23521399497986,200.0,196.0,35.8,103,8,BAKE,198.2,193.8,198.2,193.8
2025-08-26T19:33:11.690,256.472069978714,200.0,195.8,35.9,128,8,BAKE,198.0,193.5,198.0,193.5
2025-08-26T19:33:11.927,256.7088449001312,200.0,195.8,35.9,88,8,BAKE,198.0,193.5,198.0,193.5
2025-08-26T19:33:12.220,257.00181794166565,200.0,195.9,35.9,65,8,BAKE,198.2,193.5,198.2,193.5
2025-08-26T19:33:12.454,257.2358078956604,200.0,195.9,35.9,85,8,BAKE,198.2,193.5,198.2,193.5
2025-08-26T19:33:12.691,257.47292709350586,200.0,195.8,35.9,108,8,BAKE,198.0,193.5,198.0,193.5
2025-08-26T19:33:12.928,257.71009707450867,200.0,195.9,35.9,65,8,BAKE,198.2,193.5,198.2,193.5
2025-08-26T19:33:13.215,257.9965920448303,200.0,196.0,36.0,63,8,BAKE,198.2,193.8,198.2,193.8
2025-08-26T19:33:13.445,258.22711396217346,200.0,195.9,35.9,105,8,BAKE,198.0,193.8,198.0,193.8
2025-08-26T19:33:13.456,258.23785495758057,,195.9,35.9,,,PASSIVE,198.0,193.8,,
2025-08-26T19:33:13.685,258.467139005661,200.0,196.1,35.9,40,8,BAKE,198.0,194.2,198.0,194.2
2025-08-26T19:33:13.923,258.7046310901642,200.0,196.1,36.0,80,8,BAKE,198.0,194.2,198.0,194.2
2025-08-26T19:33:14.213,258.99507689476013,200.0,196.1,36.0,81,8,BAKE,198.0,194.2,198.0,194.2
2025-08-26T19:33:14.447,259.22849798202515,200.0,196.1,35.9,81,8,BAKE,198.0,194.2,198.0,194.2
2025-08-26T19:33:14.678,259.45981907844543,200.0,196.2,35.9,58,8,BAKE,198.0,194.5,198.0,194.5
2025-08-26T19:33:14.979,259.7606658935547,200.0,196.0,35.9,123,8,BAKE,198.0,194.0,198.0,194.0
2025-08-26T19:33:15.214,259.99544310569763,200.0,195.8,36.0,128,8,BAKE,198.0,193.5,198.0,193.5
2025-08-26T19:33:15.453,260.2346739768982,200.0,195.9,35.9,65,8,BAKE,198.0,193.8,198.0,193.8
2025-08-26T19:33:15.685,260.46651697158813,200.0,195.9,35.9,85,8,BAKE,198.2,193.5,198.2,193.5
2025-08-26T19:33:15.921,260.70286798477173,200.0,195.5,36.0,152,8,BAKE,198.0,193.0,198.0,193.0
2025-08-26T19:33:16.215,260.9972229003906,200.0,196.0,35.9,3,8,BAKE,198.2,193.8,198.2,193.8
2025-08-26T19:33:16.448,261.2294011116028,200.0,195.8,35.9,128,8,BAKE,198.0,193.5,198.0,193.5
2025-08-26T19:33:16.507,261.2884991168976,,195.75,35.9,,,PASSIVE,198.0,193.5,,
2025-08-26T19:33:16.683,261.4651610851288,200.0,195.9,36.0,65,8,BAKE,198.2,193.5,198.2,193.5
2025-08-26T19:33:16.919,261.7006471157074,200.0,195.6,35.9,130,8,BAKE,198.0,193.2,198.0,193.2
2025-08-26T19:33:17.204,261.98611211776733,200.0,195.5,36.0,113,8,BAKE,198.0,193.0,198.0,193.0
2025-08-26T19:33:17.441,262.2225420475006,200.0,195.6,36.0,70,8,BAKE,198.2,193.0,198.2,193.0
2025-08-26T19:33:17.736,262.5178020000458,200.0,195.5,36.0,113,8,BAKE,198.0,193.0,198.0,193.0
2025-08-26T19:33:17.909,262.6910910606384,200.0,195.8,35.9,48,8,BAKE,198.2,193.2,198.2,193.2
2025-08-26T19:33:18.197,262.978707075119,200.0,195.6,36.0,110,8,BAKE,198.0,193.2,198.0,193.2
2025-08-26T19:33:18.432,263.213534116745,200.0,195.6,35.9,90,8,BAKE,198.0,193.2,198.0,193.2
2025-08-26T19:33:18.662,263.44374990463257,200.0,195.8,36.0,68,8,BAKE,198.0,193.5,198.0,193.5
2025-08-26T19:33:18.957,263.7384021282196,200.0,195.9,36.0,65,8,BAKE,198.2,193.5,198.2,193.5
2025-08-26T19:33:19.192,263.9741129875183,200.0,195.9,35.9,86,8,BAKE,198.0,193.8,198.0,193.8
2025-08-26T19:33:19.421,264.20279693603516,200.0,195.9,36.0,86,8,BAKE,198.2,193.5,198.2,193.5
2025-08-26T19:33:19.430,264.21212911605835,200.0,196.0,35.9,63,8,BAKE,198.2,193.8,198.2,193.8
2025-08-26T19:33:19.476,264.2577850818634,,196.0,35.9,,,PASSIVE,198.2,193.8,,
2025-08-26T19:33:19.954,264.73563599586487,200.0,195.9,35.9,106,8,BAKE,198.0,193.8,198.0,193.8
2025-08-26T19:33:20.186,264.96757793426514,200.0,195.9,36.0,86,8,BAKE,198.2,193.5,198.2,193.5
2025-08-26T19:33:20.482,265.2636868953705,200.0,195.9,36.0,86,8,BAKE,198.0,193.8,198.0,193.8
2025-08-26T19:33:20.652,265.43351101875305,200.0,195.8,36.0,108,8,BAKE,198.0,193.5,198.0,193.5
2025-08-26T19:33:20.940,265.72182297706604,200.0,195.6,36.0,110,8,BAKE,198.0,193.2,198.0,193.2
2025-08-26T19:33:21.176,265.9576599597931,200.0,195.4,35.9,135,8,BAKE,197.8,193.0,197.8,193.0
2025-08-26T19:33:21.410,266.19200110435486,200.0,195.6,36.0,50,8,BAKE,197.8,193.5,197.8,193.5
2025-08-26T19:33:21.704,266.48590207099915,200.0,195.6,36.0,90,8,BAKE,198.0,193.2,198.0,193.2
2025-08-26T19:33:21.939,266.7205641269684,200.0,195.6,36.0,90,8,BAKE,198.0,193.2,198.0,193.2
2025-08-26T19:33:22.168,266.94970512390137,200.0,195.6,36.1,90,8,BAKE,198.0,193.2,198.0,193.2
2025-08-26T19:33:22.463,267.2448070049286,200.0,195.4,35.9,135,8,BAKE,197.8,193.0,197.8,193.0
2025-08-26T19:33:22.474,267.2554929256439,200.0,195.6,36.0,50,8,BAKE,198.0,193.2,198.0,193.2
2025-08-26T19:33:22.479,267.26069498062134,,195.6,36.0,,,PASSIVE,198.0,193.2,,
2025-08-26T19:33:22.941,267.72250509262085,200.0,195.8,36.0,68,8,BAKE,198.0,193.5,198.0,193.5
2025-08-26T19:33:23.176,267.95826506614685,200.0,195.6,35.9,110,8,BAKE,197.8,193.5,197.8,193.5
2025-08-26T19:33:23.466,268.24790501594543,200.0,195.6,36.1,90,8,BAKE,198.0,193.2,198.0,193.2
2025-08-26T19:33:23.704,268.4862630367279,200.0,195.4,36.0,135,8,BAKE,197.8,193.0,197.8,193.0
2025-08-26T19:33:23.941,268.7225489616394,200.0,195.4,36.0,95,8,BAKE,198.0,192.8,198.0,192.8
2025-08-26T19:33:24.175,268.95702600479126,200.0,195.2,36.1,118,8,BAKE,197.8,192.8,197.8,192.8
2025-08-26T19:33:24.410,269.19134998321533,200.0,195.1,35.9,120,8,BAKE,198.0,192.2,198.0,192.2
2025-08-26T19:33:24.699,269.4809250831604,200.0,195.2,36.0,78,8,BAKE,198.0,192.5,198.0,192.5
2025-08-26T19:33:24.936,269.7180950641632,200.0,195.2,36.0,98,8,BAKE,198.0,192.5,198.0,192.5
2025-08-26T19:33:25.168,269.95020508766174,200.0,195.2,36.1,98,8,BAKE,198.0,192.5,198.0,192.5
2025-08-26T19:33:25.463,270.24477100372314,200.0,195.0,36.1,142,8,BAKE,198.0,192.0,198.0,192.0
2025-08-26T19:33:25.497,270.2784991264343,,195.0,36.1,,,PASSIVE,198.0,192.0,,
2025-08-26T19:33:25.705,270.487282037735,200.0,195.1,35.9,80,8,BAKE,198.0,192.2,198.0,192.2
2025-08-26T19:33:25.943,270.7244679927826,200.0,195.0,36.0,122,8,BAKE,198.0,192.0,198.0,192.0
2025-08-26T19:33:26.242,271.0234899520874,200.0,195.4,36.0,35,8,BAKE,198.2,192.5,198.2,192.5
2025-08-26T19:33:26.416,271.19832491874695,200.0,195.2,36.0,118,8,BAKE,198.0,192.5,198.0,192.5
2025-08-26T19:33:26.705,271.48720502853394,200.0,195.1,35.9,120,8,BAKE,197.8,192.5,197.8,192.5
2025-08-26T19:33:26.940,271.72215390205383,200.0,195.4,36.1,55,8,BAKE,198.2,192.5,198.2,192.5
2025-08-26T19:33:27.175,271.9564039707184,200.0,195.2,36.1,118,8,BAKE,198.2,192.2,198.2,192.2
2025-08-26T19:33:27.471,272.25279211997986,200.0,195.0,36.1,143,8,BAKE,198.0,192.0,198.0,192.0
2025-08-26T19:33:27.706,272.4879701137543,200.0,194.9,36.1,125,8,BAKE,198.2,191.5,198.2,191.5
2025-08-26T19:33:27.945,272.7269649505615,200.0,194.9,36.1,105,8,BAKE,198.2,191.5,198.2,191.5
2025-08-26T19:33:28.179,272.9606809616089,200.0,194.6,36.0,150,8,BAKE,198.0,191.2,198.0,191.2
2025-08-26T19:33:28.409,273.19080901145935,200.0,194.8,36.0,87,8,BAKE,197.8,191.8,197.8,191.8
2025-08-26T19:33:28.463,273.2450039386749,200.0,195.0,36.1,63,8,BAKE,198.0,192.0,198.0,192.0
2025-08-26T19:33:28.482,273.26392889022827,,195.0,36.1,,,PASSIVE,198.0,192.0,,
2025-08-26T19:33:28.939,273.7205970287323,200.0,195.0,36.0,103,8,BAKE,197.8,192.2,197.8,192.2
2025-08-26T19:33:29.168,273.9497621059418,200.0,195.1,36.1,80,8,BAKE,198.0,192.2,198.0,192.2
2025-08-26T19:33:29.466,274.24799394607544,200.0,195.0,36.0,123,8,BAKE,197.8,192.2,197.8,192.2
2025-08-26T19:33:29.704,274.4862389564514,200.0,195.1,36.1,80,8,BAKE,198.0,192.2,198.0,192.2
2025-08-26T19:33:29.943,274.72450399398804,200.0,195.2,36.0,78,8,BAKE,198.0,192.5,198.0,192.5
2025-08-26T19:33:30.180,274.9619081020355,200.0,195.4,36.0,76,8,BAKE,198.0,192.8,198.0,192.8
2025-08-26T19:33:30.466,275.2479751110077,200.0,195.1,36.1,140,8,BAKE,198.0,192.2,198.0,192.2
2025-08-26T19:33:30.705,275.48677802085876,200.0,195.1,36.0,100,8,BAKE,198.2,192.0,198.2,192.0
2025-08-26T19:33:30.944,275.7253499031067,200.0,195.1,36.1,100,8,BAKE,198.2,192.0,198.2,192.0
2025-08-26T19:33:31.176,275.958291053772,200.0,195.1,36.0,100,8,BAKE,198.2,192.0,198.2,192.0
2025-08-26T19:33:31.409,276.1912360191345,200.0,195.0,36.1,123,8,BAKE,198.2,191.8,198.2,191.8
2025-08-26T19:33:31.463,276.2451479434967,200.0,195.1,36.0,80,8,BAKE,198.2,192.0,198.2,192.0
2025-08-26T19:33:31.466,276.2482810020447,,195.1,36.0,,,PASSIVE,198.2,192.0,,
2025-08-26T19:33:31.936,276.7179319858551,200.0,195.0,36.1,123,8,BAKE,198.2,191.8,198.2,191.8
2025-08-26T19:33:32.171,276.9525969028473,200.0,195.1,36.1,80,8,BAKE,198.2,192.0,198.2,192.0
2025-08-26T19:33:32.464,277.2453351020813,200.0,195.2,36.1,78,8,BAKE,198.5,192.0,198.5,192.0
2025-08-26T19:33:32.702,277.48421812057495,200.0,195.2,36.1,98,8,BAKE,198.5,192.0,198.5,192.0
2025-08-26T19:33:32.939,277.72057604789734,200.0,195.4,36.1,76,8,BAKE,198.5,192.2,198.5,192.2
2025-08-26T19:33:33.239,278.0213038921356,200.0,195.6,36.1,51,8,BAKE,198.5,192.8,198.5,192.8
2025-08-26T19:33:33.409,278.19123911857605,200.0,195.5,36.1,113,8,BAKE,198.5,192.5,198.5,192.5
2025-08-26T19:33:33.703,278.48510003089905,200.0,195.6,36.1,71,8,BAKE,198.5,192.8,198.5,192.8
2025-08-26T19:33:33.940,278.7218379974365,200.0,195.5,36.1,113,8,BAKE,198.2,192.8,198.2,192.8
2025-08-26T19:33:34.175,278.95683693885803,200.0,195.6,36.0,71,8,BAKE,198.2,193.0,198.2,193.0
2025-08-26T19:33:34.472,279.253958940506,200.0,195.8,36.1,69,8,BAKE,198.5,193.0,198.5,193.0
2025-08-26T19:33:34.506,279.2875699996948,,195.75,36.1,,,PASSIVE,198.5,193.0,,
2025-08-26T19:33:34.655,279.43666410446167,200.0,195.8,36.1,89,8,BAKE,198.5,193.0,198.5,193.0
2025-08-26T19:33:34.947,279.72869300842285,200.0,195.8,36.1,89,8,BAKE,198.2,193.2,198.2,193.2
2025-08-26T19:33:35.183,279.96472811698914,200.0,195.4,36.1,156,8,BAKE,198.2,192.5,198.2,192.5
2025-08-26T19:33:35.418,280.19970703125,200.0,195.5,36.1,74,8,BAKE,198.5,192.5,198.5,192.5
2025-08-26T19:33:35.712,280.4936320781708,200.0,195.4,36.1,116,8,BAKE,198.2,192.5,198.2,192.5
2025-08-26T19:33:35.949,280.73050808906555,200.0,195.8,36.1,29,8,BAKE,198.5,193.0,198.5,193.0
2025-08-26T19:33:36.171,280.9524989128113,200.0,195.9,36.2,66,8,BAKE,198.5,193.2,198.5,193.2
2025-08-26T19:33:36.407,281.1886761188507,200.0,195.9,36.2,86,8,BAKE,198.8,193.0,198.8,193.0
2025-08-26T19:33:36.701,281.4826099872589,200.0,195.8,36.2,109,8,BAKE,198.8,192.8,198.8,192.8
2025-08-26T19:33:36.938,281.71999311447144,200.0,196.0,36.2,44,8,BAKE,198.8,193.2,198.8,193.2
2025-08-26T19:33:37.175,281.95696902275085,200.0,195.9,36.1,107,8,BAKE,198.8,193.0,198.8,193.0
2025-08-26T19:33:37.465,282.24669003486633,200.0,195.8,36.1,109,8,BAKE,198.8,192.8,198.8,192.8
2025-08-26T19:33:37.499,282.28044605255127,,195.8,36.1,,,PASSIVE,198.8,192.8,,
2025-08-26T19:33:37.707,282.48871898651123,200.0,195.9,36.2,67,8,BAKE,199.0,192.8,199.0,192.8
2025-08-26T19:33:37.946,282.7281320095062,200.0,195.8,36.1,109,8,BAKE,198.8,192.8,198.8,192.8
2025-08-26T19:33:38.182,282.9635560512543,200.0,195.8,36.1,89,8,BAKE,198.8,192.8,198.8,192.8
2025-08-26T19:33:38.416,283.1975860595703,200.0,195.8,36.1,89,8,BAKE,198.8,192.8,198.8,192.8
2025-08-26T19:33:38.708,283.4901819229126,200.0,196.1,36.1,22,8,BAKE,199.0,193.2,199.0,193.2
2025-08-26T19:33:38.948,283.7296209335327,200.0,196.1,36.1,82,8,BAKE,199.0,193.2,199.0,193.2
2025-08-26T19:33:39.184,283.9659969806671,200.0,196.1,36.2,82,8,BAKE,199.0,193.2,199.0,193.2
2025-08-26T19:33:39.416,284.19820499420166,200.0,196.1,36.1,82,8,BAKE,198.8,193.5,198.8,193.5
2025-08-26T19:33:39.710,284.49208402633667,200.0,196.4,36.2,37,8,BAKE,199.0,193.8,199.0,193.8
2025-08-26T19:33:39.949,284.73055601119995,200.0,196.1,36.2,122,8,BAKE,198.8,193.5,198.8,193.5
2025-08-26T19:33:40.183,284.96520590782166,200.0,196.4,36.2,37,8,BAKE,198.8,194.0,198.8,194.0
2025-08-26T19:33:40.412,285.1933789253235,200.0,196.4,36.1,77,8,BAKE,199.0,193.8,199.0,193.8
2025-08-26T19:33:40.421,285.2032289505005,200.0,196.4,36.1,77,8,BAKE,199.0,193.8,199.0,193.8
2025-08-26T19:33:40.470,285.2513620853424,,196.4,36.1,,,PASSIVE,199.0,193.8,,
2025-08-26T19:33:40.941,285.7226359844208,200.0,196.2,36.1,100,8,BAKE,199.0,193.5,199.0,193.5
2025-08-26T19:33:41.174,285.95557498931885,200.0,196.1,36.2,102,8,BAKE,199.0,193.2,199.0,193.2
2025-08-26T19:33:41.467,286.24841594696045,200.0,196.2,36.2,60,8,BAKE,199.0,193.5,199.0,193.5
2025-08-26T19:33:41.700,286.4819600582123,200.0,196.2,36.2,80,8,BAKE,199.0,193.5,199.0,193.5
2025-08-26T19:33:41.938,286.71950697898865,200.0,196.5,36.2,35,8,BAKE,199.2,193.8,199.2,193.8
2025-08-26T19:33:42.173,286.95466899871826,200.0,196.4,36.1,97,8,BAKE,199.0,193.8,199.0,193.8
2025-08-26T19:33:42.408,287.18954610824585,200.0,196.5,36.2,55,8,BAKE,199.0,194.0,199.0,194.0
2025-08-26T19:33:42.698,287.4802300930023,200.0,196.5,36.2,75,8,BAKE,199.2,193.8,199.2,193.8
2025-08-26T19:33:42.935,287.7171211242676,200.0,196.2,36.2,120,8,BAKE,199.0,193.5,199.0,193.5
2025-08-26T19:33:43.165,287.9470009803772,200.0,196.2,36.2,80,8,BAKE,199.0,193.5,199.0,193.5
2025-08-26T19:33:43.447,288.2285261154175,200.0,196.4,36.2,57,8,BAKE,199.2,193.5,199.2,193.5
2025-08-26T19:33:43.456,288.23769092559814,200.0,196.2,36.2,100,8,BAKE,199.2,193.2,199.2,193.2
2025-08-26T19:33:43.482,288.26374793052673,,196.2,36.2,,,PASSIVE,199.2,193.2,,
2025-08-26T19:33:43.923,288.70451498031616,200.0,196.1,36.2,102,8,BAKE,199.2,193.0,199.2,193.0
2025-08-26T19:33:44.223,289.004812002182,200.0,196.1,36.2,82,8,BAKE,199.0,193.2,199.0,193.2
2025-08-26T19:33:44.460,289.24182891845703,200.0,196.1,36.2,82,8,BAKE,199.0,193.2,199.0,193.2
2025-08-26T19:33:44.699,289.4807150363922,200.0,196.4,36.1,37,8,BAKE,199.2,193.5,199.2,193.5
2025-08-26T19:33:44.936,289.7177059650421,200.0,196.4,36.1,77,8,BAKE,199.0,193.8,199.0,193.8
2025-08-26T19:33:45.173,289.9544041156769,200.0,196.6,36.2,33,8,BAKE,199.2,194.0,199.2,194.0
2025-08-26T19:33:45.407,290.18900895118713,200.0,196.5,36.2,95,8,BAKE,199.2,193.8,199.2,193.8
2025-08-26T19:33:45.693,290.4748010635376,200.0,196.5,36.1,75,8,BAKE,199.2,193.8,199.2,193.8
2025-08-26T19:33:45.929,290.7107400894165,200.0,196.8,36.2,30,8,BAKE,199.2,194.2,199.2,194.2
2025-08-26T19:33:46.160,290.94203996658325,200.0,196.6,36.2,93,8,BAKE,199.2,194.0,199.2,194.0
2025-08-26T19:33:46.454,291.2358589172363,200.0,196.5,36.2,95,8,BAKE,199.2,193.8,199.2,193.8
2025-08-26T19:33:46.486,291.26819896698,,196.5,36.2,,,PASSIVE,199.2,193.8,,
2025-08-26T19:33:46.701,291.48329401016235,200.0,196.4,36.2,97,8,BAKE,199.2,193.5,199.2,193.5
2025-08-26T19:33:46.938,291.7195611000061,200.0,196.4,36.2,77,8,BAKE,199.2,193.5,199.2,193.5
2025-08-26T19:33:47.237,292.0192759037018,200.0,196.8,36.2,10,8,BAKE,199.2,194.2,199.2,194.2
2025-08-26T19:33:47.412,292.1936640739441,200.0,196.6,36.2,93,8,BAKE,199.2,194.0,199.2,194.0
2025-08-26T19:33:47.706,292.48757696151733,200.0,196.5,36.2,95,8,BAKE,199.2,193.8,199.2,193.8
2025-08-26T19:33:47.943,292.7250499725342,200.0,196.6,36.2,53,8,BAKE,199.2,194.0,199.2,194.0
2025-08-26T19:33:48.179,292.96097803115845,200.0,196.8,36.2,50,8,BAKE,199.2,194.2,199.2,194.2
2025-08-26T19:33:48.471,293.25253105163574,200.0,196.9,36.2,48,8,BAKE,199.5,194.2,199.5,194.2
2025-08-26T19:33:48.701,293.48284101486206,200.0,196.6,36.2,113,8,BAKE,199.2,194.0,199.2,194.0
2025-08-26T19:33:48.939,293.72052693367004,200.0,196.6,36.2,73,8,BAKE,199.2,194.0,199.2,194.0
2025-08-26T19:33:49.174,293.9553279876709,200.0,196.5,36.2,95,8,BAKE,199.2,193.8,199.2,193.8
2025-08-26T19:33:49.408,294.1897339820862,200.0,196.6,36.2,53,8,BAKE,199.2,194.0,199.2,194.0
2025-08-26T19:33:49.462,294.2442560195923,200.0,196.6,36.3,73,8,BAKE,199.5,193.8,199.5,193.8
2025-08-26T19:33:49.466,294.24750900268555,,196.65,36.3,,,PASSIVE,199.5,193.8,,
2025-08-26T19:33:49.935,294.7173230648041,200.0,196.6,36.2,73,8,BAKE,199.5,193.8,199.5,193.8
2025-08-26T19:33:50.165,294.9466199874878,200.0,196.6,36.2,73,8,BAKE,199.5,193.8,199.5,193.8
2025-08-26T19:33:50.463,295.24522590637207,200.0,196.5,36.2,95,8,BAKE,199.2,193.8,199.2,193.8
2025-08-26T19:33:50.694,295.4759910106659,200.0,196.6,36.2,53,8,BAKE,199.2,194.0,199.2,194.0
2025-08-26T19:33:50.930,295.71157789230347,200.0,196.6,36.3,73,8,BAKE,199.5,193.8,199.5,193.8
2025-08-26T19:33:51.165,295.94660902023315,200.0,196.8,36.3,50,8,BAKE,199.2,194.2,199.2,194.2
2025-08-26T19:33:51.457,296.23862290382385,200.0,196.9,36.3,48,8,BAKE,199.2,194.5,199.2,194.5
2025-08-26T19:33:51.689,296.4711880683899,200.0,196.9,36.2,68,8,BAKE,199.2,194.5,199.2,194.5
2025-08-26T19:33:51.924,296.7059280872345,200.0,196.8,36.2,91,8,BAKE,199.2,194.2,199.2,194.2
2025-08-26T19:33:52.159,296.94104504585266,200.0,196.8,36.3,71,8,BAKE,199.2,194.2,199.2,194.2
2025-08-26T19:33:52.447,297.2284529209137,200.0,196.8,36.3,71,8,BAKE,199.2,194.2,199.2,194.2
2025-08-26T19:33:52.457,297.238431930542,200.0,196.6,36.3,93,8,BAKE,199.5,193.8,199.5,193.8
2025-08-26T19:33:52.483,297.26498794555664,,196.65,36.3,,,PASSIVE,199.5,193.8,,
2025-08-26T19:33:52.920,297.70143389701843,200.0,196.6,36.3,73,8,BAKE,199.5,193.8,199.5,193.8
2025-08-26T19:33:53.156,297.93816089630127,200.0,196.5,36.2,95,8,BAKE,199.2,193.8,199.2,193.8
2025-08-26T19:33:53.448,298.22982597351074,200.0,196.5,36.3,75,8,BAKE,199.2,193.8,199.2,193.8
2025-08-26T19:33:53.685,298.46662402153015,200.0,196.2,36.3,120,8,BAKE,199.0,193.5,199.0,193.5
2025-08-26T19:33:53.921,298.70261693000793,200.0,196.2,36.2,80,8,BAKE,198.8,193.8,198.8,193.8
2025-08-26T19:33:54.214,298.99550795555115,200.0,196.6,36.3,13,8,BAKE,199.2,194.0,199.2,194.0
2025-08-26T19:33:54.456,299.23817110061646,200.0,196.5,36.2,95,8,BAKE,198.8,194.2,198.8,194.2
2025-08-26T19:33:54.695,299.4764881134033,200.0,196.5,36.3,75,8,BAKE,199.0,194.0,199.0,194.0
2025-08-26T19:33:54.930,299.7113540172577,200.0,196.2,36.3,120,8,BAKE,199.0,193.5,199.0,193.5
2025-08-26T19:33:55.166,299.9479238986969,200.0,196.2,36.3,80,8,BAKE,199.0,193.5,199.0,193.5
2025-08-26T19:33:55.454,300.2358341217041,200.0,196.5,36.2,35,8,BAKE,199.0,194.0,199.0,194.0
2025-08-26T19:33:55.486,300.26766705513,,196.5,36.2,,,PASSIVE,199.0,194.0,,
2025-08-26T19:33:55.700,300.48190689086914,200.0,196.6,36.2,53,8,BAKE,198.8,194.5,198.8,194.5
2025-08-26T19:33:55.938,300.7197599411011,200.0,196.6,36.2,73,8,BAKE,199.0,194.2,199.0,194.2
2025-08-26T19:33:56.171,300.95247507095337,200.0,196.2,36.3,140,8,BAKE,199.0,193.5,199.0,193.5
2025-08-26T19:33:56.463,301.2450981140137,200.0,196.4,36.3,58,8,BAKE,199.0,193.8,199.0,193.8
2025-08-26T19:33:56.701,301.4831209182739,200.0,196.5,36.2,55,8,BAKE,199.0,194.0,199.0,194.0
2025-08-26T19:33:56.936,301.71745204925537,200.0,196.4,36.4,98,8,BAKE,199.0,193.8,199.0,193.8
2025-08-26T19:33:57.165,301.9468400478363,200.0,196.4,36.3,78,8,BAKE,198.8,194.0,198.8,194.0
2025-08-26T19:33:57.462,302.2437810897827,200.0,196.4,36.3,78,8,BAKE,198.8,194.0,198.8,194.0
2025-08-26T19:33:57.700,302.48196601867676,200.0,196.4,36.3,78,8,BAKE,198.8,194.0,198.8,194.0
2025-08-26T19:33:57.937,302.7192471027374,200.0,196.2,36.3,100,8,BAKE,198.8,193.8,198.8,193.8
2025-08-26T19:33:58.175,302.9565370082855,200.0,196.4,36.2,58,8,BAKE,198.8,194.0,198.8,194.0
2025-08-26T19:33:58.462,303.243460893631,200.0,196.5,36.4,56,8,BAKE,199.0,194.0,199.0,194.0
2025-08-26T19:33:58.472,303.2539279460907,,196.5,36.4,,,PASSIVE,199.0,194.0,,
2025-08-26T19:33:58.703,303.4852180480957,200.0,196.2,36.3,120,8,BAKE,198.8,193.8,198.8,193.8
2025-08-26T19:33:58.942,303.72396993637085,200.0,196.4,36.3,58,8,BAKE,199.0,193.8,199.0,193.8
2025-08-26T19:33:59.178,303.9598870277405,200.0,196.5,36.3,56,8,BAKE,199.0,194.0,199.0,194.0
2025-08-26T19:33:59.408,304.1899061203003,200.0,196.5,36.3,76,8,BAKE,199.0,194.0,199.0,194.0
2025-08-26T19:33:59.699,304.48117995262146,200.0,196.2,36.3,120,8,BAKE,198.8,193.8,198.8,193.8
2025-08-26T19:33:59.937,304.71877908706665,200.0,196.2,36.3,80,8,BAKE,199.0,193.5,199.0,193.5
2025-08-26T19:34:00.172,304.953439950943,200.0,196.1,36.3,103,8,BAKE,198.8,193.5,198.8,193.5
2025-08-26T19:34:00.465,305.24712204933167,200.0,196.1,36.4,83,8,BAKE,198.8,193.5,198.8,193.5
2025-08-26T19:34:00.702,305.48368406295776,200.0,195.9,36.3,128,8,BAKE,198.8,193.0,198.8,193.0
2025-08-26T19:34:00.939,305.72039890289307,200.0,195.6,36.3,132,8,BAKE,198.5,192.8,198.5,192.8
2025-08-26T19:34:01.241,306.0224380493164,200.0,195.8,36.4,70,8,BAKE,198.5,193.0,198.5,193.0
2025-08-26T19:34:01.414,306.1958029270172,200.0,195.6,36.3,112,8,BAKE,198.5,192.8,198.5,192.8
2025-08-26T19:34:01.424,306.20586705207825,200.0,195.9,36.4,48,8,BAKE,198.5,193.2,198.5,193.2
2025-08-26T19:34:01.469,306.25076603889465,,195.85,36.4,,,PASSIVE,198.5,193.2,,
2025-08-26T19:34:01.909,306.6911780834198,200.0,195.8,36.3,110,8,BAKE,198.5,193.0,198.5,193.0
2025-08-26T19:34:02.156,306.93735003471375,200.0,196.0,36.4,45,8,BAKE,198.5,193.5,198.5,193.5
2025-08-26T19:34:02.472,307.2534670829773,200.0,195.9,36.3,108,8,BAKE,198.2,193.5,198.2,193.5
2025-08-26T19:34:02.656,307.4378960132599,200.0,196.1,36.4,43,8,BAKE,198.5,193.8,198.5,193.8
2025-08-26T19:34:02.902,307.684210062027,200.0,196.1,36.4,83,8,BAKE,198.5,193.8,198.5,193.8
2025-08-26T19:34:03.155,307.9372019767761,200.0,196.1,36.4,83,8,BAKE,198.5,193.8,198.5,193.8
2025-08-26T19:34:03.472,308.2534649372101,200.0,196.2,36.3,61,8,BAKE,198.5,194.0,198.5,194.0
2025-08-26T19:34:03.658,308.4400269985199,200.0,196.5,36.4,36,8,BAKE,198.8,194.2,198.8,194.2
2025-08-26T19:34:03.970,308.75159311294556,200.0,196.5,36.4,76,8,BAKE,198.8,194.2,198.8,194.2
2025-08-26T19:34:04.159,308.940397977829,200.0,196.4,36.4,98,8,BAKE,198.8,194.0,198.8,194.0
2025-08-26T19:34:04.404,309.18544006347656,200.0,196.2,36.3,101,8,BAKE,198.5,194.0,198.5,194.0
2025-08-26T19:34:04.463,309.24443793296814,200.0,196.4,36.4,58,8,BAKE,198.8,194.0,198.8,194.0
2025-08-26T19:34:04.482,309.2640380859375,,196.4,36.4,,,PASSIVE,198.8,194.0,,
2025-08-26T19:34:04.905,309.68661189079285,200.0,196.1,36.4,123,8,BAKE,198.5,193.8,198.5,193.8
2025-08-26T19:34:05.160,309.9422700405121,200.0,196.1,36.4,83,8,BAKE,198.5,193.8,198.5,193.8
2025-08-26T19:34:05.463,310.24478101730347,200.0,196.1,36.3,83,8,BAKE,198.2,194.0,198.2,194.0
2025-08-26T19:34:05.649,310.43034410476685,200.0,195.9,36.5,128,8,BAKE,198.2,193.5,198.2,193.5
2025-08-26T19:34:05.964,310.746150970459,200.0,195.9,36.4,88,8,BAKE,198.2,193.5,198.2,193.5
2025-08-26T19:34:06.155,310.936537027359,200.0,196.0,36.4,65,8,BAKE,198.2,193.8,198.2,193.8
2025-08-26T19:34:06.463,311.2445869445801,200.0,196.0,36.4,85,8,BAKE,198.2,193.8,198.2,193.8
2025-08-26T19:34:06.722,311.503536939621,200.0,195.9,36.4,108,8,BAKE,198.2,193.5,198.2,193.5
2025-08-26T19:34:06.905,311.6872339248657,200.0,196.1,36.4,43,8,BAKE,198.5,193.8,198.5,193.8
2025-08-26T19:34:07.155,311.93684911727905,200.0,196.1,36.5,83,8,BAKE,198.5,193.8,198.5,193.8
2025-08-26T19:34:07.405,312.18646693229675,200.0,195.9,36.4,128,8,BAKE,198.5,193.2,198.5,193.2
2025-08-26T19:34:07.466,312.24782395362854,,195.85,36.4,,,PASSIVE,198.5,193.2,,
2025-08-26T19:34:07.655,312.43667101860046,200.0,196.1,36.4,43,8,BAKE,198.5,193.8,198.5,193.8
2025-08-26T19:34:07.974,312.7555570602417,200.0,196.0,36.5,105,8,BAKE,198.5,193.5,198.5,193.5
2025-08-26T19:34:08.234,313.0158181190491,200.0,196.0,36.5,85,8,BAKE,198.5,193.5,198.5,193.5
2025-08-26T19:34:08.418,313.19985699653625,200.0,196.0,36.4,86,8,BAKE,198.5,193.5,198.5,193.5
2025-08-26T19:34:08.667,313.4491949081421,200.0,196.1,36.5,63,8,BAKE,198.5,193.8,198.5,193.8
2025-08-26T19:34:08.909,313.69055104255676,200.0,195.9,36.4,128,8,BAKE,198.5,193.2,198.5,193.2
2025-08-26T19:34:09.154,313.93630599975586,200.0,195.9,36.4,88,8,BAKE,198.5,193.2,198.5,193.2
2025-08-26T19:34:09.485,314.2672669887543,200.0,196.0,36.5,66,8,BAKE,198.8,193.2,198.8,193.2
2025-08-26T19:34:09.663,314.44470405578613,200.0,196.0,36.5,86,8,BAKE,198.8,193.2,198.8,193.2
2025-08-26T19:34:09.910,314.6913719177246,200.0,196.0,36.5,86,8,BAKE,198.8,193.2,198.8,193.2
2025-08-26T19:34:10.156,314.93739891052246,200.0,196.1,36.5,63,8,BAKE,198.8,193.5,198.8,193.5
2025-08-26T19:34:10.405,315.18654203414917,200.0,196.4,36.5,38,8,BAKE,199.0,193.8,199.0,193.8
2025-08-26T19:34:10.463,315.24502992630005,200.0,196.2,36.5,101,8,BAKE,198.8,193.8,198.8,193.8
2025-08-26T19:34:10.483,315.2649130821228,,196.3,36.5,,,PASSIVE,198.8,193.8,,
2025-08-26T19:34:10.968,315.74985790252686,200.0,196.4,36.5,59,8,BAKE,198.8,194.0,198.8,194.0
2025-08-26T19:34:11.156,315.93821001052856,200.0,196.5,36.5,56,8,BAKE,199.0,194.0,199.0,194.0
2025-08-26T19:34:11.403,316.1847279071808,200.0,196.2,36.4,121,8,BAKE,198.8,193.8,198.8,193.8
2025-08-26T19:34:11.654,316.43630290031433,200.0,196.4,36.4,59,8,BAKE,198.8,194.0,198.8,194.0
2025-08-26T19:34:11.904,316.6860399246216,200.0,196.5,36.6,56,8,BAKE,199.0,194.0,199.0,194.0
2025-08-26T19:34:12.222,317.00349593162537,200.0,196.4,36.6,99,8,BAKE,198.8,194.0,198.8,194.0
2025-08-26T19:34:12.484,317.2656829357147,200.0,196.6,36.5,34,8,BAKE,198.8,194.5,198.8,194.5
2025-08-26T19:34:12.669,317.45035696029663,200.0,196.8,36.6,51,8,BAKE,199.0,194.5,199.0,194.5
2025-08-26T19:34:12.918,317.7001531124115,200.0,196.6,36.5,94,8,BAKE,198.8,194.5,198.8,194.5
2025-08-26T19:34:13.172,317.9541850090027,200.0,196.8,36.5,51,8,BAKE,199.0,194.5,199.0,194.5
2025-08-26T19:34:13.426,318.2074680328369,200.0,196.8,36.4,71,8,BAKE,199.0,194.5,199.0,194.5
2025-08-26T19:34:13.435,318.21653294563293,200.0,196.8,36.5,71,8,BAKE,199.0,194.5,199.0,194.5
2025-08-26T19:34:13.440,318.2214078903198,,196.75,36.5,,,PASSIVE,199.0,194.5,,
2025-08-26T19:34:13.917,318.69846510887146,200.0,196.5,36.4,116,8,BAKE,198.8,194.2,198.8,194.2
2025-08-26T19:34:14.170,318.9514241218567,200.0,196.8,36.5,32,8,BAKE,199.0,194.5,199.0,194.5
2025-08-26T19:34:14.424,319.20559191703796,200.0,196.6,36.4,94,8,BAKE,199.0,194.2,199.0,194.2
2025-08-26T19:34:14.669,319.45113611221313,200.0,196.6,36.5,74,8,BAKE,199.0,194.2,199.0,194.2
2025-08-26T19:34:14.918,319.69968605041504,200.0,196.6,36.5,74,8,BAKE,199.0,194.2,199.0,194.2
2025-08-26T19:34:15.238,320.01993703842163,200.0,196.5,36.5,96,8,BAKE,198.8,194.2,198.8,194.2
2025-08-26T19:34:15.426,320.2081549167633,200.0,196.5,36.5,76,8,BAKE,199.0,194.0,199.0,194.0
2025-08-26T19:34:15.669,320.4512140750885,200.0,196.6,36.5,54,8,BAKE,199.2,194.0,199.2,194.0
2025-08-26T19:34:15.918,320.69949889183044,200.0,196.4,36.6,119,8,BAKE,199.2,193.5,199.2,193.5
2025-08-26T19:34:16.168,320.9496479034424,200.0,196.4,36.6,79,8,BAKE,199.2,193.5,199.2,193.5
2025-08-26T19:34:16.416,321.19758796691895,200.0,196.2,36.6,101,8,BAKE,199.2,193.2,199.2,193.2
2025-08-26T19:34:16.475,321.25664591789246,,196.2,36.6,,,PASSIVE,199.2,193.2,,
2025-08-26T19:34:16.661,321.44294691085815,200.0,196.5,36.5,36,8,BAKE,199.2,193.8,199.2,193.8
2025-08-26T19:34:16.904,321.68587708473206,200.0,196.4,36.6,99,8,BAKE,199.2,193.5,199.2,193.5
2025-08-26T19:34:17.153,321.9352340698242,200.0,196.2,36.6,101,8,BAKE,199.2,193.2,199.2,193.2
2025-08-26T19:34:17.404,322.1858139038086,200.0,196.4,36.6,59,8,BAKE,199.2,193.5,199.2,193.5
2025-08-26T19:34:17.654,322.435672044754,200.0,196.2,36.6,101,8,BAKE,199.2,193.2,199.2,193.2
2025-08-26T19:34:17.968,322.7498879432678,200.0,196.2,36.5,81,8,BAKE,199.0,193.5,199.0,193.5
2025-08-26T19:34:18.157,322.9386639595032,200.0,196.5,36.6,36,8,BAKE,199.2,193.8,199.2,193.8
2025-08-26T19:34:18.403,323.184690952301,200.0,196.5,36.5,76,8,BAKE,199.0,194.0,199.0,194.0
2025-08-26T19:34:18.715,323.49670910835266,200.0,196.9,36.5,9,8,BAKE,199.2,194.5,199.2,194.5
2025-08-26T19:34:18.968,323.7501199245453,200.0,197.0,36.5,0,8,BAKE,199.2,194.8,199.2,194.8
2025-08-26T19:34:19.159,323.9407958984375,200.0,197.0,36.5,0,8,BAKE,199.2,194.8,199.2,194.8
2025-08-26T19:34:19.466,324.24749398231506,200.0,197.0,36.7,0,8,BAKE,199.2,194.8,199.2,194.8
2025-08-26T19:34:19.497,324.27849197387695,,197.0,36.7,,,PASSIVE,199.2,194.8,,
2025-08-26T19:34:19.653,324.4350640773773,200.0,196.9,36.5,59,8,BAKE,199.2,194.5,199.2,194.5
2025-08-26T19:34:19.900,324.6814489364624,200.0,196.9,36.6,59,8,BAKE,199.2,194.5,199.2,194.5
2025-08-26T19:34:20.153,324.9348690509796,200.0,196.8,36.6,81,8,BAKE,199.2,194.2,199.2,194.2
2025-08-26T19:34:20.404,325.18546199798584,200.0,197.1,36.7,0,8,BAKE,199.5,194.8,199.5,194.8
2025-08-26T19:34:20.722,325.50337195396423,200.0,196.9,36.6,39,8,BAKE,199.2,194.5,199.2,194.5
2025-08-26T19:34:20.906,325.6874969005585,200.0,196.9,36.6,59,8,BAKE,199.2,194.5,199.2,194.5
2025-08-26T19:34:21.153,325.93483901023865,200.0,196.9,36.6,59,8,BAKE,199.2,194.5,199.2,194.5
2025-08-26T19:34:21.472,326.2533280849457,200.0,197.0,36.5,0,8,BAKE,199.2,194.8,199.2,194.8
2025-08-26T19:34:21.659,326.4406759738922,200.0,197.0,36.6,0,8,BAKE,199.2,194.8,199.2,194.8
2025-08-26T19:34:21.967,326.7483639717102,200.0,197.1,36.7,0,8,BAKE,199.2,195.0,199.2,195.0
2025-08-26T19:34:22.226,327.0079870223999,200.0,196.8,36.7,81,8,BAKE,199.0,194.5,199.0,194.5
2025-08-26T19:34:22.415,327.19642305374146,200.0,196.8,36.6,61,8,BAKE,199.2,194.2,199.2,194.2
2025-08-26T19:34:22.425,327.2065670490265,200.0,196.8,36.7,61,8,BAKE,199.2,194.2,199.2,194.2
2025-08-26T19:34:22.477,327.258553981781,,196.7,36.7,,,PASSIVE,199.2,194.2,,
2025-08-26T19:34:22.907,327.689022064209,200.0,196.6,36.6,84,8,BAKE,199.2,194.0,199.2,194.0
2025-08-26T19:34:23.153,327.93458700180054,200.0,196.6,36.7,64,8,BAKE,199.0,194.2,199.0,194.2
2025-08-26T19:34:23.466,328.2473769187927,200.0,196.6,36.7,64,8,BAKE,199.0,194.2,199.0,194.2
2025-08-26T19:34:23.645,328.42723298072815,200.0,196.6,36.6,64,8,BAKE,199.0,194.2,199.0,194.2
2025-08-26T19:34:23.953,328.73501992225647,200.0,196.6,36.6,64,8,BAKE,199.0,194.2,199.0,194.2
2025-08-26T19:34:24.216,328.997850894928,200.0,196.6,36.7,64,8,BAKE,199.0,194.2,199.0,194.2
2025-08-26T19:34:24.403,329.1849410533905,200.0,196.5,36.6,86,8,BAKE,199.0,194.0,199.0,194.0
2025-08-26T19:34:24.712,329.4942419528961,200.0,196.6,36.7,44,8,BAKE,199.0,194.2,199.0,194.2
2025-08-26T19:34:24.958,329.74027490615845,200.0,196.5,36.7,86,8,BAKE,199.0,194.0,199.0,194.0
2025-08-26T19:34:25.146,329.9276371002197,200.0,196.4,36.6,89,8,BAKE,198.8,194.0,198.8,194.0
2025-08-26T19:34:25.459,330.2406449317932,200.0,196.6,36.6,24,8,BAKE,199.0,194.2,199.0,194.2
2025-08-26T19:34:25.466,330.2480978965759,200.0,196.4,36.6,109,8,BAKE,198.8,194.0,198.8,194.0
2025-08-26T19:34:25.493,330.2745850086212,,196.4,36.6,,,PASSIVE,198.8,194.0,,
2025-08-26T19:34:25.953,330.73489904403687,200.0,196.4,36.7,69,8,BAKE,199.0,193.8,199.0,193.8
2025-08-26T19:34:26.216,330.99760603904724,200.0,196.2,36.7,91,8,BAKE,198.8,193.8,198.8,193.8
2025-08-26T19:34:26.470,331.25215911865234,200.0,196.2,36.7,71,8,BAKE,198.8,193.8,198.8,193.8
2025-08-26T19:34:26.661,331.4428200721741,200.0,196.2,36.7,71,8,BAKE,198.8,193.8,198.8,193.8
2025-08-26T19:34:26.901,331.6825430393219,200.0,196.0,36.7,116,8,BAKE,198.8,193.2,198.8,193.2
2025-08-26T19:34:27.152,331.9340670108795,200.0,196.0,36.7,76,8,BAKE,198.8,193.2,198.8,193.2
2025-08-26T19:34:27.403,332.1847970485687,200.0,195.9,36.6,98,8,BAKE,198.5,193.2,198.5,193.2
2025-08-26T19:34:27.723,332.5045340061188,200.0,195.9,36.7,78,8,BAKE,198.5,193.2,198.5,193.2
2025-08-26T19:34:27.908,332.6897099018097,200.0,196.1,36.7,33,8,BAKE,198.8,193.5,198.8,193.5
2025-08-26T19:34:28.153,332.9352490901947,200.0,195.9,36.6,118,8,BAKE,198.8,193.0,198.8,193.0
2025-08-26T19:34:28.402,333.1840510368347,200.0,196.0,36.7,56,8,BAKE,198.8,193.2,198.8,193.2
2025-08-26T19:34:28.462,333.2439498901367,,196.0,36.7,,,PASSIVE,198.8,193.2,,
2025-08-26T19:34:28.652,333.4340920448303,200.0,196.0,36.8,76,8,BAKE,198.8,193.2,198.8,193.2
2025-08-26T19:34:28.951,333.7326190471649,200.0,196.0,36.6,76,8,BAKE,198.8,193.2,198.8,193.2
2025-08-26T19:34:29.208,333.99026107788086,200.0,196.0,36.7,76,8,BAKE,198.8,193.2,198.8,193.2
2025-08-26T19:34:29.400,334.18199491500854,200.0,196.0,36.6,76,8,BAKE,198.8,193.2,198.8,193.2
2025-08-26T19:34:29.714,334.49604296684265,200.0,196.1,36.6,53,8,BAKE,198.8,193.5,198.8,193.5
2025-08-26T19:34:29.968,334.74965810775757,200.0,196.0,36.7,96,8,BAKE,198.8,193.2,198.8,193.2
2025-08-26T19:34:30.154,334.9353280067444,200.0,196.0,36.7,76,8,BAKE,198.8,193.2,198.8,193.2
2025-08-26T19:34:30.458,335.2401978969574,200.0,196.0,36.7,76,8,BAKE,198.8,193.2,198.8,193.2
2025-08-26T19:34:30.644,335.4260230064392,200.0,195.9,36.6,98,8,BAKE,198.8,193.0,198.8,193.0
2025-08-26T19:34:30.940,335.7216091156006,200.0,196.0,36.8,56,8,BAKE,199.0,193.0,199.0,193.0
2025-08-26T19:34:31.194,335.9760859012604,200.0,195.9,36.8,98,8,BAKE,198.8,193.0,198.8,193.0
2025-08-26T19:34:31.455,336.2365839481354,200.0,196.2,36.7,11,8,BAKE,199.0,193.5,199.0,193.5
2025-08-26T19:34:31.462,336.2441840171814,200.0,196.0,36.7,116,8,BAKE,198.8,193.2,198.8,193.2
2025-08-26T19:34:31.492,336.27369499206543,,196.0,36.7,,,PASSIVE,198.8,193.2,,
2025-08-26T19:34:31.960,336.7413880825043,200.0,196.0,36.8,76,8,BAKE,198.8,193.2,198.8,193.2
2025-08-26T19:34:32.145,336.9266290664673,200.0,195.9,36.7,98,8,BAKE,198.8,193.0,198.8,193.0
2025-08-26T19:34:32.456,337.2375259399414,200.0,195.6,36.7,123,8,BAKE,198.5,192.8,198.5,192.8
2025-08-26T19:34:32.719,337.5006821155548,200.0,195.5,36.7,105,8,BAKE,198.5,192.5,198.5,192.5
2025-08-26T19:34:32.904,337.6861228942871,200.0,195.4,36.8,108,8,BAKE,198.5,192.2,198.5,192.2
2025-08-26T19:34:33.215,337.9971001148224,200.0,195.5,36.7,66,8,BAKE,198.5,192.5,198.5,192.5
2025-08-26T19:34:33.469,338.25095295906067,200.0,195.4,36.7,108,8,BAKE,198.5,192.2,198.5,192.2
2025-08-26T19:34:33.658,338.43943095207214,200.0,195.6,36.7,43,8,BAKE,198.5,192.8,198.5,192.8
2025-08-26T19:34:33.901,338.6829171180725,200.0,195.6,36.8,83,8,BAKE,198.5,192.8,198.5,192.8
2025-08-26T19:34:34.151,338.9332001209259,200.0,195.5,36.7,106,8,BAKE,198.2,192.8,198.2,192.8
2025-08-26T19:34:34.402,339.1838130950928,200.0,195.6,36.8,63,8,BAKE,198.5,192.8,198.5,192.8
2025-08-26T19:34:34.460,339.2416388988495,200.0,195.6,36.8,83,8,BAKE,198.5,192.8,198.5,192.8
2025-08-26T19:34:34.479,339.261039018631,,195.65,36.8,,,PASSIVE,198.5,192.8,,
2025-08-26T19:34:34.908,339.6898090839386,200.0,195.4,36.7,128,8,BAKE,198.2,192.5,198.2,192.5
2025-08-26T19:34:35.151,339.9332449436188,200.0,195.4,36.7,88,8,BAKE,198.2,192.5,198.2,192.5
2025-08-26T19:34:35.406,340.18805503845215,200.0,195.6,36.8,43,8,BAKE,198.5,192.8,198.5,192.8
2025-08-26T19:34:35.652,340.43364906311035,200.0,195.6,36.8,83,8,BAKE,198.5,192.8,198.5,192.8
2025-08-26T19:34:35.972,340.75415205955505,200.0,195.6,36.8,83,8,BAKE,198.5,192.8,198.5,192.8
2025-08-26T19:34:36.226,341.00815296173096,200.0,195.8,36.8,61,8,BAKE,198.5,193.0,198.5,193.0
2025-08-26T19:34:36.415,341.1969220638275,200.0,195.8,36.8,81,8,BAKE,198.2,193.2,198.2,193.2
2025-08-26T19:34:36.667,341.4487659931183,200.0,195.8,36.8,81,8,BAKE,198.2,193.2,198.2,193.2
2025-08-26T19:34:36.922,341.70366406440735,200.0,195.8,36.8,81,8,BAKE,198.5,193.0,198.5,193.0
2025-08-26T19:34:37.176,341.95733308792114,200.0,195.8,36.8,81,8,BAKE,198.5,193.0,198.5,193.0
2025-08-26T19:34:37.431,342.21266412734985,200.0,195.9,36.8,59,8,BAKE,198.8,193.0,198.8,193.0
2025-08-26T19:34:37.440,342.2220540046692,,195.9,36.8,,,PASSIVE,198.8,193.0,,
2025-08-26T19:34:37.688,342.4699709415436,200.0,195.5,36.8,146,8,BAKE,198.5,192.5,198.5,192.5
2025-08-26T19:34:37.947,342.72926211357117,200.0,195.2,36.8,131,8,BAKE,198.2,192.2,198.2,192.2
2025-08-26T19:34:38.198,342.9796230792999,200.0,195.5,36.8,46,8,BAKE,198.5,192.5,198.5,192.5
2025-08-26T19:34:38.454,343.23627400398254,200.0,195.2,36.8,131,8,BAKE,198.2,192.2,198.2,192.2
2025-08-26T19:34:38.714,343.4960210323334,200.0,195.0,36.8,135,8,BAKE,198.2,191.8,198.2,191.8
2025-08-26T19:34:38.972,343.7542440891266,200.0,195.1,36.8,73,8,BAKE,198.5,191.8,198.5,191.8
2025-08-26T19:34:39.160,343.94159603118896,200.0,195.4,36.8,48,8,BAKE,198.5,192.2,198.5,192.2
2025-08-26T19:34:39.414,344.19594407081604,200.0,195.2,36.8,111,8,BAKE,198.5,192.0,198.5,192.0
2025-08-26T19:34:39.664,344.44556498527527,200.0,195.5,36.9,46,8,BAKE,198.8,192.2,198.8,192.2
2025-08-26T19:34:39.907,344.688353061676,200.0,195.2,36.8,131,8,BAKE,198.5,192.0,198.5,192.0
2025-08-26T19:34:40.156,344.93788599967957,200.0,195.5,36.9,46,8,BAKE,198.8,192.2,198.8,192.2
2025-08-26T19:34:40.471,345.2532479763031,200.0,195.5,36.9,86,8,BAKE,198.8,192.2,198.8,192.2
2025-08-26T19:34:40.504,345.286071062088,,195.5,36.9,,,PASSIVE,198.8,192.2,,
2025-08-26T19:34:40.663,345.4448809623718,200.0,195.2,36.9,131,8,BAKE,198.5,192.0,198.5,192.0
2025-08-26T19:34:40.914,345.6957859992981,200.0,195.2,36.9,91,8,BAKE,198.8,191.8,198.8,191.8
2025-08-26T19:34:41.167,345.94861912727356,200.0,195.0,36.8,135,8,BAKE,198.5,191.5,198.5,191.5
2025-08-26T19:34:41.422,346.2036190032959,200.0,195.2,36.8,51,8,BAKE,198.5,192.0,198.5,192.0
2025-08-26T19:34:41.675,346.4569470882416,200.0,195.0,36.8,135,8,BAKE,198.5,191.5,198.5,191.5
2025-08-26T19:34:41.922,346.7033770084381,200.0,195.0,36.8,95,8,BAKE,198.5,191.5,198.5,191.5
2025-08-26T19:34:42.179,346.9603269100189,200.0,194.9,36.8,118,8,BAKE,198.5,191.2,198.5,191.2
2025-08-26T19:34:42.437,347.2190749645233,200.0,195.1,36.9,53,8,BAKE,198.8,191.5,198.8,191.5
2025-08-26T19:34:42.694,347.4753530025482,200.0,195.0,36.8,116,8,BAKE,198.5,191.5,198.5,191.5
2025-08-26T19:34:42.947,347.7286651134491,200.0,195.1,36.9,73,8,BAKE,198.8,191.5,198.8,191.5
2025-08-26T19:34:43.198,347.98000502586365,200.0,195.2,36.9,71,8,BAKE,198.8,191.8,198.8,191.8
2025-08-26T19:34:43.459,348.24112010002136,200.0,195.4,36.9,68,8,BAKE,198.8,192.0,198.8,192.0
2025-08-26T19:34:43.470,348.2516579627991,200.0,195.5,36.9,66,8,BAKE,198.8,192.2,198.8,192.2
2025-08-26T19:34:43.497,348.278813123703,,195.5,36.9,,,PASSIVE,198.8,192.2,,
2025-08-26T19:34:43.964,348.7458529472351,200.0,195.4,36.9,108,8,BAKE,198.5,192.2,198.5,192.2
2025-08-26T19:34:44.217,348.99878311157227,200.0,195.1,36.9,133,8,BAKE,198.5,191.8,198.5,191.8
2025-08-26T19:34:44.479,349.26106810569763,200.0,195.5,36.9,26,8,BAKE,198.8,192.2,198.8,192.2
2025-08-26T19:34:44.662,349.44352102279663,200.0,195.8,37.0,41,8,BAKE,198.8,192.8,198.8,192.8
2025-08-26T19:34:44.907,349.6892640590668,200.0,195.6,36.9,104,8,BAKE,198.5,192.8,198.5,192.8
2025-08-26T19:34:45.154,349.9355390071869,200.0,195.8,37.0,61,8,BAKE,198.8,192.8,198.8,192.8
2025-08-26T19:34:45.400,350.1823239326477,200.0,195.9,37.1,59,8,BAKE,198.8,193.0,198.8,193.0
2025-08-26T19:34:45.651,350.43262791633606,200.0,195.8,37.0,101,8,BAKE,198.5,193.0,198.5,193.0
2025-08-26T19:34:45.971,350.75313210487366,200.0,195.6,37.0,104,8,BAKE,198.2,193.0,198.2,193.0
2025-08-26T19:34:46.159,350.94056606292725,200.0,195.5,37.0,106,8,BAKE,198.0,193.0,198.0,193.0
2025-08-26T19:34:46.413,351.1944479942322,200.0,195.6,36.9,64,8,BAKE,198.0,193.2,198.0,193.2
2025-08-26T19:34:46.418,351.19995307922363,200.0,195.6,37.0,84,8,BAKE,197.8,193.5,197.8,193.5
2025-08-26T19:34:46.473,351.25442910194397,,195.65,37.0,,,PASSIVE,197.8,193.5,,
2025-08-26T19:34:46.964,351.74572110176086,200.0,195.6,37.0,84,8,BAKE,197.8,193.5,197.8,193.5
2025-08-26T19:34:47.215,351.99706506729126,200.0,195.6,37.0,84,8,BAKE,197.5,193.8,197.5,193.8
2025-08-26T19:34:47.476,352.25782895088196,200.0,195.8,37.1,62,8,BAKE,197.2,194.2,197.2,194.2
2025-08-26T19:34:47.662,352.4442970752716,200.0,196.0,37.1,37,8,BAKE,197.2,194.8,197.2,194.8
2025-08-26T19:34:47.915,352.6968410015106,200.0,196.0,37.0,77,8,BAKE,197.2,194.8,197.2,194.8
2025-08-26T19:34:48.166,352.9474139213562,200.0,195.8,37.1,122,8,BAKE,197.0,194.5,197.0,194.5
2025-08-26T19:34:48.420,353.201642036438,200.0,195.6,37.2,104,8,BAKE,196.8,194.5,196.8,194.5
2025-08-26T19:34:48.675,353.4572911262512,200.0,195.5,37.1,106,8,BAKE,196.5,194.5,196.5,194.5
2025-08-26T19:34:48.921,353.7032039165497,200.0,195.6,37.1,64,8,BAKE,196.2,195.0,196.2,195.0
2025-08-26T19:34:49.174,353.9558970928192,200.0,195.6,37.1,84,8,BAKE,196.2,195.0,196.2,195.0
2025-08-26T19:34:49.430,354.21196389198303,200.0,195.5,37.1,106,8,BAKE,196.2,194.8,196.2,194.8
2025-08-26T19:34:49.435,354.21642112731934,,195.5,37.1,,,PASSIVE,196.2,194.8,,
2025-08-26T19:34:49.694,354.4756169319153,200.0,195.6,37.1,64,8,BAKE,196.0,195.2,196.0,195.2
2025-08-26T19:34:49.947,354.7286419868469,200.0,195.4,37.1,129,8,BAKE,195.5,195.2,195.5,195.2
2025-08-26T19:34:50.194,354.975704908371,200.0,195.6,37.2,44,8,BAKE,195.5,195.8,195.5,195.8
2025-08-26T19:34:50.457,355.23853302001953,200.0,195.6,37.1,84,8,BAKE,195.5,195.8,195.5,195.8
2025-08-26T19:34:50.650,355.43193006515503,200.0,195.8,37.2,62,8,BAKE,195.5,196.0,195.5,196.0
2025-08-26T19:34:50.965,355.7465510368347,200.0,195.5,37.1,126,8,BAKE,195.2,195.8,195.2,195.8
2025-08-26T19:34:51.215,355.9968099594116,200.0,195.6,37.1,64,8,BAKE,195.0,196.2,195.0,196.2
2025-08-26T19:34:51.478,356.2596700191498,200.0,195.6,37.1,84,8,BAKE,195.0,196.2,195.0,196.2
2025-08-26T19:34:51.665,356.4468379020691,200.0,195.6,37.2,84,8,BAKE,195.0,196.2,195.0,196.2
2025-08-26T19:34:51.908,356.69012093544006,200.0,195.4,37.1,129,8,BAKE,194.8,196.0,194.8,196.0
2025-08-26T19:34:52.150,356.9318940639496,200.0,195.4,37.1,89,8,BAKE,194.8,196.0,194.8,196.0
2025-08-26T19:34:52.463,357.2446279525757,200.0,195.2,37.2,111,8,BAKE,194.5,196.0,194.5,196.0
2025-08-26T19:34:52.468,357.249804019928,200.0,195.2,37.2,91,8,BAKE,194.5,196.0,194.5,196.0
2025-08-26T19:34:52.489,357.27072501182556,,195.25,37.2,,,PASSIVE,194.5,196.0,,
2025-08-26T19:34:52.960,357.74217796325684,200.0,195.2,37.2,91,8,BAKE,194.2,196.2,194.2,196.2
2025-08-26T19:34:53.143,357.92464089393616,200.0,195.2,37.2,91,8,BAKE,194.2,196.2,194.2,196.2
2025-08-26T19:34:53.464,358.24589109420776,200.0,195.1,37.2,114,8,BAKE,194.2,196.0,194.2,196.0
2025-08-26T19:34:53.650,358.4315938949585,200.0,195.1,37.2,94,8,BAKE,194.0,196.2,194.0,196.2
2025-08-26T19:34:53.900,358.6817240715027,200.0,195.1,37.2,94,8,BAKE,194.0,196.2,194.0,196.2
2025-08-26T19:34:54.215,358.9965980052948,200.0,195.4,37.2,49,8,BAKE,194.2,196.5,194.2,196.5
2025-08-26T19:34:54.475,359.25674510002136,200.0,195.4,37.2,89,8,BAKE,194.0,196.8,194.0,196.8
2025-08-26T19:34:54.658,359.4399309158325,200.0,195.2,37.2,111,8,BAKE,194.0,196.5,194.0,196.5
2025-08-26T19:34:54.914,359.6956241130829,200.0,195.2,37.3,91,8,BAKE,194.0,196.5,194.0,196.5
2025-08-26T19:34:55.154,359.93597507476807,200.0,195.4,37.2,69,8,BAKE,194.0,196.8,194.0,196.8
2025-08-26T19:34:55.399,360.1811680793762,200.0,195.2,37.2,111,8,BAKE,193.8,196.8,193.8,196.8
2025-08-26T19:34:55.459,360.24127292633057,200.0,195.4,37.3,69,8,BAKE,194.0,196.8,194.0,196.8
2025-08-26T19:34:55.477,360.2585129737854,,195.4,37.3,,,PASSIVE,194.0,196.8,,
2025-08-26T19:34:55.898,360.6795210838318,200.0,195.4,37.3,89,8,BAKE,194.0,196.8,194.0,196.8
2025-08-26T19:34:56.150,360.93161606788635,200.0,195.4,37.2,89,8,BAKE,193.8,197.0,193.8,197.0
2025-08-26T19:34:56.404,361.18554306030273,200.0,195.4,37.2,89,8,BAKE,194.0,196.8,194.0,196.8
2025-08-26T19:34:56.650,361.431382894516,200.0,195.4,37.2,89,8,BAKE,193.8,197.0,193.8,197.0
2025-08-26T19:34:56.966,361.7480010986328,200.0,195.2,37.3,112,8,BAKE,193.8,196.8,193.8,196.8
2025-08-26T19:34:57.221,362.00278091430664,200.0,195.5,37.3,47,8,BAKE,194.0,197.0,194.0,197.0
2025-08-26T19:34:57.405,362.18662309646606,200.0,195.2,37.2,132,8,BAKE,193.8,196.8,193.8,196.8
2025-08-26T19:34:57.651,362.43289709091187,200.0,195.2,37.2,92,8,BAKE,193.5,197.0,193.5,197.0
2025-08-26T19:34:57.904,362.685467004776,200.0,195.5,37.3,47,8,BAKE,193.8,197.2,193.8,197.2
2025-08-26T19:34:58.149,362.9311239719391,200.0,195.5,37.3,87,8,BAKE,193.8,197.2,193.8,197.2
2025-08-26T19:34:58.472,363.2537889480591,200.0,195.4,37.3,109,8,BAKE,193.5,197.2,193.5,197.2
2025-08-26T19:34:58.476,363.25756001472473,,195.35,37.3,,,PASSIVE,193.5,197.2,,
2025-08-26T19:34:58.659,363.4412450790405,200.0,195.1,37.3,134,8,BAKE,193.2,197.0,193.2,197.0
2025-08-26T19:34:58.912,363.69394302368164,200.0,195.1,37.3,94,8,BAKE,193.2,197.0,193.2,197.0
2025-08-26T19:34:59.164,363.94579696655273,200.0,195.2,37.3,72,8,BAKE,193.5,197.0,193.5,197.0
2025-08-26T19:34:59.414,364.1959779262543,200.0,195.4,37.4,69,8,BAKE,193.5,197.2,193.5,197.2
2025-08-26T19:34:59.665,364.4464120864868,200.0,195.4,37.3,89,8,BAKE,193.2,197.5,193.2,197.5
2025-08-26T19:34:59.983,364.76454997062683,200.0,195.1,37.3,134,8,BAKE,193.2,197.0,193.2,197.0
2025-08-26T19:35:00.159,364.94097208976746,200.0,195.1,37.3,94,8,BAKE,193.2,197.0,193.2,197.0
2025-08-26T19:35:00.414,365.1954929828644,200.0,195.1,37.4,94,8,BAKE,193.2,197.0,193.2,197.0
2025-08-26T19:35:00.668,365.4499659538269,200.0,195.2,37.4,72,8,BAKE,193.2,197.2,193.2,197.2
2025-08-26T19:35:00.915,365.6965899467468,200.0,195.2,37.4,92,8,BAKE,193.2,197.2,193.2,197.2
2025-08-26T19:35:01.169,365.95075702667236,200.0,195.5,37.4,47,8,BAKE,193.2,197.8,193.2,197.8
2025-08-26T19:35:01.477,366.2591209411621,200.0,195.4,37.3,109,8,BAKE,193.2,197.5,193.2,197.5
2025-08-26T19:35:01.480,366.26230907440186,,195.35,37.3,,,PASSIVE,193.2,197.5,,
2025-08-26T19:35:01.666,366.4479660987854,200.0,195.4,37.4,89,8,BAKE,193.2,197.5,193.2,197.5
2025-08-26T19:35:01.912,366.6937220096588,200.0,195.4,37.4,89,8,BAKE,193.2,197.5,193.2,197.5
2025-08-26T19:35:02.158,366.93980598449707,200.0,195.5,37.4,67,8,BAKE,193.2,197.8,193.2,197.8
2025-08-26T19:35:02.405,367.18710803985596,200.0,195.6,37.5,65,8,BAKE,193.2,198.0,193.2,198.0
2025-08-26T19:35:02.729,367.51062989234924,200.0,195.8,37.4,62,8,BAKE,193.2,198.2,193.2,198.2
2025-08-26T19:35:02.915,367.6970820426941,200.0,195.9,37.4,60,8,BAKE,193.2,198.5,193.2,198.5
2025-08-26T19:35:03.164,367.94582200050354,200.0,195.9,37.5,80,8,BAKE,193.0,198.8,193.0,198.8
2025-08-26T19:35:03.416,368.1974411010742,200.0,195.9,37.4,80,8,BAKE,193.2,198.5,193.2,198.5
2025-08-26T19:35:03.664,368.4458119869232,200.0,195.8,37.4,102,8,BAKE,193.0,198.5,193.0,198.5
2025-08-26T19:35:03.905,368.68642807006836,200.0,195.9,37.4,60,8,BAKE,193.5,198.2,193.5,198.2
2025-08-26T19:35:04.218,368.9994261264801,200.0,195.9,37.5,80,8,BAKE,193.2,198.5,193.2,198.5
2025-08-26T19:35:04.403,369.1844310760498,200.0,195.8,37.5,102,8,BAKE,193.0,198.5,193.0,198.5
2025-08-26T19:35:04.406,369.18756198883057,200.0,195.8,37.4,82,8,BAKE,193.0,198.5,193.0,198.5
2025-08-26T19:35:04.464,369.24576711654663,,195.75,37.4,,,PASSIVE,193.0,198.5,,
2025-08-26T19:35:04.965,369.74665999412537,200.0,196.0,37.5,38,8,BAKE,193.2,198.8,193.2,198.8
2025-08-26T19:35:05.151,369.93290305137634,200.0,195.9,37.5,100,8,BAKE,193.0,198.8,193.0,198.8
2025-08-26T19:35:05.474,370.25568103790283,200.0,195.9,37.4,80,8,BAKE,193.0,198.8,193.0,198.8
2025-08-26T19:35:05.661,370.4427020549774,200.0,195.8,37.5,103,8,BAKE,193.0,198.5,193.0,198.5
2025-08-26T19:35:05.909,370.6909890174866,200.0,195.4,37.5,150,8,BAKE,193.0,197.8,193.0,197.8
2025-08-26T19:35:06.214,370.99557304382324,200.0,195.4,37.6,90,8,BAKE,192.8,198.0,192.8,198.0
2025-08-26T19:35:06.399,371.18105697631836,200.0,195.5,37.5,67,8,BAKE,192.8,198.2,192.8,198.2
2025-08-26T19:35:06.709,371.49124789237976,200.0,195.5,37.5,87,8,BAKE,192.8,198.2,192.8,198.2
2025-08-26T19:35:06.967,371.74875807762146,200.0,195.6,37.6,65,8,BAKE,192.8,198.5,192.8,198.5
2025-08-26T19:35:07.147,371.92906308174133,200.0,195.6,37.5,85,8,BAKE,192.8,198.5,192.8,198.5
2025-08-26T19:35:07.460,372.24190306663513,200.0,195.6,37.5,85,8,BAKE,192.8,198.5,192.8,198.5
2025-08-26T19:35:07.463,372.2450098991394,200.0,195.6,37.6,85,8,BAKE,192.8,198.5,192.8,198.5
2025-08-26T19:35:07.466,372.2475600242615,,195.65,37.6,,,PASSIVE,192.8,198.5,,
2025-08-26T19:35:07.964,372.74563002586365,200.0,195.8,37.6,63,8,BAKE,192.8,198.8,192.8,198.8
2025-08-26T19:35:08.153,372.93514704704285,200.0,195.8,37.6,83,8,BAKE,192.8,198.8,192.8,198.8
2025-08-26T19:35:08.473,373.25460505485535,200.0,195.5,37.5,127,8,BAKE,192.8,198.2,192.8,198.2
2025-08-26T19:35:08.659,373.4405300617218,200.0,195.5,37.5,87,8,BAKE,192.8,198.2,192.8,198.2
2025-08-26T19:35:08.908,373.69016098976135,200.0,195.5,37.5,87,8,BAKE,192.8,198.2,192.8,198.2
2025-08-26T19:35:09.148,373.9300971031189,200.0,195.4,37.6,110,8,BAKE,192.8,198.0,192.8,198.0
2025-08-26T19:35:09.464,374.2455461025238,200.0,195.4,37.6,90,8,BAKE,192.8,198.0,192.8,198.0
2025-08-26T19:35:09.726,374.50800108909607,200.0,195.2,37.6,112,8,BAKE,192.8,197.8,192.8,197.8
2025-08-26T19:35:09.912,374.69362711906433,200.0,195.2,37.5,92,8,BAKE,192.8,197.8,192.8,197.8
2025-08-26T19:35:10.163,374.9448449611664,200.0,195.2,37.6,92,8,BAKE,192.8,197.8,192.8,197.8
2025-08-26T19:35:10.416,375.19813299179077,200.0,195.1,37.6,115,8,BAKE,192.5,197.8,192.5,197.8
2025-08-26T19:35:10.436,375.2175500392914,,195.15,37.6,,,PASSIVE,192.5,197.8,,
2025-08-26T19:35:10.663,375.44515204429626,200.0,195.2,37.6,72,8,BAKE,192.5,198.0,192.5,198.0
2025-08-26T19:35:10.918,375.70027208328247,200.0,195.2,37.6,92,8,BAKE,192.5,198.0,192.5,198.0
2025-08-26T19:35:11.231,376.0123670101166,200.0,195.4,37.6,70,8,BAKE,192.5,198.2,192.5,198.2
2025-08-26T19:35:11.414,376.19544196128845,200.0,195.2,37.6,112,8,BAKE,192.5,198.0,192.5,198.0
2025-08-26T19:35:11.668,376.4502520561218,200.0,195.4,37.6,70,8,BAKE,192.5,198.2,192.5,198.2
2025-08-26T19:35:11.918,376.699579000473,200.0,195.4,37.6,90,8,BAKE,192.5,198.2,192.5,198.2
2025-08-26T19:35:12.167,376.94902896881104,200.0,195.4,37.6,90,8,BAKE,192.5,198.2,192.5,198.2
2025-08-26T19:35:12.482,377.26387310028076,200.0,195.5,37.6,68,8,BAKE,192.5,198.5,192.5,198.5
2025-08-26T19:35:12.672,377.4537510871887,200.0,195.4,37.6,110,8,BAKE,192.5,198.2,192.5,198.2
2025-08-26T19:35:12.920,377.7023010253906,200.0,195.5,37.7,68,8,BAKE,192.5,198.5,192.5,198.5
2025-08-26T19:35:13.165,377.9466199874878,200.0,195.1,37.7,155,8,BAKE,192.2,198.0,192.2,198.0
2025-08-26T19:35:13.405,378.1871039867401,200.0,195.1,37.6,95,8,BAKE,192.2,198.0,192.2,198.0
2025-08-26T19:35:13.409,378.19093203544617,200.0,195.1,37.6,95,8,BAKE,192.2,198.0,192.2,198.0
2025-08-26T19:35:13.467,378.24864411354065,,195.1,37.6,,,PASSIVE,192.2,198.0,,
2025-08-26T19:35:13.969,378.75060296058655,200.0,195.1,37.7,95,8,BAKE,192.2,198.0,192.2,198.0
2025-08-26T19:35:14.148,378.92950201034546,200.0,195.1,37.6,95,8,BAKE,192.2,198.0,192.2,198.0
2025-08-26T19:35:14.396,379.1773979663849,200.0,195.1,37.7,95,8,BAKE,192.2,198.0,192.2,198.0
2025-08-26T19:35:14.710,379.4916639328003,200.0,195.1,37.6,95,8,BAKE,192.2,198.0,192.2,198.0
2025-08-26T19:35:14.898,379.6796259880066,200.0,195.2,37.7,73,8,BAKE,192.0,198.5,192.0,198.5
2025-08-26T19:35:15.153,379.9344069957733,200.0,195.4,37.7,70,8,BAKE,192.2,198.5,192.2,198.5
2025-08-26T19:35:15.468,380.24940395355225,200.0,195.2,37.7,113,8,BAKE,192.0,198.5,192.0,198.5
2025-08-26T19:35:15.656,380.4375500679016,200.0,195.2,37.6,93,8,BAKE,192.0,198.5,192.0,198.5
2025-08-26T19:35:15.912,380.6937029361725,200.0,195.2,37.6,93,8,BAKE,192.0,198.5,192.0,198.5
2025-08-26T19:35:16.166,380.94814801216125,200.0,195.1,37.6,115,8,BAKE,192.0,198.2,192.0,198.2
2025-08-26T19:35:16.417,381.1993238925934,200.0,195.4,37.7,50,8,BAKE,192.0,198.8,192.0,198.8
2025-08-26T19:35:16.421,381.2032480239868,200.0,195.4,37.8,90,8,BAKE,192.2,198.5,192.2,198.5
2025-08-26T19:35:16.479,381.2603509426117,,195.35,37.8,,,PASSIVE,192.2,198.5,,
2025-08-26T19:35:16.911,381.69296503067017,200.0,195.1,37.7,135,8,BAKE,192.0,198.2,192.0,198.2
2025-08-26T19:35:17.160,381.94228196144104,200.0,195.2,37.7,73,8,BAKE,192.2,198.2,192.2,198.2
2025-08-26T19:35:17.401,382.1832768917084,200.0,195.0,37.7,137,8,BAKE,192.0,198.0,192.0,198.0
2025-08-26T19:35:17.647,382.4286639690399,200.0,194.9,37.7,120,8,BAKE,192.0,197.8,192.0,197.8
2025-08-26T19:35:17.963,382.7451629638672,200.0,195.0,37.8,77,8,BAKE,192.0,198.0,192.0,198.0
2025-08-26T19:35:18.227,383.0083830356598,200.0,195.1,37.7,75,8,BAKE,192.0,198.2,192.0,198.2
2025-08-26T19:35:18.412,383.1934390068054,200.0,195.4,37.8,50,8,BAKE,192.0,198.8,192.0,198.8
2025-08-26T19:35:18.666,383.4480299949646,200.0,195.2,37.8,113,8,BAKE,192.0,198.5,192.0,198.5
2025-08-26T19:35:18.920,383.70187997817993,200.0,195.5,37.7,48,8,BAKE,192.2,198.8,192.2,198.8
2025-08-26T19:35:19.163,383.9445550441742,200.0,195.4,37.8,110,8,BAKE,192.2,198.5,192.2,198.5
2025-08-26T19:35:19.416,384.1979990005493,200.0,195.4,37.8,90,8,BAKE,192.2,198.5,192.2,198.5
2025-08-26T19:35:19.479,384.26081705093384,,195.35,37.8,,,PASSIVE,192.2,198.5,,
2025-08-26T19:35:19.669,384.45121908187866,200.0,195.2,37.7,113,8,BAKE,192.2,198.2,192.2,198.2
2025-08-26T19:35:19.927,384.7086880207062,200.0,195.2,37.7,93,8,BAKE,192.2,198.2,192.2,198.2
2025-08-26T19:35:20.169,384.9504659175873,200.0,195.5,37.8,48,8,BAKE,192.2,198.8,192.2,198.8
2025-08-26T19:35:20.421,385.2029399871826,200.0,195.5,37.7,88,8,BAKE,192.5,198.5,192.5,198.5
2025-08-26T19:35:20.668,385.4497449398041,200.0,195.4,37.7,110,8,BAKE,192.2,198.5,192.2,198.5
2025-08-26T19:35:20.925,385.70704197883606,200.0,195.5,37.8,68,8,BAKE,192.5,198.5,192.5,198.5
2025-08-26T19:35:21.164,385.9457609653473,200.0,195.5,37.8,88,8,BAKE,192.2,198.8,192.2,198.8
2025-08-26T19:35:21.408,386.18994402885437,200.0,195.5,37.8,88,8,BAKE,192.2,198.8,192.2,198.8
2025-08-26T19:35:21.655,386.4370789527893,200.0,195.8,37.8,43,8,BAKE,192.5,199.0,192.5,199.0
2025-08-26T19:35:21.903,386.6849570274353,200.0,195.8,37.8,83,8,BAKE,192.5,199.0,192.5,199.0
2025-08-26T19:35:22.152,386.9343180656433,200.0,195.8,37.8,83,8,BAKE,192.5,199.0,192.5,199.0
2025-08-26T19:35:22.468,387.2498400211334,200.0,195.6,37.8,106,8,BAKE,192.5,198.8,192.5,198.8
2025-08-26T19:35:22.488,387.2701880931854,,195.65,37.8,,,PASSIVE,192.5,198.8,,
2025-08-26T19:35:22.657,387.43848395347595,200.0,195.6,37.7,86,8,BAKE,192.5,198.8,192.5,198.8
2025-08-26T19:35:22.910,387.6919651031494,200.0,195.8,37.8,63,8,BAKE,192.5,199.0,192.5,199.0
2025-08-26T19:35:23.162,387.9440541267395,200.0,195.9,37.8,61,8,BAKE,192.5,199.2,192.5,199.2
2025-08-26T19:35:23.412,388.19410610198975,200.0,195.8,37.7,104,8,BAKE,192.8,198.8,192.8,198.8
2025-08-26T19:35:23.664,388.44624495506287,200.0,195.9,37.8,61,8,BAKE,192.8,199.0,192.8,199.0
2025-08-26T19:35:23.910,388.6920669078827,200.0,195.9,37.8,81,8,BAKE,192.8,199.0,192.8,199.0
2025-08-26T19:35:24.162,388.94398498535156,200.0,196.0,37.8,59,8,BAKE,192.8,199.2,192.8,199.2
2025-08-26T19:35:24.417,389.198627948761,200.0,196.0,37.8,79,8,BAKE,192.8,199.2,192.8,199.2
2025-08-26T19:35:24.673,389.45526003837585,200.0,196.0,37.8,79,8,BAKE,192.8,199.2,192.8,199.2
2025-08-26T19:35:24.930,389.7122609615326,200.0,196.0,37.8,79,8,BAKE,192.8,199.2,192.8,199.2
2025-08-26T19:35:25.179,389.9607210159302,200.0,196.0,37.8,79,8,BAKE,192.8,199.2,192.8,199.2
2025-08-26T19:35:25.429,390.2109830379486,200.0,196.2,37.8,34,8,BAKE,192.8,199.8,192.8,199.8
2025-08-26T19:35:25.438,390.2194941043854,200.0,196.2,37.9,74,8,BAKE,193.0,199.5,193.0,199.5
2025-08-26T19:35:25.465,390.24649691581726,,196.25,37.9,,,PASSIVE,193.0,199.5,,
2025-08-26T19:35:25.946,390.7277910709381,200.0,196.1,37.9,97,8,BAKE,192.8,199.5,192.8,199.5
2025-08-26T19:35:26.204,390.9856050014496,200.0,195.9,37.9,121,8,BAKE,192.5,199.2,192.5,199.2
2025-08-26T19:35:26.454,391.2362599372864,200.0,196.1,37.9,37,8,BAKE,192.8,199.5,192.8,199.5
2025-08-26T19:35:26.640,391.4214849472046,200.0,196.2,37.9,54,8,BAKE,192.8,199.8,192.8,199.8
2025-08-26T19:35:26.947,391.728924036026,200.0,196.1,37.8,97,8,BAKE,192.8,199.5,192.8,199.5
2025-08-26T19:35:27.210,391.9921441078186,200.0,196.1,37.8,77,8,BAKE,192.5,199.8,192.5,199.8
2025-08-26T19:35:27.396,392.1779320240021,200.0,196.2,37.9,54,8,BAKE,192.8,199.8,192.8,199.8
2025-08-26T19:35:27.646,392.4275279045105,200.0,196.1,37.9,97,8,BAKE,192.8,199.5,192.8,199.5
2025-08-26T19:35:27.969,392.75081396102905,200.0,195.9,37.8,121,8,BAKE,192.5,199.2,192.5,199.2
2025-08-26T19:35:28.155,392.93704199790955,200.0,195.9,37.8,81,8,BAKE,192.5,199.2,192.5,199.2
2025-08-26T19:35:28.400,393.1819260120392,200.0,196.0,37.8,59,8,BAKE,192.8,199.2,192.8,199.2
2025-08-26T19:35:28.459,393.24053406715393,200.0,196.0,37.8,79,8,BAKE,192.8,199.2,192.8,199.2
2025-08-26T19:35:28.479,393.2610890865326,,196.0,37.8,,,PASSIVE,192.8,199.2,,
2025-08-26T19:35:28.896,393.6779839992523,200.0,196.1,37.8,57,8,BAKE,192.8,199.5,192.8,199.5
2025-08-26T19:35:29.216,393.99770998954773,200.0,196.1,37.9,77,8,BAKE,192.5,199.8,192.5,199.8
2025-08-26T19:35:29.457,394.23891711235046,200.0,196.1,37.8,77,8,BAKE,192.8,199.5,192.8,199.5
2025-08-26T19:35:29.642,394.42349004745483,200.0,196.0,37.8,99,8,BAKE,192.5,199.5,192.5,199.5
2025-08-26T19:35:29.895,394.6769599914551,200.0,196.2,38.0,34,8,BAKE,192.5,200.0,192.5,200.0
2025-08-26T19:35:30.146,394.9277729988098,200.0,196.1,37.9,97,8,BAKE,192.5,199.8,192.5,199.8
2025-08-26T19:35:30.447,395.2288680076599,200.0,196.1,37.9,77,8,BAKE,192.5,199.8,192.5,199.8
2025-08-26T19:35:30.702,395.4833950996399,200.0,196.0,38.0,99,8,BAKE,192.5,199.5,192.5,199.5
2025-08-26T19:35:30.894,395.67558312416077,200.0,196.0,37.9,79,8,BAKE,192.5,199.5,192.5,199.5
2025-08-26T19:35:31.146,395.92776107788086,200.0,196.1,37.9,57,8,BAKE,192.5,199.8,192.5,199.8
2025-08-26T19:35:31.396,396.1774649620056,200.0,196.1,37.9,77,8,BAKE,192.5,199.8,192.5,199.8
2025-08-26T19:35:31.458,396.24029898643494,,196.15,37.9,,,PASSIVE,192.5,199.8,,
2025-08-26T19:35:31.646,396.42735505104065,200.0,196.2,37.9,54,8,BAKE,192.5,200.0,192.5,200.0
2025-08-26T19:35:31.900,396.6821539402008,200.0,196.1,37.8,97,8,BAKE,192.5,199.8,192.5,199.8
2025-08-26T19:35:32.215,396.9967141151428,200.0,196.1,37.8,77,8,BAKE,192.5,199.8,192.5,199.8
2025-08-26T19:35:32.399,397.1806640625,200.0,196.4,38.0,32,8,BAKE,192.8,200.0,192.8,200.0
2025-08-26T19:35:32.645,397.42686700820923,200.0,196.2,38.0,94,8,BAKE,192.8,199.8,192.8,199.8
2025-08-26T19:35:32.900,397.6817510128021,200.0,196.1,38.1,97,8,BAKE,192.8,199.5,192.8,199.5
2025-08-26T19:35:33.146,397.9274230003357,200.0,196.2,37.9,54,8,BAKE,192.8,199.8,192.8,199.8
2025-08-26T19:35:33.442,398.22414803504944,200.0,196.2,37.9,74,8,BAKE,192.8,199.8,192.8,199.8
2025-08-26T19:35:33.695,398.4766390323639,200.0,196.0,38.0,119,8,BAKE,192.8,199.2,192.8,199.2
2025-08-26T19:35:33.955,398.73635697364807,200.0,196.0,37.9,79,8,BAKE,192.5,199.5,192.5,199.5
2025-08-26T19:35:34.145,398.9271740913391,200.0,196.0,37.9,79,8,BAKE,192.5,199.5,192.5,199.5
2025-08-26T19:35:34.395,399.17729592323303,200.0,196.1,38.0,57,8,BAKE,192.8,199.5,192.8,199.5
2025-08-26T19:35:34.455,399.23711609840393,200.0,196.1,37.9,77,8,BAKE,192.8,199.5,192.8,199.5
2025-08-26T19:35:34.459,399.2410840988159,,196.15,37.9,,,PASSIVE,192.8,199.5,,
2025-08-26T19:35:34.955,399.73639392852783,200.0,196.4,38.0,32,8,BAKE,192.8,200.0,192.8,200.0
2025-08-26T19:35:35.140,399.92225790023804,200.0,196.4,38.0,72,8,BAKE,192.8,200.0,192.8,200.0
2025-08-26T19:35:35.447,400.2288599014282,200.0,196.4,38.1,72,8,BAKE,192.8,200.0,192.8,200.0
2025-08-26T19:35:35.707,400.4885981082916,200.0,196.4,38.1,72,8,BAKE,192.8,200.0,192.8,200.0
2025-08-26T19:35:35.895,400.676913022995,200.0,196.2,37.9,95,8,BAKE,193.0,199.5,193.0,199.5
2025-08-26T19:35:36.150,400.9323229789734,200.0,196.1,38.1,97,8,BAKE,192.8,199.5,192.8,199.5
2025-08-26T19:35:36.457,401.23931789398193,200.0,196.1,38.0,77,8,BAKE,192.8,199.5,192.8,199.5
2025-08-26T19:35:36.645,401.42675495147705,200.0,196.0,38.0,99,8,BAKE,192.8,199.2,192.8,199.2
2025-08-26T19:35:36.894,401.6754059791565,200.0,196.1,38.0,57,8,BAKE,192.8,199.5,192.8,199.5
2025-08-26T19:35:37.205,401.9868268966675,200.0,196.2,38.1,55,8,BAKE,192.8,199.8,192.8,199.8
2025-08-26T19:35:37.395,402.17703104019165,200.0,196.1,37.9,97,8,BAKE,192.8,199.5,192.8,199.5
2025-08-26T19:35:37.454,402.2359240055084,200.0,196.1,38.1,77,8,BAKE,192.8,199.5,192.8,199.5
2025-08-26T19:35:37.458,402.2399821281433,,196.15,38.1,,,PASSIVE,192.8,199.5,,
2025-08-26T19:35:37.902,402.68357706069946,200.0,196.0,38.0,99,8,BAKE,192.8,199.2,192.8,199.2
2025-08-26T19:35:38.149,402.9305078983307,200.0,196.0,38.1,79,8,BAKE,192.8,199.2,192.8,199.2
2025-08-26T19:35:38.400,403.18134093284607,200.0,196.0,38.0,79,8,BAKE,192.8,199.2,192.8,199.2
2025-08-26T19:35:38.645,403.4266541004181,200.0,196.0,38.0,79,8,BAKE,192.8,199.2,192.8,199.2
2025-08-26T19:35:38.899,403.68105602264404,200.0,196.1,38.1,57,8,BAKE,192.8,199.5,192.8,199.5
2025-08-26T19:35:39.221,404.00286293029785,200.0,196.1,38.0,77,8,BAKE,192.8,199.5,192.8,199.5
2025-08-26T19:35:39.408,404.1898920536041,200.0,196.2,38.1,55,8,BAKE,192.8,199.8,192.8,199.8
2025-08-26T19:35:39.659,404.4408359527588,200.0,196.2,38.0,75,8,BAKE,193.0,199.5,193.0,199.5
2025-08-26T19:35:39.907,404.68896198272705,200.0,196.5,38.1,30,8,BAKE,193.0,200.0,193.0,200.0
2025-08-26T19:35:40.154,404.93621492385864,200.0,196.4,38.0,92,8,BAKE,193.0,199.8,193.0,199.8
2025-08-26T19:35:40.407,405.1886239051819,200.0,196.2,38.0,95,8,BAKE,193.0,199.5,193.0,199.5
2025-08-26T19:35:40.464,405.24542593955994,,196.25,38.0,,,PASSIVE,193.0,199.5,,
2025-08-26T19:35:40.652,405.43358993530273,200.0,196.4,38.1,52,8,BAKE,193.0,199.8,193.0,199.8
2025-08-26T19:35:40.908,405.68944096565247,200.0,196.4,38.1,72,8,BAKE,192.8,200.0,192.8,200.0
2025-08-26T19:35:41.161,405.94327998161316,200.0,196.6,38.2,28,8,BAKE,193.0,200.2,193.0,200.2
2025-08-26T19:35:41.410,406.19147300720215,200.0,196.8,38.2,45,8,BAKE,193.2,200.2,193.2,200.2
2025-08-26T19:35:41.662,406.4436869621277,200.0,196.8,38.2,65,8,BAKE,193.2,200.2,193.2,200.2
2025-08-26T19:35:41.922,406.70421290397644,200.0,196.6,38.1,88,8,BAKE,193.2,200.0,193.2,200.0
2025-08-26T19:35:42.171,406.9527699947357,200.0,196.6,38.0,68,8,BAKE,193.2,200.0,193.2,200.0
2025-08-26T19:35:42.427,407.2090299129486,200.0,196.8,38.2,45,8,BAKE,193.2,200.2,193.2,200.2
2025-08-26T19:35:42.686,407.46737694740295,200.0,196.5,38.0,110,8,BAKE,193.0,200.0,193.0,200.0
2025-08-26T19:35:42.948,407.73020005226135,200.0,196.6,38.1,48,8,BAKE,193.2,200.0,193.2,200.0
2025-08-26T19:35:43.204,407.9857521057129,200.0,196.6,38.2,68,8,BAKE,193.2,200.0,193.2,200.0
2025-08-26T19:35:43.456,408.23772501945496,200.0,196.8,38.3,45,8,BAKE,193.2,200.2,193.2,200.2
2025-08-26T19:35:43.488,408.2696809768677,,196.7,38.3,,,PASSIVE,193.2,200.2,,
2025-08-26T19:35:43.651,408.4324679374695,200.0,196.8,38.2,65,8,BAKE,193.2,200.2,193.2,200.2
2025-08-26T19:35:43.907,408.6884729862213,200.0,196.6,38.1,88,8,BAKE,193.2,200.0,193.2,200.0
2025-08-26T19:35:44.160,408.9418480396271,200.0,196.8,38.2,45,8,BAKE,193.2,200.2,193.2,200.2
2025-08-26T19:35:44.409,409.1911458969116,200.0,196.6,38.1,88,8,BAKE,193.2,200.0,193.2,200.0
2025-08-26T19:35:44.723,409.5046811103821,200.0,196.8,38.3,45,8,BAKE,193.5,200.0,193.5,200.0
2025-08-26T19:35:44.909,409.6904249191284,200.0,196.5,38.1,110,8,BAKE,193.2,199.8,193.2,199.8
2025-08-26T19:35:45.163,409.94465804100037,200.0,196.6,38.2,48,8,BAKE,193.2,200.0,193.2,200.0
2025-08-26T19:35:45.414,410.1955180168152,200.0,196.5,38.1,90,8,BAKE,193.2,199.8,193.2,199.8
2025-08-26T19:35:45.665,410.44655203819275,200.0,196.6,38.1,48,8,BAKE,193.5,199.8,193.5,199.8
2025-08-26T19:35:45.914,410.6958439350128,200.0,196.5,38.2,90,8,BAKE,193.2,199.8,193.2,199.8
2025-08-26T19:35:46.170,410.95223808288574,200.0,196.5,38.1,70,8,BAKE,193.2,199.8,193.2,199.8
2025-08-26T19:35:46.413,411.1948730945587,200.0,196.9,38.2,3,8,BAKE,193.5,200.2,193.5,200.2
2025-08-26T19:35:46.424,411.2062509059906,200.0,196.9,38.3,63,8,BAKE,193.5,200.2,193.5,200.2
2025-08-26T19:35:46.430,411.2118170261383,,196.85,38.3,,,PASSIVE,193.5,200.2,,
2025-08-26T19:35:46.905,411.68663001060486,200.0,196.8,38.3,86,8,BAKE,193.5,200.0,193.5,200.0
2025-08-26T19:35:47.154,411.9356150627136,200.0,196.9,38.3,43,8,BAKE,193.5,200.2,193.5,200.2
2025-08-26T19:35:47.462,412.2439649105072,200.0,196.8,38.3,86,8,BAKE,193.5,200.0,193.5,200.0
2025-08-26T19:35:47.638,412.4202859401703,200.0,196.8,38.3,66,8,BAKE,193.5,200.0,193.5,200.0
2025-08-26T19:35:47.954,412.73539996147156,200.0,196.4,38.2,133,8,BAKE,193.2,199.5,193.2,199.5
2025-08-26T19:35:48.144,412.9258050918579,200.0,196.4,38.1,73,8,BAKE,193.2,199.5,193.2,199.5
2025-08-26T19:35:48.394,413.175812959671,200.0,196.4,38.2,73,8,BAKE,193.2,199.5,193.2,199.5
2025-08-26T19:35:48.644,413.4257769584656,200.0,196.4,38.2,73,8,BAKE,193.2,199.5,193.2,199.5
2025-08-26T19:35:48.957,413.73882389068604,200.0,196.4,38.4,73,8,BAKE,193.2,199.5,193.2,199.5
2025-08-26T19:35:49.144,413.92568802833557,200.0,196.4,38.3,73,8,BAKE,193.2,199.5,193.2,199.5
2025-08-26T19:35:49.392,414.17375206947327,200.0,196.6,38.4,28,8,BAKE,193.5,199.8,193.5,199.8
2025-08-26T19:35:49.450,414.23134994506836,200.0,196.2,38.2,135,8,BAKE,193.2,199.2,193.2,199.2
2025-08-26T19:35:49.453,414.23525404930115,,196.2,38.2,,,PASSIVE,193.2,199.2,,
2025-08-26T19:35:49.894,414.6753399372101,200.0,196.4,38.2,53,8,BAKE,193.2,199.5,193.2,199.5
2025-08-26T19:35:50.217,414.998820066452,200.0,196.4,38.2,73,8,BAKE,193.0,199.8,193.0,199.8
2025-08-26T19:35:50.471,415.2523639202118,200.0,196.2,38.2,95,8,BAKE,193.0,199.5,193.0,199.5
2025-08-26T19:35:50.652,415.43376302719116,200.0,196.2,38.2,75,8,BAKE,193.0,199.5,193.0,199.5
2025-08-26T19:35:50.901,415.6823320388794,200.0,196.4,38.3,53,8,BAKE,193.2,199.5,193.2,199.5
2025-08-26T19:35:51.146,415.9280779361725,200.0,196.4,38.4,73,8,BAKE,193.2,199.5,193.2,199.5
2025-08-26T19:35:51.394,416.1755120754242,200.0,196.1,38.2,118,8,BAKE,193.0,199.2,193.0,199.2
2025-08-26T19:35:51.716,416.4974489212036,200.0,196.1,38.2,78,8,BAKE,193.0,199.2,193.0,199.2
2025-08-26T19:35:51.895,416.6767439842224,200.0,196.1,38.2,78,8,BAKE,193.0,199.2,193.0,199.2
2025-08-26T19:35:52.144,416.92542791366577,200.0,196.1,38.3,78,8,BAKE,192.8,199.5,192.8,199.5
2025-08-26T19:35:52.452,417.2339448928833,200.0,195.9,38.2,122,8,BAKE,192.8,199.0,192.8,199.0
2025-08-26T19:35:52.458,417.2395889759064,,195.9,38.2,,,PASSIVE,192.8,199.0,,
2025-08-26T19:35:52.691,417.47293305397034,200.0,195.9,38.3,82,8,BAKE,192.8,199.0,192.8,199.0
2025-08-26T19:35:52.929,417.710923910141,200.0,195.8,38.2,105,8,BAKE,192.8,198.8,192.8,198.8
2025-08-26T19:35:53.230,418.0119330883026,200.0,195.9,38.4,62,8,BAKE,192.8,199.0,192.8,199.0
2025-08-26T19:35:53.406,418.1878778934479,200.0,195.8,38.4,105,8,BAKE,192.8,198.8,192.8,198.8
2025-08-26T19:35:53.697,418.478816986084,200.0,195.5,38.2,130,8,BAKE,192.5,198.5,192.5,198.5
2025-08-26T19:35:53.935,418.7171719074249,200.0,195.6,38.4,67,8,BAKE,192.5,198.8,192.5,198.8
2025-08-26T19:35:54.173,418.95453095436096,200.0,195.8,38.3,65,8,BAKE,192.5,199.0,192.5,199.0
2025-08-26T19:35:54.469,419.2505509853363,200.0,195.8,38.3,85,8,BAKE,192.5,199.0,192.5,199.0
2025-08-26T19:35:54.639,419.4210510253906,200.0,195.9,38.4,63,8,BAKE,192.5,199.2,192.5,199.2
2025-08-26T19:35:54.929,419.710706949234,200.0,195.8,38.3,105,8,BAKE,192.2,199.2,192.2,199.2
2025-08-26T19:35:55.166,419.94751501083374,200.0,195.6,38.2,107,8,BAKE,192.2,199.0,192.2,199.0
2025-08-26T19:35:55.406,420.1881968975067,200.0,196.0,38.5,20,8,BAKE,192.5,199.5,192.5,199.5
2025-08-26T19:35:55.414,420.19609904289246,200.0,195.8,38.3,125,8,BAKE,192.2,199.2,192.2,199.2
2025-08-26T19:35:55.462,420.243369102478,,195.7,38.3,,,PASSIVE,192.2,199.2,,
2025-08-26T19:35:55.929,420.7106740474701,200.0,195.9,38.4,63,8,BAKE,192.5,199.2,192.5,199.2
2025-08-26T19:35:56.157,420.939218044281,200.0,196.0,38.4,60,8,BAKE,192.5,199.5,192.5,199.5
2025-08-26T19:35:56.447,421.2285680770874,200.0,196.0,38.5,80,8,BAKE,192.5,199.5,192.5,199.5
2025-08-26T19:35:56.685,421.4673099517822,200.0,195.8,38.3,125,8,BAKE,192.2,199.2,192.2,199.2
2025-08-26T19:35:56.922,421.7037320137024,200.0,195.8,38.2,85,8,BAKE,192.2,199.2,192.2,199.2
2025-08-26T19:35:57.158,421.9398970603943,200.0,196.0,38.5,40,8,BAKE,192.5,199.5,192.5,199.5
2025-08-26T19:35:57.446,422.22817611694336,200.0,195.9,38.3,103,8,BAKE,192.2,199.5,192.2,199.5
2025-08-26T19:35:58.602,423.38394594192505,200.0,196.4,38.5,0,8,BAKE,192.8,200.0,192.8,200.0
2025-08-26T19:35:58.605,423.38721799850464,200.0,196.0,38.2,140,8,BAKE,192.5,199.5,192.5,199.5
2025-08-26T19:35:58.608,423.3898448944092,200.0,196.1,38.5,58,8,BAKE,192.8,199.5,192.8,199.5
2025-08-26T19:35:58.611,423.3925070762634,200.0,195.8,38.4,145,8,BAKE,192.5,199.0,192.5,199.0
2025-08-26T19:35:58.736,423.51810002326965,200.0,195.5,38.3,130,8,BAKE,192.5,198.5,192.5,198.5
2025-08-26T19:35:58.917,423.69843196868896,200.0,195.6,38.5,68,8,BAKE,192.5,198.8,192.5,198.8
2025-08-26T19:35:58.921,423.7029359340668,200.0,195.9,38.5,43,8,BAKE,192.8,199.0,192.8,199.0
2025-08-26T19:35:58.971,423.75284910202026,,195.9,38.5,,,PASSIVE,192.8,199.0,,
2025-08-26T19:35:59.440,424.222048997879,200.0,195.9,38.6,83,8,BAKE,192.8,199.0,192.8,199.0
2025-08-26T19:35:59.677,424.4591341018677,200.0,195.8,38.4,105,8,BAKE,192.5,199.0,192.5,199.0
2025-08-26T19:35:59.912,424.6939859390259,200.0,195.6,38.5,108,8,BAKE,192.5,198.8,192.5,198.8
2025-08-26T19:36:00.201,424.98303389549255,200.0,195.6,38.3,88,8,BAKE,192.5,198.8,192.5,198.8
2025-08-26T19:36:00.428,425.21006512641907,200.0,195.8,38.3,65,8,BAKE,192.8,198.8,192.8,198.8
2025-08-26T19:36:00.664,425.4454960823059,200.0,195.5,38.3,130,8,BAKE,192.5,198.5,192.5,198.5
2025-08-26T19:36:00.896,425.67815709114075,200.0,195.6,38.5,68,8,BAKE,192.5,198.8,192.5,198.8
2025-08-26T19:36:01.191,425.97283601760864,200.0,195.6,38.3,88,8,BAKE,192.5,198.8,192.5,198.8
2025-08-26T19:36:01.427,426.2084610462189,200.0,195.8,38.4,65,8,BAKE,192.5,199.0,192.5,199.0
2025-08-26T19:36:01.459,426.2404420375824,,195.75,38.4,,,PASSIVE,192.5,199.0,,
2025-08-26T19:36:01.656,426.4382441043854,200.0,195.9,38.6,63,8,BAKE,192.8,199.0,192.8,199.0
2025-08-26T19:36:01.889,426.6706221103668,200.0,195.8,38.4,105,8,BAKE,192.5,199.0,192.5,199.0
2025-08-26T19:36:02.179,426.9609959125519,200.0,195.5,38.3,130,8,BAKE,192.2,198.8,192.2,198.8
2025-08-26T19:36:02.411,427.19293904304504,200.0,195.6,38.5,68,8,BAKE,192.5,198.8,192.5,198.8
2025-08-26T19:36:02.648,427.43000507354736,200.0,195.6,38.3,88,8,BAKE,192.2,199.0,192.2,199.0
2025-08-26T19:36:02.937,427.71873211860657,200.0,195.6,38.4,88,8,BAKE,192.2,199.0,192.2,199.0
2025-08-26T19:36:03.176,427.9580900669098,200.0,195.8,38.6,65,8,BAKE,192.5,199.0,192.5,199.0
2025-08-26T19:36:03.412,428.19334506988525,200.0,195.8,38.6,85,8,BAKE,192.5,199.0,192.5,199.0
2025-08-26T19:36:03.648,428.4297161102295,200.0,195.5,38.3,130,8,BAKE,192.0,199.0,192.0,199.0
2025-08-26T19:36:03.940,428.7223210334778,200.0,195.8,38.5,45,8,BAKE,192.2,199.2,192.2,199.2
2025-08-26T19:36:04.175,428.9569420814514,200.0,195.6,38.6,108,8,BAKE,192.2,199.0,192.2,199.0
2025-08-26T19:36:04.470,429.25209403038025,200.0,195.5,38.5,110,8,BAKE,192.2,198.8,192.2,198.8
2025-08-26T19:36:04.478,429.25960206985474,,195.5,38.5,,,PASSIVE,192.2,198.8,,
2025-08-26T19:36:04.644,429.42581510543823,200.0,195.5,38.5,90,8,BAKE,192.0,199.0,192.0,199.0
2025-08-26T19:36:04.928,429.70993208885193,200.0,195.5,38.5,90,8,BAKE,192.0,199.0,192.0,199.0
2025-08-26T19:36:05.163,429.94520592689514,200.0,195.5,38.4,90,8,BAKE,192.0,199.0,192.0,199.0
