timestamp_iso,t_sec,set_c,actual_c,coldj_c,heat,fan,mode,temp0_c,temp1_c,temp2_c,temp3_c
2025-08-29T21:13:39.201,110.24214196205139,170.0,161.9,38.4,134,6,BAKE-PREHEAT,156.8,167.0,156.8,167.0
2025-08-29T21:13:39.432,110.47371888160706,170.0,162.2,38.3,107,6,BAKE-PREHEAT,157.0,167.5,157.0,167.5
2025-08-29T21:13:39.667,110.70782208442688,170.0,162.4,38.4,145,6,BAKE-PREHEAT,157.0,167.8,157.0,167.8
2025-08-29T21:13:39.957,110.9980399608612,170.0,162.5,38.4,143,6,BAKE-PREHEAT,157.0,168.0,157.0,168.0
2025-08-29T21:13:40.192,111.23346400260925,170.0,162.9,38.4,95,6,BAKE-PREHEAT,157.2,168.5,157.2,168.5
2025-08-29T21:13:40.421,111.4624719619751,170.0,162.8,38.4,178,6,BAKE-PREHEAT,157.2,168.2,157.2,168.2
2025-08-29T21:13:40.656,111.69684600830078,170.0,163.1,38.4,91,6,BAKE-PREHEAT,157.8,168.5,157.8,168.5
2025-08-29T21:13:40.946,111.9875340461731,170.0,163.2,38.4,128,6,BAKE-PREHEAT,157.8,168.8,157.8,168.8
2025-08-29T21:13:41.181,112.22249603271484,170.0,163.2,38.3,148,6,BAKE-PREHEAT,157.8,168.8,157.8,168.8
2025-08-29T21:13:41.410,112.45173692703247,170.0,163.8,38.4,59,6,BAKE-PREHEAT,158.2,169.2,158.2,169.2
2025-08-29T21:13:41.698,112.73918795585632,170.0,163.8,38.4,139,6,BAKE-PREHEAT,158.2,169.2,158.2,169.2
2025-08-29T21:13:41.933,112.97414088249207,170.0,163.8,38.4,139,6,BAKE-PREHEAT,158.2,169.2,158.2,169.2
2025-08-29T21:13:42.167,113.20837903022766,170.0,164.1,38.4,72,6,BAKE-PREHEAT,158.8,169.5,158.8,169.5
2025-08-29T21:13:42.452,113.49337005615234,170.0,164.4,38.3,87,6,BAKE-PREHEAT,159.0,169.8,159.0,169.8
2025-08-29T21:13:42.688,113.72878003120422,170.0,164.8,38.4,60,6,BAKE-PREHEAT,159.2,170.2,159.2,170.2
2025-08-29T21:13:42.919,113.95998287200928,170.0,164.8,38.4,120,6,BAKE-PREHEAT,159.2,170.2,159.2,170.2
2025-08-29T21:13:43.213,114.25456285476685,170.0,164.8,38.4,120,6,BAKE-PREHEAT,159.2,170.2,159.2,170.2
2025-08-29T21:13:43.449,114.49034404754639,170.0,165.1,38.4,53,6,BAKE-PREHEAT,159.8,170.5,159.8,170.5
2025-08-29T21:13:43.690,114.73145294189453,170.0,165.2,38.4,91,6,BAKE-PREHEAT,160.0,170.5,160.0,170.5
2025-08-29T21:13:43.920,114.96128392219543,170.0,165.4,38.4,88,6,BAKE-PREHEAT,160.0,170.8,160.0,170.8
2025-08-29T21:13:44.210,115.25102996826172,170.0,165.5,38.4,86,6,BAKE-PREHEAT,160.0,171.0,160.0,171.0
2025-08-29T21:13:44.448,115.48950386047363,170.0,165.6,38.4,83,6,BAKE-PREHEAT,160.2,171.0,160.2,171.0
2025-08-29T21:13:44.685,115.726322889328,170.0,165.6,38.4,103,6,BAKE-PREHEAT,160.2,171.0,160.2,171.0
2025-08-29T21:13:44.921,115.96265387535095,170.0,166.0,38.4,36,6,BAKE-PREHEAT,160.8,171.2,160.8,171.2
2025-08-29T21:13:45.155,116.19670605659485,170.0,166.0,38.4,96,6,BAKE-PREHEAT,160.8,171.2,160.8,171.2
2025-08-29T21:13:45.442,116.4836859703064,170.0,166.2,38.4,52,6,BAKE-PREHEAT,161.0,171.5,161.0,171.5
2025-08-29T21:13:45.679,116.72025895118713,170.0,166.4,38.4,69,6,BAKE-PREHEAT,161.2,171.5,161.2,171.5
2025-08-29T21:13:45.916,116.95682096481323,170.0,166.2,38.4,112,6,BAKE-PREHEAT,161.0,171.5,161.0,171.5
2025-08-29T21:13:46.207,117.24789190292358,170.0,166.5,38.3,47,6,BAKE-PREHEAT,161.2,171.8,161.2,171.8
2025-08-29T21:13:46.446,117.48689985275269,170.0,166.6,38.4,65,6,BAKE-PREHEAT,161.2,172.0,161.2,172.0
2025-08-29T21:13:46.680,117.72169303894043,170.0,166.9,38.4,40,6,BAKE-PREHEAT,161.5,172.2,161.5,172.2
2025-08-29T21:13:46.979,118.01995706558228,170.0,166.8,38.3,102,6,BAKE-PREHEAT,161.5,172.0,161.5,172.0
2025-08-29T21:13:47.153,118.19433689117432,170.0,167.1,38.4,0,6,BAKE-PREHEAT,161.8,172.5,161.8,172.5
2025-08-29T21:13:47.454,118.495187997818,170.0,167.0,38.4,0,6,BAKE-PREHEAT,161.8,172.2,161.8,172.2
2025-08-29T21:13:47.695,118.73672485351562,170.0,167.4,38.4,0,6,BAKE-PREHEAT,162.0,172.8,162.0,172.8
2025-08-29T21:13:47.932,118.97373294830322,170.0,167.2,38.4,0,6,BAKE-PREHEAT,161.8,172.8,161.8,172.8
2025-08-29T21:13:48.225,119.26661491394043,170.0,167.4,38.4,0,6,BAKE-PREHEAT,161.8,173.0,161.8,173.0
2025-08-29T21:13:48.456,119.49739789962769,170.0,167.4,38.4,0,6,BAKE-PREHEAT,162.0,172.8,162.0,172.8
2025-08-29T21:13:48.695,119.73637890815735,170.0,167.4,38.4,0,6,BAKE-PREHEAT,162.0,172.8,162.0,172.8
2025-08-29T21:13:48.931,119.97215986251831,170.0,167.5,38.4,0,6,BAKE-PREHEAT,162.2,172.8,162.2,172.8
2025-08-29T21:13:49.168,120.20879793167114,170.0,167.6,38.4,0,6,BAKE-PREHEAT,162.2,173.0,162.2,173.0
2025-08-29T21:13:49.458,120.49956488609314,170.0,167.6,38.4,0,6,BAKE-PREHEAT,162.2,173.0,162.2,173.0
2025-08-29T21:13:49.695,120.73654198646545,170.0,167.6,38.4,0,6,BAKE-PREHEAT,162.2,173.0,162.2,173.0
2025-08-29T21:13:49.933,120.97401905059814,170.0,167.8,38.4,0,6,BAKE-PREHEAT,162.5,173.0,162.5,173.0
2025-08-29T21:13:50.164,121.20562195777893,170.0,167.9,38.4,0,6,BAKE-PREHEAT,162.5,173.2,162.5,173.2
2025-08-29T21:13:50.456,121.4969630241394,170.0,167.9,38.4,0,6,BAKE-PREHEAT,162.5,173.2,162.5,173.2
2025-08-29T21:13:50.695,121.73597693443298,170.0,167.9,38.4,0,6,BAKE-PREHEAT,162.5,173.2,162.5,173.2
2025-08-29T21:13:50.932,121.97327208518982,170.0,167.9,38.4,0,6,BAKE-PREHEAT,162.5,173.2,162.5,173.2
2025-08-29T21:13:51.158,122.19904088973999,170.0,167.8,38.3,0,6,BAKE-PREHEAT,162.5,173.0,162.5,173.0
2025-08-29T21:13:51.444,122.48501491546631,170.0,167.9,38.4,0,6,BAKE-PREHEAT,162.5,173.2,162.5,173.2
2025-08-29T21:13:51.680,122.7209050655365,170.0,167.8,38.4,0,6,BAKE-PREHEAT,162.5,173.0,162.5,173.0
2025-08-29T21:13:51.917,122.95786094665527,170.0,167.9,38.4,0,6,BAKE-PREHEAT,162.5,173.2,162.5,173.2
2025-08-29T21:13:52.205,123.24621200561523,170.0,168.1,38.4,0,6,BAKE-PREHEAT,162.8,173.5,162.8,173.5
2025-08-29T21:13:52.438,123.47940802574158,170.0,168.0,38.3,0,6,BAKE-PREHEAT,162.8,173.2,162.8,173.2
2025-08-29T21:13:52.668,123.70915293693542,170.0,168.0,38.4,0,6,BAKE-PREHEAT,162.8,173.2,162.8,173.2
2025-08-29T21:13:52.960,124.00104999542236,170.0,168.0,38.4,0,6,BAKE-PREHEAT,162.8,173.2,162.8,173.2
2025-08-29T21:13:53.199,124.24042701721191,170.0,167.9,38.4,0,6,BAKE-PREHEAT,162.8,173.0,162.8,173.0
2025-08-29T21:13:53.437,124.47791385650635,170.0,167.9,38.4,0,6,BAKE-PREHEAT,162.8,173.0,162.8,173.0
2025-08-29T21:13:53.671,124.71202087402344,170.0,168.0,38.4,0,6,BAKE-PREHEAT,162.8,173.2,162.8,173.2
2025-08-29T21:13:53.964,125.00566697120667,170.0,167.9,38.4,0,6,BAKE-PREHEAT,162.8,173.0,162.8,173.0
2025-08-29T21:13:54.203,125.24392485618591,170.0,167.9,38.4,0,6,BAKE-PREHEAT,162.8,173.0,162.8,173.0
2025-08-29T21:13:54.443,125.48402094841003,170.0,168.0,38.4,0,6,BAKE-PREHEAT,162.8,173.2,162.8,173.2
2025-08-29T21:13:54.673,125.7145779132843,170.0,167.9,38.4,0,6,BAKE-PREHEAT,163.0,172.8,163.0,172.8
2025-08-29T21:13:54.909,125.94989800453186,170.0,168.0,38.4,0,6,BAKE-PREHEAT,163.0,173.0,163.0,173.0
2025-08-29T21:13:55.198,126.23948788642883,170.0,168.0,38.4,0,6,BAKE-PREHEAT,163.0,173.0,163.0,173.0
2025-08-29T21:13:55.436,126.4773759841919,170.0,167.9,38.4,0,6,BAKE-PREHEAT,162.8,173.0,162.8,173.0
2025-08-29T21:13:55.670,126.71100401878357,170.0,167.9,38.4,0,6,BAKE-PREHEAT,163.0,172.8,163.0,172.8
2025-08-29T21:13:55.904,126.94559597969055,170.0,167.9,38.4,0,6,BAKE-PREHEAT,163.0,172.8,163.0,172.8
2025-08-29T21:13:56.198,127.23905086517334,170.0,168.0,38.4,0,6,BAKE-PREHEAT,163.0,173.0,163.0,173.0
2025-08-29T21:13:56.431,127.47275304794312,170.0,167.9,38.4,0,6,BAKE-PREHEAT,162.8,173.0,162.8,173.0
2025-08-29T21:13:56.729,127.76998496055603,170.0,167.8,38.4,0,6,BAKE-PREHEAT,162.8,172.8,162.8,172.8
2025-08-29T21:13:56.903,127.94460105895996,170.0,167.8,38.4,0,6,BAKE-PREHEAT,162.8,172.8,162.8,172.8
2025-08-29T21:13:57.193,128.23446202278137,170.0,167.8,38.4,0,6,BAKE-PREHEAT,162.8,172.8,162.8,172.8
2025-08-29T21:13:57.424,128.46483492851257,170.0,167.9,38.4,0,6,BAKE-PREHEAT,162.8,173.0,162.8,173.0
2025-08-29T21:13:57.654,128.6948070526123,170.0,167.8,38.3,0,6,BAKE-PREHEAT,162.8,172.8,162.8,172.8
2025-08-29T21:13:57.945,128.98648285865784,170.0,167.6,38.4,0,6,BAKE-PREHEAT,162.2,173.0,162.2,173.0
2025-08-29T21:13:58.178,129.21901392936707,170.0,167.5,38.3,0,6,BAKE-PREHEAT,162.5,172.5,162.5,172.5
2025-08-29T21:13:58.406,129.44747805595398,170.0,167.5,38.4,0,6,BAKE-PREHEAT,162.2,172.8,162.2,172.8
2025-08-29T21:13:58.695,129.7364740371704,170.0,167.4,38.4,0,6,BAKE-PREHEAT,162.2,172.5,162.2,172.5
2025-08-29T21:13:58.932,129.9733488559723,170.0,167.4,38.4,0,6,BAKE-PREHEAT,162.5,172.2,162.5,172.2
2025-08-29T21:13:59.170,130.21106386184692,170.0,167.2,38.4,0,6,BAKE-PREHEAT,162.2,172.2,162.2,172.2
2025-08-29T21:13:59.461,130.50202107429504,170.0,167.1,38.4,0,6,BAKE-PREHEAT,162.0,172.2,162.0,172.2
2025-08-29T21:13:59.700,130.74087500572205,170.0,167.0,38.4,0,6,BAKE-PREHEAT,162.0,172.0,162.0,172.0
2025-08-29T21:13:59.935,130.97648692131042,170.0,166.8,38.3,61,6,BAKE-PREHEAT,161.8,171.8,161.8,171.8
2025-08-29T21:14:00.168,131.20960903167725,170.0,166.8,38.3,61,6,BAKE-PREHEAT,161.8,171.8,161.8,171.8
2025-08-29T21:14:00.454,131.495178937912,170.0,166.6,38.3,84,6,BAKE-PREHEAT,161.8,171.5,161.8,171.5
2025-08-29T21:14:00.688,131.72903895378113,170.0,166.6,38.4,64,6,BAKE-PREHEAT,161.8,171.5,161.8,171.5
2025-08-29T21:14:00.988,132.02909994125366,170.0,166.5,38.4,86,6,BAKE-PREHEAT,161.5,171.5,161.5,171.5
2025-08-29T21:14:01.157,132.19821190834045,170.0,166.4,38.4,88,6,BAKE-PREHEAT,161.5,171.2,161.5,171.2
2025-08-29T21:14:01.449,132.49039387702942,170.0,166.2,38.4,91,6,BAKE-PREHEAT,161.2,171.2,161.2,171.2
2025-08-29T21:14:01.686,132.7274329662323,170.0,166.2,38.4,71,6,BAKE-PREHEAT,161.5,171.0,161.5,171.0
2025-08-29T21:14:01.921,132.9623589515686,170.0,166.1,38.4,93,6,BAKE-PREHEAT,161.2,171.0,161.2,171.0
2025-08-29T21:14:02.219,133.2601079940796,170.0,166.0,38.4,96,6,BAKE-PREHEAT,161.2,170.8,161.2,170.8
2025-08-29T21:14:02.454,133.4953589439392,170.0,166.0,38.4,76,6,BAKE-PREHEAT,161.2,170.8,161.2,170.8
2025-08-29T21:14:02.689,133.72985792160034,170.0,165.8,38.4,120,6,BAKE-PREHEAT,161.0,170.5,161.0,170.5
2025-08-29T21:14:02.924,133.96526098251343,170.0,165.8,38.4,80,6,BAKE-PREHEAT,161.0,170.5,161.0,170.5
2025-08-29T21:14:03.159,134.19994688034058,170.0,165.5,38.4,125,6,BAKE-PREHEAT,160.8,170.2,160.8,170.2
2025-08-29T21:14:03.453,134.49454402923584,170.0,165.2,38.4,130,6,BAKE-PREHEAT,160.5,170.0,160.5,170.0
2025-08-29T21:14:03.689,134.7303750514984,170.0,165.2,38.4,90,6,BAKE-PREHEAT,160.5,170.0,160.5,170.0
2025-08-29T21:14:03.917,134.95861506462097,170.0,165.1,38.4,112,6,BAKE-PREHEAT,160.2,170.0,160.2,170.0
2025-08-29T21:14:04.154,135.19485187530518,170.0,165.1,38.3,92,6,BAKE-PREHEAT,160.2,170.0,160.2,170.0
2025-08-29T21:14:04.448,135.4887890815735,170.0,165.0,38.4,115,6,BAKE-PREHEAT,160.2,169.8,160.2,169.8
2025-08-29T21:14:04.679,135.72015690803528,170.0,165.0,38.4,95,6,BAKE-PREHEAT,160.2,169.8,160.2,169.8
2025-08-29T21:14:04.917,135.9578778743744,170.0,165.0,38.4,95,6,BAKE-PREHEAT,160.2,169.8,160.2,169.8
2025-08-29T21:14:05.202,136.24314999580383,170.0,164.9,38.4,117,6,BAKE-PREHEAT,160.2,169.5,160.2,169.5
2025-08-29T21:14:05.426,136.4674198627472,170.0,165.0,38.4,75,6,BAKE-PREHEAT,160.2,169.8,160.2,169.8
2025-08-29T21:14:05.662,136.70302605628967,170.0,165.0,38.4,95,6,BAKE-PREHEAT,160.2,169.8,160.2,169.8
2025-08-29T21:14:05.955,136.996680021286,170.0,165.0,38.4,95,6,BAKE-PREHEAT,160.2,169.8,160.2,169.8
2025-08-29T21:14:06.192,137.23351192474365,170.0,164.8,38.4,140,6,BAKE-PREHEAT,160.0,169.5,160.0,169.5
2025-08-29T21:14:06.427,137.4684600830078,170.0,164.9,38.4,77,6,BAKE-PREHEAT,160.2,169.5,160.2,169.5
2025-08-29T21:14:06.656,137.69758796691895,170.0,164.8,38.4,120,6,BAKE-PREHEAT,160.0,169.5,160.0,169.5
2025-08-29T21:14:06.947,137.98874402046204,170.0,164.8,38.4,100,6,BAKE-PREHEAT,160.0,169.5,160.0,169.5
2025-08-29T21:14:07.185,138.2262899875641,170.0,164.8,38.4,100,6,BAKE-PREHEAT,160.0,169.5,160.0,169.5
2025-08-29T21:14:07.418,138.45977306365967,170.0,164.6,38.4,122,6,BAKE-PREHEAT,160.0,169.2,160.0,169.2
2025-08-29T21:14:07.719,138.7599709033966,170.0,164.5,38.4,124,6,BAKE-PREHEAT,159.8,169.2,159.8,169.2
2025-08-29T21:14:07.954,138.994854927063,170.0,164.2,38.4,149,6,BAKE-PREHEAT,159.5,169.0,159.5,169.0
2025-08-29T21:14:08.193,139.23443007469177,170.0,164.4,38.3,87,6,BAKE-PREHEAT,159.8,169.0,159.8,169.0
2025-08-29T21:14:08.430,139.47100496292114,170.0,164.2,38.4,129,6,BAKE-PREHEAT,159.5,169.0,159.5,169.0
2025-08-29T21:14:08.660,139.70150303840637,170.0,164.2,38.4,109,6,BAKE-PREHEAT,159.5,169.0,159.5,169.0
2025-08-29T21:14:08.952,139.99308800697327,170.0,164.4,38.4,87,6,BAKE-PREHEAT,159.8,169.0,159.8,169.0
2025-08-29T21:14:09.187,140.2283809185028,170.0,164.4,38.4,107,6,BAKE-PREHEAT,159.8,169.0,159.8,169.0
2025-08-29T21:14:09.416,140.45729804039001,170.0,164.2,38.4,129,6,BAKE-PREHEAT,159.5,169.0,159.5,169.0
2025-08-29T21:14:09.709,140.7501859664917,170.0,164.2,38.4,109,6,BAKE-PREHEAT,159.5,169.0,159.5,169.0
2025-08-29T21:14:09.948,140.9897758960724,170.0,164.1,38.4,132,6,BAKE-PREHEAT,159.5,168.8,159.5,168.8
2025-08-29T21:14:10.187,141.22779202461243,170.0,164.0,38.4,134,6,BAKE-PREHEAT,159.2,168.8,159.2,168.8
2025-08-29T21:14:10.422,141.46368503570557,170.0,164.0,38.4,114,6,BAKE-PREHEAT,159.2,168.8,159.2,168.8
2025-08-29T21:14:10.720,141.76124691963196,170.0,163.9,38.4,137,6,BAKE-PREHEAT,159.2,168.5,159.2,168.5
2025-08-29T21:14:10.959,141.9998860359192,170.0,163.6,38.4,161,6,BAKE-PREHEAT,159.0,168.2,159.0,168.2
2025-08-29T21:14:11.197,142.23873591423035,170.0,163.8,38.4,99,6,BAKE-PREHEAT,159.0,168.5,159.0,168.5
2025-08-29T21:14:11.433,142.47395205497742,170.0,163.8,38.4,119,6,BAKE-PREHEAT,159.0,168.5,159.0,168.5
2025-08-29T21:14:11.668,142.7091829776764,170.0,163.8,38.4,119,6,BAKE-PREHEAT,159.0,168.5,159.0,168.5
2025-08-29T21:14:11.969,143.01025199890137,170.0,163.6,38.4,141,6,BAKE-PREHEAT,159.0,168.2,159.0,168.2
2025-08-29T21:14:12.203,143.24470496177673,170.0,163.6,38.4,121,6,BAKE-PREHEAT,159.0,168.2,159.0,168.2
2025-08-29T21:14:12.439,143.47992300987244,170.0,163.6,38.4,121,6,BAKE-PREHEAT,158.8,168.5,158.8,168.5
2025-08-29T21:14:12.673,143.71459102630615,170.0,163.6,38.4,121,6,BAKE-PREHEAT,159.0,168.2,159.0,168.2
2025-08-29T21:14:12.909,143.9502670764923,170.0,163.6,38.4,121,6,BAKE-PREHEAT,159.0,168.2,159.0,168.2
2025-08-29T21:14:13.202,144.2432279586792,170.0,163.4,38.4,166,6,BAKE-PREHEAT,158.8,168.0,158.8,168.0
2025-08-29T21:14:13.439,144.48071599006653,170.0,163.5,38.4,104,6,BAKE-PREHEAT,159.0,168.0,159.0,168.0
2025-08-29T21:14:13.668,144.7091670036316,170.0,163.2,38.4,169,6,BAKE-PREHEAT,158.5,168.0,158.5,168.0
2025-08-29T21:14:13.902,144.94365406036377,170.0,163.4,38.4,106,6,BAKE-PREHEAT,158.8,168.0,158.8,168.0
2025-08-29T21:14:14.197,145.23828792572021,170.0,163.4,38.4,126,6,BAKE-PREHEAT,158.8,168.0,158.8,168.0
2025-08-29T21:14:14.434,145.47575092315674,170.0,163.2,38.4,149,6,BAKE-PREHEAT,158.5,168.0,158.5,168.0
2025-08-29T21:14:14.669,145.71077585220337,170.0,163.4,38.4,106,6,BAKE-PREHEAT,158.8,168.0,158.8,168.0
2025-08-29T21:14:14.957,145.99836897850037,170.0,163.0,38.3,193,6,BAKE-PREHEAT,158.2,167.8,158.2,167.8
2025-08-29T21:14:15.193,146.23401308059692,170.0,163.1,38.3,111,6,BAKE-PREHEAT,158.5,167.8,158.5,167.8
2025-08-29T21:14:15.430,146.47087001800537,170.0,163.2,38.4,109,6,BAKE-PREHEAT,158.5,168.0,158.5,168.0
2025-08-29T21:14:15.666,146.7075469493866,170.0,163.2,38.4,129,6,BAKE-PREHEAT,158.5,168.0,158.5,168.0
2025-08-29T21:14:15.959,147.00014185905457,170.0,163.2,38.4,129,6,BAKE-PREHEAT,158.5,168.0,158.5,168.0
2025-08-29T21:14:16.195,147.2362449169159,170.0,163.2,38.3,129,6,BAKE-PREHEAT,158.5,168.0,158.5,168.0
2025-08-29T21:14:16.431,147.47213792800903,170.0,163.2,38.3,129,6,BAKE-PREHEAT,158.5,168.0,158.5,168.0
2025-08-29T21:14:16.660,147.7015519142151,170.0,163.2,38.4,129,6,BAKE-PREHEAT,158.5,168.0,158.5,168.0
2025-08-29T21:14:16.955,147.99621486663818,170.0,163.4,38.3,107,6,BAKE-PREHEAT,158.8,168.0,158.8,168.0
2025-08-29T21:14:17.189,148.23065996170044,170.0,163.2,38.3,149,6,BAKE-PREHEAT,158.5,168.0,158.5,168.0
2025-08-29T21:14:17.421,148.4626898765564,170.0,163.4,38.4,107,6,BAKE-PREHEAT,158.8,168.0,158.8,168.0
2025-08-29T21:14:17.721,148.7619709968567,170.0,163.5,38.4,104,6,BAKE-PREHEAT,159.0,168.0,159.0,168.0
2025-08-29T21:14:17.960,149.00164604187012,170.0,163.4,38.4,147,6,BAKE-PREHEAT,159.0,167.8,159.0,167.8
2025-08-29T21:14:18.202,149.24296402931213,170.0,163.5,38.4,104,6,BAKE-PREHEAT,159.0,168.0,159.0,168.0
2025-08-29T21:14:18.438,149.47938990592957,170.0,163.6,38.3,102,6,BAKE-PREHEAT,159.2,168.0,159.2,168.0
2025-08-29T21:14:18.671,149.71273708343506,170.0,163.6,38.4,122,6,BAKE-PREHEAT,159.2,168.0,159.2,168.0
2025-08-29T21:14:18.969,150.00990295410156,170.0,163.8,38.4,100,6,BAKE-PREHEAT,159.2,168.2,159.2,168.2
2025-08-29T21:14:19.202,150.24334192276,170.0,163.6,38.4,142,6,BAKE-PREHEAT,159.2,168.0,159.2,168.0
2025-08-29T21:14:19.437,150.47790503501892,170.0,163.6,38.4,122,6,BAKE-PREHEAT,159.2,168.0,159.2,168.0
2025-08-29T21:14:19.667,150.70831489562988,170.0,163.6,38.4,122,6,BAKE-PREHEAT,159.2,168.0,159.2,168.0
2025-08-29T21:14:19.901,150.9426760673523,170.0,163.8,38.4,100,6,BAKE-PREHEAT,159.5,168.0,159.5,168.0
2025-08-29T21:14:20.193,151.2338628768921,170.0,163.8,38.4,120,6,BAKE-PREHEAT,159.5,168.0,159.5,168.0
2025-08-29T21:14:20.427,151.46798396110535,170.0,163.8,38.4,120,6,BAKE-PREHEAT,159.5,168.0,159.5,168.0
2025-08-29T21:14:20.656,151.69758796691895,170.0,163.6,38.4,142,6,BAKE-PREHEAT,159.5,167.8,159.5,167.8
2025-08-29T21:14:20.951,151.99185395240784,170.0,163.9,38.4,77,6,BAKE-PREHEAT,159.5,168.2,159.5,168.2
2025-08-29T21:14:21.190,152.23114490509033,170.0,163.8,38.4,140,6,BAKE-PREHEAT,159.5,168.0,159.5,168.0
2025-08-29T21:14:21.423,152.46405291557312,170.0,163.9,38.4,97,6,BAKE-PREHEAT,159.8,168.0,159.8,168.0
2025-08-29T21:14:21.657,152.69793796539307,170.0,164.0,38.4,95,6,BAKE-PREHEAT,159.8,168.2,159.8,168.2
2025-08-29T21:14:21.949,152.99011087417603,170.0,163.9,38.4,137,6,BAKE-PREHEAT,159.8,168.0,159.8,168.0
2025-08-29T21:14:22.180,153.2212610244751,170.0,163.9,38.4,117,6,BAKE-PREHEAT,159.8,168.0,159.8,168.0
2025-08-29T21:14:22.416,153.45774292945862,170.0,164.0,38.4,95,6,BAKE-PREHEAT,159.8,168.2,159.8,168.2
2025-08-29T21:14:22.651,153.69217491149902,170.0,163.9,38.3,137,6,BAKE-PREHEAT,159.8,168.0,159.8,168.0
2025-08-29T21:14:22.945,153.98670291900635,170.0,164.1,38.4,73,6,BAKE-PREHEAT,160.0,168.2,160.0,168.2
2025-08-29T21:14:23.182,154.22326588630676,170.0,164.0,38.4,135,6,BAKE-PREHEAT,159.8,168.2,159.8,168.2
2025-08-29T21:14:23.413,154.45422887802124,170.0,164.0,38.4,115,6,BAKE-PREHEAT,159.8,168.2,159.8,168.2
2025-08-29T21:14:23.706,154.7472710609436,170.0,164.0,38.3,115,6,BAKE-PREHEAT,159.8,168.2,159.8,168.2
2025-08-29T21:14:23.945,154.98662304878235,170.0,164.1,38.3,93,6,BAKE-PREHEAT,159.8,168.5,159.8,168.5
2025-08-29T21:14:24.183,155.224219083786,170.0,164.2,38.3,90,6,BAKE-PREHEAT,160.0,168.5,160.0,168.5
2025-08-29T21:14:24.417,155.45808005332947,170.0,164.2,38.4,110,6,BAKE-PREHEAT,160.0,168.5,160.0,168.5
2025-08-29T21:14:24.709,155.7506880760193,170.0,164.2,38.3,110,6,BAKE-PREHEAT,160.0,168.5,160.0,168.5
2025-08-29T21:14:24.945,155.9861810207367,170.0,164.4,38.4,88,6,BAKE-PREHEAT,160.2,168.5,160.2,168.5
2025-08-29T21:14:25.183,156.22403192520142,170.0,164.5,38.4,86,6,BAKE-PREHEAT,160.2,168.8,160.2,168.8
2025-08-29T21:14:25.415,156.4563069343567,170.0,164.5,38.3,106,6,BAKE-PREHEAT,160.2,168.8,160.2,168.8
2025-08-29T21:14:25.706,156.74712300300598,170.0,164.6,38.3,83,6,BAKE-PREHEAT,160.5,168.8,160.5,168.8
2025-08-29T21:14:25.943,156.98390197753906,170.0,164.8,38.4,81,6,BAKE-PREHEAT,160.5,169.0,160.5,169.0
2025-08-29T21:14:26.179,157.22027897834778,170.0,164.6,38.3,123,6,BAKE-PREHEAT,160.5,168.8,160.5,168.8
2025-08-29T21:14:26.408,157.449383020401,170.0,164.9,38.4,59,6,BAKE-PREHEAT,160.8,169.0,160.8,169.0
2025-08-29T21:14:26.702,157.74358487129211,170.0,164.9,38.4,99,6,BAKE-PREHEAT,160.8,169.0,160.8,169.0
2025-08-29T21:14:26.941,157.9827060699463,170.0,164.9,38.4,99,6,BAKE-PREHEAT,160.8,169.0,160.8,169.0
2025-08-29T21:14:27.179,158.21978402137756,170.0,165.0,38.4,76,6,BAKE-PREHEAT,160.8,169.2,160.8,169.2
2025-08-29T21:14:27.477,158.51861906051636,170.0,165.1,38.4,74,6,BAKE-PREHEAT,161.0,169.2,161.0,169.2
2025-08-29T21:14:27.648,158.68936395645142,170.0,164.9,38.3,139,6,BAKE-PREHEAT,160.8,169.0,160.8,169.0
2025-08-29T21:14:27.942,158.9836778640747,170.0,165.0,38.4,76,6,BAKE-PREHEAT,160.8,169.2,160.8,169.2
2025-08-29T21:14:28.180,159.220862865448,170.0,165.2,38.4,52,6,BAKE-PREHEAT,161.0,169.5,161.0,169.5
2025-08-29T21:14:28.417,159.458594083786,170.0,165.4,38.4,69,6,BAKE-PREHEAT,161.2,169.5,161.2,169.5
2025-08-29T21:14:28.713,159.7540328502655,170.0,165.1,38.4,134,6,BAKE-PREHEAT,161.0,169.2,161.0,169.2
2025-08-29T21:14:28.948,159.98975086212158,170.0,165.1,38.3,94,6,BAKE-PREHEAT,161.0,169.2,161.0,169.2
2025-08-29T21:14:29.188,160.22915601730347,170.0,165.2,38.4,72,6,BAKE-PREHEAT,161.0,169.5,161.0,169.5
2025-08-29T21:14:29.419,160.4599540233612,170.0,165.4,38.4,69,6,BAKE-PREHEAT,161.2,169.5,161.2,169.5
2025-08-29T21:14:29.650,160.69152402877808,170.0,165.5,38.4,67,6,BAKE-PREHEAT,161.2,169.8,161.2,169.8
2025-08-29T21:14:29.944,160.9855968952179,170.0,165.5,38.4,87,6,BAKE-PREHEAT,161.2,169.8,161.2,169.8
2025-08-29T21:14:30.181,161.22271704673767,170.0,165.5,38.4,87,6,BAKE-PREHEAT,161.2,169.8,161.2,169.8
2025-08-29T21:14:30.412,161.453763961792,170.0,165.6,38.4,65,6,BAKE-PREHEAT,161.2,170.0,161.2,170.0
2025-08-29T21:14:30.706,161.7471969127655,170.0,165.5,38.4,107,6,BAKE-PREHEAT,161.2,169.8,161.2,169.8
2025-08-29T21:14:30.945,161.986319065094,170.0,165.8,38.4,42,6,BAKE-PREHEAT,161.5,170.0,161.5,170.0
2025-08-29T21:14:31.182,162.2237470149994,170.0,165.8,38.4,82,6,BAKE-PREHEAT,161.5,170.0,161.5,170.0
2025-08-29T21:14:31.417,162.45851302146912,170.0,165.8,38.4,82,6,BAKE-PREHEAT,161.5,170.0,161.5,170.0
2025-08-29T21:14:31.709,162.74996495246887,170.0,165.8,38.3,82,6,BAKE-PREHEAT,161.5,170.0,161.5,170.0
2025-08-29T21:14:31.948,162.98898100852966,170.0,165.9,38.4,60,6,BAKE-PREHEAT,161.5,170.2,161.5,170.2
2025-08-29T21:14:32.183,163.22378087043762,170.0,165.8,38.4,102,6,BAKE-PREHEAT,161.5,170.0,161.5,170.0
2025-08-29T21:14:32.416,163.45683789253235,170.0,166.0,38.4,38,6,BAKE-PREHEAT,161.8,170.2,161.8,170.2
2025-08-29T21:14:32.650,163.69104290008545,170.0,166.0,38.3,78,6,BAKE-PREHEAT,161.8,170.2,161.8,170.2
2025-08-29T21:14:32.940,163.98152804374695,170.0,166.0,38.4,78,6,BAKE-PREHEAT,161.8,170.2,161.8,170.2
2025-08-29T21:14:33.174,164.21504092216492,170.0,166.1,38.4,55,6,BAKE-PREHEAT,161.8,170.5,161.8,170.5
2025-08-29T21:14:33.403,164.44411301612854,170.0,166.0,38.4,98,6,BAKE-PREHEAT,161.8,170.2,161.8,170.2
2025-08-29T21:14:33.696,164.737487077713,170.0,166.1,38.4,55,6,BAKE-PREHEAT,161.8,170.5,161.8,170.5
2025-08-29T21:14:33.934,164.9751648902893,170.0,166.1,38.4,75,6,BAKE-PREHEAT,161.8,170.5,161.8,170.5
2025-08-29T21:14:34.169,165.21035504341125,170.0,166.1,38.3,75,6,BAKE-PREHEAT,161.8,170.5,161.8,170.5
2025-08-29T21:14:34.468,165.50977206230164,170.0,166.2,38.3,53,6,BAKE-PREHEAT,161.8,170.8,161.8,170.8
2025-08-29T21:14:34.642,165.68373489379883,170.0,166.1,38.4,95,6,BAKE-PREHEAT,161.8,170.5,161.8,170.5
2025-08-29T21:14:34.935,165.9758448600769,170.0,166.1,38.3,75,6,BAKE-PREHEAT,161.8,170.5,161.8,170.5
2025-08-29T21:14:35.170,166.2113800048828,170.0,166.1,38.3,75,6,BAKE-PREHEAT,161.8,170.5,161.8,170.5
2025-08-29T21:14:35.401,166.44212698936462,170.0,166.1,38.3,75,6,BAKE-PREHEAT,161.8,170.5,161.8,170.5
2025-08-29T21:14:35.692,166.73366689682007,170.0,166.1,38.3,75,6,BAKE-PREHEAT,161.5,170.8,161.5,170.8
2025-08-29T21:14:35.993,167.03402996063232,170.0,166.2,38.4,53,6,BAKE-PREHEAT,161.8,170.8,161.8,170.8
2025-08-29T21:14:36.168,167.2090039253235,170.0,166.1,38.4,95,6,BAKE-PREHEAT,161.8,170.5,161.8,170.5
2025-08-29T21:14:36.401,167.44226503372192,170.0,166.2,38.4,53,6,BAKE-PREHEAT,162.0,170.5,162.0,170.5
2025-08-29T21:14:36.694,167.73525404930115,170.0,166.2,38.3,73,6,BAKE-PREHEAT,162.0,170.5,162.0,170.5
2025-08-29T21:14:36.931,167.97262406349182,170.0,166.4,38.4,51,6,BAKE-PREHEAT,162.0,170.8,162.0,170.8
2025-08-29T21:14:37.167,168.20817804336548,170.0,166.2,38.4,93,6,BAKE-PREHEAT,162.0,170.5,162.0,170.5
2025-08-29T21:14:37.459,168.50050687789917,170.0,166.2,38.4,73,6,BAKE-PREHEAT,162.0,170.5,162.0,170.5
2025-08-29T21:14:37.697,168.73778891563416,170.0,166.1,38.3,96,6,BAKE-PREHEAT,161.8,170.5,161.8,170.5
2025-08-29T21:14:37.934,168.9757158756256,170.0,166.4,38.4,31,6,BAKE-PREHEAT,162.0,170.8,162.0,170.8
2025-08-29T21:14:38.169,169.21067595481873,170.0,166.2,38.4,93,6,BAKE-PREHEAT,162.0,170.5,162.0,170.5
2025-08-29T21:14:38.404,169.44572591781616,170.0,166.2,38.4,73,6,BAKE-PREHEAT,162.0,170.5,162.0,170.5
2025-08-29T21:14:38.693,169.7345130443573,170.0,166.2,38.4,73,6,BAKE-PREHEAT,162.0,170.5,162.0,170.5
2025-08-29T21:14:38.931,169.97235488891602,170.0,166.2,38.4,73,6,BAKE-PREHEAT,162.2,170.2,162.2,170.2
2025-08-29T21:14:39.165,170.20676803588867,170.0,166.2,38.4,73,6,BAKE-PREHEAT,162.0,170.5,162.0,170.5
2025-08-29T21:14:39.400,170.4411609172821,170.0,166.4,38.4,51,6,BAKE-PREHEAT,162.2,170.5,162.2,170.5
2025-08-29T21:14:39.690,170.7311589717865,170.0,166.4,38.4,71,6,BAKE-PREHEAT,162.2,170.5,162.2,170.5
2025-08-29T21:14:39.926,170.96744585037231,170.0,166.5,38.4,48,6,BAKE-PREHEAT,162.2,170.8,162.2,170.8
2025-08-29T21:14:40.227,171.2684679031372,170.0,166.4,38.3,91,6,BAKE-PREHEAT,162.2,170.5,162.2,170.5
2025-08-29T21:14:40.401,171.44220805168152,170.0,166.4,38.4,71,6,BAKE-PREHEAT,162.2,170.5,162.2,170.5
2025-08-29T21:14:40.695,171.73643589019775,170.0,166.1,38.3,116,6,BAKE-PREHEAT,162.0,170.2,162.0,170.2
2025-08-29T21:14:40.933,171.9740629196167,170.0,166.2,38.4,53,6,BAKE-PREHEAT,162.0,170.5,162.0,170.5
2025-08-29T21:14:41.168,172.2092080116272,170.0,166.1,38.4,96,6,BAKE-PREHEAT,161.8,170.5,161.8,170.5
2025-08-29T21:14:41.466,172.50714492797852,170.0,166.5,38.4,9,6,BAKE-PREHEAT,162.2,170.8,162.2,170.8
2025-08-29T21:14:41.643,172.68469095230103,170.0,166.4,38.4,91,6,BAKE-PREHEAT,162.2,170.5,162.2,170.5
2025-08-29T21:14:41.935,172.97649788856506,170.0,166.4,38.4,71,6,BAKE-PREHEAT,162.2,170.5,162.2,170.5
2025-08-29T21:14:42.171,173.21230006217957,170.0,166.2,38.4,93,6,BAKE-PREHEAT,162.0,170.5,162.0,170.5
2025-08-29T21:14:42.406,173.4475600719452,170.0,166.1,38.4,96,6,BAKE-PREHEAT,162.0,170.2,162.0,170.2
2025-08-29T21:14:42.692,173.73308396339417,170.0,166.2,38.4,53,6,BAKE-PREHEAT,162.2,170.2,162.2,170.2
2025-08-29T21:14:42.930,173.9708559513092,170.0,166.4,38.4,51,6,BAKE-PREHEAT,162.2,170.5,162.2,170.5
2025-08-29T21:14:43.159,174.2003300189972,170.0,166.4,38.4,71,6,BAKE-PREHEAT,162.2,170.5,162.2,170.5
2025-08-29T21:14:43.450,174.49109292030334,170.0,166.2,38.4,93,6,BAKE-PREHEAT,162.2,170.2,162.2,170.2
2025-08-29T21:14:43.681,174.72212195396423,170.0,166.2,38.4,73,6,BAKE-PREHEAT,162.2,170.2,162.2,170.2
2025-08-29T21:14:43.922,174.96357798576355,170.0,166.4,38.4,51,6,BAKE-PREHEAT,162.5,170.2,162.5,170.2
2025-08-29T21:14:44.223,175.26456689834595,170.0,166.4,38.4,71,6,BAKE-PREHEAT,162.5,170.2,162.5,170.2
2025-08-29T21:14:44.453,175.49459886550903,170.0,166.4,38.4,71,6,BAKE-PREHEAT,162.5,170.2,162.5,170.2
2025-08-29T21:14:44.687,175.72874188423157,170.0,166.2,38.3,93,6,BAKE-PREHEAT,162.2,170.2,162.2,170.2
2025-08-29T21:14:44.923,175.9646430015564,170.0,166.2,38.4,73,6,BAKE-PREHEAT,162.2,170.2,162.2,170.2
2025-08-29T21:14:45.160,176.20133996009827,170.0,166.1,38.3,96,6,BAKE-PREHEAT,162.2,170.0,162.2,170.0
2025-08-29T21:14:45.456,176.49693489074707,170.0,166.2,38.4,53,6,BAKE-PREHEAT,162.2,170.2,162.2,170.2
2025-08-29T21:14:45.688,176.7290530204773,170.0,166.1,38.3,96,6,BAKE-PREHEAT,162.0,170.2,162.0,170.2
2025-08-29T21:14:45.923,176.96447587013245,170.0,166.2,38.3,54,6,BAKE-PREHEAT,162.2,170.2,162.2,170.2
2025-08-29T21:14:46.159,177.19983887672424,170.0,166.2,38.4,74,6,BAKE-PREHEAT,162.2,170.2,162.2,170.2
2025-08-29T21:14:46.453,177.49451899528503,170.0,166.2,38.3,74,6,BAKE-PREHEAT,162.2,170.2,162.2,170.2
2025-08-29T21:14:46.693,177.7339448928833,170.0,166.1,38.4,96,6,BAKE-PREHEAT,162.0,170.2,162.0,170.2
2025-08-29T21:14:46.925,177.96634197235107,170.0,166.1,38.4,76,6,BAKE-PREHEAT,162.0,170.2,162.0,170.2
2025-08-29T21:14:47.226,178.26685500144958,170.0,166.2,38.3,54,6,BAKE-PREHEAT,162.0,170.5,162.0,170.5
2025-08-29T21:14:47.399,178.4403519630432,170.0,166.1,38.4,96,6,BAKE-PREHEAT,162.0,170.2,162.0,170.2
2025-08-29T21:14:47.693,178.73468804359436,170.0,166.1,38.3,76,6,BAKE-PREHEAT,162.0,170.2,162.0,170.2
2025-08-29T21:14:47.931,178.97208786010742,170.0,166.0,38.3,98,6,BAKE-PREHEAT,162.0,170.0,162.0,170.0
2025-08-29T21:14:48.166,179.20679187774658,170.0,166.1,38.4,56,6,BAKE-PREHEAT,162.0,170.2,162.0,170.2
2025-08-29T21:14:48.462,179.50321793556213,170.0,166.0,38.3,98,6,BAKE-PREHEAT,161.8,170.2,161.8,170.2
2025-08-29T21:14:48.697,179.73817586898804,170.0,166.0,38.3,78,6,BAKE-PREHEAT,161.8,170.2,161.8,170.2
2025-08-29T21:14:48.935,179.97625708580017,170.0,166.1,38.4,56,6,BAKE-PREHEAT,162.0,170.2,162.0,170.2
2025-08-29T21:14:49.171,180.21220588684082,170.0,166.0,38.3,98,6,BAKE-PREHEAT,161.8,170.2,161.8,170.2
2025-08-29T21:14:49.407,180.44830703735352,170.0,166.0,38.4,78,6,BAKE-PREHEAT,161.8,170.2,161.8,170.2
2025-08-29T21:14:49.697,180.7387719154358,170.0,165.9,38.4,101,6,BAKE-PREHEAT,161.5,170.2,161.5,170.2
2025-08-29T21:14:49.933,180.9739670753479,170.0,165.9,38.3,81,6,BAKE-PREHEAT,161.5,170.2,161.5,170.2
2025-08-29T21:14:50.162,181.20318698883057,170.0,165.9,38.3,81,6,BAKE-PREHEAT,161.5,170.2,161.5,170.2
2025-08-29T21:14:50.398,181.43956685066223,170.0,165.9,38.4,81,6,BAKE-PREHEAT,161.8,170.0,161.8,170.0
2025-08-29T21:14:50.693,181.73392391204834,170.0,165.8,38.4,103,6,BAKE-PREHEAT,161.5,170.0,161.5,170.0
2025-08-29T21:14:50.927,181.9684338569641,170.0,165.8,38.4,83,6,BAKE-PREHEAT,161.5,170.0,161.5,170.0
2025-08-29T21:14:51.162,182.2035870552063,170.0,165.9,38.4,61,6,BAKE-PREHEAT,161.8,170.0,161.8,170.0
2025-08-29T21:14:51.455,182.4967520236969,170.0,166.1,38.4,36,6,BAKE-PREHEAT,162.0,170.2,162.0,170.2
2025-08-29T21:14:51.692,182.73332691192627,170.0,166.0,38.3,99,6,BAKE-PREHEAT,161.8,170.2,161.8,170.2
2025-08-29T21:14:51.929,182.97014093399048,170.0,166.1,38.4,56,6,BAKE-PREHEAT,162.0,170.2,162.0,170.2
2025-08-29T21:14:52.163,183.20476007461548,170.0,166.1,38.4,76,6,BAKE-PREHEAT,162.0,170.2,162.0,170.2
2025-08-29T21:14:52.398,183.4393129348755,170.0,166.1,38.4,76,6,BAKE-PREHEAT,162.0,170.2,162.0,170.2
2025-08-29T21:14:52.685,183.72627186775208,170.0,166.1,38.4,76,6,BAKE-PREHEAT,162.0,170.2,162.0,170.2
2025-08-29T21:14:52.913,183.95428586006165,170.0,166.2,38.4,54,6,BAKE-PREHEAT,162.2,170.2,162.2,170.2
2025-08-29T21:14:53.148,184.18922901153564,170.0,166.2,38.4,74,6,BAKE-PREHEAT,162.2,170.2,162.2,170.2
2025-08-29T21:14:53.440,184.4813129901886,170.0,166.2,38.4,74,6,BAKE-PREHEAT,162.2,170.2,162.2,170.2
2025-08-29T21:14:53.676,184.71741485595703,170.0,166.2,38.4,74,6,BAKE-PREHEAT,162.2,170.2,162.2,170.2
2025-08-29T21:14:53.908,184.94889187812805,170.0,166.2,38.3,74,6,BAKE-PREHEAT,162.2,170.2,162.2,170.2
2025-08-29T21:14:54.197,185.23857307434082,170.0,166.1,38.4,96,6,BAKE-PREHEAT,162.2,170.0,162.2,170.0
2025-08-29T21:14:54.435,185.47632884979248,170.0,166.4,38.4,32,6,BAKE-PREHEAT,162.5,170.2,162.5,170.2
2025-08-29T21:14:54.665,185.70629405975342,170.0,166.2,38.4,94,6,BAKE-PREHEAT,162.2,170.2,162.2,170.2
2025-08-29T21:14:54.897,185.93862199783325,170.0,166.4,38.4,52,6,BAKE-PREHEAT,162.5,170.2,162.5,170.2
2025-08-29T21:14:55.187,186.228590965271,170.0,166.4,38.4,72,6,BAKE-PREHEAT,162.5,170.2,162.5,170.2
2025-08-29T21:14:55.422,186.4631860256195,170.0,166.2,38.4,94,6,BAKE-PREHEAT,162.5,170.0,162.5,170.0
2025-08-29T21:14:55.651,186.69245600700378,170.0,166.2,38.4,74,6,BAKE-PREHEAT,162.5,170.0,162.5,170.0
2025-08-29T21:14:55.941,186.98214602470398,170.0,166.4,38.4,52,6,BAKE-PREHEAT,162.5,170.2,162.5,170.2
2025-08-29T21:14:56.178,187.21953988075256,170.0,166.2,38.4,94,6,BAKE-PREHEAT,162.5,170.0,162.5,170.0
2025-08-29T21:14:56.413,187.45469188690186,170.0,166.4,38.4,52,6,BAKE-PREHEAT,162.8,170.0,162.8,170.0
2025-08-29T21:14:56.709,187.74985098838806,170.0,166.2,38.3,94,6,BAKE-PREHEAT,162.5,170.0,162.5,170.0
2025-08-29T21:14:56.941,187.98231387138367,170.0,166.4,38.4,52,6,BAKE-PREHEAT,162.8,170.0,162.8,170.0
2025-08-29T21:14:57.178,188.21905994415283,170.0,166.5,38.4,49,6,BAKE-PREHEAT,162.8,170.2,162.8,170.2
2025-08-29T21:14:57.412,188.45374703407288,170.0,166.4,38.3,92,6,BAKE-PREHEAT,162.8,170.0,162.8,170.0
2025-08-29T21:14:57.706,188.74752187728882,170.0,166.5,38.4,49,6,BAKE-PREHEAT,163.0,170.0,163.0,170.0
2025-08-29T21:14:57.944,188.98542594909668,170.0,166.5,38.4,69,6,BAKE-PREHEAT,162.8,170.2,162.8,170.2
2025-08-29T21:14:58.179,189.22048997879028,170.0,166.5,38.4,69,6,BAKE-PREHEAT,162.8,170.2,162.8,170.2
2025-08-29T21:14:58.416,189.45720291137695,170.0,166.5,38.3,69,6,BAKE-PREHEAT,162.8,170.2,162.8,170.2
2025-08-29T21:14:58.647,189.68840289115906,170.0,166.5,38.3,69,6,BAKE-PREHEAT,162.8,170.2,162.8,170.2
2025-08-29T21:14:58.940,189.98160600662231,170.0,166.6,38.4,47,6,BAKE-PREHEAT,163.0,170.2,163.0,170.2
2025-08-29T21:14:59.177,190.21851706504822,170.0,166.6,38.4,67,6,BAKE-PREHEAT,163.0,170.2,163.0,170.2
2025-08-29T21:14:59.413,190.45448994636536,170.0,166.8,38.4,45,6,BAKE-PREHEAT,163.0,170.5,163.0,170.5
2025-08-29T21:14:59.706,190.74686193466187,170.0,166.5,38.4,109,6,BAKE-PREHEAT,162.8,170.2,162.8,170.2
2025-08-29T21:14:59.940,190.98093700408936,170.0,166.5,38.4,69,6,BAKE-PREHEAT,162.8,170.2,162.8,170.2
2025-08-29T21:15:00.178,191.21895289421082,170.0,166.6,38.4,47,6,BAKE-PREHEAT,162.8,170.5,162.8,170.5
2025-08-29T21:15:00.424,191.4652600288391,170.0,166.6,38.4,67,6,BAKE-PREHEAT,163.0,170.2,163.0,170.2
2025-08-29T21:15:00.660,191.70096802711487,170.0,166.6,38.4,67,6,BAKE-PREHEAT,163.0,170.2,163.0,170.2
2025-08-29T21:15:00.954,191.99499893188477,170.0,166.5,38.4,89,6,BAKE-PREHEAT,162.8,170.2,162.8,170.2
2025-08-29T21:15:01.190,192.23123908042908,170.0,166.6,38.4,47,6,BAKE-PREHEAT,162.8,170.5,162.8,170.5
2025-08-29T21:15:01.420,192.46121501922607,170.0,166.5,38.4,89,6,BAKE-PREHEAT,162.8,170.2,162.8,170.2
2025-08-29T21:15:01.657,192.69876408576965,170.0,166.6,38.4,47,6,BAKE-PREHEAT,163.0,170.2,163.0,170.2
2025-08-29T21:15:01.951,192.99255204200745,170.0,166.6,38.4,67,6,BAKE-PREHEAT,163.0,170.2,163.0,170.2
2025-08-29T21:15:02.188,193.2291340827942,170.0,166.5,38.4,89,6,BAKE-PREHEAT,162.8,170.2,162.8,170.2
2025-08-29T21:15:02.424,193.46542286872864,170.0,166.6,38.4,47,6,BAKE-PREHEAT,163.0,170.2,163.0,170.2
2025-08-29T21:15:02.654,193.69544506072998,170.0,166.6,38.4,67,6,BAKE-PREHEAT,162.8,170.5,162.8,170.5
2025-08-29T21:15:02.943,193.9846248626709,170.0,166.5,38.4,90,6,BAKE-PREHEAT,162.5,170.5,162.5,170.5
2025-08-29T21:15:03.182,194.22283601760864,170.0,166.5,38.4,70,6,BAKE-PREHEAT,162.8,170.2,162.8,170.2
2025-08-29T21:15:03.412,194.45336484909058,170.0,166.5,38.3,70,6,BAKE-PREHEAT,162.5,170.5,162.5,170.5
2025-08-29T21:15:03.651,194.69182085990906,170.0,166.5,38.4,70,6,BAKE-PREHEAT,162.5,170.5,162.5,170.5
2025-08-29T21:15:03.943,194.98455095291138,170.0,166.5,38.3,70,6,BAKE-PREHEAT,162.5,170.5,162.5,170.5
2025-08-29T21:15:04.182,195.22371006011963,170.0,166.5,38.4,70,6,BAKE-PREHEAT,162.8,170.2,162.8,170.2
2025-08-29T21:15:04.414,195.45565390586853,170.0,166.6,38.4,47,6,BAKE-PREHEAT,162.8,170.5,162.8,170.5
2025-08-29T21:15:04.648,195.68923687934875,170.0,166.4,38.3,112,6,BAKE-PREHEAT,162.5,170.2,162.5,170.2
2025-08-29T21:15:04.942,195.9829649925232,170.0,166.4,38.4,72,6,BAKE-PREHEAT,162.5,170.2,162.5,170.2
2025-08-29T21:15:05.176,196.21731901168823,170.0,166.6,38.4,27,6,BAKE-PREHEAT,162.8,170.5,162.8,170.5
2025-08-29T21:15:05.413,196.4544849395752,170.0,166.6,38.4,67,6,BAKE-PREHEAT,162.8,170.5,162.8,170.5
2025-08-29T21:15:05.706,196.7468900680542,170.0,166.6,38.4,67,6,BAKE-PREHEAT,162.8,170.5,162.8,170.5
2025-08-29T21:15:05.941,196.98203492164612,170.0,166.8,38.4,45,6,BAKE-PREHEAT,162.8,170.8,162.8,170.8
2025-08-29T21:15:06.176,197.21769094467163,170.0,166.6,38.4,87,6,BAKE-PREHEAT,162.8,170.5,162.8,170.5
2025-08-29T21:15:06.412,197.45323300361633,170.0,166.8,38.3,45,6,BAKE-PREHEAT,162.8,170.8,162.8,170.8
2025-08-29T21:15:06.710,197.75118803977966,170.0,166.6,38.3,87,6,BAKE-PREHEAT,162.8,170.5,162.8,170.5
2025-08-29T21:15:06.948,197.9892978668213,170.0,166.6,38.3,67,6,BAKE-PREHEAT,162.5,170.8,162.5,170.8
2025-08-29T21:15:07.187,198.22838401794434,170.0,166.6,38.3,67,6,BAKE-PREHEAT,162.8,170.5,162.8,170.5
2025-08-29T21:15:07.424,198.4653079509735,170.0,166.9,38.3,23,6,BAKE-PREHEAT,163.0,170.8,163.0,170.8
2025-08-29T21:15:07.656,198.6975359916687,170.0,166.9,38.3,63,6,BAKE-PREHEAT,163.0,170.8,163.0,170.8
2025-08-29T21:15:07.947,198.98872685432434,170.0,166.9,38.3,63,6,BAKE-PREHEAT,163.0,170.8,163.0,170.8
2025-08-29T21:15:08.180,199.22117805480957,170.0,167.0,38.4,0,6,BAKE-PREHEAT,163.2,170.8,163.2,170.8
2025-08-29T21:15:08.409,199.45075798034668,170.0,167.0,38.4,0,6,BAKE-PREHEAT,163.2,170.8,163.2,170.8
2025-08-29T21:15:08.708,199.74884700775146,170.0,167.0,38.3,0,6,BAKE-PREHEAT,163.2,170.8,163.2,170.8
2025-08-29T21:15:08.944,199.98570585250854,170.0,167.0,38.3,0,6,BAKE-PREHEAT,163.2,170.8,163.2,170.8
2025-08-29T21:15:09.183,200.22441601753235,170.0,167.0,38.3,0,6,BAKE-PREHEAT,163.2,170.8,163.2,170.8
2025-08-29T21:15:09.415,200.45609402656555,170.0,167.0,38.3,0,6,BAKE-PREHEAT,163.2,170.8,163.2,170.8
2025-08-29T21:15:09.644,200.6851499080658,170.0,166.9,38.3,59,6,BAKE-PREHEAT,163.0,170.8,163.0,170.8
2025-08-29T21:15:09.935,200.9760868549347,170.0,167.1,38.4,0,6,BAKE-PREHEAT,163.5,170.8,163.5,170.8
2025-08-29T21:15:10.171,201.21233487129211,170.0,167.0,38.3,0,6,BAKE-PREHEAT,163.2,170.8,163.2,170.8
2025-08-29T21:15:10.408,201.4492108821869,170.0,167.1,38.3,0,6,BAKE-PREHEAT,163.5,170.8,163.5,170.8
2025-08-29T21:15:10.696,201.73761200904846,170.0,167.0,38.3,0,6,BAKE-PREHEAT,163.2,170.8,163.2,170.8
2025-08-29T21:15:10.932,201.97324395179749,170.0,167.1,38.3,0,6,BAKE-PREHEAT,163.5,170.8,163.5,170.8
2025-08-29T21:15:11.160,202.20136094093323,170.0,167.0,38.3,0,6,BAKE-PREHEAT,163.5,170.5,163.5,170.5
2025-08-29T21:15:11.396,202.43741393089294,170.0,167.1,38.3,0,6,BAKE-PREHEAT,163.5,170.8,163.5,170.8
2025-08-29T21:15:11.690,202.73177003860474,170.0,167.0,38.3,0,6,BAKE-PREHEAT,163.5,170.5,163.5,170.5
2025-08-29T21:15:11.923,202.9641978740692,170.0,166.9,38.3,59,6,BAKE-PREHEAT,163.2,170.5,163.2,170.5
2025-08-29T21:15:12.223,203.26458597183228,170.0,166.9,38.3,59,6,BAKE-PREHEAT,163.2,170.5,163.2,170.5
2025-08-29T21:15:12.397,203.43869996070862,170.0,166.8,38.3,81,6,BAKE-PREHEAT,163.2,170.2,163.2,170.2
2025-08-29T21:15:12.690,203.7315080165863,170.0,166.8,38.3,61,6,BAKE-PREHEAT,163.2,170.2,163.2,170.2
2025-08-29T21:15:12.931,203.97264695167542,170.0,166.9,38.4,39,6,BAKE-PREHEAT,163.2,170.5,163.2,170.5
2025-08-29T21:15:13.167,204.2081160545349,170.0,166.8,38.4,81,6,BAKE-PREHEAT,163.2,170.2,163.2,170.2
2025-08-29T21:15:13.403,204.44420886039734,170.0,166.8,38.4,61,6,BAKE-PREHEAT,163.2,170.2,163.2,170.2
2025-08-29T21:15:13.694,204.73490190505981,170.0,166.5,38.4,106,6,BAKE-PREHEAT,163.0,170.0,163.0,170.0
2025-08-29T21:15:13.932,204.97372007369995,170.0,166.5,38.4,66,6,BAKE-PREHEAT,163.0,170.0,163.0,170.0
2025-08-29T21:15:14.168,205.20961594581604,170.0,166.5,38.3,66,6,BAKE-PREHEAT,163.0,170.0,163.0,170.0
2025-08-29T21:15:14.401,205.44193196296692,170.0,166.4,38.3,88,6,BAKE-PREHEAT,163.0,169.8,163.0,169.8
2025-08-29T21:15:14.692,205.73326206207275,170.0,166.5,38.4,46,6,BAKE-PREHEAT,163.0,170.0,163.0,170.0
2025-08-29T21:15:14.926,205.9675588607788,170.0,166.2,38.3,111,6,BAKE-PREHEAT,162.8,169.8,162.8,169.8
2025-08-29T21:15:15.226,206.2668468952179,170.0,166.2,38.3,71,6,BAKE-PREHEAT,162.8,169.8,162.8,169.8
2025-08-29T21:15:15.401,206.44203305244446,170.0,166.1,38.3,93,6,BAKE-PREHEAT,162.5,169.8,162.5,169.8
2025-08-29T21:15:15.695,206.73662400245667,170.0,166.1,38.3,73,6,BAKE-PREHEAT,162.5,169.8,162.5,169.8
2025-08-29T21:15:15.934,206.975172996521,170.0,166.0,38.3,96,6,BAKE-PREHEAT,162.5,169.5,162.5,169.5
2025-08-29T21:15:16.170,207.21121907234192,170.0,166.0,38.3,76,6,BAKE-PREHEAT,162.5,169.5,162.5,169.5
2025-08-29T21:15:16.465,207.5066840648651,170.0,166.0,38.3,76,6,BAKE-PREHEAT,162.5,169.5,162.5,169.5
2025-08-29T21:15:16.699,207.73990201950073,170.0,166.0,38.4,76,6,BAKE-PREHEAT,162.5,169.5,162.5,169.5
2025-08-29T21:15:16.939,207.98071098327637,170.0,166.0,38.4,76,6,BAKE-PREHEAT,162.5,169.5,162.5,169.5
2025-08-29T21:15:17.177,208.21807193756104,170.0,166.0,38.3,76,6,BAKE-PREHEAT,162.5,169.5,162.5,169.5
2025-08-29T21:15:17.411,208.45276999473572,170.0,165.9,38.3,98,6,BAKE-PREHEAT,162.5,169.2,162.5,169.2
2025-08-29T21:15:17.647,208.68877506256104,170.0,165.9,38.3,78,6,BAKE-PREHEAT,162.5,169.2,162.5,169.2
2025-08-29T21:15:17.936,208.97726392745972,170.0,165.9,38.4,78,6,BAKE-PREHEAT,162.5,169.2,162.5,169.2
2025-08-29T21:15:18.173,209.21440505981445,170.0,165.8,38.3,101,6,BAKE-PREHEAT,162.2,169.2,162.2,169.2
2025-08-29T21:15:18.411,209.45216608047485,170.0,165.6,38.3,103,6,BAKE-PREHEAT,162.2,169.0,162.2,169.0
2025-08-29T21:15:18.704,209.74491906166077,170.0,165.8,38.4,61,6,BAKE-PREHEAT,162.2,169.2,162.2,169.2
2025-08-29T21:15:18.943,209.98380208015442,170.0,165.6,38.3,103,6,BAKE-PREHEAT,162.2,169.0,162.2,169.0
2025-08-29T21:15:19.178,210.21902298927307,170.0,165.6,38.3,83,6,BAKE-PREHEAT,162.2,169.0,162.2,169.0
2025-08-29T21:15:19.477,210.51831102371216,170.0,165.6,38.3,83,6,BAKE-PREHEAT,162.2,169.0,162.2,169.0
2025-08-29T21:15:19.651,210.6920850276947,170.0,165.4,38.3,128,6,BAKE-PREHEAT,162.0,168.8,162.0,168.8
2025-08-29T21:15:19.940,210.9813940525055,170.0,165.5,38.4,65,6,BAKE-PREHEAT,162.0,169.0,162.0,169.0
2025-08-29T21:15:20.178,211.2189118862152,170.0,165.4,38.3,108,6,BAKE-PREHEAT,162.0,168.8,162.0,168.8
2025-08-29T21:15:20.413,211.4538869857788,170.0,165.2,38.3,110,6,BAKE-PREHEAT,161.8,168.8,161.8,168.8
2025-08-29T21:15:20.709,211.74994707107544,170.0,165.1,38.4,113,6,BAKE-PREHEAT,161.8,168.5,161.8,168.5
2025-08-29T21:15:20.948,211.98895406723022,170.0,165.0,38.3,115,6,BAKE-PREHEAT,161.5,168.5,161.5,168.5
2025-08-29T21:15:21.187,212.22805285453796,170.0,165.0,38.4,95,6,BAKE-PREHEAT,161.5,168.5,161.5,168.5
2025-08-29T21:15:21.423,212.4641399383545,170.0,165.0,38.3,95,6,BAKE-PREHEAT,161.5,168.5,161.5,168.5
2025-08-29T21:15:21.658,212.69923090934753,170.0,165.0,38.3,95,6,BAKE-PREHEAT,161.5,168.5,161.5,168.5
2025-08-29T21:15:21.948,212.98945093154907,170.0,165.0,38.3,95,6,BAKE-PREHEAT,161.5,168.5,161.5,168.5
2025-08-29T21:15:22.185,213.22611689567566,170.0,165.0,38.3,95,6,BAKE-PREHEAT,161.5,168.5,161.5,168.5
2025-08-29T21:15:22.414,213.4556019306183,170.0,165.1,38.4,73,6,BAKE-PREHEAT,161.8,168.5,161.8,168.5
2025-08-29T21:15:22.649,213.68991994857788,170.0,165.0,38.4,115,6,BAKE-PREHEAT,161.5,168.5,161.5,168.5
2025-08-29T21:15:22.943,213.98390698432922,170.0,164.9,38.3,117,6,BAKE-PREHEAT,161.5,168.2,161.5,168.2
2025-08-29T21:15:23.181,214.22213101387024,170.0,165.0,38.3,75,6,BAKE-PREHEAT,161.5,168.5,161.5,168.5
2025-08-29T21:15:23.418,214.4594419002533,170.0,165.0,38.3,95,6,BAKE-PREHEAT,161.5,168.5,161.5,168.5
2025-08-29T21:15:23.707,214.74826407432556,170.0,165.0,38.3,95,6,BAKE-PREHEAT,161.5,168.5,161.5,168.5
2025-08-29T21:15:23.946,214.98705792427063,170.0,165.0,38.3,95,6,BAKE-PREHEAT,161.5,168.5,161.5,168.5
2025-08-29T21:15:24.185,215.22611784934998,170.0,164.9,38.3,118,6,BAKE-PREHEAT,161.2,168.5,161.2,168.5
2025-08-29T21:15:24.418,215.45931196212769,170.0,164.9,38.3,98,6,BAKE-PREHEAT,161.2,168.5,161.2,168.5
2025-08-29T21:15:24.651,215.69178104400635,170.0,164.9,38.3,98,6,BAKE-PREHEAT,161.2,168.5,161.2,168.5
2025-08-29T21:15:24.938,215.97962403297424,170.0,164.9,38.3,98,6,BAKE-PREHEAT,161.2,168.5,161.2,168.5
2025-08-29T21:15:25.172,216.2133128643036,170.0,165.0,38.3,75,6,BAKE-PREHEAT,161.5,168.5,161.5,168.5
2025-08-29T21:15:25.410,216.45088005065918,170.0,165.0,38.3,95,6,BAKE-PREHEAT,161.5,168.5,161.5,168.5
2025-08-29T21:15:25.695,216.73591089248657,170.0,164.9,38.3,118,6,BAKE-PREHEAT,161.2,168.5,161.2,168.5
2025-08-29T21:15:25.934,216.97498607635498,170.0,165.0,38.3,75,6,BAKE-PREHEAT,161.5,168.5,161.5,168.5
2025-08-29T21:15:26.170,217.21119594573975,170.0,164.9,38.3,118,6,BAKE-PREHEAT,161.2,168.5,161.2,168.5
2025-08-29T21:15:26.470,217.51090097427368,170.0,165.1,38.3,53,6,BAKE-PREHEAT,161.8,168.5,161.8,168.5
2025-08-29T21:15:26.642,217.68349385261536,170.0,165.1,38.3,93,6,BAKE-PREHEAT,161.8,168.5,161.8,168.5
2025-08-29T21:15:26.932,217.97340202331543,170.0,165.1,38.3,93,6,BAKE-PREHEAT,161.5,168.8,161.5,168.8
2025-08-29T21:15:27.168,218.20903205871582,170.0,165.1,38.3,93,6,BAKE-PREHEAT,161.8,168.5,161.8,168.5
2025-08-29T21:15:27.404,218.44554090499878,170.0,165.0,38.3,115,6,BAKE-PREHEAT,161.5,168.5,161.5,168.5
2025-08-29T21:15:27.696,218.73734307289124,170.0,165.0,38.3,95,6,BAKE-PREHEAT,161.5,168.5,161.5,168.5
2025-08-29T21:15:27.928,218.96932196617126,170.0,165.0,38.4,95,6,BAKE-PREHEAT,161.5,168.5,161.5,168.5
2025-08-29T21:15:28.159,219.20004987716675,170.0,165.1,38.3,73,6,BAKE-PREHEAT,161.5,168.8,161.5,168.8
2025-08-29T21:15:28.452,219.49329900741577,170.0,165.1,38.4,93,6,BAKE-PREHEAT,161.5,168.8,161.5,168.8
2025-08-29T21:15:28.689,219.7298879623413,170.0,165.1,38.3,93,6,BAKE-PREHEAT,161.5,168.8,161.5,168.8
2025-08-29T21:15:28.922,219.96289086341858,170.0,165.0,38.3,115,6,BAKE-PREHEAT,161.2,168.8,161.2,168.8
2025-08-29T21:15:29.222,220.26326704025269,170.0,164.8,38.3,140,6,BAKE-PREHEAT,161.2,168.2,161.2,168.2
2025-08-29T21:15:29.396,220.4371199607849,170.0,164.9,38.4,78,6,BAKE-PREHEAT,161.5,168.2,161.5,168.2
2025-08-29T21:15:29.691,220.73182201385498,170.0,164.9,38.3,98,6,BAKE-PREHEAT,161.2,168.5,161.2,168.5
2025-08-29T21:15:29.925,220.96663784980774,170.0,165.0,38.4,75,6,BAKE-PREHEAT,161.5,168.5,161.5,168.5
2025-08-29T21:15:30.159,221.2006640434265,170.0,165.1,38.3,73,6,BAKE-PREHEAT,161.8,168.5,161.8,168.5
2025-08-29T21:15:30.459,221.500009059906,170.0,165.0,38.4,116,6,BAKE-PREHEAT,161.8,168.2,161.8,168.2
2025-08-29T21:15:30.691,221.7318549156189,170.0,165.0,38.3,96,6,BAKE-PREHEAT,161.5,168.5,161.5,168.5
2025-08-29T21:15:30.918,221.95917201042175,170.0,165.2,38.4,51,6,BAKE-PREHEAT,161.8,168.8,161.8,168.8
2025-08-29T21:15:31.151,222.19211196899414,170.0,165.1,38.4,113,6,BAKE-PREHEAT,161.8,168.5,161.8,168.5
2025-08-29T21:15:31.442,222.48330807685852,170.0,165.1,38.4,93,6,BAKE-PREHEAT,161.8,168.5,161.8,168.5
2025-08-29T21:15:31.692,222.73293900489807,170.0,165.1,38.3,93,6,BAKE-PREHEAT,161.8,168.5,161.8,168.5
2025-08-29T21:15:31.928,222.96946096420288,170.0,165.1,38.3,93,6,BAKE-PREHEAT,161.5,168.8,161.5,168.8
2025-08-29T21:15:32.156,223.19763088226318,170.0,165.0,38.3,116,6,BAKE-PREHEAT,161.5,168.5,161.5,168.5
2025-08-29T21:15:32.394,223.43508386611938,170.0,165.1,38.3,73,6,BAKE-PREHEAT,161.5,168.8,161.5,168.8
2025-08-29T21:15:32.688,223.72903990745544,170.0,165.2,38.3,71,6,BAKE-PREHEAT,161.8,168.8,161.8,168.8
2025-08-29T21:15:32.922,223.96302008628845,170.0,165.2,38.4,91,6,BAKE-PREHEAT,161.8,168.8,161.8,168.8
2025-08-29T21:15:33.156,224.19738793373108,170.0,165.2,38.4,91,6,BAKE-PREHEAT,161.8,168.8,161.8,168.8
2025-08-29T21:15:33.447,224.48804903030396,170.0,165.2,38.3,91,6,BAKE-PREHEAT,161.8,168.8,161.8,168.8
2025-08-29T21:15:33.682,224.72310996055603,170.0,165.4,38.3,69,6,BAKE-PREHEAT,161.8,169.0,161.8,169.0
2025-08-29T21:15:33.917,224.9583559036255,170.0,165.5,38.3,66,6,BAKE-PREHEAT,162.0,169.0,162.0,169.0
2025-08-29T21:15:34.152,225.19317388534546,170.0,165.6,38.3,64,6,BAKE-PREHEAT,162.2,169.0,162.2,169.0
2025-08-29T21:15:34.446,225.4877688884735,170.0,165.5,38.3,106,6,BAKE-PREHEAT,162.0,169.0,162.0,169.0
2025-08-29T21:15:34.681,225.7223720550537,170.0,165.5,38.3,86,6,BAKE-PREHEAT,162.0,169.0,162.0,169.0
2025-08-29T21:15:34.918,225.9589319229126,170.0,165.8,38.3,42,6,BAKE-PREHEAT,162.2,169.2,162.2,169.2
2025-08-29T21:15:35.144,226.18568897247314,170.0,165.9,38.4,59,6,BAKE-PREHEAT,162.5,169.2,162.5,169.2
2025-08-29T21:15:35.439,226.4804768562317,170.0,165.9,38.4,79,6,BAKE-PREHEAT,162.2,169.5,162.2,169.5
2025-08-29T21:15:35.675,226.7164340019226,170.0,165.9,38.4,79,6,BAKE-PREHEAT,162.5,169.2,162.5,169.2
2025-08-29T21:15:35.909,226.95024490356445,170.0,166.0,38.3,57,6,BAKE-PREHEAT,162.5,169.5,162.5,169.5
2025-08-29T21:15:36.200,227.2415280342102,170.0,166.0,38.4,77,6,BAKE-PREHEAT,162.5,169.5,162.5,169.5
2025-08-29T21:15:36.440,227.48117899894714,170.0,166.0,38.3,77,6,BAKE-PREHEAT,162.5,169.5,162.5,169.5
2025-08-29T21:15:36.677,227.7185320854187,170.0,165.9,38.3,99,6,BAKE-PREHEAT,162.5,169.2,162.5,169.2
2025-08-29T21:15:36.912,227.95375204086304,170.0,166.0,38.4,57,6,BAKE-PREHEAT,162.5,169.5,162.5,169.5
2025-08-29T21:15:37.145,228.18669486045837,170.0,166.0,38.3,77,6,BAKE-PREHEAT,162.5,169.5,162.5,169.5
2025-08-29T21:15:37.433,228.47445106506348,170.0,166.1,38.4,55,6,BAKE-PREHEAT,162.8,169.5,162.8,169.5
2025-08-29T21:15:37.668,228.70926189422607,170.0,166.1,38.3,75,6,BAKE-PREHEAT,162.8,169.5,162.8,169.5
2025-08-29T21:15:37.896,228.93713402748108,170.0,166.1,38.3,75,6,BAKE-PREHEAT,162.8,169.5,162.8,169.5
2025-08-29T21:15:38.190,229.2311339378357,170.0,166.1,38.3,75,6,BAKE-PREHEAT,162.8,169.5,162.8,169.5
2025-08-29T21:15:38.425,229.46578693389893,170.0,166.4,38.4,30,6,BAKE-PREHEAT,163.0,169.8,163.0,169.8
2025-08-29T21:15:38.659,229.70018792152405,170.0,166.1,38.4,115,6,BAKE-PREHEAT,162.8,169.5,162.8,169.5
2025-08-29T21:15:38.958,229.99900794029236,170.0,166.2,38.4,52,6,BAKE-PREHEAT,163.0,169.5,163.0,169.5
2025-08-29T21:15:39.197,230.2379720211029,170.0,166.1,38.3,95,6,BAKE-PREHEAT,162.8,169.5,162.8,169.5
2025-08-29T21:15:39.432,230.4730739593506,170.0,166.1,38.3,75,6,BAKE-PREHEAT,162.8,169.5,162.8,169.5
2025-08-29T21:15:39.663,230.70438504219055,170.0,166.1,38.3,75,6,BAKE-PREHEAT,162.8,169.5,162.8,169.5
2025-08-29T21:15:39.897,230.93804001808167,170.0,166.2,38.4,52,6,BAKE-PREHEAT,163.0,169.5,163.0,169.5
2025-08-29T21:15:40.190,231.23120999336243,170.0,166.4,38.3,50,6,BAKE-PREHEAT,163.2,169.5,163.2,169.5
2025-08-29T21:15:40.425,231.46621298789978,170.0,166.1,38.3,115,6,BAKE-PREHEAT,163.0,169.2,163.0,169.2
2025-08-29T21:15:40.656,231.6972999572754,170.0,166.2,38.3,52,6,BAKE-PREHEAT,163.0,169.5,163.0,169.5
2025-08-29T21:15:40.950,231.99141192436218,170.0,166.4,38.4,50,6,BAKE-PREHEAT,163.2,169.5,163.2,169.5
2025-08-29T21:15:41.189,232.2302029132843,170.0,166.1,38.3,115,6,BAKE-PREHEAT,163.0,169.2,163.0,169.2
2025-08-29T21:15:41.427,232.46853399276733,170.0,166.2,38.4,52,6,BAKE-PREHEAT,163.0,169.5,163.0,169.5
2025-08-29T21:15:41.661,232.70273303985596,170.0,166.4,38.4,50,6,BAKE-PREHEAT,163.2,169.5,163.2,169.5
2025-08-29T21:15:41.890,232.9317500591278,170.0,166.4,38.4,70,6,BAKE-PREHEAT,163.2,169.5,163.2,169.5
2025-08-29T21:15:42.179,233.21986889839172,170.0,166.4,38.3,70,6,BAKE-PREHEAT,163.2,169.5,163.2,169.5
2025-08-29T21:15:42.414,233.45483994483948,170.0,166.4,38.4,70,6,BAKE-PREHEAT,163.2,169.5,163.2,169.5
2025-08-29T21:15:42.647,233.6884548664093,170.0,166.4,38.4,70,6,BAKE-PREHEAT,163.2,169.5,163.2,169.5
2025-08-29T21:15:42.935,233.97583603858948,170.0,166.5,38.4,48,6,BAKE-PREHEAT,163.5,169.5,163.5,169.5
2025-08-29T21:15:43.167,234.20865607261658,170.0,166.6,38.4,45,6,BAKE-PREHEAT,163.5,169.8,163.5,169.8
2025-08-29T21:15:43.397,234.43809604644775,170.0,166.4,38.3,110,6,BAKE-PREHEAT,163.2,169.5,163.2,169.5
2025-08-29T21:15:43.690,234.7317419052124,170.0,166.4,38.3,70,6,BAKE-PREHEAT,163.2,169.5,163.2,169.5
2025-08-29T21:15:43.926,234.96701407432556,170.0,166.4,38.4,70,6,BAKE-PREHEAT,163.2,169.5,163.2,169.5
2025-08-29T21:15:44.159,235.2000150680542,170.0,166.2,38.3,92,6,BAKE-PREHEAT,163.2,169.2,163.2,169.2
2025-08-29T21:15:44.459,235.50005292892456,170.0,166.4,38.3,50,6,BAKE-PREHEAT,163.2,169.5,163.2,169.5
2025-08-29T21:15:44.692,235.73326706886292,170.0,166.4,38.3,70,6,BAKE-PREHEAT,163.2,169.5,163.2,169.5
2025-08-29T21:15:44.922,235.9636459350586,170.0,166.2,38.4,92,6,BAKE-PREHEAT,163.0,169.5,163.0,169.5
2025-08-29T21:15:45.158,236.19903993606567,170.0,166.2,38.4,72,6,BAKE-PREHEAT,163.0,169.5,163.0,169.5
2025-08-29T21:15:45.392,236.43359684944153,170.0,166.2,38.3,72,6,BAKE-PREHEAT,163.0,169.5,163.0,169.5
2025-08-29T21:15:45.682,236.7228970527649,170.0,166.4,38.3,50,6,BAKE-PREHEAT,163.2,169.5,163.2,169.5
2025-08-29T21:15:45.916,236.95734190940857,170.0,166.4,38.4,70,6,BAKE-PREHEAT,163.2,169.5,163.2,169.5
2025-08-29T21:15:46.145,237.18649888038635,170.0,166.2,38.3,93,6,BAKE-PREHEAT,163.0,169.5,163.0,169.5
2025-08-29T21:15:46.438,237.47879600524902,170.0,166.4,38.3,50,6,BAKE-PREHEAT,163.2,169.5,163.2,169.5
2025-08-29T21:15:46.673,237.71442198753357,170.0,166.4,38.3,70,6,BAKE-PREHEAT,163.2,169.5,163.2,169.5
2025-08-29T21:15:46.907,237.94859504699707,170.0,166.5,38.4,48,6,BAKE-PREHEAT,163.5,169.5,163.5,169.5
2025-08-29T21:15:47.200,238.2416958808899,170.0,166.6,38.4,45,6,BAKE-PREHEAT,163.5,169.8,163.5,169.8
2025-08-29T21:15:47.438,238.4792890548706,170.0,166.5,38.3,88,6,BAKE-PREHEAT,163.5,169.5,163.5,169.5
2025-08-29T21:15:47.664,238.7057659626007,170.0,166.8,38.4,23,6,BAKE-PREHEAT,163.8,169.8,163.8,169.8
2025-08-29T21:15:47.901,238.94187307357788,170.0,166.8,38.4,63,6,BAKE-PREHEAT,163.8,169.8,163.8,169.8
2025-08-29T21:15:48.193,239.2344138622284,170.0,166.6,38.4,85,6,BAKE-PREHEAT,163.8,169.5,163.8,169.5
2025-08-29T21:15:48.433,239.47400498390198,170.0,166.8,38.4,43,6,BAKE-PREHEAT,163.8,169.8,163.8,169.8
2025-08-29T21:15:48.664,239.70532202720642,170.0,166.5,38.4,108,6,BAKE-PREHEAT,163.5,169.5,163.5,169.5
2025-08-29T21:15:48.892,239.9329719543457,170.0,166.8,38.4,23,6,BAKE-PREHEAT,163.8,169.8,163.8,169.8
2025-08-29T21:15:49.181,240.22208404541016,170.0,166.5,38.4,108,6,BAKE-PREHEAT,163.5,169.5,163.5,169.5
2025-08-29T21:15:49.417,240.45868587493896,170.0,166.5,38.4,68,6,BAKE-PREHEAT,163.5,169.5,163.5,169.5
2025-08-29T21:15:49.651,240.69238090515137,170.0,166.5,38.3,68,6,BAKE-PREHEAT,163.5,169.5,163.5,169.5
2025-08-29T21:15:49.946,240.98685097694397,170.0,166.6,38.3,46,6,BAKE-PREHEAT,163.8,169.5,163.8,169.5
2025-08-29T21:15:50.178,241.21903586387634,170.0,166.8,38.4,43,6,BAKE-PREHEAT,163.8,169.8,163.8,169.8
2025-08-29T21:15:50.406,241.44738602638245,170.0,166.6,38.4,86,6,BAKE-PREHEAT,163.8,169.5,163.8,169.5
2025-08-29T21:15:50.642,241.68310594558716,170.0,166.6,38.4,66,6,BAKE-PREHEAT,163.8,169.5,163.8,169.5
2025-08-29T21:15:50.937,241.97785592079163,170.0,166.5,38.3,88,6,BAKE-PREHEAT,163.5,169.5,163.5,169.5
2025-08-29T21:15:51.170,242.21115398406982,170.0,166.6,38.4,46,6,BAKE-PREHEAT,163.8,169.5,163.8,169.5
2025-08-29T21:15:51.471,242.51216793060303,170.0,166.5,38.3,88,6,BAKE-PREHEAT,163.5,169.5,163.5,169.5
2025-08-29T21:15:51.647,242.68793106079102,170.0,166.4,38.4,90,6,BAKE-PREHEAT,163.5,169.2,163.5,169.2
2025-08-29T21:15:51.936,242.97765707969666,170.0,166.5,38.4,48,6,BAKE-PREHEAT,163.5,169.5,163.5,169.5
2025-08-29T21:15:52.174,243.2149920463562,170.0,166.4,38.3,90,6,BAKE-PREHEAT,163.5,169.2,163.5,169.2
2025-08-29T21:15:52.409,243.4498598575592,170.0,166.2,38.4,93,6,BAKE-PREHEAT,163.2,169.2,163.2,169.2
2025-08-29T21:15:52.643,243.68441796302795,170.0,166.2,38.3,73,6,BAKE-PREHEAT,163.2,169.2,163.2,169.2
2025-08-29T21:15:52.932,243.97287797927856,170.0,166.5,38.4,28,6,BAKE-PREHEAT,163.5,169.5,163.5,169.5
2025-08-29T21:15:53.159,244.20034193992615,170.0,166.4,38.3,90,6,BAKE-PREHEAT,163.2,169.5,163.2,169.5
2025-08-29T21:15:53.394,244.43566989898682,170.0,166.4,38.4,70,6,BAKE-PREHEAT,163.2,169.5,163.2,169.5
2025-08-29T21:15:53.688,244.72961807250977,170.0,166.2,38.4,93,6,BAKE-PREHEAT,163.2,169.2,163.2,169.2
2025-08-29T21:15:53.921,244.96215105056763,170.0,166.4,38.4,50,6,BAKE-PREHEAT,163.5,169.2,163.5,169.2
2025-08-29T21:15:54.151,245.19188904762268,170.0,166.5,38.4,48,6,BAKE-PREHEAT,163.5,169.5,163.5,169.5
2025-08-29T21:15:54.442,245.48315405845642,170.0,166.5,38.4,68,6,BAKE-PREHEAT,163.5,169.5,163.5,169.5
2025-08-29T21:15:54.673,245.7145619392395,170.0,166.4,38.4,91,6,BAKE-PREHEAT,163.2,169.5,163.2,169.5
2025-08-29T21:15:54.906,245.94744205474854,170.0,166.5,38.4,48,6,BAKE-PREHEAT,163.5,169.5,163.5,169.5
2025-08-29T21:15:55.141,246.1818220615387,170.0,166.2,38.4,113,6,BAKE-PREHEAT,163.2,169.2,163.2,169.2
2025-08-29T21:15:55.434,246.47571086883545,170.0,166.4,38.4,51,6,BAKE-PREHEAT,163.2,169.5,163.2,169.5
2025-08-29T21:15:55.672,246.7128200531006,170.0,166.4,38.4,71,6,BAKE-PREHEAT,163.2,169.5,163.2,169.5
2025-08-29T21:15:55.899,246.94018507003784,170.0,166.5,38.4,48,6,BAKE-PREHEAT,163.5,169.5,163.5,169.5
2025-08-29T21:15:56.193,247.23383688926697,170.0,166.5,38.4,68,6,BAKE-PREHEAT,163.5,169.5,163.5,169.5
2025-08-29T21:15:56.430,247.47095608711243,170.0,166.2,38.4,113,6,BAKE-PREHEAT,163.2,169.2,163.2,169.2
2025-08-29T21:15:56.664,247.7056679725647,170.0,166.4,38.4,51,6,BAKE-PREHEAT,163.5,169.2,163.5,169.2
2025-08-29T21:15:56.898,247.93905901908875,170.0,166.4,38.4,71,6,BAKE-PREHEAT,163.2,169.5,163.2,169.5
2025-08-29T21:15:57.188,248.2296359539032,170.0,166.6,38.4,26,6,BAKE-PREHEAT,163.5,169.8,163.5,169.8
2025-08-29T21:15:57.428,248.4689588546753,170.0,166.5,38.4,88,6,BAKE-PREHEAT,163.5,169.5,163.5,169.5
2025-08-29T21:15:57.663,248.70412397384644,170.0,166.5,38.3,68,6,BAKE-PREHEAT,163.5,169.5,163.5,169.5
2025-08-29T21:15:57.899,248.93990993499756,170.0,166.6,38.4,46,6,BAKE-PREHEAT,163.8,169.5,163.8,169.5
2025-08-29T21:15:58.191,249.2320339679718,170.0,166.6,38.4,66,6,BAKE-PREHEAT,163.8,169.5,163.8,169.5
2025-08-29T21:15:58.425,249.466726064682,170.0,166.9,38.4,21,6,BAKE-PREHEAT,164.0,169.8,164.0,169.8
2025-08-29T21:15:58.718,249.75960397720337,170.0,166.8,38.4,84,6,BAKE-PREHEAT,163.8,169.8,163.8,169.8
2025-08-29T21:15:58.892,249.93316507339478,170.0,166.8,38.4,64,6,BAKE-PREHEAT,163.8,169.8,163.8,169.8
2025-08-29T21:15:59.186,250.22712588310242,170.0,166.8,38.4,64,6,BAKE-PREHEAT,163.5,170.0,163.5,170.0
2025-08-29T21:15:59.424,250.4648458957672,170.0,166.8,38.4,64,6,BAKE-PREHEAT,163.5,170.0,163.5,170.0
2025-08-29T21:15:59.656,250.6969928741455,170.0,166.8,38.4,64,6,BAKE-PREHEAT,163.8,169.8,163.8,169.8
2025-08-29T21:15:59.954,250.9953899383545,170.0,166.6,38.3,86,6,BAKE-PREHEAT,163.5,169.8,163.5,169.8
2025-08-29T21:16:00.192,251.23327493667603,170.0,166.9,38.4,21,6,BAKE-PREHEAT,163.8,170.0,163.8,170.0
2025-08-29T21:16:00.431,251.47276997566223,170.0,166.9,38.4,61,6,BAKE-PREHEAT,163.8,170.0,163.8,170.0
2025-08-29T21:16:00.668,251.70927500724792,170.0,166.9,38.4,61,6,BAKE-PREHEAT,163.8,170.0,163.8,170.0
2025-08-29T21:16:00.903,251.94379901885986,170.0,166.9,38.4,61,6,BAKE-PREHEAT,163.8,170.0,163.8,170.0
2025-08-29T21:16:01.197,252.23780608177185,170.0,166.9,38.4,61,6,BAKE-PREHEAT,163.8,170.0,163.8,170.0
2025-08-29T21:16:01.431,252.47268390655518,170.0,167.0,38.4,0,6,BAKE-PREHEAT,163.8,170.2,163.8,170.2
2025-08-29T21:16:01.661,252.7021210193634,170.0,167.0,38.4,0,6,BAKE-PREHEAT,163.8,170.2,163.8,170.2
2025-08-29T21:16:01.897,252.9378218650818,170.0,167.0,38.4,0,6,BAKE-PREHEAT,163.8,170.2,163.8,170.2
2025-08-29T21:16:02.191,253.23185896873474,170.0,167.1,38.4,0,6,BAKE-PREHEAT,164.0,170.2,164.0,170.2
2025-08-29T21:16:02.430,253.47109699249268,170.0,167.1,38.4,0,6,BAKE-PREHEAT,164.0,170.2,164.0,170.2
2025-08-29T21:16:02.665,253.70654201507568,170.0,167.1,38.4,0,6,BAKE-PREHEAT,164.0,170.2,164.0,170.2
2025-08-29T21:16:02.953,253.9946050643921,170.0,167.1,38.4,0,6,BAKE-PREHEAT,164.0,170.2,164.0,170.2
2025-08-29T21:16:03.191,254.23228406906128,170.0,167.1,38.4,0,6,BAKE-PREHEAT,164.0,170.2,164.0,170.2
2025-08-29T21:16:03.430,254.47152996063232,170.0,167.1,38.4,0,6,BAKE-PREHEAT,164.0,170.2,164.0,170.2
2025-08-29T21:16:03.667,254.70830297470093,170.0,167.1,38.4,0,6,BAKE-PREHEAT,164.0,170.2,164.0,170.2
2025-08-29T21:16:03.896,254.93714499473572,170.0,167.1,38.4,0,6,BAKE-PREHEAT,164.0,170.2,164.0,170.2
2025-08-29T21:16:04.187,255.22791290283203,170.0,167.1,38.4,0,6,BAKE-PREHEAT,164.0,170.2,164.0,170.2
2025-08-29T21:16:04.426,255.46685600280762,170.0,167.1,38.4,0,6,BAKE-PREHEAT,164.0,170.2,164.0,170.2
2025-08-29T21:16:04.661,255.7025339603424,170.0,167.1,38.4,0,6,BAKE-PREHEAT,163.8,170.5,163.8,170.5
2025-08-29T21:16:04.897,255.93822693824768,170.0,167.1,38.4,0,6,BAKE-PREHEAT,164.0,170.2,164.0,170.2
2025-08-29T21:16:05.186,256.22774386405945,170.0,167.2,38.4,0,6,BAKE-PREHEAT,164.0,170.5,164.0,170.5
2025-08-29T21:16:05.422,256.46309185028076,170.0,167.1,38.4,0,6,BAKE-PREHEAT,164.0,170.2,164.0,170.2
2025-08-29T21:16:05.722,256.76340103149414,170.0,167.1,38.4,0,6,BAKE-PREHEAT,164.0,170.2,164.0,170.2
2025-08-29T21:16:05.896,256.93766689300537,170.0,167.0,38.4,0,6,BAKE-PREHEAT,163.8,170.2,163.8,170.2
2025-08-29T21:16:06.186,257.2273359298706,170.0,167.0,38.4,0,6,BAKE-PREHEAT,163.8,170.2,163.8,170.2
2025-08-29T21:16:06.424,257.4651188850403,170.0,166.9,38.4,59,6,BAKE-PREHEAT,163.5,170.2,163.5,170.2
2025-08-29T21:16:06.659,257.7005100250244,170.0,167.0,38.4,0,6,BAKE-PREHEAT,163.8,170.2,163.8,170.2
2025-08-29T21:16:06.956,257.9975640773773,170.0,167.0,38.4,0,6,BAKE-PREHEAT,163.8,170.2,163.8,170.2
2025-08-29T21:16:07.187,258.228698015213,170.0,167.1,38.4,0,6,BAKE-PREHEAT,164.0,170.2,164.0,170.2
2025-08-29T21:16:07.426,258.4670488834381,170.0,166.9,38.4,59,6,BAKE-PREHEAT,163.8,170.0,163.8,170.0
2025-08-29T21:16:07.661,258.70273995399475,170.0,166.9,38.4,59,6,BAKE-PREHEAT,163.5,170.2,163.5,170.2
2025-08-29T21:16:07.895,258.9358580112457,170.0,166.9,38.4,59,6,BAKE-PREHEAT,163.5,170.2,163.5,170.2
2025-08-29T21:16:08.189,259.23006892204285,170.0,166.9,38.4,59,6,BAKE-PREHEAT,163.8,170.0,163.8,170.0
2025-08-29T21:16:08.423,259.46474599838257,170.0,166.8,38.4,81,6,BAKE-PREHEAT,163.5,170.0,163.5,170.0
2025-08-29T21:16:08.660,259.7008330821991,170.0,166.8,38.4,61,6,BAKE-PREHEAT,163.8,169.8,163.8,169.8
2025-08-29T21:16:08.892,259.93373107910156,170.0,166.9,38.4,39,6,BAKE-PREHEAT,163.8,170.0,163.8,170.0
2025-08-29T21:16:09.000,260.0415868759155,170.0,166.8,38.4,81,6,BAKE-PREHEAT,163.8,169.8,163.8,169.8
2025-08-29T21:16:09.405,260.44647097587585,180.0,166.8,38.4,251,6,BAKE-PREHEAT,163.8,169.8,163.8,169.8
2025-08-29T21:16:09.705,260.7463710308075,180.0,166.8,38.4,251,6,BAKE-PREHEAT,163.8,169.8,163.8,169.8
2025-08-29T21:16:09.941,260.9826159477234,180.0,166.9,38.4,229,6,BAKE-PREHEAT,164.0,169.8,164.0,169.8
2025-08-29T21:16:10.185,261.2265989780426,180.0,166.9,38.4,249,6,BAKE-PREHEAT,164.2,169.5,164.2,169.5
2025-08-29T21:16:10.423,261.4644498825073,180.0,166.8,38.4,255,6,BAKE-PREHEAT,164.0,169.5,164.0,169.5
2025-08-29T21:16:10.658,261.69954204559326,180.0,166.8,38.4,252,6,BAKE-PREHEAT,164.0,169.5,164.0,169.5
2025-08-29T21:16:10.891,261.93189787864685,180.0,166.6,38.4,255,6,BAKE-PREHEAT,164.0,169.2,164.0,169.2
2025-08-29T21:16:11.176,262.2177429199219,180.0,166.6,38.4,254,6,BAKE-PREHEAT,164.0,169.2,164.0,169.2
2025-08-29T21:16:11.413,262.4542760848999,180.0,166.5,38.4,255,6,BAKE-PREHEAT,163.8,169.2,163.8,169.2
2025-08-29T21:16:11.650,262.6909739971161,180.0,166.8,38.4,212,6,BAKE-PREHEAT,164.2,169.2,164.2,169.2
2025-08-29T21:16:11.941,262.98264503479004,180.0,167.0,38.4,207,6,BAKE-PREHEAT,164.2,169.8,164.2,169.8
2025-08-29T21:16:12.179,263.2200539112091,180.0,166.8,38.4,255,6,BAKE-PREHEAT,164.2,169.2,164.2,169.2
2025-08-29T21:16:12.415,263.45604705810547,180.0,166.8,38.4,252,6,BAKE-PREHEAT,164.0,169.5,164.0,169.5
2025-08-29T21:16:12.712,263.75295400619507,180.0,166.6,38.4,255,6,BAKE-PREHEAT,164.0,169.2,164.0,169.2
2025-08-29T21:16:12.887,263.92840790748596,180.0,166.6,38.4,254,6,BAKE-PREHEAT,164.0,169.2,164.0,169.2
2025-08-29T21:16:13.180,264.2208390235901,180.0,166.8,38.4,232,6,BAKE-PREHEAT,164.0,169.5,164.0,169.5
2025-08-29T21:16:13.421,264.4626488685608,180.0,166.6,38.4,255,6,BAKE-PREHEAT,164.2,169.0,164.2,169.0
2025-08-29T21:16:13.656,264.697536945343,180.0,166.9,38.4,210,6,BAKE-PREHEAT,164.2,169.5,164.2,169.5
2025-08-29T21:16:13.963,265.003937959671,180.0,166.8,38.4,255,6,BAKE-PREHEAT,164.2,169.2,164.2,169.2
2025-08-29T21:16:14.136,265.1777560710907,180.0,166.9,38.4,230,6,BAKE-PREHEAT,164.5,169.2,164.5,169.2
2025-08-29T21:16:14.426,265.46688985824585,180.0,166.9,38.4,250,6,BAKE-PREHEAT,164.2,169.5,164.2,169.5
2025-08-29T21:16:14.662,265.70283794403076,180.0,166.8,38.4,255,6,BAKE-PREHEAT,164.2,169.2,164.2,169.2
2025-08-29T21:16:14.898,265.9389269351959,180.0,167.1,38.4,185,6,BAKE-PREHEAT,164.5,169.8,164.5,169.8
2025-08-29T21:16:15.069,266.1104300022125,180.0,167.0,38.4,255,6,BAKE-PREHEAT,164.2,169.8,164.2,169.8
2025-08-29T21:16:15.418,266.4590320587158,180.0,167.1,38.4,225,6,BAKE-PREHEAT,164.5,169.8,164.5,169.8
2025-08-29T21:16:15.648,266.68969988822937,180.0,167.4,38.5,200,6,BAKE-PREHEAT,164.8,170.0,164.8,170.0
2025-08-29T21:16:15.941,266.9824719429016,180.0,167.1,38.4,255,6,BAKE-PREHEAT,164.5,169.8,164.5,169.8
2025-08-29T21:16:16.177,267.218505859375,180.0,167.6,38.4,156,6,BAKE-PREHEAT,165.0,170.2,165.0,170.2
2025-08-29T21:16:16.413,267.45425605773926,180.0,167.5,38.4,255,6,BAKE-PREHEAT,165.0,170.0,165.0,170.0
2025-08-29T21:16:16.713,267.75389885902405,180.0,167.6,38.4,216,6,BAKE-PREHEAT,165.0,170.2,165.0,170.2
2025-08-29T21:16:16.949,267.9901850223541,180.0,167.6,38.4,236,6,BAKE-PREHEAT,165.0,170.2,165.0,170.2
2025-08-29T21:16:17.187,268.2279620170593,180.0,167.9,38.4,191,6,BAKE-PREHEAT,165.2,170.5,165.2,170.5
2025-08-29T21:16:17.425,268.46604084968567,180.0,167.9,38.4,231,6,BAKE-PREHEAT,165.2,170.5,165.2,170.5
2025-08-29T21:16:17.660,268.70176887512207,180.0,168.1,38.4,187,6,BAKE-PREHEAT,165.5,170.8,165.5,170.8
2025-08-29T21:16:17.897,268.9378159046173,180.0,168.2,38.5,204,6,BAKE-PREHEAT,165.8,170.8,165.8,170.8
2025-08-29T21:16:18.187,269.2285120487213,180.0,168.4,38.4,202,6,BAKE-PREHEAT,165.8,171.0,165.8,171.0
2025-08-29T21:16:18.426,269.4674758911133,180.0,168.5,38.4,200,6,BAKE-PREHEAT,165.8,171.2,165.8,171.2
2025-08-29T21:16:18.602,269.64331007003784,180.0,168.5,38.4,220,6,BAKE-PREHEAT,166.0,171.0,166.0,171.0
2025-08-29T21:16:18.889,269.9300410747528,190.0,168.9,38.4,255,6,BAKE-PREHEAT,166.2,171.5,166.2,171.5
2025-08-29T21:16:19.181,270.2220809459686,190.0,168.8,38.4,255,6,BAKE-PREHEAT,166.0,171.5,166.0,171.5
2025-08-29T21:16:19.415,270.45605206489563,190.0,168.9,38.4,255,6,BAKE-PREHEAT,166.2,171.5,166.2,171.5
2025-08-29T21:16:19.716,270.7568829059601,190.0,169.0,38.4,255,6,BAKE-PREHEAT,166.2,171.8,166.2,171.8
2025-08-29T21:16:19.886,270.9275598526001,190.0,169.1,38.4,255,6,BAKE-PREHEAT,166.5,171.8,166.5,171.8
2025-08-29T21:16:20.180,271.22167587280273,190.0,169.4,38.4,255,6,BAKE-PREHEAT,166.8,172.0,166.8,172.0
2025-08-29T21:16:20.417,271.45821595191956,190.0,169.5,38.4,255,6,BAKE-PREHEAT,167.0,172.0,167.0,172.0
2025-08-29T21:16:20.654,271.69548201560974,190.0,169.6,38.4,255,6,BAKE-PREHEAT,167.0,172.2,167.0,172.2
2025-08-29T21:16:20.955,271.9962680339813,190.0,169.6,38.4,255,6,BAKE-PREHEAT,167.0,172.2,167.0,172.2
2025-08-29T21:16:21.188,272.22935700416565,190.0,169.9,38.4,255,6,BAKE-PREHEAT,167.2,172.5,167.2,172.5
2025-08-29T21:16:21.427,272.4680950641632,190.0,170.0,38.4,255,6,BAKE-PREHEAT,167.2,172.8,167.2,172.8
2025-08-29T21:16:21.663,272.704638004303,190.0,170.1,38.4,255,6,BAKE-PREHEAT,167.5,172.8,167.5,172.8
2025-08-29T21:16:21.904,272.94548201560974,190.0,170.4,38.4,255,6,BAKE-PREHEAT,167.8,173.0,167.8,173.0
2025-08-29T21:16:22.198,273.2391359806061,190.0,170.4,38.4,255,6,BAKE-PREHEAT,167.8,173.0,167.8,173.0
2025-08-29T21:16:22.433,273.47402596473694,190.0,170.9,38.4,255,6,BAKE-PREHEAT,168.0,173.8,168.0,173.8
2025-08-29T21:16:22.671,273.7122709751129,190.0,170.9,38.4,255,6,BAKE-PREHEAT,168.0,173.8,168.0,173.8
2025-08-29T21:16:22.903,273.94472002983093,190.0,170.9,38.4,255,6,BAKE-PREHEAT,168.0,173.8,168.0,173.8
2025-08-29T21:16:23.138,274.17908692359924,190.0,171.2,38.4,255,6,BAKE-PREHEAT,168.2,174.2,168.2,174.2
2025-08-29T21:16:23.431,274.47256302833557,190.0,171.5,38.4,255,6,BAKE-PREHEAT,168.5,174.5,168.5,174.5
2025-08-29T21:16:23.667,274.70821595191956,190.0,171.6,38.4,255,6,BAKE-PREHEAT,168.8,174.5,168.8,174.5
2025-08-29T21:16:23.898,274.93967390060425,190.0,171.9,38.4,255,6,BAKE-PREHEAT,169.0,174.8,169.0,174.8
2025-08-29T21:16:24.184,275.22515201568604,190.0,171.9,38.4,255,6,BAKE-PREHEAT,169.0,174.8,169.0,174.8
2025-08-29T21:16:24.423,275.464231967926,190.0,172.2,38.4,255,6,BAKE-PREHEAT,169.2,175.2,169.2,175.2
2025-08-29T21:16:24.600,275.6413359642029,190.0,172.5,38.4,255,6,BAKE-PREHEAT,169.5,175.5,169.5,175.5
2025-08-29T21:16:24.946,275.98758006095886,190.0,172.8,38.4,255,6,BAKE-PREHEAT,169.8,175.8,169.8,175.8
2025-08-29T21:16:25.180,276.2213468551636,190.0,173.0,38.4,255,6,BAKE-PREHEAT,170.0,176.0,170.0,176.0
2025-08-29T21:16:25.426,276.4677269458771,190.0,173.2,38.4,255,6,BAKE-PREHEAT,170.2,176.2,170.2,176.2
2025-08-29T21:16:25.663,276.7041049003601,190.0,173.4,38.5,255,6,BAKE-PREHEAT,170.2,176.5,170.2,176.5
2025-08-29T21:16:25.894,276.9356529712677,190.0,173.6,38.4,255,6,BAKE-PREHEAT,170.5,176.8,170.5,176.8
2025-08-29T21:16:26.185,277.2264518737793,190.0,173.8,38.4,255,6,BAKE-PREHEAT,170.8,176.8,170.8,176.8
2025-08-29T21:16:26.421,277.46186900138855,190.0,174.0,38.5,255,6,BAKE-PREHEAT,171.0,177.0,171.0,177.0
2025-08-29T21:16:26.722,277.7630949020386,190.0,174.2,38.4,255,6,BAKE-PREHEAT,171.2,177.2,171.2,177.2
2025-08-29T21:16:26.897,277.9380090236664,190.0,174.5,38.4,255,6,BAKE-PREHEAT,171.5,177.5,171.5,177.5
2025-08-29T21:16:27.184,278.2255599498749,190.0,174.8,38.4,253,6,BAKE-PREHEAT,171.8,177.8,171.8,177.8
2025-08-29T21:16:27.418,278.4595949649811,190.0,174.9,38.4,255,6,BAKE-PREHEAT,172.0,177.8,172.0,177.8
2025-08-29T21:16:27.654,278.69519090652466,190.0,175.4,38.5,201,6,BAKE-PREHEAT,172.2,178.5,172.2,178.5
2025-08-29T21:16:27.952,278.9928159713745,190.0,175.4,38.4,255,6,BAKE-PREHEAT,172.2,178.5,172.2,178.5
2025-08-29T21:16:28.185,279.22581601142883,190.0,175.9,38.4,191,6,BAKE-PREHEAT,172.5,179.2,172.5,179.2
2025-08-29T21:16:28.418,279.45952701568604,190.0,175.8,38.5,255,6,BAKE-PREHEAT,172.5,179.0,172.5,179.0
2025-08-29T21:16:28.653,279.694454908371,190.0,176.2,38.5,184,6,BAKE-PREHEAT,173.0,179.5,173.0,179.5
2025-08-29T21:16:28.887,279.92865085601807,200.0,176.4,38.5,255,6,BAKE-PREHEAT,173.0,179.8,173.0,179.8
2025-08-29T21:16:29.180,280.2215459346771,200.0,176.5,38.4,255,6,BAKE-PREHEAT,173.2,179.8,173.2,179.8
2025-08-29T21:16:29.475,280.51646900177,200.0,177.0,38.4,255,6,BAKE-PREHEAT,173.8,180.2,173.8,180.2
2025-08-29T21:16:29.650,280.69138503074646,200.0,177.2,38.5,255,6,BAKE-PREHEAT,174.0,180.5,174.0,180.5
2025-08-29T21:16:29.947,280.98865699768066,200.0,177.4,38.4,255,6,BAKE-PREHEAT,174.0,180.8,174.0,180.8
2025-08-29T21:16:30.184,281.22537994384766,200.0,177.8,38.4,255,6,BAKE-PREHEAT,174.2,181.2,174.2,181.2
2025-08-29T21:16:30.422,281.4630870819092,200.0,178.0,38.5,255,6,BAKE-PREHEAT,174.5,181.5,174.5,181.5
2025-08-29T21:16:30.657,281.69839692115784,200.0,178.2,38.4,255,6,BAKE-PREHEAT,174.8,181.8,174.8,181.8
2025-08-29T21:16:30.886,281.92754197120667,200.0,178.5,38.5,255,6,BAKE-PREHEAT,175.0,182.0,175.0,182.0
2025-08-29T21:16:31.175,282.2161588668823,200.0,178.9,38.5,255,6,BAKE-PREHEAT,175.2,182.5,175.2,182.5
2025-08-29T21:16:31.411,282.4520618915558,200.0,179.1,38.4,255,6,BAKE-PREHEAT,175.5,182.8,175.5,182.8
2025-08-29T21:16:31.647,282.6885669231415,200.0,179.4,38.4,255,6,BAKE-PREHEAT,175.8,183.0,175.8,183.0
2025-08-29T21:16:31.942,282.98281693458557,200.0,179.6,38.5,255,6,BAKE-PREHEAT,176.0,183.2,176.0,183.2
2025-08-29T21:16:32.177,283.21867299079895,200.0,179.9,38.5,255,6,BAKE-PREHEAT,176.0,183.8,176.0,183.8
2025-08-29T21:16:32.409,283.4501459598541,200.0,180.4,38.5,255,6,BAKE-PREHEAT,176.8,184.0,176.8,184.0
2025-08-29T21:16:32.646,283.68682289123535,200.0,180.4,38.5,255,6,BAKE-PREHEAT,176.5,184.2,176.5,184.2
2025-08-29T21:16:32.940,283.9811689853668,200.0,180.9,38.5,255,6,BAKE-PREHEAT,177.0,184.8,177.0,184.8
2025-08-29T21:16:33.179,284.22070503234863,200.0,181.0,38.5,255,6,BAKE-PREHEAT,177.2,184.8,177.2,184.8
2025-08-29T21:16:33.413,284.4545509815216,200.0,181.5,38.5,255,6,BAKE-PREHEAT,177.8,185.2,177.8,185.2
2025-08-29T21:16:33.714,284.75484585762024,200.0,181.9,38.5,255,6,BAKE-PREHEAT,178.0,185.8,178.0,185.8
2025-08-29T21:16:33.886,284.92767691612244,200.0,182.0,38.5,255,6,BAKE-PREHEAT,178.2,185.8,178.2,185.8
2025-08-29T21:16:34.175,285.21605801582336,200.0,182.1,38.5,255,6,BAKE-PREHEAT,178.5,185.8,178.5,185.8
2025-08-29T21:16:34.410,285.451416015625,200.0,182.4,38.5,255,6,BAKE-PREHEAT,178.8,186.0,178.8,186.0
2025-08-29T21:16:34.647,285.6879389286041,200.0,182.9,38.5,250,6,BAKE-PREHEAT,179.0,186.8,179.0,186.8
2025-08-29T21:16:34.701,285.74268794059753,200.0,182.8,38.5,255,6,BAKE-PREHEAT,179.0,186.5,179.0,186.5
2025-08-29T21:16:35.170,286.2114350795746,200.0,183.2,38.5,243,6,BAKE-PREHEAT,179.5,187.0,179.5,187.0
2025-08-29T21:16:35.398,286.4396150112152,200.0,183.4,38.5,255,6,BAKE-PREHEAT,179.8,187.0,179.8,187.0
2025-08-29T21:16:35.692,286.73344588279724,200.0,183.5,38.5,255,6,BAKE-PREHEAT,179.8,187.2,179.8,187.2
2025-08-29T21:16:35.931,286.97249603271484,200.0,184.0,38.5,229,6,BAKE-PREHEAT,180.2,187.8,180.2,187.8
2025-08-29T21:16:36.161,287.2018258571625,200.0,184.0,38.5,255,6,BAKE-PREHEAT,180.2,187.8,180.2,187.8
2025-08-29T21:16:36.461,287.50197100639343,200.0,184.6,38.5,197,6,BAKE-PREHEAT,180.8,188.5,180.8,188.5
2025-08-29T21:16:36.634,287.6753969192505,200.0,184.8,38.5,255,6,BAKE-PREHEAT,181.0,188.5,181.0,188.5
2025-08-29T21:16:36.930,287.97175693511963,200.0,184.9,38.5,255,6,BAKE-PREHEAT,181.0,188.8,181.0,188.8
2025-08-29T21:16:37.168,288.20935893058777,200.0,185.2,38.5,225,6,BAKE-PREHEAT,181.5,189.0,181.5,189.0
2025-08-29T21:16:37.401,288.44243597984314,200.0,185.4,38.5,255,6,BAKE-PREHEAT,181.5,189.2,181.5,189.2
2025-08-29T21:16:37.703,288.74380707740784,200.0,185.8,38.5,216,6,BAKE-PREHEAT,181.8,189.8,181.8,189.8
2025-08-29T21:16:37.937,288.978551864624,200.0,186.0,38.5,231,6,BAKE-PREHEAT,182.0,190.0,182.0,190.0
2025-08-29T21:16:38.174,289.2154049873352,200.0,186.2,38.5,227,6,BAKE-PREHEAT,182.2,190.2,182.2,190.2
2025-08-29T21:16:38.410,289.45090198516846,200.0,186.5,38.5,222,6,BAKE-PREHEAT,182.5,190.5,182.5,190.5
2025-08-29T21:16:38.646,289.6872580051422,200.0,187.1,38.6,150,6,BAKE-PREHEAT,183.2,191.0,183.2,191.0
2025-08-29T21:16:38.700,289.7413308620453,200.0,187.5,38.5,183,6,BAKE-PREHEAT,183.5,191.5,183.5,191.5
2025-08-29T21:16:39.167,290.20788407325745,210.0,187.9,38.5,255,6,BAKE-PREHEAT,184.0,191.8,184.0,191.8
2025-08-29T21:16:39.397,290.4378478527069,210.0,188.4,38.6,255,6,BAKE-PREHEAT,184.8,192.0,184.8,192.0
2025-08-29T21:16:39.696,290.73765087127686,210.0,188.2,38.5,255,6,BAKE-PREHEAT,184.5,192.0,184.5,192.0
2025-08-29T21:16:39.936,290.9771559238434,210.0,188.9,38.6,255,6,BAKE-PREHEAT,185.2,192.5,185.2,192.5
2025-08-29T21:16:40.174,291.21530199050903,210.0,189.5,38.6,255,6,BAKE-PREHEAT,185.8,193.2,185.8,193.2
2025-08-29T21:16:40.411,291.45200991630554,210.0,189.6,38.5,255,6,BAKE-PREHEAT,185.8,193.5,185.8,193.5
2025-08-29T21:16:40.704,291.7457299232483,210.0,190.0,38.6,255,6,BAKE-PREHEAT,186.2,193.8,186.2,193.8
2025-08-29T21:16:40.940,291.98169708251953,210.0,190.4,38.6,255,6,BAKE-PREHEAT,186.5,194.2,186.5,194.2
2025-08-29T21:16:41.179,292.2197940349579,210.0,190.6,38.5,255,6,BAKE-PREHEAT,186.8,194.5,186.8,194.5
2025-08-29T21:16:41.414,292.45558404922485,210.0,191.0,38.6,255,6,BAKE-PREHEAT,187.2,194.8,187.2,194.8
2025-08-29T21:16:41.651,292.69222497940063,210.0,191.4,38.5,255,6,BAKE-PREHEAT,187.8,195.0,187.8,195.0
2025-08-29T21:16:41.947,292.9883918762207,210.0,191.8,38.6,255,6,BAKE-PREHEAT,188.0,195.5,188.0,195.5
2025-08-29T21:16:42.181,293.22233605384827,210.0,192.1,38.5,255,6,BAKE-PREHEAT,188.2,196.0,188.2,196.0
2025-08-29T21:16:42.409,293.44998502731323,210.0,192.5,38.5,255,6,BAKE-PREHEAT,188.5,196.5,188.5,196.5
2025-08-29T21:16:42.645,293.6863589286804,210.0,192.6,38.5,255,6,BAKE-PREHEAT,188.8,196.5,188.8,196.5
2025-08-29T21:16:42.938,293.9796390533447,210.0,193.2,38.6,225,6,BAKE-PREHEAT,189.2,197.2,189.2,197.2
2025-08-29T21:16:43.175,294.21620988845825,210.0,193.5,38.5,255,6,BAKE-PREHEAT,189.5,197.5,189.5,197.5
2025-08-29T21:16:43.411,294.4519000053406,210.0,193.8,38.5,255,6,BAKE-PREHEAT,189.8,197.8,189.8,197.8
2025-08-29T21:16:43.640,294.6813499927521,210.0,194.1,38.5,248,6,BAKE-PREHEAT,190.2,198.0,190.2,198.0
2025-08-29T21:16:43.931,294.9722819328308,210.0,194.4,38.6,255,6,BAKE-PREHEAT,190.5,198.2,190.5,198.2
2025-08-29T21:16:44.166,295.20695900917053,210.0,194.6,38.6,255,6,BAKE-PREHEAT,190.8,198.5,190.8,198.5
2025-08-29T21:16:44.401,295.4421510696411,210.0,195.0,38.6,232,6,BAKE-PREHEAT,191.2,198.8,191.2,198.8
2025-08-29T21:16:44.702,295.74344992637634,210.0,195.4,38.6,225,6,BAKE-PREHEAT,191.5,199.2,191.5,199.2
2025-08-29T21:16:44.756,295.79722785949707,210.0,195.6,38.5,240,6,BAKE-PREHEAT,191.8,199.5,191.8,199.5
2025-08-29T21:16:45.157,296.19817900657654,210.0,195.9,38.5,235,6,BAKE-PREHEAT,192.0,199.8,192.0,199.8
2025-08-29T21:16:45.390,296.4311089515686,210.0,196.1,38.6,230,6,BAKE-PREHEAT,192.2,200.0,192.2,200.0
2025-08-29T21:16:45.683,296.7242958545685,210.0,196.5,38.6,203,6,BAKE-PREHEAT,192.5,200.5,192.5,200.5
2025-08-29T21:16:45.920,296.96095991134644,210.0,196.6,38.5,241,6,BAKE-PREHEAT,192.8,200.5,192.8,200.5
2025-08-29T21:16:46.213,297.2543339729309,210.0,197.0,38.6,194,6,BAKE-PREHEAT,193.0,201.0,193.0,201.0
2025-08-29T21:16:46.386,297.4269108772278,210.0,197.5,38.6,164,6,BAKE-PREHEAT,193.5,201.5,193.5,201.5
2025-08-29T21:16:46.680,297.7216000556946,210.0,197.8,38.6,200,6,BAKE-PREHEAT,193.8,201.8,193.8,201.8
2025-08-29T21:16:46.916,297.95773005485535,210.0,197.9,38.5,217,6,BAKE-PREHEAT,193.8,202.0,193.8,202.0
2025-08-29T21:16:47.151,298.1927008628845,210.0,198.1,38.5,193,6,BAKE-PREHEAT,194.0,202.2,194.0,202.2
2025-08-29T21:16:47.448,298.48974990844727,210.0,198.5,38.6,166,6,BAKE-PREHEAT,194.2,202.8,194.2,202.8
2025-08-29T21:16:47.684,298.72527289390564,210.0,198.8,38.6,181,6,BAKE-PREHEAT,194.8,202.8,194.8,202.8
2025-08-29T21:16:47.917,298.95856285095215,210.0,199.0,38.5,176,6,BAKE-PREHEAT,195.0,203.0,195.0,203.0
2025-08-29T21:16:48.152,299.1932170391083,210.0,199.2,38.6,171,6,BAKE-PREHEAT,195.2,203.2,195.2,203.2
2025-08-29T21:16:48.386,299.4272458553314,210.0,199.6,38.6,144,6,BAKE-PREHEAT,195.5,203.8,195.5,203.8
2025-08-29T21:16:48.681,299.72185802459717,210.0,199.9,38.6,160,6,BAKE-PREHEAT,195.8,204.0,195.8,204.0
2025-08-29T21:16:48.793,299.83405208587646,210.0,200.1,38.6,155,6,BAKE-PREHEAT,196.0,204.2,196.0,204.2
2025-08-29T21:16:49.133,300.17436695098877,220.0,200.6,38.6,255,6,BAKE-PREHEAT,196.5,204.8,196.5,204.8
2025-08-29T21:16:49.426,300.4668200016022,220.0,200.8,38.5,255,6,BAKE-PREHEAT,196.5,205.0,196.5,205.0
2025-08-29T21:16:49.662,300.703547000885,220.0,200.9,38.6,255,6,BAKE-PREHEAT,196.8,205.0,196.8,205.0
2025-08-29T21:16:49.899,300.9405059814453,220.0,201.4,38.6,255,6,BAKE-PREHEAT,197.2,205.5,197.2,205.5
2025-08-29T21:16:50.191,301.23236894607544,220.0,201.4,38.6,255,6,BAKE-PREHEAT,197.2,205.5,197.2,205.5
2025-08-29T21:16:50.425,301.4667339324951,220.0,202.0,38.5,250,6,BAKE-PREHEAT,197.8,206.2,197.8,206.2
2025-08-29T21:16:50.663,301.70392990112305,220.0,202.1,38.6,255,6,BAKE-PREHEAT,198.0,206.2,198.0,206.2
2025-08-29T21:16:50.899,301.9405028820038,220.0,202.4,38.6,255,6,BAKE-PREHEAT,198.2,206.5,198.2,206.5
2025-08-29T21:16:51.191,302.23214387893677,220.0,202.6,38.6,255,6,BAKE-PREHEAT,198.2,207.0,198.2,207.0
2025-08-29T21:16:51.430,302.47094798088074,220.0,203.0,38.6,255,6,BAKE-PREHEAT,198.8,207.2,198.8,207.2
2025-08-29T21:16:51.664,302.7055630683899,220.0,203.1,38.5,255,6,BAKE-PREHEAT,198.8,207.5,198.8,207.5
2025-08-29T21:16:51.902,302.9429190158844,220.0,203.5,38.6,255,6,BAKE-PREHEAT,199.2,207.8,199.2,207.8
2025-08-29T21:16:52.195,303.23622393608093,220.0,203.6,38.6,255,6,BAKE-PREHEAT,199.2,208.0,199.2,208.0
2025-08-29T21:16:52.432,303.47350001335144,220.0,204.0,38.6,252,6,BAKE-PREHEAT,199.5,208.5,199.5,208.5
2025-08-29T21:16:52.671,303.712033033371,220.0,204.4,38.6,245,6,BAKE-PREHEAT,200.0,208.8,200.0,208.8
2025-08-29T21:16:52.906,303.9469790458679,220.0,204.8,38.6,238,6,BAKE-PREHEAT,200.2,209.2,200.2,209.2
2025-08-29T21:16:53.200,304.24147486686707,220.0,204.9,38.6,255,6,BAKE-PREHEAT,200.5,209.2,200.5,209.2
2025-08-29T21:16:53.436,304.4767780303955,220.0,205.2,38.6,228,6,BAKE-PREHEAT,200.8,209.8,200.8,209.8
2025-08-29T21:16:53.675,304.7160439491272,220.0,205.5,38.6,244,6,BAKE-PREHEAT,200.8,210.2,200.8,210.2
2025-08-29T21:16:53.909,304.9506778717041,220.0,205.5,38.6,255,6,BAKE-PREHEAT,201.0,210.0,201.0,210.0
2025-08-29T21:16:54.144,305.1856789588928,220.0,205.9,38.6,217,6,BAKE-PREHEAT,201.2,210.5,201.2,210.5
2025-08-29T21:16:54.436,305.47771096229553,220.0,206.4,38.6,187,6,BAKE-PREHEAT,201.8,211.0,201.8,211.0
2025-08-29T21:16:54.672,305.71280097961426,220.0,206.6,38.6,223,6,BAKE-PREHEAT,202.0,211.2,202.0,211.2
2025-08-29T21:16:54.780,305.8215169906616,220.0,206.9,38.6,218,6,BAKE-PREHEAT,202.2,211.5,202.2,211.5
2025-08-29T21:16:55.184,306.2254149913788,220.0,207.0,38.6,236,6,BAKE-PREHEAT,202.2,211.8,202.2,211.8
2025-08-29T21:16:55.422,306.46335792541504,220.0,207.2,38.6,211,6,BAKE-PREHEAT,202.8,211.8,202.8,211.8
2025-08-29T21:16:55.658,306.69910502433777,220.0,207.8,38.6,161,6,BAKE-PREHEAT,203.0,212.5,203.0,212.5
2025-08-29T21:16:55.955,306.99596905708313,220.0,207.9,38.6,219,6,BAKE-PREHEAT,203.0,212.8,203.0,212.8
2025-08-29T21:16:56.128,307.16914200782776,220.0,208.4,38.6,150,6,BAKE-PREHEAT,203.5,213.2,203.5,213.2
2025-08-29T21:16:56.416,307.4576470851898,220.0,208.4,38.6,230,6,BAKE-PREHEAT,203.5,213.2,203.5,213.2
2025-08-29T21:16:56.651,307.6919598579407,220.0,208.6,38.6,185,6,BAKE-PREHEAT,203.8,213.5,203.8,213.5
2025-08-29T21:16:56.885,307.9265320301056,220.0,209.2,38.6,113,6,BAKE-PREHEAT,204.2,214.2,204.2,214.2
2025-08-29T21:16:57.181,308.2221939563751,220.0,209.4,38.6,191,6,BAKE-PREHEAT,204.5,214.2,204.5,214.2
2025-08-29T21:16:57.413,308.45463395118713,220.0,209.8,38.6,144,6,BAKE-PREHEAT,204.8,214.8,204.8,214.8
2025-08-29T21:16:57.643,308.68472504615784,220.0,210.0,38.6,159,6,BAKE-PREHEAT,205.0,215.0,205.0,215.0
2025-08-29T21:16:57.934,308.97527503967285,220.0,209.9,38.6,221,6,BAKE-PREHEAT,205.2,214.5,205.2,214.5
2025-08-29T21:16:58.172,309.21296095848083,220.0,210.2,38.6,134,6,BAKE-PREHEAT,205.5,215.0,205.5,215.0
2025-08-29T21:16:58.403,309.444256067276,220.0,210.4,38.6,172,6,BAKE-PREHEAT,205.5,215.2,205.5,215.2
2025-08-29T21:16:58.703,309.74471402168274,220.0,210.8,38.6,125,6,BAKE-PREHEAT,205.8,215.8,205.8,215.8
2025-08-29T21:16:58.884,309.92478489875793,220.0,210.9,38.6,162,6,BAKE-PREHEAT,206.0,215.8,206.0,215.8
2025-08-29T21:16:59.180,310.2217478752136,230.0,211.1,38.6,255,6,BAKE-PREHEAT,206.2,216.0,206.2,216.0
2025-08-29T21:16:59.418,310.4595139026642,230.0,211.5,38.6,255,6,BAKE-PREHEAT,206.5,216.5,206.5,216.5
2025-08-29T21:16:59.653,310.69450092315674,230.0,211.8,38.6,255,6,BAKE-PREHEAT,206.8,216.8,206.8,216.8
2025-08-29T21:16:59.889,310.9298129081726,230.0,212.2,38.6,255,6,BAKE-PREHEAT,207.0,217.5,207.0,217.5
2025-08-29T21:17:00.180,311.2209129333496,230.0,212.2,38.6,255,6,BAKE-PREHEAT,207.2,217.2,207.2,217.2
2025-08-29T21:17:00.409,311.450110912323,230.0,212.6,38.6,255,6,BAKE-PREHEAT,207.8,217.5,207.8,217.5
2025-08-29T21:17:00.645,311.6865050792694,230.0,212.8,38.6,255,6,BAKE-PREHEAT,207.8,217.8,207.8,217.8
2025-08-29T21:17:00.939,311.9802939891815,230.0,213.2,38.7,248,6,BAKE-PREHEAT,208.2,218.2,208.2,218.2
2025-08-29T21:17:01.173,312.21416091918945,230.0,213.4,38.7,255,6,BAKE-PREHEAT,208.2,218.5,208.2,218.5
2025-08-29T21:17:01.409,312.4506850242615,230.0,213.5,38.6,255,6,BAKE-PREHEAT,208.5,218.5,208.5,218.5
2025-08-29T21:17:01.710,312.75103998184204,230.0,213.9,38.6,255,6,BAKE-PREHEAT,208.8,219.0,208.8,219.0
2025-08-29T21:17:01.883,312.9242708683014,230.0,213.9,38.7,255,6,BAKE-PREHEAT,209.0,218.8,209.0,218.8
2025-08-29T21:17:02.174,313.21527194976807,230.0,214.4,38.7,227,6,BAKE-PREHEAT,209.2,219.5,209.2,219.5
2025-08-29T21:17:02.410,313.4516260623932,230.0,214.6,38.7,255,6,BAKE-PREHEAT,209.5,219.8,209.5,219.8
2025-08-29T21:17:02.647,313.6884469985962,230.0,214.8,38.7,255,6,BAKE-PREHEAT,209.8,219.8,209.8,219.8
2025-08-29T21:17:02.941,313.9825949668884,230.0,214.9,38.7,255,6,BAKE-PREHEAT,210.0,219.8,210.0,219.8
2025-08-29T21:17:03.174,314.21523904800415,230.0,215.1,38.7,252,6,BAKE-PREHEAT,210.2,220.0,210.2,220.0
2025-08-29T21:17:03.409,314.4498589038849,230.0,215.4,38.7,248,6,BAKE-PREHEAT,210.2,220.5,210.2,220.5
2025-08-29T21:17:03.645,314.68618392944336,230.0,215.8,38.7,221,6,BAKE-PREHEAT,210.8,220.8,210.8,220.8
2025-08-29T21:17:03.938,314.97918486595154,230.0,216.1,38.7,214,6,BAKE-PREHEAT,211.0,221.2,211.0,221.2
2025-08-29T21:17:04.175,315.2164580821991,230.0,216.4,38.7,229,6,BAKE-PREHEAT,211.2,221.5,211.2,221.5
2025-08-29T21:17:04.413,315.45420694351196,230.0,216.4,38.7,255,6,BAKE-PREHEAT,211.2,221.5,211.2,221.5
2025-08-29T21:17:04.643,315.68437099456787,230.0,216.5,38.7,247,6,BAKE-PREHEAT,211.8,221.2,211.8,221.2
2025-08-29T21:17:04.876,315.91685795783997,230.0,216.6,38.7,244,6,BAKE-PREHEAT,211.8,221.5,211.8,221.5
2025-08-29T21:17:05.168,316.20938897132874,230.0,217.1,38.7,175,6,BAKE-PREHEAT,212.0,222.2,212.0,222.2
2025-08-29T21:17:05.400,316.4409558773041,230.0,217.4,38.7,210,6,BAKE-PREHEAT,212.2,222.5,212.2,222.5
2025-08-29T21:17:05.700,316.7412760257721,230.0,217.5,38.7,228,6,BAKE-PREHEAT,212.5,222.5,212.5,222.5
2025-08-29T21:17:05.935,316.9758689403534,230.0,217.8,38.7,203,6,BAKE-PREHEAT,212.8,222.8,212.8,222.8
2025-08-29T21:17:06.170,317.2113230228424,230.0,218.0,38.7,198,6,BAKE-PREHEAT,212.8,223.2,212.8,223.2
2025-08-29T21:17:06.404,317.44573998451233,230.0,218.0,38.7,238,6,BAKE-PREHEAT,213.0,223.0,213.0,223.0
2025-08-29T21:17:06.640,317.68110394477844,230.0,218.4,38.7,171,6,BAKE-PREHEAT,213.5,223.2,213.5,223.2
2025-08-29T21:17:06.934,317.97516107559204,230.0,218.5,38.7,209,6,BAKE-PREHEAT,213.5,223.5,213.5,223.5
2025-08-29T21:17:07.167,318.20872688293457,230.0,218.8,38.7,184,6,BAKE-PREHEAT,213.8,223.8,213.8,223.8
2025-08-29T21:17:07.398,318.4389338493347,230.0,219.1,38.7,157,6,BAKE-PREHEAT,214.0,224.2,214.0,224.2
2025-08-29T21:17:07.691,318.7325949668884,230.0,219.1,38.7,217,6,BAKE-PREHEAT,214.2,224.0,214.2,224.0
2025-08-29T21:17:07.928,318.96939992904663,230.0,219.2,38.7,195,6,BAKE-PREHEAT,214.2,224.2,214.2,224.2
2025-08-29T21:17:08.166,319.20738196372986,230.0,219.4,38.7,192,6,BAKE-PREHEAT,214.2,224.5,214.2,224.5
2025-08-29T21:17:08.399,319.439838886261,230.0,219.9,38.7,123,6,BAKE-PREHEAT,214.8,225.0,214.8,225.0
2025-08-29T21:17:08.692,319.73370385169983,230.0,220.0,38.7,181,6,BAKE-PREHEAT,214.8,225.2,214.8,225.2
2025-08-29T21:17:08.931,319.97272992134094,230.0,220.0,38.7,201,6,BAKE-PREHEAT,215.2,224.8,215.2,224.8
2025-08-29T21:17:09.169,320.21052289009094,230.0,220.4,38.7,134,6,BAKE-PREHEAT,215.5,225.2,215.5,225.2
2025-08-29T21:17:09.403,320.44393587112427,230.0,220.5,38.7,171,6,BAKE-PREHEAT,215.8,225.2,215.8,225.2
2025-08-29T21:17:09.637,320.67869687080383,230.0,220.5,38.7,191,6,BAKE-PREHEAT,215.8,225.2,215.8,225.2
2025-08-29T21:17:09.929,320.97024607658386,230.0,220.8,38.7,147,6,BAKE-PREHEAT,216.0,225.5,216.0,225.5
2025-08-29T21:17:10.166,321.207692861557,230.0,221.0,38.7,142,6,BAKE-PREHEAT,216.0,226.0,216.0,226.0
2025-08-29T21:17:10.398,321.43945598602295,230.0,220.9,38.7,204,6,BAKE-PREHEAT,216.2,225.5,216.2,225.5
2025-08-29T21:17:10.632,321.6735179424286,230.0,221.0,38.7,162,6,BAKE-PREHEAT,216.2,225.8,216.2,225.8
2025-08-29T21:17:10.927,321.96804785728455,230.0,221.1,38.7,160,6,BAKE-PREHEAT,216.2,226.0,216.2,226.0
2025-08-29T21:17:11.157,322.1983640193939,230.0,221.6,38.8,90,6,BAKE-PREHEAT,216.5,226.8,216.5,226.8
2025-08-29T21:17:11.457,322.4981620311737,230.0,221.5,38.7,192,6,BAKE-PREHEAT,216.8,226.2,216.8,226.2
2025-08-29T21:17:11.631,322.671856880188,230.0,221.9,38.8,105,6,BAKE-PREHEAT,216.8,227.0,216.8,227.0
2025-08-29T21:17:11.921,322.96227407455444,230.0,221.6,38.7,210,6,BAKE-PREHEAT,216.8,226.5,216.8,226.5
2025-08-29T21:17:12.154,323.1957700252533,230.0,222.0,38.7,103,6,BAKE-PREHEAT,217.0,227.0,217.0,227.0
2025-08-29T21:17:12.387,323.42796897888184,230.0,221.9,38.7,185,6,BAKE-PREHEAT,217.0,226.8,217.0,226.8
2025-08-29T21:17:12.684,323.7248160839081,230.0,222.0,38.7,143,6,BAKE-PREHEAT,217.0,227.0,217.0,227.0
2025-08-29T21:17:12.918,323.959450006485,230.0,222.1,38.7,141,6,BAKE-PREHEAT,217.0,227.2,217.0,227.2
2025-08-29T21:17:13.143,324.1847560405731,230.0,222.1,38.8,161,6,BAKE-PREHEAT,217.2,227.0,217.2,227.0
2025-08-29T21:17:13.435,324.4765899181366,230.0,222.2,38.7,138,6,BAKE-PREHEAT,217.2,227.2,217.2,227.2
2025-08-29T21:17:13.674,324.7155649662018,230.0,222.5,38.8,114,6,BAKE-PREHEAT,217.5,227.5,217.5,227.5
2025-08-29T21:17:13.912,324.95292592048645,230.0,222.4,38.7,176,6,BAKE-PREHEAT,217.5,227.2,217.5,227.2
2025-08-29T21:17:14.207,325.2485349178314,230.0,222.9,38.8,67,6,BAKE-PREHEAT,217.8,228.0,217.8,228.0
2025-08-29T21:17:14.381,325.42215299606323,230.0,222.8,38.8,169,6,BAKE-PREHEAT,218.0,227.5,218.0,227.5
2025-08-29T21:17:14.675,325.71608901023865,230.0,222.9,38.8,127,6,BAKE-PREHEAT,218.0,227.8,218.0,227.8
2025-08-29T21:17:14.912,325.9534728527069,230.0,223.0,38.8,124,6,BAKE-PREHEAT,218.0,228.0,218.0,228.0
2025-08-29T21:17:15.148,326.18883085250854,230.0,222.9,38.8,167,6,BAKE-PREHEAT,218.0,227.8,218.0,227.8
2025-08-29T21:17:15.445,326.4860289096832,230.0,223.4,38.8,57,6,BAKE-PREHEAT,218.2,228.5,218.2,228.5
2025-08-29T21:17:15.680,326.720978975296,230.0,223.4,38.8,137,6,BAKE-PREHEAT,218.5,228.2,218.5,228.2
2025-08-29T21:17:15.917,326.9585020542145,230.0,223.5,38.8,115,6,BAKE-PREHEAT,218.5,228.5,218.5,228.5
2025-08-29T21:17:16.152,327.19356298446655,230.0,223.4,38.8,157,6,BAKE-PREHEAT,218.5,228.2,218.5,228.2
2025-08-29T21:17:16.388,327.4291019439697,230.0,223.2,38.7,160,6,BAKE-PREHEAT,218.5,228.0,218.5,228.0
2025-08-29T21:17:16.682,327.7230110168457,230.0,223.4,38.8,117,6,BAKE-PREHEAT,218.5,228.2,218.5,228.2
2025-08-29T21:17:16.916,327.95743894577026,230.0,223.6,38.8,93,6,BAKE-PREHEAT,218.8,228.5,218.8,228.5
2025-08-29T21:17:17.145,328.18639492988586,230.0,223.8,38.8,110,6,BAKE-PREHEAT,219.0,228.5,219.0,228.5
2025-08-29T21:17:17.437,328.4784269332886,230.0,223.8,38.8,130,6,BAKE-PREHEAT,219.0,228.5,219.0,228.5
2025-08-29T21:17:17.675,328.71635007858276,230.0,223.9,38.8,108,6,BAKE-PREHEAT,219.0,228.8,219.0,228.8
2025-08-29T21:17:17.913,328.95389890670776,230.0,224.0,38.8,106,6,BAKE-PREHEAT,219.0,229.0,219.0,229.0
2025-08-29T21:17:18.148,329.1891510486603,230.0,223.9,38.7,148,6,BAKE-PREHEAT,219.2,228.5,219.2,228.5
2025-08-29T21:17:18.441,329.4823110103607,230.0,224.2,38.8,61,6,BAKE-PREHEAT,219.2,229.2,219.2,229.2
2025-08-29T21:17:18.678,329.7197570800781,230.0,224.2,38.8,121,6,BAKE-PREHEAT,219.2,229.2,219.2,229.2
2025-08-29T21:17:18.914,329.95541191101074,230.0,224.2,38.8,121,6,BAKE-PREHEAT,219.5,229.0,219.5,229.0
2025-08-29T21:17:18.964,330.00567293167114,230.0,224.5,38.8,76,6,BAKE-PREHEAT,219.5,229.5,219.5,229.5
2025-08-29T21:17:19.428,330.46888494491577,30.0,224.6,38.8,0,6,BAKE,219.8,229.5,219.8,229.5
2025-08-29T21:17:19.664,330.7049250602722,30.0,224.8,38.8,0,6,BAKE,220.0,229.5,220.0,229.5
2025-08-29T21:17:19.893,330.9338450431824,30.0,224.5,38.8,0,6,BAKE,220.0,229.0,220.0,229.0
2025-08-29T21:17:20.186,331.22708797454834,30.0,224.4,38.8,0,6,BAKE,219.8,229.0,219.8,229.0
2025-08-29T21:17:20.425,331.46657490730286,30.0,224.8,38.8,0,6,BAKE,220.0,229.5,220.0,229.5
2025-08-29T21:17:20.662,331.7033488750458,30.0,224.8,38.8,0,6,BAKE,220.0,229.5,220.0,229.5
2025-08-29T21:17:20.897,331.93858194351196,30.0,224.9,38.8,0,6,BAKE,220.0,229.8,220.0,229.8
2025-08-29T21:17:21.198,332.23889899253845,30.0,224.6,38.8,0,6,BAKE,220.0,229.2,220.0,229.2
2025-08-29T21:17:21.375,332.4159290790558,30.0,224.4,38.8,0,6,BAKE,220.0,228.8,220.0,228.8
2025-08-29T21:17:21.668,332.70935893058777,30.0,224.4,38.8,0,6,BAKE,220.0,228.8,220.0,228.8
2025-08-29T21:17:21.904,332.9450829029083,30.0,224.5,38.8,0,6,BAKE,220.0,229.0,220.0,229.0
2025-08-29T21:17:22.139,333.1799099445343,30.0,224.4,38.8,0,6,BAKE,219.8,229.0,219.8,229.0
2025-08-29T21:17:22.433,333.4743220806122,30.0,224.4,38.8,0,6,BAKE,219.8,229.0,219.8,229.0
2025-08-29T21:17:22.729,333.77039790153503,30.0,224.2,38.8,0,6,BAKE,219.8,228.8,219.8,228.8
2025-08-29T21:17:22.905,333.9463279247284,30.0,224.2,38.8,0,6,BAKE,219.8,228.8,219.8,228.8
2025-08-29T21:17:23.142,334.1833779811859,30.0,224.2,38.8,0,6,BAKE,220.0,228.5,220.0,228.5
2025-08-29T21:17:23.432,334.47294902801514,30.0,224.1,38.8,0,6,BAKE,220.0,228.2,220.0,228.2
2025-08-29T21:17:23.667,334.70844197273254,30.0,224.0,38.8,0,6,BAKE,220.0,228.0,220.0,228.0
2025-08-29T21:17:23.902,334.94370889663696,30.0,224.1,38.8,0,6,BAKE,220.0,228.2,220.0,228.2
2025-08-29T21:17:24.131,335.17210507392883,30.0,224.2,38.8,0,6,BAKE,220.0,228.5,220.0,228.5
2025-08-29T21:17:24.425,335.4658319950104,30.0,224.0,38.8,0,6,BAKE,219.8,228.2,219.8,228.2
2025-08-29T21:17:24.660,335.7015149593353,30.0,223.9,38.8,0,6,BAKE,219.8,228.0,219.8,228.0
2025-08-29T21:17:24.896,335.9375350475311,30.0,224.0,38.8,0,6,BAKE,219.8,228.2,219.8,228.2
2025-08-29T21:17:25.010,336.05088686943054,30.0,224.1,38.9,0,6,BAKE,220.0,228.2,220.0,228.2
2025-08-29T21:17:25.424,336.46522402763367,30.0,223.8,38.8,0,6,BAKE,219.8,227.8,219.8,227.8
2025-08-29T21:17:25.655,336.6964259147644,30.0,223.9,38.9,0,6,BAKE,219.5,228.2,219.5,228.2
2025-08-29T21:17:25.892,336.9330348968506,30.0,223.9,38.8,0,6,BAKE,219.5,228.2,219.5,228.2
2025-08-29T21:17:26.186,337.2271490097046,30.0,223.8,38.9,0,6,BAKE,219.5,228.0,219.5,228.0
2025-08-29T21:17:26.421,337.4622540473938,30.0,223.5,38.8,0,6,BAKE,219.2,227.8,219.2,227.8
2025-08-29T21:17:26.654,337.6949119567871,30.0,223.4,38.8,0,6,BAKE,219.2,227.5,219.2,227.5
2025-08-29T21:17:26.884,337.92506885528564,30.0,223.1,38.8,0,6,BAKE,219.0,227.2,219.0,227.2
2025-08-29T21:17:27.175,338.2161419391632,30.0,223.2,38.9,0,6,BAKE,219.2,227.2,219.2,227.2
2025-08-29T21:17:27.408,338.4489848613739,30.0,222.9,38.8,0,6,BAKE,219.0,226.8,219.0,226.8
2025-08-29T21:17:27.642,338.6829979419708,30.0,222.5,38.9,0,6,BAKE,218.5,226.5,218.5,226.5
2025-08-29T21:17:27.934,338.97549200057983,30.0,222.6,38.9,0,6,BAKE,218.5,226.8,218.5,226.8
2025-08-29T21:17:28.177,339.21779584884644,30.0,222.4,38.8,0,6,BAKE,218.5,226.2,218.5,226.2
2025-08-29T21:17:28.413,339.4540009498596,30.0,222.2,38.9,0,6,BAKE,218.2,226.2,218.2,226.2
2025-08-29T21:17:28.647,339.6881890296936,30.0,222.2,38.8,0,6,BAKE,218.2,226.2,218.2,226.2
2025-08-29T21:17:28.882,339.92280101776123,30.0,222.0,38.9,0,6,BAKE,218.0,226.0,218.0,226.0
2025-08-29T21:17:29.174,340.215616941452,30.0,221.8,38.8,0,6,BAKE,217.5,226.0,217.5,226.0
2025-08-29T21:17:29.410,340.4516589641571,30.0,221.8,38.9,0,6,BAKE,217.8,225.8,217.8,225.8
2025-08-29T21:17:29.711,340.75181889533997,30.0,221.6,38.9,0,6,BAKE,217.5,225.8,217.5,225.8
2025-08-29T21:17:29.886,340.9272310733795,30.0,221.2,38.9,0,6,BAKE,217.2,225.2,217.2,225.2
2025-08-29T21:17:30.180,341.2209749221802,30.0,221.4,38.9,0,6,BAKE,217.5,225.2,217.5,225.2
2025-08-29T21:17:30.412,341.45350885391235,30.0,220.9,38.8,0,6,BAKE,217.2,224.5,217.2,224.5
2025-08-29T21:17:30.645,341.6866989135742,30.0,221.1,38.9,0,6,BAKE,217.2,225.0,217.2,225.0
2025-08-29T21:17:30.946,341.98721385002136,30.0,221.0,38.9,0,6,BAKE,217.0,225.0,217.0,225.0
2025-08-29T21:17:31.185,342.226763010025,30.0,220.6,38.9,0,6,BAKE,217.0,224.2,217.0,224.2
2025-08-29T21:17:31.423,342.46405696868896,30.0,220.8,38.9,0,6,BAKE,216.8,224.8,216.8,224.8
2025-08-29T21:17:31.658,342.6991400718689,30.0,220.6,38.8,0,6,BAKE,217.0,224.2,217.0,224.2
2025-08-29T21:17:31.895,342.9365839958191,30.0,220.4,38.8,0,6,BAKE,216.8,224.0,216.8,224.0
2025-08-29T21:17:32.190,343.2308130264282,30.0,220.4,38.9,0,6,BAKE,216.5,224.2,216.5,224.2
2025-08-29T21:17:32.424,343.46552300453186,30.0,220.1,38.9,0,6,BAKE,216.2,224.0,216.2,224.0
2025-08-29T21:17:32.662,343.70296692848206,30.0,220.2,38.9,0,6,BAKE,216.2,224.2,216.2,224.2
2025-08-29T21:17:32.896,343.9376380443573,30.0,220.1,38.9,0,6,BAKE,216.2,224.0,216.2,224.0
2025-08-29T21:17:33.195,344.23661398887634,30.0,220.0,38.9,0,6,BAKE,216.2,223.8,216.2,223.8
2025-08-29T21:17:33.430,344.47177600860596,30.0,219.6,38.9,0,6,BAKE,215.8,223.5,215.8,223.5
2025-08-29T21:17:33.664,344.7055490016937,30.0,219.5,38.8,0,6,BAKE,215.5,223.5,215.5,223.5
2025-08-29T21:17:33.901,344.9424729347229,30.0,219.4,38.9,0,6,BAKE,215.5,223.2,215.5,223.2
2025-08-29T21:17:34.128,345.1697700023651,30.0,219.1,38.8,0,6,BAKE,215.2,223.0,215.2,223.0
2025-08-29T21:17:34.419,345.46037006378174,30.0,219.2,38.9,0,6,BAKE,215.5,223.0,215.5,223.0
2025-08-29T21:17:34.654,345.69562697410583,30.0,218.8,38.8,0,6,BAKE,215.2,222.2,215.2,222.2
2025-08-29T21:17:34.891,345.9322159290314,30.0,218.6,38.8,0,6,BAKE,214.8,222.5,214.8,222.5
2025-08-29T21:17:35.179,346.2201669216156,30.0,218.4,38.9,0,6,BAKE,214.5,222.2,214.5,222.2
2025-08-29T21:17:35.417,346.4583659172058,30.0,218.2,38.9,0,6,BAKE,214.8,221.8,214.8,221.8
2025-08-29T21:17:35.653,346.6939160823822,30.0,218.0,38.9,0,6,BAKE,214.5,221.5,214.5,221.5
2025-08-29T21:17:35.889,346.93010091781616,30.0,217.8,38.9,0,6,BAKE,214.0,221.5,214.0,221.5
2025-08-29T21:17:36.183,347.2237799167633,30.0,217.6,38.9,0,6,BAKE,213.8,221.5,213.8,221.5
2025-08-29T21:17:36.424,347.4656319618225,30.0,217.4,38.9,0,6,BAKE,213.8,221.0,213.8,221.0
2025-08-29T21:17:36.725,347.7657949924469,30.0,217.4,38.9,0,6,BAKE,213.5,221.2,213.5,221.2
2025-08-29T21:17:36.900,347.9409658908844,30.0,216.9,39.0,0,6,BAKE,213.2,220.5,213.2,220.5
2025-08-29T21:17:37.136,348.17693185806274,30.0,217.0,38.9,0,6,BAKE,213.5,220.5,213.5,220.5
2025-08-29T21:17:37.428,348.469722032547,30.0,216.6,38.9,0,6,BAKE,213.0,220.2,213.0,220.2
2025-08-29T21:17:37.666,348.70714807510376,30.0,216.4,38.9,0,6,BAKE,212.8,220.0,212.8,220.0
2025-08-29T21:17:37.901,348.9420020580292,30.0,216.4,38.9,0,6,BAKE,212.8,220.0,212.8,220.0
2025-08-29T21:17:38.129,349.17030096054077,30.0,215.8,38.9,0,6,BAKE,212.2,219.2,212.2,219.2
2025-08-29T21:17:38.423,349.4638478755951,30.0,216.0,39.0,0,6,BAKE,212.2,219.8,212.2,219.8
2025-08-29T21:17:38.654,349.6951868534088,30.0,215.6,38.9,0,6,BAKE,212.0,219.2,212.0,219.2
2025-08-29T21:17:38.885,349.92612290382385,30.0,215.5,38.9,0,6,BAKE,211.8,219.2,211.8,219.2
2025-08-29T21:17:39.179,350.22074699401855,30.0,215.2,38.9,0,6,BAKE,211.8,218.8,211.8,218.8
2025-08-29T21:17:39.414,350.45508003234863,30.0,214.9,38.9,0,6,BAKE,211.5,218.2,211.5,218.2
2025-08-29T21:17:39.643,350.6841468811035,30.0,214.6,38.9,0,6,BAKE,211.0,218.2,211.0,218.2
2025-08-29T21:17:39.879,350.92062401771545,30.0,214.6,38.9,0,6,BAKE,211.2,218.0,211.2,218.0
2025-08-29T21:17:40.174,351.2151560783386,30.0,214.4,38.9,0,6,BAKE,210.8,218.0,210.8,218.0
2025-08-29T21:17:40.412,351.45296692848206,30.0,214.1,38.9,0,6,BAKE,210.5,217.8,210.5,217.8
2025-08-29T21:17:40.648,351.6894509792328,30.0,213.9,38.9,0,6,BAKE,210.2,217.5,210.2,217.5
2025-08-29T21:17:40.877,351.91846990585327,30.0,213.6,38.9,0,6,BAKE,210.0,217.2,210.0,217.2
2025-08-29T21:17:41.169,352.2102999687195,30.0,213.5,38.9,0,6,BAKE,210.0,217.0,210.0,217.0
2025-08-29T21:17:41.404,352.44532799720764,30.0,213.2,38.9,0,6,BAKE,209.8,216.8,209.8,216.8
2025-08-29T21:17:41.638,352.6791560649872,30.0,213.0,38.9,0,6,BAKE,209.5,216.5,209.5,216.5
2025-08-29T21:17:41.932,352.97361993789673,30.0,212.8,38.9,0,6,BAKE,209.2,216.2,209.2,216.2
2025-08-29T21:17:42.167,353.20876288414,30.0,212.5,38.9,0,6,BAKE,209.2,215.8,209.2,215.8
2025-08-29T21:17:42.392,353.4334599971771,30.0,212.6,38.9,0,6,BAKE,209.0,216.2,209.0,216.2
2025-08-29T21:17:42.627,353.6679718494415,30.0,212.2,39.0,0,6,BAKE,208.8,215.8,208.8,215.8
2025-08-29T21:17:42.921,353.9621419906616,30.0,212.1,39.0,0,6,BAKE,208.8,215.5,208.8,215.5
2025-08-29T21:17:43.158,354.19947600364685,30.0,211.9,39.0,0,6,BAKE,208.5,215.2,208.5,215.2
2025-08-29T21:17:43.394,354.4348130226135,30.0,211.6,38.9,0,6,BAKE,208.2,215.0,208.2,215.0
2025-08-29T21:17:43.680,354.72170400619507,30.0,211.5,39.0,0,6,BAKE,208.0,215.0,208.0,215.0
2025-08-29T21:17:43.913,354.9545600414276,30.0,211.4,38.9,0,6,BAKE,208.0,214.8,208.0,214.8
2025-08-29T21:17:44.149,355.19014286994934,30.0,211.1,39.0,0,6,BAKE,207.5,214.8,207.5,214.8
2025-08-29T21:17:44.381,355.42193388938904,30.0,210.9,38.9,0,6,BAKE,207.5,214.2,207.5,214.2
2025-08-29T21:17:44.671,355.71261501312256,30.0,210.9,38.9,0,6,BAKE,207.5,214.2,207.5,214.2
2025-08-29T21:17:44.908,355.94881296157837,30.0,210.6,38.9,0,6,BAKE,207.2,214.0,207.2,214.0
2025-08-29T21:17:45.138,356.17941308021545,30.0,210.4,38.9,0,6,BAKE,207.0,213.8,207.0,213.8
2025-08-29T21:17:45.424,356.4655749797821,30.0,210.2,39.0,0,6,BAKE,206.8,213.8,206.8,213.8
2025-08-29T21:17:45.656,356.6971809864044,30.0,210.4,38.9,0,6,BAKE,207.0,213.8,207.0,213.8
2025-08-29T21:17:45.893,356.9341480731964,30.0,210.0,39.0,0,6,BAKE,206.8,213.2,206.8,213.2
2025-08-29T21:17:46.188,357.2290029525757,30.0,209.9,39.0,0,6,BAKE,206.5,213.2,206.5,213.2
2025-08-29T21:17:46.421,357.46259593963623,30.0,209.8,39.0,0,6,BAKE,206.5,213.0,206.5,213.0
2025-08-29T21:17:46.654,357.69556999206543,30.0,209.5,39.0,0,6,BAKE,206.2,212.8,206.2,212.8
2025-08-29T21:17:46.891,357.93207597732544,30.0,209.2,38.9,0,6,BAKE,206.0,212.5,206.0,212.5
2025-08-29T21:17:47.184,358.2248339653015,30.0,209.2,39.0,0,6,BAKE,205.8,212.8,205.8,212.8
2025-08-29T21:17:47.420,358.46096897125244,30.0,209.0,38.9,0,6,BAKE,205.8,212.2,205.8,212.2
2025-08-29T21:17:47.650,358.6907858848572,30.0,208.9,39.0,0,6,BAKE,205.5,212.2,205.5,212.2
2025-08-29T21:17:47.879,358.92018008232117,30.0,208.8,39.0,0,6,BAKE,205.5,212.0,205.5,212.0
2025-08-29T21:17:48.172,359.2132558822632,30.0,208.4,38.9,0,6,BAKE,205.2,211.5,205.2,211.5
2025-08-29T21:17:48.410,359.4507839679718,30.0,208.4,39.0,0,6,BAKE,205.0,211.8,205.0,211.8
2025-08-29T21:17:48.643,359.68450689315796,30.0,208.1,39.0,0,6,BAKE,205.0,211.2,205.0,211.2
2025-08-29T21:17:48.878,359.91953206062317,30.0,207.9,39.0,0,6,BAKE,204.5,211.2,204.5,211.2
2025-08-29T21:17:49.171,360.2118499279022,30.0,207.8,39.0,0,6,BAKE,204.5,211.0,204.5,211.0
2025-08-29T21:17:49.399,360.44057297706604,30.0,207.5,39.0,0,6,BAKE,204.5,210.5,204.5,210.5
2025-08-29T21:17:49.628,360.6690330505371,30.0,207.2,38.9,0,6,BAKE,204.2,210.2,204.2,210.2
2025-08-29T21:17:49.922,360.96315908432007,30.0,207.1,38.9,0,6,BAKE,204.0,210.2,204.0,210.2
2025-08-29T21:17:50.160,361.2010278701782,30.0,206.9,39.0,0,6,BAKE,203.8,210.0,203.8,210.0
2025-08-29T21:17:50.397,361.43813490867615,30.0,206.9,39.0,0,6,BAKE,203.8,210.0,203.8,210.0
2025-08-29T21:17:50.685,361.7258880138397,30.0,206.6,39.0,0,6,BAKE,203.5,209.8,203.5,209.8
2025-08-29T21:17:50.923,361.96458292007446,30.0,206.4,39.0,0,6,BAKE,203.2,209.5,203.2,209.5
2025-08-29T21:17:51.162,362.202978849411,30.0,206.2,39.0,0,6,BAKE,203.0,209.5,203.0,209.5
2025-08-29T21:17:51.396,362.43776392936707,30.0,206.2,39.0,0,6,BAKE,203.0,209.5,203.0,209.5
2025-08-29T21:17:51.629,362.67047691345215,30.0,205.9,39.0,0,6,BAKE,202.8,209.0,202.8,209.0
2025-08-29T21:17:51.921,362.96191000938416,30.0,205.9,39.0,0,6,BAKE,202.8,209.0,202.8,209.0
2025-08-29T21:17:52.158,363.1993510723114,30.0,205.5,39.0,0,6,BAKE,202.5,208.5,202.5,208.5
2025-08-29T21:17:52.394,363.43510699272156,30.0,205.5,39.0,0,6,BAKE,202.5,208.5,202.5,208.5
2025-08-29T21:17:52.632,363.6736559867859,30.0,205.4,38.9,0,6,BAKE,202.5,208.2,202.5,208.2
2025-08-29T21:17:52.927,363.96778106689453,30.0,205.5,39.0,0,6,BAKE,202.8,208.2,202.8,208.2
2025-08-29T21:17:53.162,364.2032129764557,30.0,205.4,39.0,0,6,BAKE,202.8,208.0,202.8,208.0
2025-08-29T21:17:53.457,364.49781703948975,30.0,205.1,39.0,0,6,BAKE,202.5,207.8,202.5,207.8
2025-08-29T21:17:53.626,364.66678190231323,30.0,205.1,39.1,0,6,BAKE,202.2,208.0,202.2,208.0
2025-08-29T21:17:53.921,364.96207094192505,30.0,205.0,39.0,0,6,BAKE,202.2,207.8,202.2,207.8
2025-08-29T21:17:54.157,365.19847202301025,30.0,204.9,39.1,0,6,BAKE,202.0,207.8,202.0,207.8
2025-08-29T21:17:54.393,365.4343800544739,30.0,204.9,39.0,0,6,BAKE,202.2,207.5,202.2,207.5
2025-08-29T21:17:54.689,365.7303490638733,30.0,204.5,39.0,0,6,BAKE,201.8,207.2,201.8,207.2
2025-08-29T21:17:54.924,365.96565198898315,30.0,204.8,39.1,0,6,BAKE,202.0,207.5,202.0,207.5
2025-08-29T21:17:55.163,366.20414996147156,30.0,204.5,39.1,0,6,BAKE,201.8,207.2,201.8,207.2
2025-08-29T21:17:55.428,366.46915006637573,30.0,204.2,39.0,0,6,BAKE,201.8,206.8,201.8,206.8
2025-08-29T21:17:55.682,366.7228229045868,30.0,204.2,39.1,0,6,BAKE,201.5,207.0,201.5,207.0
2025-08-29T21:17:55.948,366.98939990997314,30.0,204.0,39.0,0,6,BAKE,201.5,206.5,201.5,206.5
2025-08-29T21:17:56.205,367.24601888656616,30.0,204.0,39.1,0,6,BAKE,201.5,206.5,201.5,206.5
2025-08-29T21:17:56.396,367.437381029129,30.0,203.9,39.0,0,6,BAKE,201.5,206.2,201.5,206.2
2025-08-29T21:17:56.658,367.6993770599365,30.0,203.8,39.1,0,6,BAKE,201.2,206.2,201.2,206.2
2025-08-29T21:17:56.906,367.9474868774414,30.0,203.6,39.0,0,6,BAKE,201.2,206.0,201.2,206.0
2025-08-29T21:17:57.136,368.1772680282593,30.0,203.4,39.0,0,6,BAKE,201.0,205.8,201.0,205.8
2025-08-29T21:17:57.431,368.47183299064636,30.0,203.1,39.0,0,6,BAKE,201.0,205.2,201.0,205.2
2025-08-29T21:17:57.726,368.7673010826111,30.0,203.0,39.1,0,6,BAKE,200.8,205.2,200.8,205.2
2025-08-29T21:17:57.905,368.9459149837494,30.0,202.9,39.1,0,6,BAKE,200.5,205.2,200.5,205.2
2025-08-29T21:17:58.141,369.1826729774475,30.0,202.8,39.0,0,6,BAKE,200.5,205.0,200.5,205.0
2025-08-29T21:17:58.378,369.4189660549164,30.0,202.6,39.1,0,6,BAKE,200.2,205.0,200.2,205.0
2025-08-29T21:17:58.671,369.71230006217957,30.0,202.4,39.0,0,6,BAKE,200.2,204.5,200.2,204.5
2025-08-29T21:17:58.907,369.94871497154236,30.0,202.1,39.0,0,6,BAKE,200.0,204.2,200.0,204.2
2025-08-29T21:17:59.139,370.1807589530945,30.0,202.0,39.0,0,6,BAKE,199.8,204.2,199.8,204.2
2025-08-29T21:17:59.426,370.4670579433441,30.0,202.0,39.0,0,6,BAKE,199.8,204.2,199.8,204.2
2025-08-29T21:17:59.658,370.69879508018494,30.0,201.8,39.0,0,6,BAKE,199.8,203.8,199.8,203.8
2025-08-29T21:17:59.893,370.9342370033264,30.0,201.8,39.1,0,6,BAKE,199.5,204.0,199.5,204.0
2025-08-29T21:18:00.132,371.173131942749,30.0,201.4,39.0,0,6,BAKE,199.2,203.5,199.2,203.5
2025-08-29T21:18:00.419,371.45993304252625,30.0,201.4,39.1,0,6,BAKE,199.2,203.5,199.2,203.5
2025-08-29T21:18:00.656,371.697546005249,30.0,201.2,39.1,0,6,BAKE,199.0,203.5,199.0,203.5
2025-08-29T21:18:00.887,371.9281859397888,30.0,201.0,39.1,0,6,BAKE,198.8,203.2,198.8,203.2
2025-08-29T21:18:01.180,372.22120904922485,30.0,200.8,39.1,0,6,BAKE,198.5,203.0,198.5,203.0
2025-08-29T21:18:01.418,372.4589159488678,30.0,200.6,39.1,0,6,BAKE,198.5,202.8,198.5,202.8
2025-08-29T21:18:01.652,372.6930148601532,30.0,200.4,39.0,0,6,BAKE,198.2,202.5,198.2,202.5
2025-08-29T21:18:01.882,372.92297291755676,30.0,200.2,39.1,0,6,BAKE,198.0,202.5,198.0,202.5
2025-08-29T21:18:02.174,373.215224981308,30.0,200.1,39.1,0,6,BAKE,197.8,202.5,197.8,202.5
2025-08-29T21:18:02.412,373.4536249637604,30.0,200.0,39.2,0,6,BAKE,197.8,202.2,197.8,202.2
2025-08-29T21:18:02.647,373.6877999305725,30.0,199.8,39.1,0,6,BAKE,197.5,202.0,197.5,202.0
2025-08-29T21:18:02.881,373.9225299358368,30.0,199.4,39.1,0,6,BAKE,197.2,201.5,197.2,201.5
2025-08-29T21:18:03.171,374.2122919559479,30.0,199.2,39.1,0,6,BAKE,197.2,201.2,197.2,201.2
2025-08-29T21:18:03.408,374.4489018917084,30.0,199.0,39.1,0,6,BAKE,196.8,201.2,196.8,201.2
2025-08-29T21:18:03.641,374.68196988105774,30.0,198.9,39.1,0,6,BAKE,196.5,201.2,196.5,201.2
2025-08-29T21:18:03.932,374.9732060432434,30.0,198.6,39.1,0,6,BAKE,196.5,200.8,196.5,200.8
2025-08-29T21:18:04.172,375.2128689289093,30.0,198.6,39.2,0,6,BAKE,196.2,201.0,196.2,201.0
2025-08-29T21:18:04.401,375.44245290756226,30.0,198.4,39.1,0,6,BAKE,196.2,200.5,196.2,200.5
2025-08-29T21:18:04.698,375.7392830848694,30.0,198.4,39.2,0,6,BAKE,196.0,200.8,196.0,200.8
2025-08-29T21:18:04.871,375.9122140407562,30.0,198.0,39.1,0,6,BAKE,195.8,200.2,195.8,200.2
2025-08-29T21:18:05.161,376.20188188552856,30.0,197.9,39.0,0,6,BAKE,195.8,200.0,195.8,200.0
2025-08-29T21:18:05.395,376.4362828731537,30.0,197.6,39.2,0,6,BAKE,195.2,200.0,195.2,200.0
2025-08-29T21:18:05.629,376.6703748703003,30.0,197.4,39.0,0,6,BAKE,195.2,199.5,195.2,199.5
2025-08-29T21:18:05.920,376.9611039161682,30.0,197.4,39.1,0,6,BAKE,195.2,199.5,195.2,199.5
2025-08-29T21:18:06.158,377.1993339061737,30.0,197.1,39.2,0,6,BAKE,194.8,199.5,194.8,199.5
2025-08-29T21:18:06.393,377.4337830543518,30.0,197.1,39.1,0,6,BAKE,194.8,199.5,194.8,199.5
2025-08-29T21:18:06.689,377.7301969528198,30.0,196.9,39.1,0,6,BAKE,194.8,199.0,194.8,199.0
2025-08-29T21:18:06.928,377.9691560268402,30.0,196.8,39.1,0,6,BAKE,194.8,198.8,194.8,198.8
2025-08-29T21:18:07.166,378.2075629234314,30.0,196.6,39.2,0,6,BAKE,194.2,199.0,194.2,199.0
2025-08-29T21:18:07.457,378.4987530708313,30.0,196.4,39.2,0,6,BAKE,194.0,198.8,194.0,198.8
2025-08-29T21:18:07.632,378.67278695106506,30.0,196.1,39.1,0,6,BAKE,194.0,198.2,194.0,198.2
2025-08-29T21:18:07.925,378.9667499065399,30.0,196.1,39.1,0,6,BAKE,194.0,198.2,194.0,198.2
2025-08-29T21:18:08.164,379.20485401153564,30.0,196.1,39.2,0,6,BAKE,193.8,198.5,193.8,198.5
2025-08-29T21:18:08.396,379.4373240470886,30.0,195.9,39.2,0,6,BAKE,193.5,198.2,193.5,198.2
2025-08-29T21:18:08.696,379.73741602897644,30.0,195.8,39.1,0,6,BAKE,193.8,197.8,193.8,197.8
2025-08-29T21:18:08.869,379.910099029541,30.0,195.6,39.1,0,6,BAKE,193.5,197.8,193.5,197.8
2025-08-29T21:18:09.163,380.2037949562073,30.0,195.6,39.1,0,6,BAKE,193.5,197.8,193.5,197.8
2025-08-29T21:18:09.397,380.4380269050598,30.0,195.6,39.2,0,6,BAKE,193.5,197.8,193.5,197.8
2025-08-29T21:18:09.632,380.67355489730835,30.0,195.5,39.2,0,6,BAKE,193.2,197.8,193.2,197.8
2025-08-29T21:18:09.923,380.96409487724304,30.0,195.5,39.2,0,6,BAKE,193.2,197.8,193.2,197.8
2025-08-29T21:18:10.158,381.19919300079346,30.0,195.1,39.1,0,6,BAKE,193.0,197.2,193.0,197.2
2025-08-29T21:18:10.386,381.4276080131531,30.0,195.1,39.2,0,6,BAKE,193.0,197.2,193.0,197.2
2025-08-29T21:18:10.685,381.7264070510864,30.0,195.0,39.2,0,6,BAKE,192.8,197.2,192.8,197.2
2025-08-29T21:18:10.922,381.9636330604553,30.0,194.9,39.1,0,6,BAKE,192.8,197.0,192.8,197.0
2025-08-29T21:18:11.157,382.1987340450287,30.0,194.6,39.1,0,6,BAKE,192.8,196.5,192.8,196.5
2025-08-29T21:18:11.403,382.44414806365967,30.0,194.5,39.2,0,6,BAKE,192.5,196.5,192.5,196.5
2025-08-29T21:18:11.700,382.7412118911743,30.0,194.5,39.2,0,6,BAKE,192.5,196.5,192.5,196.5
2025-08-29T21:18:11.869,382.9104700088501,30.0,194.4,39.2,0,6,BAKE,192.2,196.5,192.2,196.5
2025-08-29T21:18:12.163,383.2046980857849,30.0,194.4,39.2,0,6,BAKE,192.2,196.5,192.2,196.5
2025-08-29T21:18:12.395,383.43649101257324,30.0,194.0,39.1,0,6,BAKE,192.0,196.0,192.0,196.0
2025-08-29T21:18:12.629,383.6704170703888,30.0,193.9,39.1,0,6,BAKE,192.0,195.8,192.0,195.8
2025-08-29T21:18:12.920,383.96144104003906,30.0,193.9,39.2,0,6,BAKE,191.8,196.0,191.8,196.0
2025-08-29T21:18:13.157,384.19869804382324,30.0,193.6,39.2,0,6,BAKE,191.5,195.8,191.5,195.8
2025-08-29T21:18:13.391,384.4317960739136,30.0,193.5,39.2,0,6,BAKE,191.5,195.5,191.5,195.5
2025-08-29T21:18:13.680,384.7212028503418,30.0,193.4,39.2,0,6,BAKE,191.2,195.5,191.2,195.5
2025-08-29T21:18:13.917,384.95812702178955,30.0,193.2,39.2,0,6,BAKE,191.2,195.2,191.2,195.2
2025-08-29T21:18:14.154,385.1953749656677,30.0,193.1,39.1,0,6,BAKE,191.2,195.0,191.2,195.0
2025-08-29T21:18:14.453,385.49429297447205,30.0,192.9,39.1,0,6,BAKE,191.0,194.8,191.0,194.8
2025-08-29T21:18:14.624,385.6652989387512,30.0,192.8,39.2,0,6,BAKE,190.8,194.8,190.8,194.8
2025-08-29T21:18:14.917,385.9585030078888,30.0,192.8,39.2,0,6,BAKE,190.8,194.8,190.8,194.8
2025-08-29T21:18:15.153,386.1944489479065,30.0,192.6,39.2,0,6,BAKE,190.5,194.8,190.5,194.8
2025-08-29T21:18:15.388,386.42949390411377,30.0,192.2,39.1,0,6,BAKE,190.5,194.0,190.5,194.0
2025-08-29T21:18:15.680,386.7212040424347,30.0,192.1,39.2,0,6,BAKE,190.2,194.0,190.2,194.0
2025-08-29T21:18:15.913,386.9547600746155,30.0,192.0,39.2,0,6,BAKE,190.0,194.0,190.0,194.0
2025-08-29T21:18:16.142,387.1834840774536,30.0,191.8,39.1,0,6,BAKE,189.8,193.8,189.8,193.8
2025-08-29T21:18:16.396,387.43725299835205,30.0,191.6,39.1,0,6,BAKE,189.8,193.5,189.8,193.5
2025-08-29T21:18:16.632,387.67284297943115,30.0,191.5,39.1,0,6,BAKE,189.8,193.2,189.8,193.2
2025-08-29T21:18:16.923,387.9639699459076,30.0,191.1,39.2,0,6,BAKE,189.2,193.0,189.2,193.0
2025-08-29T21:18:17.158,388.19971799850464,30.0,191.0,39.1,0,6,BAKE,189.2,192.8,189.2,192.8
2025-08-29T21:18:17.387,388.4283330440521,30.0,190.9,39.2,0,6,BAKE,189.0,192.8,189.0,192.8
2025-08-29T21:18:17.624,388.6654300689697,30.0,190.8,39.1,0,6,BAKE,189.0,192.5,189.0,192.5
2025-08-29T21:18:17.917,388.95813488960266,30.0,190.6,39.1,0,6,BAKE,188.8,192.5,188.8,192.5
2025-08-29T21:18:18.154,389.1950979232788,30.0,190.5,39.2,0,6,BAKE,188.5,192.5,188.5,192.5
2025-08-29T21:18:18.396,389.437726020813,30.0,190.4,39.1,0,6,BAKE,188.5,192.2,188.5,192.2
2025-08-29T21:18:18.688,389.729129076004,30.0,190.1,39.2,0,6,BAKE,188.2,192.0,188.2,192.0
2025-08-29T21:18:18.925,389.96658396720886,30.0,189.8,39.1,0,6,BAKE,188.0,191.5,188.0,191.5
2025-08-29T21:18:19.164,390.2056360244751,30.0,190.0,39.2,0,6,BAKE,188.0,192.0,188.0,192.0
2025-08-29T21:18:19.452,390.493047952652,30.0,189.5,39.1,0,6,BAKE,187.8,191.2,187.8,191.2
2025-08-29T21:18:19.677,390.71864199638367,30.0,189.5,39.2,0,6,BAKE,187.8,191.2,187.8,191.2
2025-08-29T21:18:19.908,390.949285030365,30.0,189.2,39.2,0,6,BAKE,187.5,191.0,187.5,191.0
2025-08-29T21:18:20.138,391.1795320510864,30.0,189.0,39.1,0,6,BAKE,187.2,190.8,187.2,190.8
2025-08-29T21:18:20.428,391.46924591064453,30.0,188.9,39.1,0,6,BAKE,187.0,190.8,187.0,190.8
2025-08-29T21:18:20.663,391.70450496673584,30.0,188.8,39.1,0,6,BAKE,187.0,190.5,187.0,190.5
2025-08-29T21:18:20.894,391.93535685539246,30.0,188.5,39.2,0,6,BAKE,186.8,190.2,186.8,190.2
2025-08-29T21:18:21.129,392.17075204849243,30.0,188.4,39.2,0,6,BAKE,186.5,190.2,186.5,190.2
2025-08-29T21:18:21.422,392.4631259441376,30.0,188.2,39.2,0,6,BAKE,186.5,190.0,186.5,190.0
2025-08-29T21:18:21.657,392.6987130641937,30.0,188.0,39.2,0,6,BAKE,186.2,189.8,186.2,189.8
2025-08-29T21:18:21.890,392.9308099746704,30.0,188.0,39.2,0,6,BAKE,186.2,189.8,186.2,189.8
2025-08-29T21:18:22.190,393.2308020591736,30.0,187.8,39.1,0,6,BAKE,186.0,189.5,186.0,189.5
2025-08-29T21:18:22.419,393.46012687683105,30.0,187.6,39.1,0,6,BAKE,186.0,189.2,186.0,189.2
2025-08-29T21:18:22.655,393.69658398628235,30.0,187.5,39.2,0,6,BAKE,185.8,189.2,185.8,189.2
2025-08-29T21:18:22.883,393.92402505874634,30.0,187.4,39.2,0,6,BAKE,185.8,189.0,185.8,189.0
2025-08-29T21:18:23.175,394.21608805656433,30.0,187.4,39.2,0,6,BAKE,185.5,189.2,185.5,189.2
2025-08-29T21:18:23.409,394.4506368637085,30.0,187.2,39.2,0,6,BAKE,185.2,189.2,185.2,189.2
2025-08-29T21:18:23.645,394.68586802482605,30.0,187.2,39.3,0,6,BAKE,185.2,189.2,185.2,189.2
2025-08-29T21:18:23.877,394.9185788631439,30.0,186.9,39.2,0,6,BAKE,185.0,188.8,185.0,188.8
2025-08-29T21:18:24.169,395.21058893203735,30.0,186.9,39.3,0,6,BAKE,184.8,189.0,184.8,189.0
2025-08-29T21:18:24.415,395.45594596862793,30.0,186.6,39.2,0,6,BAKE,184.8,188.5,184.8,188.5
2025-08-29T21:18:24.653,395.69400000572205,30.0,186.8,39.2,0,6,BAKE,184.8,188.8,184.8,188.8
2025-08-29T21:18:24.889,395.93014001846313,30.0,186.4,39.2,0,6,BAKE,184.5,188.2,184.5,188.2
2025-08-29T21:18:25.180,396.221088886261,30.0,186.4,39.2,0,6,BAKE,184.5,188.2,184.5,188.2
2025-08-29T21:18:25.417,396.458123922348,30.0,186.2,39.3,0,6,BAKE,184.2,188.2,184.2,188.2
2025-08-29T21:18:25.715,396.7557990550995,30.0,186.0,39.2,0,6,BAKE,184.0,188.0,184.0,188.0
2025-08-29T21:18:25.884,396.9254069328308,30.0,186.0,39.2,0,6,BAKE,184.0,188.0,184.0,188.0
2025-08-29T21:18:26.123,397.1639940738678,30.0,185.9,39.2,0,6,BAKE,184.2,187.5,184.2,187.5
2025-08-29T21:18:26.424,397.4652328491211,30.0,185.8,39.2,0,6,BAKE,184.0,187.5,184.0,187.5
2025-08-29T21:18:26.659,397.70067596435547,30.0,185.8,39.2,0,6,BAKE,184.0,187.5,184.0,187.5
2025-08-29T21:18:26.892,397.9331259727478,30.0,185.5,39.2,0,6,BAKE,183.8,187.2,183.8,187.2
2025-08-29T21:18:27.122,398.16310000419617,30.0,185.4,39.3,0,6,BAKE,183.5,187.2,183.5,187.2
2025-08-29T21:18:27.414,398.4552059173584,30.0,185.2,39.2,0,6,BAKE,183.2,187.2,183.2,187.2
2025-08-29T21:18:27.651,398.6918020248413,30.0,185.2,39.3,0,6,BAKE,183.2,187.2,183.2,187.2
2025-08-29T21:18:27.882,398.9233899116516,30.0,185.0,39.2,0,6,BAKE,183.5,186.5,183.5,186.5
2025-08-29T21:18:28.173,399.2147719860077,30.0,184.9,39.2,0,6,BAKE,183.5,186.2,183.5,186.2
2025-08-29T21:18:28.404,399.444864988327,30.0,184.6,39.2,0,6,BAKE,183.0,186.2,183.0,186.2
2025-08-29T21:18:28.634,399.6750829219818,30.0,184.8,39.3,0,6,BAKE,183.0,186.5,183.0,186.5
2025-08-29T21:18:28.922,399.96356201171875,30.0,184.6,39.3,0,6,BAKE,183.0,186.2,183.0,186.2
2025-08-29T21:18:29.160,400.2009439468384,30.0,184.4,39.2,0,6,BAKE,183.0,185.8,183.0,185.8
2025-08-29T21:18:29.395,400.4365499019623,30.0,184.5,39.2,0,6,BAKE,183.0,186.0,183.0,186.0
2025-08-29T21:18:29.694,400.73560786247253,30.0,184.2,39.2,0,6,BAKE,182.5,186.0,182.5,186.0
2025-08-29T21:18:29.867,400.907840013504,30.0,184.1,39.3,0,6,BAKE,182.8,185.5,182.8,185.5
2025-08-29T21:18:30.160,401.20171785354614,30.0,184.0,39.2,0,6,BAKE,182.5,185.5,182.5,185.5
2025-08-29T21:18:30.395,401.436115026474,30.0,183.9,39.2,0,6,BAKE,182.5,185.2,182.5,185.2
2025-08-29T21:18:30.630,401.67089796066284,30.0,183.8,39.3,0,6,BAKE,182.2,185.2,182.2,185.2
2025-08-29T21:18:30.920,401.96108198165894,30.0,183.8,39.3,0,6,BAKE,182.2,185.2,182.2,185.2
2025-08-29T21:18:31.154,402.19558596611023,30.0,183.4,39.2,0,6,BAKE,182.2,184.5,182.2,184.5
2025-08-29T21:18:31.383,402.4239249229431,30.0,183.2,39.3,0,6,BAKE,182.0,184.5,182.0,184.5
2025-08-29T21:18:31.681,402.72225403785706,30.0,183.2,39.2,0,6,BAKE,182.2,184.2,182.2,184.2
2025-08-29T21:18:31.917,402.9578149318695,30.0,183.1,39.3,0,6,BAKE,181.8,184.5,181.8,184.5
2025-08-29T21:18:32.154,403.19482588768005,30.0,183.0,39.2,0,6,BAKE,182.0,184.0,182.0,184.0
2025-08-29T21:18:32.389,403.4298720359802,30.0,182.9,39.2,0,6,BAKE,182.0,183.8,182.0,183.8
2025-08-29T21:18:32.677,403.71847796440125,30.0,182.9,39.3,0,6,BAKE,181.8,184.0,181.8,184.0
2025-08-29T21:18:32.916,403.9572820663452,30.0,182.5,39.2,0,6,BAKE,181.8,183.2,181.8,183.2
2025-08-29T21:18:33.153,404.19460892677307,30.0,182.5,39.2,0,6,BAKE,181.5,183.5,181.5,183.5
2025-08-29T21:18:33.388,404.42931294441223,30.0,182.4,39.3,0,6,BAKE,181.2,183.5,181.2,183.5
2025-08-29T21:18:33.674,404.71521186828613,30.0,182.2,39.3,0,6,BAKE,181.2,183.2,181.2,183.2
2025-08-29T21:18:33.907,404.9479720592499,30.0,181.9,39.2,0,6,BAKE,180.8,183.0,180.8,183.0
2025-08-29T21:18:34.142,405.1830949783325,30.0,181.8,39.2,0,6,BAKE,181.0,182.5,181.0,182.5
2025-08-29T21:18:34.377,405.4184339046478,30.0,181.8,39.2,0,6,BAKE,180.8,182.8,180.8,182.8
2025-08-29T21:18:34.671,405.71269392967224,30.0,181.6,39.3,0,6,BAKE,180.8,182.5,180.8,182.5
2025-08-29T21:18:34.905,405.9462809562683,30.0,181.6,39.3,0,6,BAKE,180.5,182.8,180.5,182.8
2025-08-29T21:18:35.142,406.18296098709106,30.0,181.4,39.2,0,6,BAKE,180.5,182.2,180.5,182.2
2025-08-29T21:18:35.436,406.47715401649475,30.0,181.2,39.3,0,6,BAKE,180.0,182.5,180.0,182.5
2025-08-29T21:18:35.673,406.71411299705505,30.0,181.1,39.3,0,6,BAKE,180.2,182.0,180.2,182.0
2025-08-29T21:18:35.911,406.9524939060211,30.0,181.1,39.2,0,6,BAKE,180.2,182.0,180.2,182.0
2025-08-29T21:18:36.146,407.18713092803955,30.0,181.0,39.3,0,6,BAKE,180.0,182.0,180.0,182.0
2025-08-29T21:18:36.382,407.4235370159149,30.0,180.9,39.3,0,6,BAKE,180.0,181.8,180.0,181.8
2025-08-29T21:18:36.669,407.71073293685913,30.0,180.8,39.4,0,6,BAKE,179.8,181.8,179.8,181.8
2025-08-29T21:18:36.907,407.9483790397644,30.0,180.6,39.3,0,6,BAKE,179.8,181.5,179.8,181.5
2025-08-29T21:18:37.144,408.1855878829956,30.0,180.4,39.2,0,6,BAKE,179.5,181.2,179.5,181.2
2025-08-29T21:18:37.379,408.4199788570404,30.0,180.2,39.4,0,6,BAKE,179.2,181.2,179.2,181.2
2025-08-29T21:18:37.675,408.7160110473633,30.0,180.2,39.4,0,6,BAKE,179.2,181.2,179.2,181.2
2025-08-29T21:18:37.912,408.9535160064697,30.0,180.2,39.4,0,6,BAKE,179.2,181.2,179.2,181.2
2025-08-29T21:18:38.213,409.2542119026184,30.0,179.9,39.3,0,6,BAKE,179.0,180.8,179.0,180.8
2025-08-29T21:18:38.385,409.42582607269287,30.0,179.9,39.3,0,6,BAKE,179.0,180.8,179.0,180.8
2025-08-29T21:18:38.680,409.72115206718445,30.0,179.6,39.3,0,6,BAKE,178.8,180.5,178.8,180.5
2025-08-29T21:18:38.690,409.7313690185547,30.0,179.8,39.4,0,6,BAKE,178.8,180.8,178.8,180.8
