timestamp_iso,t_sec,set_c,actual_c,coldj_c,heat,fan,mode,temp0_c,temp1_c,temp2_c,temp3_c
2025-08-29T20:50:44.960,863.9984169006348,170.0,160.8,28.3,186,6,BAKE-PREHEAT,155.8,165.8,155.8,165.8
2025-08-29T20:50:45.189,864.2271659374237,170.0,161.2,28.4,116,6,BAKE-PREHEAT,156.0,166.5,156.0,166.5
2025-08-29T20:50:45.478,864.5164198875427,170.0,161.2,28.4,196,6,BAKE-PREHEAT,156.2,166.2,156.2,166.2
2025-08-29T20:50:45.714,864.7520370483398,170.0,161.5,28.4,151,6,BAKE-PREHEAT,156.5,166.5,156.5,166.5
2025-08-29T20:50:45.949,864.9872200489044,170.0,161.9,28.5,124,6,BAKE-PREHEAT,157.0,166.8,157.0,166.8
2025-08-29T20:50:46.238,865.2757940292358,170.0,161.9,28.3,184,6,BAKE-PREHEAT,157.0,166.8,157.0,166.8
2025-08-29T20:50:46.474,865.5116820335388,170.0,162.4,28.5,95,6,BAKE-PREHEAT,157.8,167.0,157.8,167.0
2025-08-29T20:50:46.705,865.7428939342499,170.0,162.4,28.4,175,6,BAKE-PREHEAT,157.5,167.2,157.5,167.2
2025-08-29T20:50:46.998,866.0364260673523,170.0,162.6,28.5,130,6,BAKE-PREHEAT,157.8,167.5,157.8,167.5
2025-08-29T20:50:47.232,866.270124912262,170.0,162.8,28.4,148,6,BAKE-PREHEAT,158.0,167.5,158.0,167.5
2025-08-29T20:50:47.469,866.5067598819733,170.0,162.9,28.5,145,6,BAKE-PREHEAT,158.2,167.5,158.2,167.5
2025-08-29T20:50:47.766,866.8038589954376,170.0,163.0,28.3,143,6,BAKE-PREHEAT,158.2,167.8,158.2,167.8
2025-08-29T20:50:48.000,867.0384850502014,170.0,163.5,28.4,74,6,BAKE-PREHEAT,158.8,168.2,158.8,168.2
2025-08-29T20:50:48.239,867.2773170471191,170.0,163.5,28.3,154,6,BAKE-PREHEAT,158.8,168.2,158.8,168.2
2025-08-29T20:50:48.478,867.5157279968262,170.0,163.8,28.4,109,6,BAKE-PREHEAT,159.0,168.5,159.0,168.5
2025-08-29T20:50:48.714,867.751697063446,170.0,164.1,28.5,82,6,BAKE-PREHEAT,159.5,168.8,159.5,168.8
2025-08-29T20:50:48.947,867.9852640628815,170.0,164.2,28.4,119,6,BAKE-PREHEAT,159.5,169.0,159.5,169.0
2025-08-29T20:50:49.235,868.273295879364,170.0,164.5,28.4,95,6,BAKE-PREHEAT,159.8,169.2,159.8,169.2
2025-08-29T20:50:49.469,868.5067150592804,170.0,164.5,28.4,135,6,BAKE-PREHEAT,159.8,169.2,159.8,169.2
2025-08-29T20:50:49.706,868.7438859939575,170.0,164.9,28.5,68,6,BAKE-PREHEAT,160.0,169.8,160.0,169.8
2025-08-29T20:50:50.000,869.0377550125122,170.0,165.0,28.5,105,6,BAKE-PREHEAT,160.2,169.8,160.2,169.8
2025-08-29T20:50:50.234,869.2725050449371,170.0,165.0,28.5,125,6,BAKE-PREHEAT,160.2,169.8,160.2,169.8
2025-08-29T20:50:50.469,869.5069460868835,170.0,165.5,28.6,36,6,BAKE-PREHEAT,160.8,170.2,160.8,170.2
2025-08-29T20:50:50.769,869.8066010475159,170.0,165.2,28.4,161,6,BAKE-PREHEAT,160.5,170.0,160.5,170.0
2025-08-29T20:50:50.948,869.9864680767059,170.0,165.8,28.5,31,6,BAKE-PREHEAT,161.0,170.5,161.0,170.5
2025-08-29T20:50:51.242,870.2796649932861,170.0,165.8,28.4,111,6,BAKE-PREHEAT,161.0,170.5,161.0,170.5
2025-08-29T20:50:51.481,870.5185749530792,170.0,165.9,28.5,89,6,BAKE-PREHEAT,161.2,170.5,161.2,170.5
2025-08-29T20:50:51.717,870.755243062973,170.0,166.0,28.4,86,6,BAKE-PREHEAT,161.2,170.8,161.2,170.8
2025-08-29T20:50:52.013,871.0505828857422,170.0,166.0,28.4,106,6,BAKE-PREHEAT,161.2,170.8,161.2,170.8
2025-08-29T20:50:52.188,871.2265019416809,170.0,166.4,28.5,39,6,BAKE-PREHEAT,161.5,171.2,161.5,171.2
2025-08-29T20:50:52.478,871.5156569480896,170.0,166.4,28.4,99,6,BAKE-PREHEAT,161.5,171.2,161.5,171.2
2025-08-29T20:50:52.713,871.750617980957,170.0,166.5,28.5,77,6,BAKE-PREHEAT,161.8,171.2,161.8,171.2
2025-08-29T20:50:52.945,871.9835319519043,170.0,166.6,28.4,75,6,BAKE-PREHEAT,161.8,171.5,161.8,171.5
2025-08-29T20:50:53.240,872.2776470184326,170.0,166.9,28.6,50,6,BAKE-PREHEAT,162.0,171.8,162.0,171.8
2025-08-29T20:50:53.474,872.512531042099,170.0,166.9,28.5,90,6,BAKE-PREHEAT,162.0,171.8,162.0,171.8
2025-08-29T20:50:53.710,872.7483510971069,170.0,166.9,28.4,90,6,BAKE-PREHEAT,162.2,171.5,162.2,171.5
2025-08-29T20:50:53.944,872.9825189113617,170.0,167.2,28.6,0,6,BAKE-PREHEAT,162.5,172.0,162.5,172.0
2025-08-29T20:50:54.236,873.2744960784912,170.0,167.1,28.5,0,6,BAKE-PREHEAT,162.5,171.8,162.5,171.8
2025-08-29T20:50:54.474,873.5122220516205,170.0,167.4,28.4,0,6,BAKE-PREHEAT,162.8,172.0,162.8,172.0
2025-08-29T20:50:54.710,873.7477788925171,170.0,167.2,28.5,0,6,BAKE-PREHEAT,162.8,171.8,162.8,171.8
2025-08-29T20:50:55.000,874.0382459163666,170.0,167.5,28.5,0,6,BAKE-PREHEAT,163.0,172.0,163.0,172.0
2025-08-29T20:50:55.239,874.2771360874176,170.0,167.6,28.6,0,6,BAKE-PREHEAT,163.0,172.2,163.0,172.2
2025-08-29T20:50:55.478,874.5157239437103,170.0,167.4,28.4,0,6,BAKE-PREHEAT,162.8,172.0,162.8,172.0
2025-08-29T20:50:55.712,874.7504940032959,170.0,167.6,28.5,0,6,BAKE-PREHEAT,162.8,172.5,162.8,172.5
2025-08-29T20:50:55.947,874.9847810268402,170.0,167.5,28.6,0,6,BAKE-PREHEAT,162.8,172.2,162.8,172.2
2025-08-29T20:50:56.232,875.2704930305481,170.0,167.5,28.5,0,6,BAKE-PREHEAT,162.8,172.2,162.8,172.2
2025-08-29T20:50:56.469,875.5073130130768,170.0,167.5,28.5,0,6,BAKE-PREHEAT,163.0,172.0,163.0,172.0
2025-08-29T20:50:56.706,875.743891954422,170.0,167.6,28.6,0,6,BAKE-PREHEAT,163.0,172.2,163.0,172.2
2025-08-29T20:50:56.940,875.9783310890198,170.0,167.6,28.6,0,6,BAKE-PREHEAT,163.0,172.2,163.0,172.2
2025-08-29T20:50:57.234,876.2722470760345,170.0,167.6,28.6,0,6,BAKE-PREHEAT,163.0,172.2,163.0,172.2
2025-08-29T20:50:57.472,876.5100119113922,170.0,167.6,28.6,0,6,BAKE-PREHEAT,163.0,172.2,163.0,172.2
2025-08-29T20:50:57.772,876.8103370666504,170.0,167.6,28.6,0,6,BAKE-PREHEAT,163.0,172.2,163.0,172.2
2025-08-29T20:50:57.947,876.9853398799896,170.0,167.8,28.6,0,6,BAKE-PREHEAT,163.2,172.2,163.2,172.2
2025-08-29T20:50:58.245,877.282900094986,170.0,167.6,28.6,0,6,BAKE-PREHEAT,163.2,172.0,163.2,172.0
2025-08-29T20:50:58.484,877.5218908786774,170.0,167.6,28.5,0,6,BAKE-PREHEAT,163.0,172.2,163.0,172.2
2025-08-29T20:50:58.722,877.7598869800568,170.0,167.5,28.6,0,6,BAKE-PREHEAT,163.0,172.0,163.0,172.0
2025-08-29T20:50:59.019,878.056911945343,170.0,167.5,28.5,0,6,BAKE-PREHEAT,163.0,172.0,163.0,172.0
2025-08-29T20:50:59.189,878.2269880771637,170.0,167.6,28.6,0,6,BAKE-PREHEAT,163.0,172.2,163.0,172.2
2025-08-29T20:50:59.478,878.5164849758148,170.0,167.8,28.6,0,6,BAKE-PREHEAT,163.2,172.2,163.2,172.2
2025-08-29T20:50:59.715,878.752937078476,170.0,167.5,28.5,0,6,BAKE-PREHEAT,163.0,172.0,163.0,172.0
2025-08-29T20:50:59.947,878.9847919940948,170.0,167.5,28.6,0,6,BAKE-PREHEAT,163.0,172.0,163.0,172.0
2025-08-29T20:51:00.241,879.2786509990692,170.0,167.8,28.7,0,6,BAKE-PREHEAT,163.0,172.5,163.0,172.5
2025-08-29T20:51:00.477,879.515233039856,170.0,167.6,28.6,0,6,BAKE-PREHEAT,163.0,172.2,163.0,172.2
2025-08-29T20:51:00.706,879.7435660362244,170.0,167.4,28.5,0,6,BAKE-PREHEAT,162.8,172.0,162.8,172.0
2025-08-29T20:51:00.940,879.9780430793762,170.0,167.5,28.7,0,6,BAKE-PREHEAT,163.0,172.0,163.0,172.0
2025-08-29T20:51:01.233,880.2714378833771,170.0,167.2,28.5,0,6,BAKE-PREHEAT,162.5,172.0,162.5,172.0
2025-08-29T20:51:01.472,880.5104370117188,170.0,167.4,28.5,0,6,BAKE-PREHEAT,162.8,172.0,162.8,172.0
2025-08-29T20:51:01.707,880.7452800273895,170.0,167.2,28.5,0,6,BAKE-PREHEAT,162.8,171.8,162.8,171.8
2025-08-29T20:51:01.993,881.0312490463257,170.0,167.1,28.5,0,6,BAKE-PREHEAT,162.5,171.8,162.5,171.8
2025-08-29T20:51:02.226,881.26424908638,170.0,167.1,28.5,0,6,BAKE-PREHEAT,162.5,171.8,162.5,171.8
2025-08-29T20:51:02.461,881.4995279312134,170.0,167.1,28.6,0,6,BAKE-PREHEAT,162.8,171.5,162.8,171.5
2025-08-29T20:51:02.698,881.7355849742889,170.0,167.0,28.6,0,6,BAKE-PREHEAT,162.5,171.5,162.5,171.5
2025-08-29T20:51:02.988,882.0256819725037,170.0,166.9,28.6,59,6,BAKE-PREHEAT,162.5,171.2,162.5,171.2
2025-08-29T20:51:03.227,882.2653620243073,170.0,166.9,28.7,59,6,BAKE-PREHEAT,162.5,171.2,162.5,171.2
2025-08-29T20:51:03.457,882.495255947113,170.0,166.8,28.5,81,6,BAKE-PREHEAT,162.5,171.0,162.5,171.0
2025-08-29T20:51:03.690,882.72771692276,170.0,166.9,28.7,39,6,BAKE-PREHEAT,162.5,171.2,162.5,171.2
2025-08-29T20:51:03.982,883.0196340084076,170.0,166.9,28.7,59,6,BAKE-PREHEAT,162.8,171.0,162.8,171.0
2025-08-29T20:51:04.216,883.253928899765,170.0,166.5,28.6,126,6,BAKE-PREHEAT,162.2,170.8,162.2,170.8
2025-08-29T20:51:04.453,883.4910950660706,170.0,166.5,28.6,66,6,BAKE-PREHEAT,162.2,170.8,162.2,170.8
2025-08-29T20:51:04.746,883.7844579219818,170.0,166.4,28.6,88,6,BAKE-PREHEAT,162.2,170.5,162.2,170.5
2025-08-29T20:51:04.986,884.0238370895386,170.0,166.4,28.7,68,6,BAKE-PREHEAT,162.2,170.5,162.2,170.5
2025-08-29T20:51:05.218,884.2563879489899,170.0,166.2,28.7,91,6,BAKE-PREHEAT,162.0,170.5,162.0,170.5
2025-08-29T20:51:05.453,884.4912009239197,170.0,166.1,28.7,93,6,BAKE-PREHEAT,162.0,170.2,162.0,170.2
2025-08-29T20:51:05.748,884.7859649658203,170.0,165.9,28.5,118,6,BAKE-PREHEAT,161.8,170.0,161.8,170.0
2025-08-29T20:51:05.979,885.0169200897217,170.0,165.9,28.7,78,6,BAKE-PREHEAT,161.8,170.0,161.8,170.0
2025-08-29T20:51:06.214,885.251720905304,170.0,165.9,28.7,78,6,BAKE-PREHEAT,161.8,170.0,161.8,170.0
2025-08-29T20:51:06.450,885.4882049560547,170.0,165.8,28.7,100,6,BAKE-PREHEAT,161.5,170.0,161.5,170.0
2025-08-29T20:51:06.745,885.7830049991608,170.0,165.8,28.7,80,6,BAKE-PREHEAT,161.8,169.8,161.8,169.8
2025-08-29T20:51:06.979,886.0171570777893,170.0,165.6,28.6,103,6,BAKE-PREHEAT,161.5,169.8,161.5,169.8
2025-08-29T20:51:07.211,886.2486588954926,170.0,165.4,28.5,128,6,BAKE-PREHEAT,161.2,169.5,161.2,169.5
2025-08-29T20:51:07.505,886.5430278778076,170.0,165.5,28.7,65,6,BAKE-PREHEAT,161.5,169.5,161.5,169.5
2025-08-29T20:51:07.679,886.7175340652466,170.0,165.4,28.8,108,6,BAKE-PREHEAT,161.2,169.5,161.2,169.5
2025-08-29T20:51:07.972,887.0103080272675,170.0,165.4,28.7,88,6,BAKE-PREHEAT,161.2,169.5,161.2,169.5
2025-08-29T20:51:08.207,887.2453730106354,170.0,165.1,28.6,132,6,BAKE-PREHEAT,161.0,169.2,161.0,169.2
2025-08-29T20:51:08.439,887.4768750667572,170.0,165.2,28.7,70,6,BAKE-PREHEAT,161.2,169.2,161.2,169.2
2025-08-29T20:51:08.730,887.7676429748535,170.0,165.0,28.6,135,6,BAKE-PREHEAT,161.0,169.0,161.0,169.0
2025-08-29T20:51:08.965,888.003338098526,170.0,165.0,28.6,95,6,BAKE-PREHEAT,161.0,169.0,161.0,169.0
2025-08-29T20:51:09.194,888.2317180633545,170.0,165.1,28.7,72,6,BAKE-PREHEAT,161.0,169.2,161.0,169.2
2025-08-29T20:51:09.488,888.525573015213,170.0,164.9,28.7,137,6,BAKE-PREHEAT,160.8,169.0,160.8,169.0
2025-08-29T20:51:09.727,888.7645840644836,170.0,164.8,28.7,120,6,BAKE-PREHEAT,160.8,168.8,160.8,168.8
2025-08-29T20:51:09.961,888.9992640018463,170.0,164.8,28.8,100,6,BAKE-PREHEAT,160.8,168.8,160.8,168.8
2025-08-29T20:51:10.252,889.2899849414825,170.0,164.6,28.8,122,6,BAKE-PREHEAT,160.8,168.5,160.8,168.5
2025-08-29T20:51:10.491,889.528913974762,170.0,164.4,28.6,147,6,BAKE-PREHEAT,160.5,168.2,160.5,168.2
2025-08-29T20:51:10.730,889.7685079574585,170.0,164.5,28.7,84,6,BAKE-PREHEAT,160.5,168.5,160.5,168.5
2025-08-29T20:51:10.963,890.0008409023285,170.0,164.5,28.7,104,6,BAKE-PREHEAT,160.5,168.5,160.5,168.5
2025-08-29T20:51:11.198,890.2362310886383,170.0,164.5,28.8,104,6,BAKE-PREHEAT,160.5,168.5,160.5,168.5
2025-08-29T20:51:11.492,890.5300838947296,170.0,164.1,28.6,172,6,BAKE-PREHEAT,160.2,168.0,160.2,168.0
2025-08-29T20:51:11.728,890.7661039829254,170.0,164.4,28.8,67,6,BAKE-PREHEAT,160.5,168.2,160.5,168.2
2025-08-29T20:51:11.957,890.9953310489655,170.0,164.2,28.7,129,6,BAKE-PREHEAT,160.2,168.2,160.2,168.2
2025-08-29T20:51:12.192,891.2296040058136,170.0,164.2,28.7,109,6,BAKE-PREHEAT,160.2,168.2,160.2,168.2
2025-08-29T20:51:12.485,891.5234270095825,170.0,164.2,28.8,109,6,BAKE-PREHEAT,160.2,168.2,160.2,168.2
2025-08-29T20:51:12.724,891.7619910240173,170.0,163.9,28.6,176,6,BAKE-PREHEAT,160.0,167.8,160.0,167.8
2025-08-29T20:51:12.958,891.9961500167847,170.0,163.9,28.7,116,6,BAKE-PREHEAT,160.0,167.8,160.0,167.8
2025-08-29T20:51:13.186,892.2245090007782,170.0,163.8,28.7,139,6,BAKE-PREHEAT,160.0,167.5,160.0,167.5
2025-08-29T20:51:13.475,892.5135340690613,170.0,163.9,28.8,96,6,BAKE-PREHEAT,160.0,167.8,160.0,167.8
2025-08-29T20:51:13.711,892.7492980957031,170.0,163.8,28.6,139,6,BAKE-PREHEAT,159.8,167.8,159.8,167.8
2025-08-29T20:51:13.945,892.9827280044556,170.0,163.8,28.7,119,6,BAKE-PREHEAT,159.8,167.8,159.8,167.8
2025-08-29T20:51:14.239,893.277281999588,170.0,163.8,28.6,119,6,BAKE-PREHEAT,159.8,167.8,159.8,167.8
2025-08-29T20:51:14.473,893.5109610557556,170.0,163.8,28.8,119,6,BAKE-PREHEAT,159.8,167.8,159.8,167.8
2025-08-29T20:51:14.701,893.7394509315491,170.0,163.9,28.8,97,6,BAKE-PREHEAT,160.0,167.8,160.0,167.8
2025-08-29T20:51:14.939,893.9765648841858,170.0,163.5,28.6,184,6,BAKE-PREHEAT,159.5,167.5,159.5,167.5
2025-08-29T20:51:15.232,894.2704329490662,170.0,163.5,28.6,124,6,BAKE-PREHEAT,159.5,167.5,159.5,167.5
2025-08-29T20:51:15.469,894.507257938385,170.0,163.6,28.7,101,6,BAKE-PREHEAT,159.8,167.5,159.8,167.5
2025-08-29T20:51:15.704,894.7423288822174,170.0,163.6,28.8,121,6,BAKE-PREHEAT,159.8,167.5,159.8,167.5
2025-08-29T20:51:15.995,895.0332489013672,170.0,163.5,28.7,144,6,BAKE-PREHEAT,159.5,167.5,159.5,167.5
2025-08-29T20:51:16.232,895.2700810432434,170.0,163.5,28.7,124,6,BAKE-PREHEAT,159.5,167.5,159.5,167.5
2025-08-29T20:51:16.463,895.5011780261993,170.0,163.2,28.7,169,6,BAKE-PREHEAT,159.2,167.2,159.2,167.2
2025-08-29T20:51:16.700,895.7380750179291,170.0,163.4,28.6,106,6,BAKE-PREHEAT,159.5,167.2,159.5,167.2
2025-08-29T20:51:16.994,896.031769990921,170.0,163.4,28.7,126,6,BAKE-PREHEAT,159.5,167.2,159.5,167.2
2025-08-29T20:51:17.229,896.2667019367218,170.0,163.5,28.8,104,6,BAKE-PREHEAT,159.8,167.2,159.8,167.2
2025-08-29T20:51:17.462,896.4999089241028,170.0,163.1,28.7,191,6,BAKE-PREHEAT,159.2,167.0,159.2,167.0
2025-08-29T20:51:17.698,896.7365369796753,170.0,163.2,28.7,109,6,BAKE-PREHEAT,159.5,167.0,159.5,167.0
2025-08-29T20:51:17.989,897.0266840457916,170.0,163.2,28.7,129,6,BAKE-PREHEAT,159.5,167.0,159.5,167.0
2025-08-29T20:51:18.223,897.2614889144897,170.0,163.4,28.8,106,6,BAKE-PREHEAT,159.8,167.0,159.8,167.0
2025-08-29T20:51:18.459,897.4971060752869,170.0,163.1,28.7,171,6,BAKE-PREHEAT,159.2,167.0,159.2,167.0
2025-08-29T20:51:18.756,897.7936549186707,170.0,163.2,28.7,109,6,BAKE-PREHEAT,159.2,167.2,159.2,167.2
2025-08-29T20:51:18.990,898.0284578800201,170.0,163.1,28.7,151,6,BAKE-PREHEAT,159.2,167.0,159.2,167.0
2025-08-29T20:51:19.226,898.2641820907593,170.0,163.2,28.7,109,6,BAKE-PREHEAT,159.2,167.2,159.2,167.2
2025-08-29T20:51:19.462,898.4996008872986,170.0,163.2,28.7,129,6,BAKE-PREHEAT,159.5,167.0,159.5,167.0
2025-08-29T20:51:19.698,898.7361369132996,170.0,163.2,28.8,129,6,BAKE-PREHEAT,159.5,167.0,159.5,167.0
2025-08-29T20:51:19.988,899.0263619422913,170.0,163.4,28.8,106,6,BAKE-PREHEAT,159.8,167.0,159.8,167.0
2025-08-29T20:51:20.221,899.2588911056519,170.0,163.2,28.7,149,6,BAKE-PREHEAT,159.5,167.0,159.5,167.0
2025-08-29T20:51:20.451,899.4892098903656,170.0,163.4,28.8,107,6,BAKE-PREHEAT,159.8,167.0,159.8,167.0
2025-08-29T20:51:20.743,899.7811620235443,170.0,163.4,28.7,127,6,BAKE-PREHEAT,159.5,167.2,159.5,167.2
2025-08-29T20:51:20.975,900.0132989883423,170.0,163.4,28.8,127,6,BAKE-PREHEAT,159.8,167.0,159.8,167.0
2025-08-29T20:51:21.210,900.2480669021606,170.0,163.4,28.7,127,6,BAKE-PREHEAT,159.8,167.0,159.8,167.0
2025-08-29T20:51:21.509,900.546835899353,170.0,163.5,28.8,104,6,BAKE-PREHEAT,160.0,167.0,160.0,167.0
2025-08-29T20:51:21.685,900.7232720851898,170.0,163.5,28.8,124,6,BAKE-PREHEAT,160.0,167.0,160.0,167.0
2025-08-29T20:51:21.972,901.0102910995483,170.0,163.4,28.7,147,6,BAKE-PREHEAT,159.8,167.0,159.8,167.0
2025-08-29T20:51:22.207,901.2455320358276,170.0,163.4,28.7,127,6,BAKE-PREHEAT,159.8,167.0,159.8,167.0
2025-08-29T20:51:22.442,901.4803810119629,170.0,163.5,28.8,104,6,BAKE-PREHEAT,160.0,167.0,160.0,167.0
2025-08-29T20:51:22.736,901.7739400863647,170.0,163.5,28.8,124,6,BAKE-PREHEAT,160.2,166.8,160.2,166.8
2025-08-29T20:51:22.971,902.0087339878082,170.0,163.4,28.7,147,6,BAKE-PREHEAT,160.0,166.8,160.0,166.8
2025-08-29T20:51:23.202,902.2397530078888,170.0,163.5,28.8,104,6,BAKE-PREHEAT,160.0,167.0,160.0,167.0
2025-08-29T20:51:23.437,902.4749429225922,170.0,163.6,28.8,102,6,BAKE-PREHEAT,160.2,167.0,160.2,167.0
2025-08-29T20:51:23.727,902.7651619911194,170.0,163.5,28.8,144,6,BAKE-PREHEAT,160.2,166.8,160.2,166.8
2025-08-29T20:51:23.958,902.9957718849182,170.0,163.5,28.8,124,6,BAKE-PREHEAT,160.0,167.0,160.0,167.0
2025-08-29T20:51:24.258,903.2958099842072,170.0,163.5,28.8,124,6,BAKE-PREHEAT,160.0,167.0,160.0,167.0
2025-08-29T20:51:24.439,903.477010011673,170.0,163.5,28.8,124,6,BAKE-PREHEAT,160.0,167.0,160.0,167.0
2025-08-29T20:51:24.732,903.7695710659027,170.0,163.6,28.8,102,6,BAKE-PREHEAT,160.0,167.2,160.0,167.2
2025-08-29T20:51:24.969,904.0073230266571,170.0,163.5,28.8,145,6,BAKE-PREHEAT,160.0,167.0,160.0,167.0
2025-08-29T20:51:25.204,904.2423288822174,170.0,163.5,28.7,125,6,BAKE-PREHEAT,159.8,167.2,159.8,167.2
2025-08-29T20:51:25.501,904.538731098175,170.0,163.5,28.8,125,6,BAKE-PREHEAT,160.0,167.0,160.0,167.0
2025-08-29T20:51:25.735,904.7733690738678,170.0,163.6,28.8,102,6,BAKE-PREHEAT,160.2,167.0,160.2,167.0
2025-08-29T20:51:25.969,905.0075209140778,170.0,163.8,28.8,100,6,BAKE-PREHEAT,160.2,167.2,160.2,167.2
2025-08-29T20:51:26.202,905.240287065506,170.0,163.5,28.7,165,6,BAKE-PREHEAT,160.0,167.0,160.0,167.0
2025-08-29T20:51:26.496,905.5341410636902,170.0,163.8,28.9,80,6,BAKE-PREHEAT,160.2,167.2,160.2,167.2
2025-08-29T20:51:26.736,905.7736620903015,170.0,163.6,28.8,142,6,BAKE-PREHEAT,160.2,167.0,160.2,167.0
2025-08-29T20:51:26.967,906.0052189826965,170.0,163.8,28.8,100,6,BAKE-PREHEAT,160.2,167.2,160.2,167.2
2025-08-29T20:51:27.198,906.2359120845795,170.0,163.5,28.8,165,6,BAKE-PREHEAT,160.0,167.0,160.0,167.0
2025-08-29T20:51:27.492,906.530200958252,170.0,163.6,28.8,102,6,BAKE-PREHEAT,160.2,167.0,160.2,167.0
2025-08-29T20:51:27.732,906.7696468830109,170.0,164.0,28.8,55,6,BAKE-PREHEAT,160.5,167.5,160.5,167.5
2025-08-29T20:51:27.963,907.00137591362,170.0,164.0,28.8,115,6,BAKE-PREHEAT,160.5,167.5,160.5,167.5
2025-08-29T20:51:28.198,907.2361478805542,170.0,163.9,28.8,138,6,BAKE-PREHEAT,160.5,167.2,160.5,167.2
2025-08-29T20:51:28.489,907.5273289680481,170.0,163.9,28.9,118,6,BAKE-PREHEAT,160.8,167.0,160.8,167.0
2025-08-29T20:51:28.729,907.7669529914856,170.0,164.1,28.9,73,6,BAKE-PREHEAT,160.8,167.5,160.8,167.5
2025-08-29T20:51:28.966,908.0038349628448,170.0,164.0,28.8,135,6,BAKE-PREHEAT,160.5,167.5,160.5,167.5
2025-08-29T20:51:29.198,908.2362129688263,170.0,164.1,28.9,93,6,BAKE-PREHEAT,160.8,167.5,160.8,167.5
2025-08-29T20:51:29.495,908.5327808856964,170.0,164.0,28.8,135,6,BAKE-PREHEAT,160.8,167.2,160.8,167.2
2025-08-29T20:51:29.733,908.7708010673523,170.0,164.2,28.8,71,6,BAKE-PREHEAT,160.8,167.8,160.8,167.8
2025-08-29T20:51:29.965,909.0029010772705,170.0,164.2,28.8,111,6,BAKE-PREHEAT,161.0,167.5,161.0,167.5
2025-08-29T20:51:30.194,909.2318859100342,170.0,164.4,28.9,88,6,BAKE-PREHEAT,161.0,167.8,161.0,167.8
2025-08-29T20:51:30.488,909.5256810188293,170.0,164.2,28.8,131,6,BAKE-PREHEAT,160.8,167.8,160.8,167.8
2025-08-29T20:51:30.727,909.7651059627533,170.0,164.1,28.8,133,6,BAKE-PREHEAT,160.8,167.5,160.8,167.5
2025-08-29T20:51:30.962,909.9997169971466,170.0,164.4,28.9,68,6,BAKE-PREHEAT,161.0,167.8,161.0,167.8
2025-08-29T20:51:31.255,910.2934970855713,170.0,164.2,28.8,131,6,BAKE-PREHEAT,160.8,167.8,160.8,167.8
2025-08-29T20:51:31.490,910.5285489559174,170.0,164.5,28.9,66,6,BAKE-PREHEAT,161.2,167.8,161.2,167.8
2025-08-29T20:51:31.730,910.7680399417877,170.0,164.6,28.9,84,6,BAKE-PREHEAT,161.2,168.0,161.2,168.0
2025-08-29T20:51:31.967,911.0053141117096,170.0,164.4,28.8,148,6,BAKE-PREHEAT,161.0,167.8,161.0,167.8
2025-08-29T20:51:32.199,911.2373239994049,170.0,164.6,28.9,64,6,BAKE-PREHEAT,161.2,168.0,161.2,168.0
2025-08-29T20:51:32.500,911.5381479263306,170.0,164.5,28.8,126,6,BAKE-PREHEAT,161.2,167.8,161.2,167.8
2025-08-29T20:51:32.736,911.7740139961243,170.0,164.6,28.9,84,6,BAKE-PREHEAT,161.2,168.0,161.2,168.0
2025-08-29T20:51:32.971,912.0089309215546,170.0,164.6,28.9,104,6,BAKE-PREHEAT,161.2,168.0,161.2,168.0
2025-08-29T20:51:33.202,912.2396409511566,170.0,164.6,28.9,104,6,BAKE-PREHEAT,161.2,168.0,161.2,168.0
2025-08-29T20:51:33.436,912.4740130901337,170.0,164.5,28.8,126,6,BAKE-PREHEAT,161.0,168.0,161.0,168.0
2025-08-29T20:51:33.730,912.7684988975525,170.0,164.6,28.8,84,6,BAKE-PREHEAT,161.2,168.0,161.2,168.0
2025-08-29T20:51:33.966,913.0042340755463,170.0,164.6,28.8,104,6,BAKE-PREHEAT,161.0,168.2,161.0,168.2
2025-08-29T20:51:34.191,913.228935956955,170.0,164.5,28.9,126,6,BAKE-PREHEAT,161.2,167.8,161.2,167.8
2025-08-29T20:51:34.480,913.518049955368,170.0,164.8,28.9,61,6,BAKE-PREHEAT,161.5,168.0,161.5,168.0
2025-08-29T20:51:34.717,913.7553749084473,170.0,164.8,28.9,101,6,BAKE-PREHEAT,161.2,168.2,161.2,168.2
2025-08-29T20:51:34.952,913.9900619983673,170.0,164.9,28.9,79,6,BAKE-PREHEAT,161.5,168.2,161.5,168.2
2025-08-29T20:51:35.190,914.2279560565948,170.0,164.9,28.8,99,6,BAKE-PREHEAT,161.2,168.5,161.2,168.5
2025-08-29T20:51:35.479,914.5170049667358,170.0,164.6,28.8,144,6,BAKE-PREHEAT,161.2,168.0,161.2,168.0
2025-08-29T20:51:35.716,914.7545080184937,170.0,165.1,28.9,14,6,BAKE-PREHEAT,161.8,168.5,161.8,168.5
2025-08-29T20:51:35.952,914.9897179603577,170.0,165.0,28.9,117,6,BAKE-PREHEAT,161.5,168.5,161.5,168.5
2025-08-29T20:51:36.186,915.2240688800812,170.0,165.0,28.9,97,6,BAKE-PREHEAT,161.8,168.2,161.8,168.2
2025-08-29T20:51:36.476,915.514242887497,170.0,165.1,28.9,74,6,BAKE-PREHEAT,161.8,168.5,161.8,168.5
2025-08-29T20:51:36.713,915.7512109279633,170.0,165.0,28.9,117,6,BAKE-PREHEAT,161.8,168.2,161.8,168.2
2025-08-29T20:51:36.942,915.9800939559937,170.0,165.1,29.0,74,6,BAKE-PREHEAT,161.8,168.5,161.8,168.5
2025-08-29T20:51:37.227,916.2650899887085,170.0,165.1,29.0,94,6,BAKE-PREHEAT,161.8,168.5,161.8,168.5
2025-08-29T20:51:37.461,916.4992229938507,170.0,164.9,28.8,139,6,BAKE-PREHEAT,161.8,168.0,161.8,168.0
2025-08-29T20:51:37.698,916.7357769012451,170.0,165.1,29.0,55,6,BAKE-PREHEAT,161.8,168.5,161.8,168.5
2025-08-29T20:51:37.990,917.0281310081482,170.0,165.1,28.9,95,6,BAKE-PREHEAT,162.0,168.2,162.0,168.2
2025-08-29T20:51:38.225,917.2628519535065,170.0,165.1,28.9,95,6,BAKE-PREHEAT,162.0,168.2,162.0,168.2
2025-08-29T20:51:38.461,917.4995338916779,170.0,165.1,28.9,95,6,BAKE-PREHEAT,161.8,168.5,161.8,168.5
2025-08-29T20:51:38.698,917.7361850738525,170.0,165.2,28.9,72,6,BAKE-PREHEAT,161.8,168.8,161.8,168.8
2025-08-29T20:51:38.993,918.0310530662537,170.0,165.0,28.8,137,6,BAKE-PREHEAT,161.8,168.2,161.8,168.2
2025-08-29T20:51:39.229,918.2672820091248,170.0,165.1,28.9,75,6,BAKE-PREHEAT,161.8,168.5,161.8,168.5
2025-08-29T20:51:39.460,918.4984419345856,170.0,165.1,28.9,95,6,BAKE-PREHEAT,161.8,168.5,161.8,168.5
2025-08-29T20:51:39.750,918.7880880832672,170.0,165.2,29.0,72,6,BAKE-PREHEAT,162.0,168.5,162.0,168.5
2025-08-29T20:51:39.989,919.0267260074615,170.0,165.1,28.9,115,6,BAKE-PREHEAT,162.0,168.2,162.0,168.2
2025-08-29T20:51:40.228,919.2662398815155,170.0,165.2,29.0,72,6,BAKE-PREHEAT,162.0,168.5,162.0,168.5
2025-08-29T20:51:40.462,919.4996380805969,170.0,165.2,28.9,92,6,BAKE-PREHEAT,161.8,168.8,161.8,168.8
2025-08-29T20:51:40.698,919.7363588809967,170.0,165.1,28.9,115,6,BAKE-PREHEAT,162.0,168.2,162.0,168.2
2025-08-29T20:51:40.993,920.0306720733643,170.0,165.4,29.0,50,6,BAKE-PREHEAT,162.2,168.5,162.2,168.5
2025-08-29T20:51:41.224,920.2622399330139,170.0,165.2,28.9,112,6,BAKE-PREHEAT,162.0,168.5,162.0,168.5
2025-08-29T20:51:41.451,920.4889769554138,170.0,165.2,28.9,92,6,BAKE-PREHEAT,162.0,168.5,162.0,168.5
2025-08-29T20:51:41.685,920.7229900360107,170.0,165.2,28.9,92,6,BAKE-PREHEAT,161.8,168.8,161.8,168.8
2025-08-29T20:51:41.980,921.0178220272064,170.0,165.2,29.0,92,6,BAKE-PREHEAT,162.0,168.5,162.0,168.5
2025-08-29T20:51:42.211,921.2491879463196,170.0,165.2,28.9,92,6,BAKE-PREHEAT,162.0,168.5,162.0,168.5
2025-08-29T20:51:42.510,921.5482959747314,170.0,165.1,28.9,115,6,BAKE-PREHEAT,161.8,168.5,161.8,168.5
2025-08-29T20:51:42.683,921.7210628986359,170.0,165.4,29.0,50,6,BAKE-PREHEAT,162.0,168.8,162.0,168.8
2025-08-29T20:51:42.978,922.0158760547638,170.0,165.2,28.9,112,6,BAKE-PREHEAT,162.0,168.5,162.0,168.5
2025-08-29T20:51:43.215,922.252858877182,170.0,165.2,28.9,92,6,BAKE-PREHEAT,162.0,168.5,162.0,168.5
2025-08-29T20:51:43.451,922.4887630939484,170.0,165.4,29.0,70,6,BAKE-PREHEAT,162.0,168.8,162.0,168.8
2025-08-29T20:51:43.751,922.7888250350952,170.0,165.1,28.9,135,6,BAKE-PREHEAT,161.8,168.5,161.8,168.5
2025-08-29T20:51:43.927,922.9648950099945,170.0,165.2,29.0,72,6,BAKE-PREHEAT,162.0,168.5,162.0,168.5
2025-08-29T20:51:44.215,923.2532169818878,170.0,165.4,28.9,70,6,BAKE-PREHEAT,162.0,168.8,162.0,168.8
2025-08-29T20:51:44.448,923.4863638877869,170.0,165.4,29.0,90,6,BAKE-PREHEAT,162.0,168.8,162.0,168.8
2025-08-29T20:51:44.742,923.7805140018463,170.0,165.2,29.0,113,6,BAKE-PREHEAT,162.0,168.5,162.0,168.5
2025-08-29T20:51:44.982,924.0201048851013,170.0,165.2,28.9,93,6,BAKE-PREHEAT,161.8,168.8,161.8,168.8
2025-08-29T20:51:45.213,924.2506210803986,170.0,165.4,28.9,70,6,BAKE-PREHEAT,162.0,168.8,162.0,168.8
2025-08-29T20:51:45.443,924.4810559749603,170.0,165.4,29.0,90,6,BAKE-PREHEAT,162.0,168.8,162.0,168.8
2025-08-29T20:51:45.743,924.7814359664917,170.0,165.2,29.0,113,6,BAKE-PREHEAT,162.0,168.5,162.0,168.5
2025-08-29T20:51:45.981,925.0193688869476,170.0,165.5,29.0,48,6,BAKE-PREHEAT,162.0,169.0,162.0,169.0
2025-08-29T20:51:46.214,925.2517099380493,170.0,165.4,29.0,110,6,BAKE-PREHEAT,162.0,168.8,162.0,168.8
2025-08-29T20:51:46.446,925.4836890697479,170.0,165.5,29.1,68,6,BAKE-PREHEAT,162.2,168.8,162.2,168.8
2025-08-29T20:51:46.737,925.7752358913422,170.0,165.4,29.0,110,6,BAKE-PREHEAT,162.0,168.8,162.0,168.8
2025-08-29T20:51:46.977,926.0150089263916,170.0,165.5,29.0,68,6,BAKE-PREHEAT,162.2,168.8,162.2,168.8
2025-08-29T20:51:47.209,926.2475309371948,170.0,165.5,29.0,88,6,BAKE-PREHEAT,162.2,168.8,162.2,168.8
2025-08-29T20:51:47.445,926.4834139347076,170.0,165.4,29.0,110,6,BAKE-PREHEAT,162.0,168.8,162.0,168.8
2025-08-29T20:51:47.739,926.7775430679321,170.0,165.8,29.1,23,6,BAKE-PREHEAT,162.5,169.0,162.5,169.0
2025-08-29T20:51:47.974,927.0124878883362,170.0,165.5,29.0,128,6,BAKE-PREHEAT,162.2,168.8,162.2,168.8
2025-08-29T20:51:48.208,927.2464489936829,170.0,165.5,29.0,88,6,BAKE-PREHEAT,162.2,168.8,162.2,168.8
2025-08-29T20:51:48.436,927.4743900299072,170.0,165.4,29.0,110,6,BAKE-PREHEAT,162.0,168.8,162.0,168.8
2025-08-29T20:51:48.730,927.7681510448456,170.0,165.4,28.9,90,6,BAKE-PREHEAT,162.0,168.8,162.0,168.8
2025-08-29T20:51:48.969,928.0071949958801,170.0,165.4,29.0,90,6,BAKE-PREHEAT,162.2,168.5,162.2,168.5
2025-08-29T20:51:49.202,928.2399489879608,170.0,165.8,29.1,23,6,BAKE-PREHEAT,162.2,169.2,162.2,169.2
2025-08-29T20:51:49.498,928.5358159542084,170.0,165.5,28.9,128,6,BAKE-PREHEAT,162.2,168.8,162.2,168.8
2025-08-29T20:51:49.737,928.7748038768768,170.0,165.8,29.1,43,6,BAKE-PREHEAT,162.5,169.0,162.5,169.0
2025-08-29T20:51:49.976,929.0145130157471,170.0,165.5,29.0,128,6,BAKE-PREHEAT,162.2,168.8,162.2,168.8
2025-08-29T20:51:50.213,929.2515120506287,170.0,165.8,29.0,43,6,BAKE-PREHEAT,162.5,169.0,162.5,169.0
2025-08-29T20:51:50.446,929.4844839572906,170.0,165.8,29.0,83,6,BAKE-PREHEAT,162.5,169.0,162.5,169.0
2025-08-29T20:51:50.742,929.7799119949341,170.0,165.6,29.0,106,6,BAKE-PREHEAT,162.2,169.0,162.2,169.0
2025-08-29T20:51:50.978,930.016028881073,170.0,165.8,29.0,63,6,BAKE-PREHEAT,162.5,169.0,162.5,169.0
2025-08-29T20:51:51.208,930.246288061142,170.0,165.6,28.9,106,6,BAKE-PREHEAT,162.2,169.0,162.2,169.0
2025-08-29T20:51:51.445,930.4828789234161,170.0,165.6,28.9,86,6,BAKE-PREHEAT,162.5,168.8,162.5,168.8
2025-08-29T20:51:51.737,930.7745780944824,170.0,165.8,29.1,63,6,BAKE-PREHEAT,162.5,169.0,162.5,169.0
2025-08-29T20:51:51.976,931.0143048763275,170.0,165.9,29.1,61,6,BAKE-PREHEAT,162.8,169.0,162.8,169.0
2025-08-29T20:51:52.212,931.2499649524689,170.0,165.8,29.0,103,6,BAKE-PREHEAT,162.5,169.0,162.5,169.0
2025-08-29T20:51:52.441,931.4794569015503,170.0,165.8,29.1,83,6,BAKE-PREHEAT,162.5,169.0,162.5,169.0
2025-08-29T20:51:52.740,931.778048992157,170.0,165.8,29.1,83,6,BAKE-PREHEAT,162.8,168.8,162.8,168.8
2025-08-29T20:51:52.980,932.0176839828491,170.0,165.6,29.0,106,6,BAKE-PREHEAT,162.5,168.8,162.5,168.8
2025-08-29T20:51:53.215,932.2526440620422,170.0,165.9,29.0,41,6,BAKE-PREHEAT,162.5,169.2,162.5,169.2
2025-08-29T20:51:53.447,932.4852120876312,170.0,166.0,29.1,59,6,BAKE-PREHEAT,162.8,169.2,162.8,169.2
2025-08-29T20:51:53.738,932.7763090133667,170.0,166.0,29.1,79,6,BAKE-PREHEAT,162.8,169.2,162.8,169.2
2025-08-29T20:51:53.977,933.0151309967041,170.0,165.8,29.0,124,6,BAKE-PREHEAT,162.5,169.0,162.5,169.0
2025-08-29T20:51:54.211,933.2487978935242,170.0,166.0,29.2,39,6,BAKE-PREHEAT,162.8,169.2,162.8,169.2
2025-08-29T20:51:54.445,933.4827399253845,170.0,166.0,29.1,79,6,BAKE-PREHEAT,162.8,169.2,162.8,169.2
2025-08-29T20:51:54.739,933.7765719890594,170.0,166.0,29.1,79,6,BAKE-PREHEAT,162.8,169.2,162.8,169.2
2025-08-29T20:51:54.975,934.0131340026855,170.0,166.1,29.1,56,6,BAKE-PREHEAT,162.8,169.5,162.8,169.5
2025-08-29T20:51:55.213,934.2509090900421,170.0,165.8,29.0,144,6,BAKE-PREHEAT,162.8,168.8,162.8,168.8
2025-08-29T20:51:55.441,934.4795079231262,170.0,165.9,29.1,61,6,BAKE-PREHEAT,162.8,169.0,162.8,169.0
2025-08-29T20:51:55.735,934.7733390331268,170.0,165.9,29.1,81,6,BAKE-PREHEAT,162.8,169.0,162.8,169.0
2025-08-29T20:51:55.975,935.0129780769348,170.0,166.0,29.1,59,6,BAKE-PREHEAT,162.8,169.2,162.8,169.2
2025-08-29T20:51:56.212,935.2498469352722,170.0,166.0,29.1,79,6,BAKE-PREHEAT,162.8,169.2,162.8,169.2
2025-08-29T20:51:56.512,935.5503129959106,170.0,165.9,29.1,101,6,BAKE-PREHEAT,162.8,169.0,162.8,169.0
2025-08-29T20:51:56.687,935.7246658802032,170.0,166.0,29.1,59,6,BAKE-PREHEAT,162.8,169.2,162.8,169.2
2025-08-29T20:51:56.981,936.0192949771881,170.0,165.8,29.0,124,6,BAKE-PREHEAT,162.5,169.0,162.5,169.0
2025-08-29T20:51:57.214,936.2516000270844,170.0,165.9,29.1,61,6,BAKE-PREHEAT,163.0,168.8,163.0,168.8
2025-08-29T20:51:57.447,936.485100030899,170.0,166.0,29.2,59,6,BAKE-PREHEAT,162.8,169.2,162.8,169.2
2025-08-29T20:51:57.741,936.7788579463959,170.0,165.8,29.0,124,6,BAKE-PREHEAT,162.5,169.0,162.5,169.0
2025-08-29T20:51:57.978,937.0157580375671,170.0,166.0,29.1,39,6,BAKE-PREHEAT,162.8,169.2,162.8,169.2
2025-08-29T20:51:58.208,937.2459230422974,170.0,166.0,29.2,79,6,BAKE-PREHEAT,162.8,169.2,162.8,169.2
2025-08-29T20:51:58.445,937.4825730323792,170.0,166.0,29.1,79,6,BAKE-PREHEAT,162.8,169.2,162.8,169.2
2025-08-29T20:51:58.738,937.7765030860901,170.0,165.9,29.1,101,6,BAKE-PREHEAT,162.8,169.0,162.8,169.0
2025-08-29T20:51:58.974,938.0116319656372,170.0,166.0,29.1,59,6,BAKE-PREHEAT,162.8,169.2,162.8,169.2
2025-08-29T20:51:59.203,938.241555929184,170.0,165.9,29.0,101,6,BAKE-PREHEAT,162.8,169.0,162.8,169.0
2025-08-29T20:51:59.431,938.4694120883942,170.0,165.8,29.1,104,6,BAKE-PREHEAT,162.5,169.0,162.5,169.0
2025-08-29T20:51:59.720,938.7583920955658,170.0,165.8,29.0,84,6,BAKE-PREHEAT,162.8,168.8,162.8,168.8
2025-08-29T20:51:59.956,938.9944090843201,170.0,165.8,29.1,84,6,BAKE-PREHEAT,162.8,168.8,162.8,168.8
2025-08-29T20:52:00.187,939.2250740528107,170.0,166.0,29.1,39,6,BAKE-PREHEAT,163.0,169.0,163.0,169.0
2025-08-29T20:52:00.482,939.5196120738983,170.0,166.0,29.1,79,6,BAKE-PREHEAT,163.0,169.0,163.0,169.0
2025-08-29T20:52:00.714,939.7523760795593,170.0,166.1,29.2,57,6,BAKE-PREHEAT,163.0,169.2,163.0,169.2
2025-08-29T20:52:00.945,939.9834630489349,170.0,165.9,29.0,121,6,BAKE-PREHEAT,163.0,168.8,163.0,168.8
2025-08-29T20:52:01.240,940.2779369354248,170.0,166.0,29.2,59,6,BAKE-PREHEAT,163.0,169.0,163.0,169.0
2025-08-29T20:52:01.477,940.5155310630798,170.0,165.9,29.1,102,6,BAKE-PREHEAT,162.8,169.0,162.8,169.0
2025-08-29T20:52:01.715,940.7526979446411,170.0,165.9,29.2,82,6,BAKE-PREHEAT,163.0,168.8,163.0,168.8
2025-08-29T20:52:01.952,940.9896359443665,170.0,165.8,29.1,104,6,BAKE-PREHEAT,162.8,168.8,162.8,168.8
2025-08-29T20:52:02.243,941.280622959137,170.0,165.8,29.1,84,6,BAKE-PREHEAT,162.8,168.8,162.8,168.8
2025-08-29T20:52:02.475,941.5133380889893,170.0,165.9,29.1,62,6,BAKE-PREHEAT,163.0,168.8,163.0,168.8
2025-08-29T20:52:02.712,941.7498209476471,170.0,165.8,29.1,104,6,BAKE-PREHEAT,162.8,168.8,162.8,168.8
2025-08-29T20:52:02.949,941.9865989685059,170.0,165.9,29.2,62,6,BAKE-PREHEAT,163.0,168.8,163.0,168.8
2025-08-29T20:52:03.183,942.2211449146271,170.0,165.8,29.1,104,6,BAKE-PREHEAT,162.8,168.8,162.8,168.8
2025-08-29T20:52:03.472,942.5095760822296,170.0,166.0,29.2,39,6,BAKE-PREHEAT,163.0,169.0,163.0,169.0
2025-08-29T20:52:03.702,942.740513086319,170.0,165.8,29.2,124,6,BAKE-PREHEAT,163.0,168.5,163.0,168.5
2025-08-29T20:52:03.938,942.9761049747467,170.0,166.0,29.2,39,6,BAKE-PREHEAT,163.2,168.8,163.2,168.8
2025-08-29T20:52:04.233,943.2708609104156,170.0,166.1,29.2,57,6,BAKE-PREHEAT,163.2,169.0,163.2,169.0
2025-08-29T20:52:04.466,943.5037779808044,170.0,166.0,29.2,99,6,BAKE-PREHEAT,163.2,168.8,163.2,168.8
2025-08-29T20:52:04.701,943.7389049530029,170.0,165.9,29.1,102,6,BAKE-PREHEAT,163.0,168.8,163.0,168.8
2025-08-29T20:52:04.991,944.0295269489288,170.0,165.9,29.2,82,6,BAKE-PREHEAT,163.0,168.8,163.0,168.8
2025-08-29T20:52:05.230,944.2678389549255,170.0,166.0,29.2,59,6,BAKE-PREHEAT,163.2,168.8,163.2,168.8
2025-08-29T20:52:05.463,944.5007059574127,170.0,166.0,29.2,79,6,BAKE-PREHEAT,163.2,168.8,163.2,168.8
2025-08-29T20:52:05.695,944.7328469753265,170.0,166.0,29.1,79,6,BAKE-PREHEAT,163.2,168.8,163.2,168.8
2025-08-29T20:52:05.990,945.027596950531,170.0,166.0,29.2,79,6,BAKE-PREHEAT,163.2,168.8,163.2,168.8
2025-08-29T20:52:06.221,945.2585649490356,170.0,165.9,29.1,102,6,BAKE-PREHEAT,163.0,168.8,163.0,168.8
2025-08-29T20:52:06.455,945.492595911026,170.0,165.9,29.1,82,6,BAKE-PREHEAT,163.0,168.8,163.0,168.8
2025-08-29T20:52:06.682,945.720174074173,170.0,166.0,29.2,59,6,BAKE-PREHEAT,163.2,168.8,163.2,168.8
2025-08-29T20:52:06.977,946.0149750709534,170.0,165.9,29.2,102,6,BAKE-PREHEAT,163.2,168.5,163.2,168.5
2025-08-29T20:52:07.212,946.2496960163116,170.0,166.0,29.1,59,6,BAKE-PREHEAT,163.2,168.8,163.2,168.8
2025-08-29T20:52:07.448,946.4857449531555,170.0,166.0,29.2,79,6,BAKE-PREHEAT,163.2,168.8,163.2,168.8
2025-08-29T20:52:07.738,946.7763419151306,170.0,166.0,29.2,79,6,BAKE-PREHEAT,163.2,168.8,163.2,168.8
2025-08-29T20:52:07.978,947.0160140991211,170.0,165.8,29.1,124,6,BAKE-PREHEAT,163.0,168.5,163.0,168.5
2025-08-29T20:52:08.214,947.2525389194489,170.0,166.1,29.2,17,6,BAKE-PREHEAT,163.2,169.0,163.2,169.0
2025-08-29T20:52:08.448,947.486536026001,170.0,166.0,29.1,99,6,BAKE-PREHEAT,163.2,168.8,163.2,168.8
2025-08-29T20:52:08.682,947.7199470996857,170.0,166.0,29.2,79,6,BAKE-PREHEAT,163.2,168.8,163.2,168.8
2025-08-29T20:52:08.973,948.0114290714264,170.0,166.0,29.2,79,6,BAKE-PREHEAT,163.2,168.8,163.2,168.8
2025-08-29T20:52:09.210,948.2476949691772,170.0,165.9,29.2,102,6,BAKE-PREHEAT,163.2,168.5,163.2,168.5
2025-08-29T20:52:09.438,948.4764070510864,170.0,166.1,29.3,37,6,BAKE-PREHEAT,163.5,168.8,163.5,168.8
2025-08-29T20:52:09.732,948.7703249454498,170.0,166.1,29.2,77,6,BAKE-PREHEAT,163.2,169.0,163.2,169.0
2025-08-29T20:52:09.971,949.0094609260559,170.0,165.9,29.2,122,6,BAKE-PREHEAT,163.2,168.5,163.2,168.5
2025-08-29T20:52:10.201,949.2395548820496,170.0,165.8,29.1,104,6,BAKE-PREHEAT,163.0,168.5,163.0,168.5
2025-08-29T20:52:10.500,949.5377190113068,170.0,166.0,29.3,40,6,BAKE-PREHEAT,163.2,168.8,163.2,168.8
2025-08-29T20:52:10.733,949.7715229988098,170.0,166.0,29.2,80,6,BAKE-PREHEAT,163.2,168.8,163.2,168.8
2025-08-29T20:52:10.974,950.0119841098785,170.0,166.0,29.2,80,6,BAKE-PREHEAT,163.2,168.8,163.2,168.8
2025-08-29T20:52:11.210,950.2481379508972,170.0,165.9,29.1,102,6,BAKE-PREHEAT,163.0,168.8,163.0,168.8
2025-08-29T20:52:11.444,950.4818880558014,170.0,165.9,29.1,82,6,BAKE-PREHEAT,163.0,168.8,163.0,168.8
2025-08-29T20:52:11.736,950.7739040851593,170.0,165.9,29.2,82,6,BAKE-PREHEAT,163.2,168.5,163.2,168.5
2025-08-29T20:52:11.972,951.0097210407257,170.0,165.8,29.1,104,6,BAKE-PREHEAT,163.0,168.5,163.0,168.5
2025-08-29T20:52:12.201,951.2388069629669,170.0,165.9,29.2,62,6,BAKE-PREHEAT,163.0,168.8,163.0,168.8
2025-08-29T20:52:12.435,951.4733638763428,170.0,165.9,29.2,82,6,BAKE-PREHEAT,163.0,168.8,163.0,168.8
2025-08-29T20:52:12.729,951.7672760486603,170.0,165.8,29.3,104,6,BAKE-PREHEAT,163.0,168.5,163.0,168.5
2025-08-29T20:52:12.968,952.005795955658,170.0,165.6,29.1,107,6,BAKE-PREHEAT,162.8,168.5,162.8,168.5
2025-08-29T20:52:13.203,952.2406439781189,170.0,165.9,29.3,42,6,BAKE-PREHEAT,163.0,168.8,163.0,168.8
2025-08-29T20:52:13.431,952.4688708782196,170.0,165.9,29.2,82,6,BAKE-PREHEAT,163.0,168.8,163.0,168.8
2025-08-29T20:52:13.720,952.7578229904175,170.0,165.9,29.2,82,6,BAKE-PREHEAT,163.0,168.8,163.0,168.8
2025-08-29T20:52:13.956,952.9942150115967,170.0,165.6,29.2,127,6,BAKE-PREHEAT,162.8,168.5,162.8,168.5
2025-08-29T20:52:14.193,953.2307810783386,170.0,165.9,29.2,42,6,BAKE-PREHEAT,163.0,168.8,163.0,168.8
2025-08-29T20:52:14.481,953.5191769599915,170.0,165.6,29.2,127,6,BAKE-PREHEAT,162.8,168.5,162.8,168.5
2025-08-29T20:52:14.716,953.754026889801,170.0,165.9,29.2,42,6,BAKE-PREHEAT,163.0,168.8,163.0,168.8
2025-08-29T20:52:14.946,953.9835760593414,170.0,165.9,29.2,82,6,BAKE-PREHEAT,163.0,168.8,163.0,168.8
2025-08-29T20:52:15.182,954.2196640968323,170.0,165.8,29.2,105,6,BAKE-PREHEAT,162.8,168.8,162.8,168.8
2025-08-29T20:52:15.476,954.5141479969025,170.0,165.8,29.2,85,6,BAKE-PREHEAT,162.8,168.8,162.8,168.8
2025-08-29T20:52:15.713,954.7514569759369,170.0,165.6,29.2,107,6,BAKE-PREHEAT,162.8,168.5,162.8,168.5
2025-08-29T20:52:15.945,954.9828910827637,170.0,165.8,29.2,65,6,BAKE-PREHEAT,162.8,168.8,162.8,168.8
2025-08-29T20:52:16.233,955.2714018821716,170.0,165.9,29.2,62,6,BAKE-PREHEAT,163.0,168.8,163.0,168.8
2025-08-29T20:52:16.471,955.509192943573,170.0,165.6,29.2,127,6,BAKE-PREHEAT,162.8,168.5,162.8,168.5
2025-08-29T20:52:16.707,955.7449979782104,170.0,165.6,29.2,87,6,BAKE-PREHEAT,162.8,168.5,162.8,168.5
2025-08-29T20:52:16.942,955.9801919460297,170.0,165.9,29.2,42,6,BAKE-PREHEAT,163.0,168.8,163.0,168.8
2025-08-29T20:52:17.237,956.274740934372,170.0,166.0,29.3,60,6,BAKE-PREHEAT,163.2,168.8,163.2,168.8
2025-08-29T20:52:17.469,956.5067069530487,170.0,166.0,29.3,80,6,BAKE-PREHEAT,163.2,168.8,163.2,168.8
2025-08-29T20:52:17.701,956.7388958930969,170.0,166.0,29.3,80,6,BAKE-PREHEAT,163.2,168.8,163.2,168.8
2025-08-29T20:52:17.936,956.974170923233,170.0,165.8,29.2,125,6,BAKE-PREHEAT,163.0,168.5,163.0,168.5
2025-08-29T20:52:18.229,957.2667880058289,170.0,166.0,29.4,40,6,BAKE-PREHEAT,163.2,168.8,163.2,168.8
2025-08-29T20:52:18.463,957.5006430149078,170.0,165.8,29.3,125,6,BAKE-PREHEAT,163.0,168.5,163.0,168.5
2025-08-29T20:52:18.694,957.7322790622711,170.0,165.9,29.3,62,6,BAKE-PREHEAT,163.0,168.8,163.0,168.8
2025-08-29T20:52:18.985,958.023108959198,170.0,166.0,29.4,60,6,BAKE-PREHEAT,163.2,168.8,163.2,168.8
2025-08-29T20:52:19.222,958.2597680091858,170.0,166.0,29.4,80,6,BAKE-PREHEAT,163.2,168.8,163.2,168.8
2025-08-29T20:52:19.457,958.4952359199524,170.0,165.9,29.3,102,6,BAKE-PREHEAT,163.0,168.8,163.0,168.8
2025-08-29T20:52:19.693,958.7313570976257,170.0,166.0,29.3,60,6,BAKE-PREHEAT,163.2,168.8,163.2,168.8
2025-08-29T20:52:19.983,959.0210349559784,170.0,165.9,29.2,102,6,BAKE-PREHEAT,163.0,168.8,163.0,168.8
2025-08-29T20:52:20.218,959.2558169364929,170.0,165.9,29.2,82,6,BAKE-PREHEAT,163.0,168.8,163.0,168.8
2025-08-29T20:52:20.451,959.4886710643768,170.0,166.0,29.4,60,6,BAKE-PREHEAT,163.2,168.8,163.2,168.8
2025-08-29T20:52:20.681,959.7187039852142,170.0,166.1,29.3,58,6,BAKE-PREHEAT,163.2,169.0,163.2,169.0
2025-08-29T20:52:20.972,960.0099120140076,170.0,165.9,29.3,122,6,BAKE-PREHEAT,163.0,168.8,163.0,168.8
2025-08-29T20:52:21.205,960.2425870895386,170.0,165.9,29.3,82,6,BAKE-PREHEAT,163.2,168.5,163.2,168.5
2025-08-29T20:52:21.439,960.4774420261383,170.0,166.1,29.3,38,6,BAKE-PREHEAT,163.2,169.0,163.2,169.0
2025-08-29T20:52:21.738,960.7756400108337,170.0,166.0,29.3,100,6,BAKE-PREHEAT,163.2,168.8,163.2,168.8
2025-08-29T20:52:21.977,961.0150499343872,170.0,166.1,29.4,58,6,BAKE-PREHEAT,163.5,168.8,163.5,168.8
2025-08-29T20:52:22.213,961.2508459091187,170.0,166.0,29.3,100,6,BAKE-PREHEAT,163.2,168.8,163.2,168.8
2025-08-29T20:52:22.447,961.4850199222565,170.0,166.2,29.4,35,6,BAKE-PREHEAT,163.5,169.0,163.5,169.0
2025-08-29T20:52:22.681,961.7185909748077,170.0,166.1,29.2,98,6,BAKE-PREHEAT,163.2,169.0,163.2,169.0
2025-08-29T20:52:22.971,962.0095400810242,170.0,166.2,29.4,55,6,BAKE-PREHEAT,163.5,169.0,163.5,169.0
2025-08-29T20:52:23.204,962.2423939704895,170.0,166.1,29.3,98,6,BAKE-PREHEAT,163.2,169.0,163.2,169.0
2025-08-29T20:52:23.433,962.470694065094,170.0,166.1,29.4,78,6,BAKE-PREHEAT,163.5,168.8,163.5,168.8
2025-08-29T20:52:23.725,962.7627909183502,170.0,166.0,29.3,100,6,BAKE-PREHEAT,163.2,168.8,163.2,168.8
2025-08-29T20:52:23.962,963.00031208992,170.0,166.0,29.3,80,6,BAKE-PREHEAT,163.2,168.8,163.2,168.8
2025-08-29T20:52:24.197,963.2348139286041,170.0,166.0,29.4,80,6,BAKE-PREHEAT,163.5,168.5,163.5,168.5
2025-08-29T20:52:24.485,963.5229458808899,170.0,166.1,29.4,58,6,BAKE-PREHEAT,163.5,168.8,163.5,168.8
2025-08-29T20:52:24.722,963.7599539756775,170.0,166.0,29.2,100,6,BAKE-PREHEAT,163.2,168.8,163.2,168.8
2025-08-29T20:52:24.959,963.997015953064,170.0,166.1,29.3,58,6,BAKE-PREHEAT,163.5,168.8,163.5,168.8
2025-08-29T20:52:25.196,964.2338800430298,170.0,166.1,29.3,78,6,BAKE-PREHEAT,163.5,168.8,163.5,168.8
2025-08-29T20:52:25.431,964.4688379764557,170.0,165.9,29.2,123,6,BAKE-PREHEAT,163.2,168.5,163.2,168.5
2025-08-29T20:52:25.725,964.762589931488,170.0,166.0,29.3,60,6,BAKE-PREHEAT,163.2,168.8,163.2,168.8
2025-08-29T20:52:26.025,965.0631980895996,170.0,166.1,29.4,58,6,BAKE-PREHEAT,163.5,168.8,163.5,168.8
2025-08-29T20:52:26.200,965.2385549545288,170.0,166.2,29.4,56,6,BAKE-PREHEAT,163.5,169.0,163.5,169.0
2025-08-29T20:52:26.436,965.4745049476624,170.0,165.9,29.3,143,6,BAKE-PREHEAT,163.2,168.5,163.2,168.5
2025-08-29T20:52:26.727,965.7654778957367,170.0,166.0,29.3,60,6,BAKE-PREHEAT,163.2,168.8,163.2,168.8
2025-08-29T20:52:26.966,966.0036809444427,170.0,165.9,29.4,103,6,BAKE-PREHEAT,163.0,168.8,163.0,168.8
2025-08-29T20:52:27.201,966.2388999462128,170.0,166.0,29.4,60,6,BAKE-PREHEAT,163.2,168.8,163.2,168.8
2025-08-29T20:52:27.493,966.5313060283661,170.0,166.1,29.4,58,6,BAKE-PREHEAT,163.2,169.0,163.2,169.0
2025-08-29T20:52:27.732,966.7701940536499,170.0,165.9,29.2,123,6,BAKE-PREHEAT,163.0,168.8,163.0,168.8
2025-08-29T20:52:27.971,967.0093650817871,170.0,166.0,29.4,60,6,BAKE-PREHEAT,163.2,168.8,163.2,168.8
2025-08-29T20:52:28.205,967.2433149814606,170.0,166.1,29.4,58,6,BAKE-PREHEAT,163.2,169.0,163.2,169.0
2025-08-29T20:52:28.441,967.479495048523,170.0,166.1,29.5,78,6,BAKE-PREHEAT,163.5,168.8,163.5,168.8
2025-08-29T20:52:28.732,967.7702848911285,170.0,165.9,29.3,123,6,BAKE-PREHEAT,163.0,168.8,163.0,168.8
2025-08-29T20:52:28.971,968.0093491077423,170.0,165.8,29.4,105,6,BAKE-PREHEAT,163.0,168.5,163.0,168.5
2025-08-29T20:52:29.205,968.2433660030365,170.0,166.0,29.4,40,6,BAKE-PREHEAT,163.0,169.0,163.0,169.0
2025-08-29T20:52:29.442,968.480222940445,170.0,165.8,29.3,125,6,BAKE-PREHEAT,162.8,168.8,162.8,168.8
2025-08-29T20:52:29.732,968.7700529098511,170.0,166.0,29.4,41,6,BAKE-PREHEAT,163.2,168.8,163.2,168.8
2025-08-29T20:52:29.968,969.0064539909363,170.0,165.9,29.4,103,6,BAKE-PREHEAT,163.2,168.5,163.2,168.5
2025-08-29T20:52:30.266,969.3041050434113,170.0,165.9,29.4,83,6,BAKE-PREHEAT,163.2,168.5,163.2,168.5
2025-08-29T20:52:30.438,969.4760088920593,170.0,165.9,29.5,83,6,BAKE-PREHEAT,163.2,168.5,163.2,168.5
2025-08-29T20:52:30.723,969.7613658905029,170.0,166.0,29.4,61,6,BAKE-PREHEAT,163.2,168.8,163.2,168.8
2025-08-29T20:52:30.960,969.9984929561615,170.0,165.9,29.4,103,6,BAKE-PREHEAT,163.0,168.8,163.0,168.8
2025-08-29T20:52:31.196,970.2336208820343,170.0,165.8,29.3,105,6,BAKE-PREHEAT,163.0,168.5,163.0,168.5
2025-08-29T20:52:31.489,970.5272719860077,170.0,166.0,29.5,41,6,BAKE-PREHEAT,163.2,168.8,163.2,168.8
2025-08-29T20:52:31.728,970.7661468982697,170.0,165.9,29.5,103,6,BAKE-PREHEAT,163.2,168.5,163.2,168.5
2025-08-29T20:52:31.966,971.0044569969177,170.0,165.8,29.3,105,6,BAKE-PREHEAT,163.0,168.5,163.0,168.5
2025-08-29T20:52:32.199,971.2368760108948,170.0,165.9,29.3,63,6,BAKE-PREHEAT,163.0,168.8,163.0,168.8
2025-08-29T20:52:32.430,971.4681210517883,170.0,165.9,29.4,83,6,BAKE-PREHEAT,163.2,168.5,163.2,168.5
2025-08-29T20:52:32.720,971.7585558891296,170.0,165.9,29.4,83,6,BAKE-PREHEAT,163.2,168.5,163.2,168.5
2025-08-29T20:52:32.957,971.9947218894958,170.0,165.9,29.4,83,6,BAKE-PREHEAT,163.2,168.5,163.2,168.5
2025-08-29T20:52:33.187,972.2249889373779,170.0,166.0,29.5,61,6,BAKE-PREHEAT,163.5,168.5,163.5,168.5
2025-08-29T20:52:33.480,972.5176119804382,170.0,165.9,29.4,103,6,BAKE-PREHEAT,163.2,168.5,163.2,168.5
2025-08-29T20:52:33.711,972.7494699954987,170.0,165.8,29.3,105,6,BAKE-PREHEAT,163.2,168.2,163.2,168.2
2025-08-29T20:52:33.945,972.9829020500183,170.0,165.8,29.3,85,6,BAKE-PREHEAT,163.2,168.2,163.2,168.2
2025-08-29T20:52:34.246,973.284008026123,170.0,165.9,29.4,63,6,BAKE-PREHEAT,163.2,168.5,163.2,168.5
2025-08-29T20:52:34.483,973.5210750102997,170.0,166.1,29.4,38,6,BAKE-PREHEAT,163.5,168.8,163.5,168.8
2025-08-29T20:52:34.721,973.7592089176178,170.0,166.1,29.4,78,6,BAKE-PREHEAT,163.5,168.8,163.5,168.8
2025-08-29T20:52:34.958,973.9957220554352,170.0,166.1,29.5,78,6,BAKE-PREHEAT,163.5,168.8,163.5,168.8
2025-08-29T20:52:35.195,974.2333540916443,170.0,166.1,29.5,78,6,BAKE-PREHEAT,163.5,168.8,163.5,168.8
2025-08-29T20:52:35.430,974.4682869911194,170.0,166.2,29.5,56,6,BAKE-PREHEAT,163.8,168.8,163.8,168.8
2025-08-29T20:52:35.723,974.7607560157776,170.0,165.9,29.3,143,6,BAKE-PREHEAT,163.5,168.2,163.5,168.2
2025-08-29T20:52:35.960,974.9983410835266,170.0,166.1,29.4,38,6,BAKE-PREHEAT,163.8,168.5,163.8,168.5
2025-08-29T20:52:36.195,975.2330179214478,170.0,166.2,29.5,56,6,BAKE-PREHEAT,163.8,168.8,163.8,168.8
2025-08-29T20:52:36.429,975.4673268795013,170.0,166.2,29.4,76,6,BAKE-PREHEAT,163.8,168.8,163.8,168.8
2025-08-29T20:52:36.723,975.7611870765686,170.0,166.0,29.5,121,6,BAKE-PREHEAT,163.5,168.5,163.5,168.5
2025-08-29T20:52:36.957,975.9955520629883,170.0,166.1,29.5,58,6,BAKE-PREHEAT,163.5,168.8,163.5,168.8
2025-08-29T20:52:37.259,976.2966060638428,170.0,166.1,29.5,78,6,BAKE-PREHEAT,163.8,168.5,163.8,168.5
2025-08-29T20:52:37.427,976.4653069972992,170.0,166.1,29.5,79,6,BAKE-PREHEAT,163.8,168.5,163.8,168.5
2025-08-29T20:52:37.718,976.7556819915771,170.0,166.1,29.5,79,6,BAKE-PREHEAT,163.8,168.5,163.8,168.5
2025-08-29T20:52:37.954,976.9916379451752,170.0,166.2,29.5,56,6,BAKE-PREHEAT,163.8,168.8,163.8,168.8
2025-08-29T20:52:38.190,977.2284419536591,170.0,166.1,29.4,99,6,BAKE-PREHEAT,163.5,168.8,163.5,168.8
2025-08-29T20:52:38.480,977.5176830291748,170.0,166.1,29.4,79,6,BAKE-PREHEAT,163.8,168.5,163.8,168.5
2025-08-29T20:52:38.712,977.7499299049377,170.0,165.9,29.4,123,6,BAKE-PREHEAT,163.5,168.2,163.5,168.2
2025-08-29T20:52:38.942,977.9804759025574,170.0,166.2,29.6,16,6,BAKE-PREHEAT,163.8,168.8,163.8,168.8
2025-08-29T20:52:39.236,978.274041891098,170.0,166.1,29.4,99,6,BAKE-PREHEAT,163.5,168.8,163.5,168.8
2025-08-29T20:52:39.472,978.510468006134,170.0,166.1,29.4,79,6,BAKE-PREHEAT,163.5,168.8,163.5,168.8
2025-08-29T20:52:39.708,978.7463638782501,170.0,166.1,29.4,79,6,BAKE-PREHEAT,163.5,168.8,163.5,168.8
2025-08-29T20:52:40.010,979.0477209091187,170.0,166.2,29.6,56,6,BAKE-PREHEAT,164.0,168.5,164.0,168.5
2025-08-29T20:52:40.184,979.2223479747772,170.0,166.2,29.5,76,6,BAKE-PREHEAT,163.8,168.8,163.8,168.8
2025-08-29T20:52:40.477,979.5148849487305,170.0,166.1,29.5,99,6,BAKE-PREHEAT,163.8,168.5,163.8,168.5
2025-08-29T20:52:40.714,979.7517919540405,170.0,166.1,29.6,79,6,BAKE-PREHEAT,163.8,168.5,163.8,168.5
2025-08-29T20:52:40.949,979.9874699115753,170.0,166.2,29.6,56,6,BAKE-PREHEAT,163.8,168.8,163.8,168.8
2025-08-29T20:52:41.251,980.288633108139,170.0,166.0,29.4,121,6,BAKE-PREHEAT,163.5,168.5,163.5,168.5
2025-08-29T20:52:41.484,980.5215990543365,170.0,166.1,29.5,59,6,BAKE-PREHEAT,163.5,168.8,163.5,168.8
2025-08-29T20:52:41.720,980.7579069137573,170.0,166.2,29.6,56,6,BAKE-PREHEAT,163.8,168.8,163.8,168.8
2025-08-29T20:52:41.957,980.995099067688,170.0,166.2,29.6,76,6,BAKE-PREHEAT,163.8,168.8,163.8,168.8
2025-08-29T20:52:42.194,981.2322630882263,170.0,166.2,29.6,76,6,BAKE-PREHEAT,163.8,168.8,163.8,168.8
2025-08-29T20:52:42.429,981.4669330120087,170.0,166.1,29.5,99,6,BAKE-PREHEAT,163.5,168.8,163.5,168.8
2025-08-29T20:52:42.719,981.7567920684814,170.0,166.0,29.5,101,6,BAKE-PREHEAT,163.5,168.5,163.5,168.5
2025-08-29T20:52:42.957,981.9950060844421,170.0,166.0,29.5,81,6,BAKE-PREHEAT,163.5,168.5,163.5,168.5
2025-08-29T20:52:43.194,982.2325139045715,170.0,166.2,29.6,36,6,BAKE-PREHEAT,163.8,168.8,163.8,168.8
2025-08-29T20:52:43.429,982.4666268825531,170.0,166.2,29.5,76,6,BAKE-PREHEAT,163.8,168.8,163.8,168.8
2025-08-29T20:52:43.720,982.7584838867188,170.0,166.1,29.5,99,6,BAKE-PREHEAT,163.5,168.8,163.5,168.8
2025-08-29T20:52:43.956,982.9939548969269,170.0,166.0,29.4,101,6,BAKE-PREHEAT,163.2,168.8,163.2,168.8
2025-08-29T20:52:44.257,983.294960975647,170.0,166.1,29.5,59,6,BAKE-PREHEAT,163.5,168.8,163.5,168.8
2025-08-29T20:52:44.431,983.4687020778656,170.0,166.1,29.6,79,6,BAKE-PREHEAT,163.8,168.5,163.8,168.5
2025-08-29T20:52:44.724,983.7625629901886,170.0,166.0,29.5,101,6,BAKE-PREHEAT,163.5,168.5,163.5,168.5
2025-08-29T20:52:44.962,984.0002191066742,170.0,166.1,29.5,59,6,BAKE-PREHEAT,163.5,168.8,163.5,168.8
2025-08-29T20:52:45.197,984.2353909015656,170.0,166.1,29.6,79,6,BAKE-PREHEAT,163.8,168.5,163.8,168.5
2025-08-29T20:52:45.492,984.5303790569305,170.0,166.0,29.4,101,6,BAKE-PREHEAT,163.5,168.5,163.5,168.5
2025-08-29T20:52:45.727,984.7653439044952,170.0,166.0,29.6,81,6,BAKE-PREHEAT,163.5,168.5,163.5,168.5
2025-08-29T20:52:45.966,985.003634929657,170.0,166.2,29.6,37,6,BAKE-PREHEAT,164.0,168.5,164.0,168.5
2025-08-29T20:52:46.202,985.2396318912506,170.0,166.2,29.6,77,6,BAKE-PREHEAT,163.8,168.8,163.8,168.8
2025-08-29T20:52:46.438,985.4759290218353,170.0,166.2,29.6,77,6,BAKE-PREHEAT,163.8,168.8,163.8,168.8
2025-08-29T20:52:46.725,985.7635591030121,170.0,166.0,29.5,121,6,BAKE-PREHEAT,163.5,168.5,163.5,168.5
2025-08-29T20:52:46.957,985.9954040050507,170.0,166.1,29.5,59,6,BAKE-PREHEAT,163.8,168.5,163.8,168.5
2025-08-29T20:52:47.186,986.2240779399872,170.0,166.0,29.5,101,6,BAKE-PREHEAT,163.5,168.5,163.5,168.5
2025-08-29T20:52:47.481,986.5187039375305,170.0,166.2,29.6,37,6,BAKE-PREHEAT,163.8,168.8,163.8,168.8
2025-08-29T20:52:47.716,986.754175901413,170.0,166.2,29.6,77,6,BAKE-PREHEAT,163.8,168.8,163.8,168.8
2025-08-29T20:52:47.952,986.9895770549774,170.0,166.2,29.6,77,6,BAKE-PREHEAT,163.8,168.8,163.8,168.8
2025-08-29T20:52:48.253,987.2906510829926,170.0,166.1,29.5,99,6,BAKE-PREHEAT,163.5,168.8,163.5,168.8
2025-08-29T20:52:48.430,987.4685640335083,170.0,166.4,29.6,34,6,BAKE-PREHEAT,164.0,168.8,164.0,168.8
2025-08-29T20:52:48.721,987.7586569786072,170.0,166.5,29.7,52,6,BAKE-PREHEAT,164.0,169.0,164.0,169.0
2025-08-29T20:52:48.957,987.9953520298004,170.0,166.1,29.5,139,6,BAKE-PREHEAT,163.8,168.5,163.8,168.5
2025-08-29T20:52:49.194,988.2321000099182,170.0,166.4,29.6,34,6,BAKE-PREHEAT,164.2,168.5,164.2,168.5
2025-08-29T20:52:49.429,988.4665811061859,170.0,166.5,29.6,52,6,BAKE-PREHEAT,164.2,168.8,164.2,168.8
2025-08-29T20:52:49.716,988.753655910492,170.0,166.5,29.7,72,6,BAKE-PREHEAT,164.0,169.0,164.0,169.0
2025-08-29T20:52:49.948,988.986170053482,170.0,166.2,29.5,117,6,BAKE-PREHEAT,163.8,168.8,163.8,168.8
2025-08-29T20:52:50.184,989.2218489646912,170.0,166.5,29.6,32,6,BAKE-PREHEAT,164.0,169.0,164.0,169.0
2025-08-29T20:52:50.478,989.5164110660553,170.0,166.4,29.6,94,6,BAKE-PREHEAT,164.0,168.8,164.0,168.8
2025-08-29T20:52:50.715,989.7530889511108,170.0,166.5,29.6,52,6,BAKE-PREHEAT,164.0,169.0,164.0,169.0
2025-08-29T20:52:50.949,989.9871370792389,170.0,166.4,29.6,94,6,BAKE-PREHEAT,164.0,168.8,164.0,168.8
2025-08-29T20:52:51.247,990.284754037857,170.0,166.5,29.6,52,6,BAKE-PREHEAT,164.0,169.0,164.0,169.0
2025-08-29T20:52:51.485,990.5228068828583,170.0,166.4,29.5,94,6,BAKE-PREHEAT,164.0,168.8,164.0,168.8
2025-08-29T20:52:51.720,990.7580649852753,170.0,166.6,29.7,30,6,BAKE-PREHEAT,164.2,169.0,164.2,169.0
2025-08-29T20:52:51.957,990.9947779178619,170.0,166.6,29.7,70,6,BAKE-PREHEAT,164.2,169.0,164.2,169.0
2025-08-29T20:52:52.194,991.2320189476013,170.0,166.4,29.5,114,6,BAKE-PREHEAT,164.0,168.8,164.0,168.8
2025-08-29T20:52:52.488,991.5261619091034,170.0,166.6,29.7,30,6,BAKE-PREHEAT,164.2,169.0,164.2,169.0
2025-08-29T20:52:52.723,991.7614669799805,170.0,166.5,29.7,92,6,BAKE-PREHEAT,164.2,168.8,164.2,168.8
2025-08-29T20:52:52.961,991.998703956604,170.0,166.4,29.6,94,6,BAKE-PREHEAT,164.0,168.8,164.0,168.8
2025-08-29T20:52:53.196,992.233794927597,170.0,166.6,29.6,30,6,BAKE-PREHEAT,164.2,169.0,164.2,169.0
2025-08-29T20:52:53.428,992.465735912323,170.0,166.4,29.6,114,6,BAKE-PREHEAT,163.8,169.0,163.8,169.0
2025-08-29T20:52:53.719,992.7574739456177,170.0,166.6,29.7,30,6,BAKE-PREHEAT,164.2,169.0,164.2,169.0
2025-08-29T20:52:53.952,992.9898359775543,170.0,166.6,29.7,70,6,BAKE-PREHEAT,164.2,169.0,164.2,169.0
2025-08-29T20:52:54.181,993.218640089035,170.0,166.6,29.7,70,6,BAKE-PREHEAT,164.2,169.0,164.2,169.0
2025-08-29T20:52:54.471,993.5087490081787,170.0,166.5,29.5,92,6,BAKE-PREHEAT,164.0,169.0,164.0,169.0
2025-08-29T20:52:54.703,993.7415020465851,170.0,166.6,29.6,50,6,BAKE-PREHEAT,164.2,169.0,164.2,169.0
2025-08-29T20:52:54.940,993.9779019355774,170.0,166.6,29.7,70,6,BAKE-PREHEAT,164.2,169.0,164.2,169.0
2025-08-29T20:52:55.235,994.2725930213928,170.0,166.5,29.7,92,6,BAKE-PREHEAT,164.0,169.0,164.0,169.0
2025-08-29T20:52:55.469,994.5066709518433,170.0,166.5,29.6,72,6,BAKE-PREHEAT,164.0,169.0,164.0,169.0
2025-08-29T20:52:55.698,994.7356131076813,170.0,166.5,29.6,72,6,BAKE-PREHEAT,164.0,169.0,164.0,169.0
2025-08-29T20:52:55.933,994.9707159996033,170.0,166.5,29.7,72,6,BAKE-PREHEAT,164.0,169.0,164.0,169.0
2025-08-29T20:52:56.227,995.2654020786285,170.0,166.5,29.6,72,6,BAKE-PREHEAT,164.0,169.0,164.0,169.0
2025-08-29T20:52:56.462,995.4999969005585,170.0,166.6,29.7,50,6,BAKE-PREHEAT,164.2,169.0,164.2,169.0
2025-08-29T20:52:56.755,995.7929039001465,170.0,166.2,29.5,137,6,BAKE-PREHEAT,163.8,168.8,163.8,168.8
2025-08-29T20:52:56.929,995.9667220115662,170.0,166.2,29.6,77,6,BAKE-PREHEAT,163.8,168.8,163.8,168.8
2025-08-29T20:52:57.223,996.2614090442657,170.0,166.4,29.7,55,6,BAKE-PREHEAT,164.0,168.8,164.0,168.8
2025-08-29T20:52:57.461,996.4995589256287,170.0,166.5,29.7,52,6,BAKE-PREHEAT,164.0,169.0,164.0,169.0
2025-08-29T20:52:57.697,996.7348620891571,170.0,166.2,29.6,117,6,BAKE-PREHEAT,163.8,168.8,163.8,168.8
2025-08-29T20:52:57.932,996.9699048995972,170.0,166.2,29.5,77,6,BAKE-PREHEAT,163.8,168.8,163.8,168.8
2025-08-29T20:52:58.225,997.2626769542694,170.0,166.6,29.7,10,6,BAKE-PREHEAT,164.2,169.0,164.2,169.0
2025-08-29T20:52:58.456,997.4939789772034,170.0,166.5,29.7,92,6,BAKE-PREHEAT,164.0,169.0,164.0,169.0
2025-08-29T20:52:58.693,997.7309529781342,170.0,166.6,29.7,50,6,BAKE-PREHEAT,164.2,169.0,164.2,169.0
2025-08-29T20:52:58.926,997.9644310474396,170.0,166.6,29.6,70,6,BAKE-PREHEAT,164.0,169.2,164.0,169.2
2025-08-29T20:52:59.218,998.2564339637756,170.0,166.5,29.7,92,6,BAKE-PREHEAT,164.2,168.8,164.2,168.8
2025-08-29T20:52:59.452,998.4897379875183,170.0,166.5,29.5,72,6,BAKE-PREHEAT,164.0,169.0,164.0,169.0
2025-08-29T20:52:59.681,998.718908071518,170.0,166.5,29.6,72,6,BAKE-PREHEAT,164.2,168.8,164.2,168.8
2025-08-29T20:52:59.971,999.0085699558258,170.0,166.6,29.7,50,6,BAKE-PREHEAT,164.2,169.0,164.2,169.0
2025-08-29T20:53:00.207,999.2449839115143,170.0,166.5,29.7,92,6,BAKE-PREHEAT,164.2,168.8,164.2,168.8
2025-08-29T20:53:00.443,999.4806280136108,170.0,166.5,29.6,72,6,BAKE-PREHEAT,164.0,169.0,164.0,169.0
2025-08-29T20:53:00.738,999.7755858898163,170.0,166.4,29.6,95,6,BAKE-PREHEAT,164.0,168.8,164.0,168.8
2025-08-29T20:53:00.972,1000.0097808837891,170.0,166.5,29.7,52,6,BAKE-PREHEAT,164.2,168.8,164.2,168.8
2025-08-29T20:53:01.210,1000.2483100891113,170.0,166.6,29.7,50,6,BAKE-PREHEAT,164.2,169.0,164.2,169.0
2025-08-29T20:53:01.442,1000.4804511070251,170.0,166.6,29.7,70,6,BAKE-PREHEAT,164.2,169.0,164.2,169.0
2025-08-29T20:53:01.677,1000.7150180339813,170.0,166.5,29.6,92,6,BAKE-PREHEAT,164.0,169.0,164.0,169.0
2025-08-29T20:53:01.970,1001.0085549354553,170.0,166.5,29.7,72,6,BAKE-PREHEAT,164.2,168.8,164.2,168.8
2025-08-29T20:53:02.208,1001.2456619739532,170.0,166.6,29.8,50,6,BAKE-PREHEAT,164.2,169.0,164.2,169.0
2025-08-29T20:53:02.436,1001.4742450714111,170.0,166.4,29.6,115,6,BAKE-PREHEAT,164.0,168.8,164.0,168.8
2025-08-29T20:53:02.731,1001.7685830593109,170.0,166.4,29.6,75,6,BAKE-PREHEAT,164.0,168.8,164.0,168.8
2025-08-29T20:53:02.967,1002.0049428939819,170.0,166.6,29.7,30,6,BAKE-PREHEAT,164.2,169.0,164.2,169.0
2025-08-29T20:53:03.203,1002.2410318851471,170.0,166.5,29.7,93,6,BAKE-PREHEAT,164.0,169.0,164.0,169.0
2025-08-29T20:53:03.436,1002.4736409187317,170.0,166.5,29.7,73,6,BAKE-PREHEAT,164.2,168.8,164.2,168.8
2025-08-29T20:53:03.720,1002.7582740783691,170.0,166.1,29.6,140,6,BAKE-PREHEAT,163.8,168.5,163.8,168.5
2025-08-29T20:53:03.959,1002.9969539642334,170.0,166.5,29.8,13,6,BAKE-PREHEAT,164.2,168.8,164.2,168.8
2025-08-29T20:53:04.194,1003.2321588993073,170.0,166.2,29.6,117,6,BAKE-PREHEAT,164.0,168.5,164.0,168.5
2025-08-29T20:53:04.426,1003.4644711017609,170.0,166.5,29.7,33,6,BAKE-PREHEAT,164.2,168.8,164.2,168.8
2025-08-29T20:53:04.720,1003.757630109787,170.0,166.5,29.6,73,6,BAKE-PREHEAT,164.0,169.0,164.0,169.0
2025-08-29T20:53:04.960,1003.9982619285583,170.0,166.4,29.7,95,6,BAKE-PREHEAT,164.2,168.5,164.2,168.5
2025-08-29T20:53:05.261,1004.2993199825287,170.0,166.4,29.6,75,6,BAKE-PREHEAT,164.0,168.8,164.0,168.8
2025-08-29T20:53:05.434,1004.4719779491425,170.0,166.2,29.6,97,6,BAKE-PREHEAT,164.0,168.5,164.0,168.5
2025-08-29T20:53:05.726,1004.764023065567,170.0,166.5,29.8,33,6,BAKE-PREHEAT,164.2,168.8,164.2,168.8
2025-08-29T20:53:05.960,1004.9983179569244,170.0,166.2,29.6,117,6,BAKE-PREHEAT,164.0,168.5,164.0,168.5
2025-08-29T20:53:06.196,1005.2336230278015,170.0,166.2,29.6,77,6,BAKE-PREHEAT,164.0,168.5,164.0,168.5
2025-08-29T20:53:06.497,1005.5345780849457,170.0,166.2,29.8,77,6,BAKE-PREHEAT,164.2,168.2,164.2,168.2
2025-08-29T20:53:06.735,1005.7729730606079,170.0,166.4,29.7,55,6,BAKE-PREHEAT,164.0,168.8,164.0,168.8
2025-08-29T20:53:06.972,1006.0099868774414,170.0,166.2,29.8,97,6,BAKE-PREHEAT,164.2,168.2,164.2,168.2
2025-08-29T20:53:07.210,1006.2482380867004,170.0,166.4,29.8,55,6,BAKE-PREHEAT,164.2,168.5,164.2,168.5
2025-08-29T20:53:07.441,1006.4786570072174,170.0,166.2,29.7,97,6,BAKE-PREHEAT,164.0,168.5,164.0,168.5
2025-08-29T20:53:07.735,1006.7731959819794,170.0,166.1,29.7,100,6,BAKE-PREHEAT,164.0,168.2,164.0,168.2
2025-08-29T20:53:07.969,1007.0074019432068,170.0,166.4,29.8,35,6,BAKE-PREHEAT,164.2,168.5,164.2,168.5
2025-08-29T20:53:08.206,1007.2442510128021,170.0,166.2,29.7,97,6,BAKE-PREHEAT,164.0,168.5,164.0,168.5
2025-08-29T20:53:08.438,1007.475830078125,170.0,166.2,29.7,77,6,BAKE-PREHEAT,164.0,168.5,164.0,168.5
2025-08-29T20:53:08.729,1007.7671320438385,170.0,166.4,29.8,55,6,BAKE-PREHEAT,164.0,168.8,164.0,168.8
2025-08-29T20:53:08.967,1008.0054218769073,170.0,166.2,29.6,98,6,BAKE-PREHEAT,164.0,168.5,164.0,168.5
2025-08-29T20:53:09.203,1008.2412259578705,170.0,166.5,29.7,33,6,BAKE-PREHEAT,164.2,168.8,164.2,168.8
2025-08-29T20:53:09.497,1008.5353589057922,170.0,166.4,29.8,95,6,BAKE-PREHEAT,164.2,168.5,164.2,168.5
2025-08-29T20:53:09.674,1008.7117629051208,170.0,166.1,29.6,120,6,BAKE-PREHEAT,164.0,168.2,164.0,168.2
2025-08-29T20:53:09.966,1009.0042419433594,170.0,166.4,29.8,35,6,BAKE-PREHEAT,164.2,168.5,164.2,168.5
2025-08-29T20:53:10.203,1009.2410209178925,170.0,166.2,29.8,98,6,BAKE-PREHEAT,164.2,168.2,164.2,168.2
2025-08-29T20:53:10.435,1009.4725799560547,170.0,166.4,29.7,55,6,BAKE-PREHEAT,164.0,168.8,164.0,168.8
2025-08-29T20:53:10.727,1009.7648119926453,170.0,166.4,29.8,75,6,BAKE-PREHEAT,164.2,168.5,164.2,168.5
2025-08-29T20:53:10.966,1010.0035769939423,170.0,166.1,29.7,120,6,BAKE-PREHEAT,163.8,168.5,163.8,168.5
2025-08-29T20:53:11.202,1010.2401480674744,170.0,166.4,29.8,35,6,BAKE-PREHEAT,164.2,168.5,164.2,168.5
2025-08-29T20:53:11.434,1010.4725461006165,170.0,166.1,29.8,120,6,BAKE-PREHEAT,164.2,168.0,164.2,168.0
2025-08-29T20:53:11.725,1010.7634859085083,170.0,166.1,29.7,80,6,BAKE-PREHEAT,164.0,168.2,164.0,168.2
2025-08-29T20:53:11.958,1010.9962379932404,170.0,166.4,29.8,35,6,BAKE-PREHEAT,164.2,168.5,164.2,168.5
2025-08-29T20:53:12.259,1011.297159910202,170.0,166.4,29.8,75,6,BAKE-PREHEAT,164.2,168.5,164.2,168.5
2025-08-29T20:53:12.434,1011.4722270965576,170.0,166.4,29.8,75,6,BAKE-PREHEAT,164.2,168.5,164.2,168.5
2025-08-29T20:53:12.729,1011.7669360637665,170.0,166.2,29.7,98,6,BAKE-PREHEAT,164.2,168.2,164.2,168.2
2025-08-29T20:53:12.964,1012.0015819072723,170.0,166.1,29.7,100,6,BAKE-PREHEAT,164.2,168.0,164.2,168.0
2025-08-29T20:53:13.199,1012.2375168800354,170.0,166.0,29.7,102,6,BAKE-PREHEAT,164.0,168.0,164.0,168.0
2025-08-29T20:53:13.493,1012.5311160087585,170.0,166.4,29.8,15,6,BAKE-PREHEAT,164.5,168.2,164.5,168.2
2025-08-29T20:53:13.729,1012.7668569087982,170.0,166.2,29.7,98,6,BAKE-PREHEAT,164.2,168.2,164.2,168.2
2025-08-29T20:53:13.967,1013.004693031311,170.0,166.1,29.7,100,6,BAKE-PREHEAT,164.0,168.2,164.0,168.2
2025-08-29T20:53:14.202,1013.2395920753479,170.0,166.1,29.7,80,6,BAKE-PREHEAT,164.2,168.0,164.2,168.0
2025-08-29T20:53:14.438,1013.4761068820953,170.0,166.2,29.7,58,6,BAKE-PREHEAT,164.2,168.2,164.2,168.2
2025-08-29T20:53:14.733,1013.7706699371338,170.0,166.4,29.8,55,6,BAKE-PREHEAT,164.5,168.2,164.5,168.2
2025-08-29T20:53:14.783,1013.8212909698486,170.0,166.5,29.8,53,6,BAKE-PREHEAT,164.5,168.5,164.5,168.5
2025-08-29T20:53:15.188,1014.2262818813324,180.0,166.4,29.8,255,6,BAKE-PREHEAT,164.5,168.2,164.5,168.2
2025-08-29T20:53:15.425,1014.4630699157715,180.0,166.4,29.8,255,6,BAKE-PREHEAT,164.5,168.2,164.5,168.2
2025-08-29T20:53:15.717,1014.7555139064789,180.0,166.2,29.8,255,6,BAKE-PREHEAT,164.2,168.2,164.2,168.2
2025-08-29T20:53:15.951,1014.9889459609985,180.0,166.6,29.8,201,6,BAKE-PREHEAT,164.5,168.8,164.5,168.8
2025-08-29T20:53:16.186,1015.2238130569458,180.0,166.6,29.8,255,6,BAKE-PREHEAT,164.5,168.8,164.5,168.8
2025-08-29T20:53:16.474,1015.5116760730743,180.0,166.6,29.7,255,6,BAKE-PREHEAT,164.5,168.8,164.5,168.8
2025-08-29T20:53:16.712,1015.7495958805084,180.0,166.4,29.8,255,6,BAKE-PREHEAT,164.5,168.2,164.5,168.2
2025-08-29T20:53:16.946,1015.9840290546417,180.0,166.6,29.8,221,6,BAKE-PREHEAT,164.5,168.8,164.5,168.8
2025-08-29T20:53:17.181,1016.2194380760193,180.0,166.6,29.8,255,6,BAKE-PREHEAT,164.5,168.8,164.5,168.8
2025-08-29T20:53:17.475,1016.5133988857269,180.0,166.8,29.8,239,6,BAKE-PREHEAT,164.5,169.0,164.5,169.0
2025-08-29T20:53:17.710,1016.7478408813477,180.0,166.9,29.8,236,6,BAKE-PREHEAT,165.0,168.8,165.0,168.8
2025-08-29T20:53:17.943,1016.9812250137329,180.0,166.9,29.8,255,6,BAKE-PREHEAT,164.8,169.0,164.8,169.0
2025-08-29T20:53:18.174,1017.2123730182648,180.0,167.0,29.8,234,6,BAKE-PREHEAT,164.8,169.2,164.8,169.2
2025-08-29T20:53:18.464,1017.5022749900818,180.0,167.1,29.9,232,6,BAKE-PREHEAT,165.0,169.2,165.0,169.2
2025-08-29T20:53:18.696,1017.7337739467621,180.0,167.0,29.7,255,6,BAKE-PREHEAT,164.8,169.2,164.8,169.2
2025-08-29T20:53:18.929,1017.9671559333801,180.0,167.1,29.8,232,6,BAKE-PREHEAT,165.2,169.0,165.2,169.0
2025-08-29T20:53:19.219,1018.2567369937897,180.0,167.5,29.9,185,6,BAKE-PREHEAT,165.5,169.5,165.5,169.5
2025-08-29T20:53:19.457,1018.4950230121613,180.0,167.4,29.8,255,6,BAKE-PREHEAT,165.2,169.5,165.2,169.5
2025-08-29T20:53:19.688,1018.7260329723358,180.0,167.5,29.8,225,6,BAKE-PREHEAT,165.2,169.8,165.2,169.8
2025-08-29T20:53:19.982,1019.0201199054718,180.0,167.5,29.7,245,6,BAKE-PREHEAT,165.2,169.8,165.2,169.8
2025-08-29T20:53:20.221,1019.2592380046844,180.0,167.6,29.9,222,6,BAKE-PREHEAT,165.8,169.5,165.8,169.5
2025-08-29T20:53:20.456,1019.4940330982208,180.0,167.6,29.7,243,6,BAKE-PREHEAT,165.5,169.8,165.5,169.8
2025-08-29T20:53:20.682,1019.7195820808411,180.0,168.0,29.9,175,6,BAKE-PREHEAT,165.8,170.2,165.8,170.2
2025-08-29T20:53:20.849,1019.8869609832764,180.0,168.0,29.9,235,6,BAKE-PREHEAT,165.8,170.2,165.8,170.2
2025-08-29T20:53:21.202,1020.2395739555359,180.0,168.0,29.8,236,6,BAKE-PREHEAT,165.8,170.2,165.8,170.2
2025-08-29T20:53:21.438,1020.4762659072876,180.0,168.1,29.9,213,6,BAKE-PREHEAT,166.0,170.2,166.0,170.2
2025-08-29T20:53:21.723,1020.7607131004333,180.0,168.2,29.8,211,6,BAKE-PREHEAT,166.0,170.5,166.0,170.5
2025-08-29T20:53:21.960,1020.9976298809052,180.0,168.1,29.8,253,6,BAKE-PREHEAT,165.8,170.5,165.8,170.5
2025-08-29T20:53:22.188,1021.226068019867,180.0,168.2,29.8,211,6,BAKE-PREHEAT,166.0,170.5,166.0,170.5
2025-08-29T20:53:22.424,1021.4621698856354,180.0,168.6,29.9,164,6,BAKE-PREHEAT,166.2,171.0,166.2,171.0
2025-08-29T20:53:22.715,1021.7533929347992,180.0,168.5,29.8,246,6,BAKE-PREHEAT,166.2,170.8,166.2,170.8
2025-08-29T20:53:22.951,1021.9892680644989,180.0,168.8,29.8,182,6,BAKE-PREHEAT,166.5,171.0,166.5,171.0
2025-08-29T20:53:23.185,1022.2234079837799,180.0,168.8,29.8,222,6,BAKE-PREHEAT,166.5,171.0,166.5,171.0
2025-08-29T20:53:23.475,1022.5135250091553,180.0,168.8,29.8,222,6,BAKE-PREHEAT,166.5,171.0,166.5,171.0
2025-08-29T20:53:23.707,1022.7450890541077,180.0,169.0,29.8,177,6,BAKE-PREHEAT,166.8,171.2,166.8,171.2
2025-08-29T20:53:23.940,1022.9775960445404,180.0,169.2,29.8,172,6,BAKE-PREHEAT,167.0,171.5,167.0,171.5
2025-08-29T20:53:24.174,1023.211788892746,180.0,169.2,29.8,212,6,BAKE-PREHEAT,167.0,171.5,167.0,171.5
2025-08-29T20:53:24.464,1023.5024700164795,180.0,169.4,29.9,190,6,BAKE-PREHEAT,167.2,171.5,167.2,171.5
2025-08-29T20:53:24.699,1023.736741065979,180.0,169.5,29.9,187,6,BAKE-PREHEAT,167.2,171.8,167.2,171.8
2025-08-29T20:53:24.866,1023.9038128852844,180.0,169.9,29.9,140,6,BAKE-PREHEAT,167.5,172.2,167.5,172.2
2025-08-29T20:53:25.220,1024.2575860023499,190.0,169.9,29.9,255,6,BAKE-PREHEAT,167.5,172.2,167.5,172.2
2025-08-29T20:53:25.458,1024.4957339763641,190.0,169.9,29.9,255,6,BAKE-PREHEAT,167.8,172.0,167.8,172.0
2025-08-29T20:53:25.690,1024.7278978824615,190.0,170.0,29.8,255,6,BAKE-PREHEAT,167.8,172.2,167.8,172.2
2025-08-29T20:53:25.986,1025.024435043335,190.0,170.2,29.9,255,6,BAKE-PREHEAT,168.0,172.5,168.0,172.5
2025-08-29T20:53:26.222,1025.2597649097443,190.0,170.4,29.8,255,6,BAKE-PREHEAT,168.0,172.8,168.0,172.8
2025-08-29T20:53:26.458,1025.4965488910675,190.0,170.4,29.9,255,6,BAKE-PREHEAT,168.2,172.5,168.2,172.5
2025-08-29T20:53:26.694,1025.7318348884583,190.0,170.6,29.9,255,6,BAKE-PREHEAT,168.5,172.8,168.5,172.8
2025-08-29T20:53:26.925,1025.9630229473114,190.0,170.8,29.8,255,6,BAKE-PREHEAT,168.2,173.2,168.2,173.2
2025-08-29T20:53:27.218,1026.2565410137177,190.0,171.0,29.9,255,6,BAKE-PREHEAT,168.8,173.2,168.8,173.2
2025-08-29T20:53:27.453,1026.4909698963165,190.0,171.4,29.8,255,6,BAKE-PREHEAT,169.0,173.8,169.0,173.8
2025-08-29T20:53:27.685,1026.7226090431213,190.0,171.4,29.9,255,6,BAKE-PREHEAT,169.0,173.8,169.0,173.8
2025-08-29T20:53:27.971,1027.0090279579163,190.0,171.6,29.9,255,6,BAKE-PREHEAT,169.2,174.0,169.2,174.0
2025-08-29T20:53:28.210,1027.2477428913116,190.0,171.9,29.9,255,6,BAKE-PREHEAT,169.5,174.2,169.5,174.2
2025-08-29T20:53:28.443,1027.4809539318085,190.0,172.0,29.8,255,6,BAKE-PREHEAT,169.8,174.2,169.8,174.2
2025-08-29T20:53:28.678,1027.7159950733185,190.0,172.6,29.9,239,6,BAKE-PREHEAT,170.5,174.8,170.5,174.8
2025-08-29T20:53:28.969,1028.0066289901733,190.0,172.8,29.8,255,6,BAKE-PREHEAT,170.2,175.2,170.2,175.2
2025-08-29T20:53:29.207,1028.2453980445862,190.0,173.0,29.9,255,6,BAKE-PREHEAT,170.5,175.5,170.5,175.5
2025-08-29T20:53:29.442,1028.4800689220428,190.0,173.0,29.9,255,6,BAKE-PREHEAT,170.8,175.2,170.8,175.2
2025-08-29T20:53:29.677,1028.7154231071472,190.0,173.4,30.0,255,6,BAKE-PREHEAT,171.0,175.8,171.0,175.8
2025-08-29T20:53:29.961,1028.9989230632782,190.0,173.6,29.8,255,6,BAKE-PREHEAT,171.0,176.2,171.0,176.2
2025-08-29T20:53:30.198,1029.2357449531555,190.0,174.0,29.9,253,6,BAKE-PREHEAT,171.5,176.5,171.5,176.5
2025-08-29T20:53:30.491,1029.5295510292053,190.0,174.4,30.0,246,6,BAKE-PREHEAT,172.0,176.8,172.0,176.8
2025-08-29T20:53:30.731,1029.7691009044647,190.0,174.6,30.0,255,6,BAKE-PREHEAT,172.0,177.2,172.0,177.2
2025-08-29T20:53:30.843,1029.8810060024261,190.0,174.6,29.9,255,6,BAKE-PREHEAT,172.0,177.2,172.0,177.2
2025-08-29T20:53:31.193,1030.2314639091492,190.0,175.0,29.9,234,6,BAKE-PREHEAT,172.8,177.2,172.8,177.2
2025-08-29T20:53:31.429,1030.4671590328217,190.0,175.1,29.8,255,6,BAKE-PREHEAT,172.5,177.8,172.5,177.8
2025-08-29T20:53:31.725,1030.7627029418945,190.0,175.4,29.8,247,6,BAKE-PREHEAT,172.8,178.0,172.8,178.0
2025-08-29T20:53:31.956,1030.993740081787,190.0,175.9,29.9,198,6,BAKE-PREHEAT,173.2,178.5,173.2,178.5
2025-08-29T20:53:32.190,1031.227833032608,190.0,175.9,29.9,255,6,BAKE-PREHEAT,173.2,178.5,173.2,178.5
2025-08-29T20:53:32.425,1031.4626190662384,190.0,176.1,29.8,233,6,BAKE-PREHEAT,173.5,178.8,173.5,178.8
2025-08-29T20:53:32.712,1031.7496709823608,190.0,176.5,29.9,206,6,BAKE-PREHEAT,174.0,179.0,174.0,179.0
2025-08-29T20:53:32.944,1031.9825389385223,190.0,176.8,30.0,221,6,BAKE-PREHEAT,174.2,179.2,174.2,179.2
2025-08-29T20:53:33.241,1032.2787129878998,190.0,177.0,29.9,217,6,BAKE-PREHEAT,174.5,179.5,174.5,179.5
2025-08-29T20:53:33.479,1032.5174350738525,190.0,177.1,29.8,234,6,BAKE-PREHEAT,174.5,179.8,174.5,179.8
2025-08-29T20:53:33.713,1032.750727891922,190.0,177.4,29.9,210,6,BAKE-PREHEAT,174.8,180.0,174.8,180.0
2025-08-29T20:53:33.946,1032.9844629764557,190.0,177.6,29.8,205,6,BAKE-PREHEAT,175.0,180.2,175.0,180.2
2025-08-29T20:53:34.178,1033.2159669399261,190.0,177.8,29.8,223,6,BAKE-PREHEAT,175.2,180.2,175.2,180.2
2025-08-29T20:53:34.470,1033.5077378749847,190.0,178.2,30.0,153,6,BAKE-PREHEAT,175.8,180.8,175.8,180.8
2025-08-29T20:53:34.701,1033.7390699386597,190.0,178.2,29.8,233,6,BAKE-PREHEAT,175.5,181.0,175.5,181.0
2025-08-29T20:53:34.928,1033.96622300148,190.0,178.6,29.9,166,6,BAKE-PREHEAT,176.0,181.2,176.0,181.2
2025-08-29T20:53:35.230,1034.2682790756226,200.0,178.9,29.9,255,6,BAKE-PREHEAT,176.2,181.5,176.2,181.5
2025-08-29T20:53:35.470,1034.5078089237213,200.0,179.1,30.0,255,6,BAKE-PREHEAT,176.5,181.8,176.5,181.8
2025-08-29T20:53:35.707,1034.7454099655151,200.0,179.4,30.0,255,6,BAKE-PREHEAT,176.8,182.0,176.8,182.0
2025-08-29T20:53:35.944,1034.982274055481,200.0,179.8,30.0,255,6,BAKE-PREHEAT,177.0,182.5,177.0,182.5
2025-08-29T20:53:36.172,1035.2104759216309,200.0,180.0,30.0,255,6,BAKE-PREHEAT,177.2,182.8,177.2,182.8
2025-08-29T20:53:36.463,1035.5015408992767,200.0,180.1,30.0,255,6,BAKE-PREHEAT,177.5,182.8,177.5,182.8
2025-08-29T20:53:36.697,1035.7353150844574,200.0,180.5,30.0,255,6,BAKE-PREHEAT,177.8,183.2,177.8,183.2
2025-08-29T20:53:36.930,1035.968493938446,200.0,180.6,30.0,255,6,BAKE-PREHEAT,178.0,183.2,178.0,183.2
2025-08-29T20:53:37.224,1036.2623400688171,200.0,181.0,29.9,255,6,BAKE-PREHEAT,178.2,183.8,178.2,183.8
2025-08-29T20:53:37.460,1036.4979090690613,200.0,181.2,29.9,255,6,BAKE-PREHEAT,178.5,184.0,178.5,184.0
2025-08-29T20:53:37.688,1036.7264020442963,200.0,181.8,30.0,255,6,BAKE-PREHEAT,179.0,184.5,179.0,184.5
2025-08-29T20:53:37.923,1036.9607620239258,200.0,181.9,30.0,255,6,BAKE-PREHEAT,179.0,184.8,179.0,184.8
2025-08-29T20:53:38.216,1037.2540729045868,200.0,182.1,30.0,255,6,BAKE-PREHEAT,179.5,184.8,179.5,184.8
2025-08-29T20:53:38.451,1037.4894649982452,200.0,182.2,29.9,255,6,BAKE-PREHEAT,179.2,185.2,179.2,185.2
2025-08-29T20:53:38.749,1037.7873809337616,200.0,182.6,29.9,255,6,BAKE-PREHEAT,179.8,185.5,179.8,185.5
2025-08-29T20:53:38.921,1037.9592349529266,200.0,183.1,30.0,251,6,BAKE-PREHEAT,180.2,186.0,180.2,186.0
2025-08-29T20:53:39.211,1038.2486190795898,200.0,183.1,30.0,255,6,BAKE-PREHEAT,180.2,186.0,180.2,186.0
2025-08-29T20:53:39.447,1038.4847209453583,200.0,183.5,30.0,255,6,BAKE-PREHEAT,180.5,186.5,180.5,186.5
2025-08-29T20:53:39.682,1038.7205410003662,200.0,183.9,30.0,255,6,BAKE-PREHEAT,181.0,186.8,181.0,186.8
2025-08-29T20:53:39.975,1039.0132579803467,200.0,184.0,30.0,255,6,BAKE-PREHEAT,181.0,187.0,181.0,187.0
2025-08-29T20:53:40.211,1039.2489058971405,200.0,184.5,30.1,226,6,BAKE-PREHEAT,181.5,187.5,181.5,187.5
2025-08-29T20:53:40.443,1039.481076002121,200.0,184.6,30.0,255,6,BAKE-PREHEAT,181.5,187.8,181.5,187.8
2025-08-29T20:53:40.676,1039.7145419120789,200.0,184.6,29.9,255,6,BAKE-PREHEAT,181.5,187.8,181.5,187.8
2025-08-29T20:53:40.970,1040.0076739788055,200.0,185.0,30.0,236,6,BAKE-PREHEAT,182.0,188.0,182.0,188.0
2025-08-29T20:53:41.202,1040.2405230998993,200.0,185.2,30.0,252,6,BAKE-PREHEAT,182.2,188.2,182.2,188.2
2025-08-29T20:53:41.441,1040.4786400794983,200.0,185.6,29.9,224,6,BAKE-PREHEAT,182.5,188.8,182.5,188.8
2025-08-29T20:53:41.670,1040.7077610492706,200.0,185.9,30.0,240,6,BAKE-PREHEAT,182.8,189.0,182.8,189.0
2025-08-29T20:53:41.958,1040.995980978012,200.0,185.9,29.9,255,6,BAKE-PREHEAT,182.8,189.0,182.8,189.0
2025-08-29T20:53:42.191,1041.2294189929962,200.0,186.2,30.0,213,6,BAKE-PREHEAT,183.2,189.2,183.2,189.2
2025-08-29T20:53:42.426,1041.4644510746002,200.0,186.8,30.1,183,6,BAKE-PREHEAT,183.8,189.8,183.8,189.8
2025-08-29T20:53:42.719,1041.7572350502014,200.0,186.9,30.0,241,6,BAKE-PREHEAT,183.8,190.0,183.8,190.0
2025-08-29T20:53:42.950,1041.987830877304,200.0,187.0,29.9,239,6,BAKE-PREHEAT,183.8,190.2,183.8,190.2
2025-08-29T20:53:43.180,1042.218197107315,200.0,187.6,30.1,147,6,BAKE-PREHEAT,184.5,190.8,184.5,190.8
2025-08-29T20:53:43.481,1042.5192980766296,200.0,187.6,29.9,247,6,BAKE-PREHEAT,184.2,191.0,184.2,191.0
2025-08-29T20:53:43.718,1042.756520986557,200.0,187.9,29.9,202,6,BAKE-PREHEAT,184.5,191.2,184.5,191.2
2025-08-29T20:53:43.953,1042.990602016449,200.0,188.1,30.0,197,6,BAKE-PREHEAT,184.8,191.5,184.8,191.5
2025-08-29T20:53:44.191,1043.2285830974579,200.0,188.5,30.1,170,6,BAKE-PREHEAT,185.2,191.8,185.2,191.8
2025-08-29T20:53:44.482,1043.5195989608765,200.0,188.8,30.1,186,6,BAKE-PREHEAT,185.5,192.0,185.5,192.0
2025-08-29T20:53:44.717,1043.7554469108582,200.0,189.1,30.1,158,6,BAKE-PREHEAT,186.0,192.2,186.0,192.2
2025-08-29T20:53:44.952,1043.9904808998108,200.0,189.2,30.1,196,6,BAKE-PREHEAT,186.0,192.5,186.0,192.5
2025-08-29T20:53:44.962,1044.00044298172,200.0,189.5,30.0,171,6,BAKE-PREHEAT,186.0,193.0,186.0,193.0
2025-08-29T20:53:45.477,1044.515009880066,210.0,189.8,29.9,255,6,BAKE-PREHEAT,186.2,193.2,186.2,193.2
2025-08-29T20:53:45.712,1044.750384092331,210.0,190.0,30.1,255,6,BAKE-PREHEAT,186.8,193.2,186.8,193.2
2025-08-29T20:53:45.945,1044.9828050136566,210.0,190.2,30.0,255,6,BAKE-PREHEAT,186.8,193.8,186.8,193.8
2025-08-29T20:53:46.173,1045.211396932602,210.0,190.6,30.1,255,6,BAKE-PREHEAT,187.2,194.0,187.2,194.0
2025-08-29T20:53:46.468,1045.5060369968414,210.0,190.8,30.0,255,6,BAKE-PREHEAT,187.2,194.2,187.2,194.2
2025-08-29T20:53:46.705,1045.7432370185852,210.0,191.1,30.1,255,6,BAKE-PREHEAT,187.8,194.5,187.8,194.5
2025-08-29T20:53:46.940,1045.9780631065369,210.0,191.4,30.0,255,6,BAKE-PREHEAT,188.0,194.8,188.0,194.8
2025-08-29T20:53:47.236,1046.2738749980927,210.0,191.9,30.1,255,6,BAKE-PREHEAT,188.5,195.2,188.5,195.2
2025-08-29T20:53:47.471,1046.5093250274658,210.0,192.0,30.0,255,6,BAKE-PREHEAT,188.5,195.5,188.5,195.5
2025-08-29T20:53:47.710,1046.7483170032501,210.0,192.2,30.1,255,6,BAKE-PREHEAT,188.8,195.8,188.8,195.8
2025-08-29T20:53:47.946,1046.9845390319824,210.0,192.5,30.1,255,6,BAKE-PREHEAT,189.0,196.0,189.0,196.0
2025-08-29T20:53:48.181,1047.2187550067902,210.0,193.0,30.1,255,6,BAKE-PREHEAT,189.5,196.5,189.5,196.5
2025-08-29T20:53:48.475,1047.5134420394897,210.0,193.1,30.0,255,6,BAKE-PREHEAT,189.8,196.5,189.8,196.5
2025-08-29T20:53:48.710,1047.747831106186,210.0,193.5,30.0,255,6,BAKE-PREHEAT,190.0,197.0,190.0,197.0
2025-08-29T20:53:48.939,1047.9767339229584,210.0,193.8,30.0,255,6,BAKE-PREHEAT,190.2,197.2,190.2,197.2
2025-08-29T20:53:49.171,1048.2089529037476,210.0,194.0,30.2,255,6,BAKE-PREHEAT,190.8,197.2,190.8,197.2
2025-08-29T20:53:49.463,1048.5015490055084,210.0,194.2,30.0,255,6,BAKE-PREHEAT,190.8,197.8,190.8,197.8
2025-08-29T20:53:49.694,1048.732479095459,210.0,194.6,30.2,245,6,BAKE-PREHEAT,191.2,198.0,191.2,198.0
2025-08-29T20:53:49.995,1049.0333609580994,210.0,195.1,30.1,216,6,BAKE-PREHEAT,191.8,198.5,191.8,198.5
2025-08-29T20:53:50.168,1049.2058279514313,210.0,195.2,30.1,255,6,BAKE-PREHEAT,192.0,198.5,192.0,198.5
2025-08-29T20:53:50.458,1049.4964900016785,210.0,195.4,30.0,255,6,BAKE-PREHEAT,192.0,198.8,192.0,198.8
2025-08-29T20:53:50.694,1049.7323858737946,210.0,195.9,30.1,201,6,BAKE-PREHEAT,192.5,199.2,192.5,199.2
2025-08-29T20:53:50.926,1049.9644980430603,210.0,196.2,30.2,214,6,BAKE-PREHEAT,192.8,199.8,192.8,199.8
2025-08-29T20:53:51.036,1050.0743749141693,210.0,196.8,30.1,185,6,BAKE-PREHEAT,193.2,200.2,193.2,200.2
2025-08-29T20:53:51.449,1050.4868071079254,210.0,196.9,30.2,243,6,BAKE-PREHEAT,193.5,200.2,193.5,200.2
2025-08-29T20:53:51.679,1050.7167649269104,210.0,197.2,30.0,195,6,BAKE-PREHEAT,193.8,200.8,193.8,200.8
2025-08-29T20:53:51.969,1051.006980895996,210.0,197.4,30.1,233,6,BAKE-PREHEAT,194.0,200.8,194.0,200.8
2025-08-29T20:53:52.200,1051.2378659248352,210.0,197.8,30.2,186,6,BAKE-PREHEAT,194.2,201.2,194.2,201.2
2025-08-29T20:53:52.437,1051.4750969409943,210.0,197.9,30.0,224,6,BAKE-PREHEAT,194.2,201.5,194.2,201.5
2025-08-29T20:53:52.734,1051.7725219726562,210.0,198.2,30.0,177,6,BAKE-PREHEAT,194.5,202.0,194.5,202.0
2025-08-29T20:53:52.969,1052.006910085678,210.0,198.8,30.2,147,6,BAKE-PREHEAT,195.0,202.5,195.0,202.5
2025-08-29T20:53:53.199,1052.2368550300598,210.0,198.8,30.1,227,6,BAKE-PREHEAT,195.0,202.5,195.0,202.5
2025-08-29T20:53:53.436,1052.474221944809,210.0,198.9,30.1,205,6,BAKE-PREHEAT,195.2,202.5,195.2,202.5
2025-08-29T20:53:53.726,1052.7640891075134,210.0,199.5,30.1,113,6,BAKE-PREHEAT,195.8,203.2,195.8,203.2
2025-08-29T20:53:53.965,1053.0033929347992,210.0,199.8,30.1,168,6,BAKE-PREHEAT,196.0,203.5,196.0,203.5
2025-08-29T20:53:54.197,1053.2353019714355,210.0,200.0,30.0,164,6,BAKE-PREHEAT,196.0,204.0,196.0,204.0
2025-08-29T20:53:54.427,1053.4655570983887,210.0,200.2,30.1,159,6,BAKE-PREHEAT,196.5,204.0,196.5,204.0
2025-08-29T20:53:54.719,1053.7571439743042,210.0,200.5,30.1,154,6,BAKE-PREHEAT,196.8,204.2,196.8,204.2
2025-08-29T20:53:54.953,1053.9915449619293,210.0,200.6,30.1,172,6,BAKE-PREHEAT,196.8,204.5,196.8,204.5
2025-08-29T20:53:55.069,1054.1072199344635,210.0,201.1,30.2,102,6,BAKE-PREHEAT,197.5,204.8,197.5,204.8
2025-08-29T20:53:55.479,1054.5173969268799,220.0,201.1,30.1,255,6,BAKE-PREHEAT,197.2,205.0,197.2,205.0
2025-08-29T20:53:55.716,1054.7542231082916,220.0,201.4,30.1,255,6,BAKE-PREHEAT,197.5,205.2,197.5,205.2
2025-08-29T20:53:55.941,1054.9788010120392,220.0,201.6,30.2,255,6,BAKE-PREHEAT,197.8,205.5,197.8,205.5
2025-08-29T20:53:56.185,1055.2227210998535,220.0,201.8,30.1,255,6,BAKE-PREHEAT,198.0,205.5,198.0,205.5
2025-08-29T20:53:56.479,1055.5174379348755,220.0,201.9,30.1,255,6,BAKE-PREHEAT,198.0,205.8,198.0,205.8
2025-08-29T20:53:56.714,1055.7524480819702,220.0,202.0,30.1,255,6,BAKE-PREHEAT,198.2,205.8,198.2,205.8
2025-08-29T20:53:56.946,1055.9837000370026,220.0,202.6,30.2,244,6,BAKE-PREHEAT,198.8,206.5,198.8,206.5
2025-08-29T20:53:57.175,1056.212583065033,220.0,202.9,30.2,255,6,BAKE-PREHEAT,199.2,206.5,199.2,206.5
2025-08-29T20:53:57.469,1056.50723195076,220.0,202.8,30.1,255,6,BAKE-PREHEAT,199.0,206.5,199.0,206.5
2025-08-29T20:53:57.704,1056.7416598796844,220.0,203.0,30.2,255,6,BAKE-PREHEAT,199.2,206.8,199.2,206.8
2025-08-29T20:53:57.939,1056.9766628742218,220.0,203.4,30.2,255,6,BAKE-PREHEAT,199.8,207.0,199.8,207.0
2025-08-29T20:53:58.175,1057.2128410339355,220.0,203.5,30.1,255,6,BAKE-PREHEAT,199.8,207.2,199.8,207.2
2025-08-29T20:53:58.465,1057.502837896347,220.0,203.9,30.2,255,6,BAKE-PREHEAT,200.2,207.5,200.2,207.5
2025-08-29T20:53:58.701,1057.7390599250793,220.0,204.1,30.1,255,6,BAKE-PREHEAT,200.2,208.0,200.2,208.0
2025-08-29T20:53:58.934,1057.9715728759766,220.0,204.4,30.2,255,6,BAKE-PREHEAT,200.8,208.0,200.8,208.0
2025-08-29T20:53:59.220,1058.2579510211945,220.0,204.6,30.1,255,6,BAKE-PREHEAT,200.8,208.5,200.8,208.5
2025-08-29T20:53:59.459,1058.496953010559,220.0,205.0,30.2,240,6,BAKE-PREHEAT,201.2,208.8,201.2,208.8
2025-08-29T20:53:59.697,1058.7351100444794,220.0,205.0,30.2,255,6,BAKE-PREHEAT,201.2,208.8,201.2,208.8
2025-08-29T20:53:59.924,1058.9624779224396,220.0,205.6,30.3,188,6,BAKE-PREHEAT,202.0,209.2,202.0,209.2
2025-08-29T20:54:00.213,1059.2515449523926,220.0,205.5,30.2,255,6,BAKE-PREHEAT,201.8,209.2,201.8,209.2
2025-08-29T20:54:00.451,1059.488732099533,220.0,205.9,30.2,223,6,BAKE-PREHEAT,202.2,209.5,202.2,209.5
2025-08-29T20:54:00.686,1059.7237730026245,220.0,206.1,30.2,238,6,BAKE-PREHEAT,202.5,209.8,202.5,209.8
2025-08-29T20:54:00.920,1059.9583280086517,220.0,206.4,30.2,234,6,BAKE-PREHEAT,203.0,209.8,203.0,209.8
2025-08-29T20:54:01.027,1060.0653629302979,220.0,206.8,30.2,207,6,BAKE-PREHEAT,203.0,210.5,203.0,210.5
2025-08-29T20:54:01.432,1060.4696459770203,220.0,207.1,30.3,199,6,BAKE-PREHEAT,203.5,210.8,203.5,210.8
2025-08-29T20:54:01.725,1060.763226032257,220.0,207.0,30.2,255,6,BAKE-PREHEAT,203.2,210.8,203.2,210.8
2025-08-29T20:54:01.965,1061.0027959346771,220.0,207.4,30.2,195,6,BAKE-PREHEAT,203.8,211.0,203.8,211.0
2025-08-29T20:54:02.202,1061.2397849559784,220.0,207.6,30.2,210,6,BAKE-PREHEAT,203.8,211.5,203.8,211.5
2025-08-29T20:54:02.437,1061.4747569561005,220.0,207.8,30.2,228,6,BAKE-PREHEAT,204.0,211.5,204.0,211.5
2025-08-29T20:54:02.728,1061.766201019287,220.0,208.1,30.2,181,6,BAKE-PREHEAT,204.2,212.0,204.2,212.0
2025-08-29T20:54:02.966,1062.0044989585876,220.0,208.5,30.3,174,6,BAKE-PREHEAT,204.8,212.2,204.8,212.2
2025-08-29T20:54:03.199,1062.2370209693909,220.0,208.5,30.2,234,6,BAKE-PREHEAT,204.8,212.2,204.8,212.2
2025-08-29T20:54:03.435,1062.473464012146,220.0,208.8,30.2,189,6,BAKE-PREHEAT,205.0,212.5,205.0,212.5
2025-08-29T20:54:03.670,1062.7082040309906,220.0,209.0,30.3,184,6,BAKE-PREHEAT,205.2,212.8,205.2,212.8
2025-08-29T20:54:03.958,1062.996160030365,220.0,209.1,30.3,202,6,BAKE-PREHEAT,205.5,212.8,205.5,212.8
2025-08-29T20:54:04.195,1063.2332270145416,220.0,209.5,30.3,155,6,BAKE-PREHEAT,205.8,213.2,205.8,213.2
2025-08-29T20:54:04.432,1063.4697968959808,220.0,209.4,30.3,237,6,BAKE-PREHEAT,205.8,213.0,205.8,213.0
2025-08-29T20:54:04.600,1063.637855052948,220.0,210.0,30.3,105,6,BAKE-PREHEAT,206.2,213.8,206.2,213.8
2025-08-29T20:54:04.946,1063.9838619232178,230.0,209.9,30.2,255,6,BAKE-PREHEAT,206.0,213.8,206.0,213.8
2025-08-29T20:54:05.180,1064.2178189754486,230.0,210.0,30.2,255,6,BAKE-PREHEAT,206.0,214.0,206.0,214.0
2025-08-29T20:54:05.469,1064.5072128772736,230.0,210.2,30.3,255,6,BAKE-PREHEAT,206.5,214.0,206.5,214.0
2025-08-29T20:54:05.707,1064.7452230453491,230.0,210.6,30.3,255,6,BAKE-PREHEAT,206.8,214.5,206.8,214.5
2025-08-29T20:54:05.943,1064.9813239574432,230.0,210.5,30.2,255,6,BAKE-PREHEAT,206.8,214.2,206.8,214.2
2025-08-29T20:54:06.169,1065.2072999477386,230.0,210.8,30.2,255,6,BAKE-PREHEAT,206.8,214.8,206.8,214.8
2025-08-29T20:54:06.464,1065.5016648769379,230.0,211.1,30.3,255,6,BAKE-PREHEAT,207.2,215.0,207.2,215.0
2025-08-29T20:54:06.701,1065.738601922989,230.0,211.2,30.3,255,6,BAKE-PREHEAT,207.2,215.2,207.2,215.2
2025-08-29T20:54:06.930,1065.9677529335022,230.0,211.6,30.3,255,6,BAKE-PREHEAT,207.8,215.5,207.8,215.5
2025-08-29T20:54:07.216,1066.2541189193726,230.0,211.6,30.3,255,6,BAKE-PREHEAT,207.8,215.5,207.8,215.5
2025-08-29T20:54:07.454,1066.492117881775,230.0,211.8,30.2,255,6,BAKE-PREHEAT,207.8,215.8,207.8,215.8
2025-08-29T20:54:07.690,1066.7285499572754,230.0,212.2,30.4,255,6,BAKE-PREHEAT,208.2,216.2,208.2,216.2
2025-08-29T20:54:07.925,1066.9633541107178,230.0,212.2,30.4,255,6,BAKE-PREHEAT,208.2,216.2,208.2,216.2
2025-08-29T20:54:08.213,1067.2509388923645,230.0,212.5,30.4,255,6,BAKE-PREHEAT,208.2,216.8,208.2,216.8
2025-08-29T20:54:08.451,1067.4889359474182,230.0,212.5,30.3,255,6,BAKE-PREHEAT,208.5,216.5,208.5,216.5
2025-08-29T20:54:08.686,1067.7236280441284,230.0,212.9,30.3,255,6,BAKE-PREHEAT,208.8,217.0,208.8,217.0
2025-08-29T20:54:08.920,1067.9580709934235,230.0,213.0,30.4,255,6,BAKE-PREHEAT,209.2,216.8,209.2,216.8
2025-08-29T20:54:09.212,1068.250207901001,230.0,213.2,30.4,255,6,BAKE-PREHEAT,209.2,217.2,209.2,217.2
2025-08-29T20:54:09.447,1068.484617948532,230.0,213.4,30.4,255,6,BAKE-PREHEAT,209.5,217.2,209.5,217.2
2025-08-29T20:54:09.746,1068.784106016159,230.0,213.6,30.4,255,6,BAKE-PREHEAT,209.5,217.8,209.5,217.8
2025-08-29T20:54:09.917,1068.954905986786,230.0,213.9,30.4,255,6,BAKE-PREHEAT,210.0,217.8,210.0,217.8
2025-08-29T20:54:10.207,1069.2446699142456,230.0,214.0,30.4,255,6,BAKE-PREHEAT,210.0,218.0,210.0,218.0
2025-08-29T20:54:10.442,1069.4803760051727,230.0,214.4,30.4,253,6,BAKE-PREHEAT,210.5,218.2,210.5,218.2
2025-08-29T20:54:10.617,1069.655345916748,230.0,214.5,30.4,255,6,BAKE-PREHEAT,210.8,218.2,210.8,218.2
2025-08-29T20:54:10.955,1069.9928660392761,230.0,214.9,30.3,244,6,BAKE-PREHEAT,210.8,219.0,210.8,219.0
2025-08-29T20:54:11.187,1070.2251439094543,230.0,214.9,30.3,255,6,BAKE-PREHEAT,211.0,218.8,211.0,218.8
2025-08-29T20:54:11.422,1070.459655046463,230.0,215.0,30.3,255,6,BAKE-PREHEAT,211.0,219.0,211.0,219.0
2025-08-29T20:54:11.713,1070.750715970993,230.0,215.4,30.3,235,6,BAKE-PREHEAT,211.2,219.5,211.2,219.5
2025-08-29T20:54:11.947,1070.9849390983582,230.0,215.6,30.4,250,6,BAKE-PREHEAT,211.8,219.5,211.8,219.5
2025-08-29T20:54:12.182,1071.2204010486603,230.0,215.9,30.3,245,6,BAKE-PREHEAT,212.0,219.8,212.0,219.8
2025-08-29T20:54:12.473,1071.5109379291534,230.0,216.5,30.4,173,6,BAKE-PREHEAT,212.8,220.2,212.8,220.2
2025-08-29T20:54:12.713,1071.7506549358368,230.0,216.8,30.3,229,6,BAKE-PREHEAT,212.8,220.8,212.8,220.8
2025-08-29T20:54:12.950,1071.9881880283356,230.0,216.8,30.4,255,6,BAKE-PREHEAT,213.0,220.5,213.0,220.5
2025-08-29T20:54:13.184,1072.2219779491425,230.0,217.2,30.4,179,6,BAKE-PREHEAT,213.2,221.2,213.2,221.2
2025-08-29T20:54:13.418,1072.456384897232,230.0,217.2,30.3,255,6,BAKE-PREHEAT,213.2,221.2,213.2,221.2
2025-08-29T20:54:13.710,1072.748356103897,230.0,217.8,30.4,170,6,BAKE-PREHEAT,214.0,221.5,214.0,221.5
2025-08-29T20:54:13.946,1072.9841260910034,230.0,218.1,30.3,183,6,BAKE-PREHEAT,214.0,222.2,214.0,222.2
2025-08-29T20:54:14.175,1073.2132740020752,230.0,218.2,30.4,220,6,BAKE-PREHEAT,214.5,222.0,214.5,222.0
2025-08-29T20:54:14.469,1073.5073940753937,230.0,218.5,30.4,196,6,BAKE-PREHEAT,214.5,222.5,214.5,222.5
2025-08-29T20:54:14.709,1073.7468841075897,230.0,218.6,30.4,213,6,BAKE-PREHEAT,214.8,222.5,214.8,222.5
2025-08-29T20:54:14.941,1073.9793889522552,230.0,219.0,30.5,166,6,BAKE-PREHEAT,215.0,223.0,215.0,223.0
2025-08-29T20:54:15.235,1074.2727200984955,230.0,219.4,30.5,159,6,BAKE-PREHEAT,215.5,223.2,215.5,223.2
2025-08-29T20:54:15.475,1074.512804031372,230.0,219.5,30.3,197,6,BAKE-PREHEAT,215.5,223.5,215.5,223.5
2025-08-29T20:54:15.714,1074.751573085785,230.0,219.8,30.4,172,6,BAKE-PREHEAT,215.8,223.8,215.8,223.8
2025-08-29T20:54:15.945,1074.9832599163055,230.0,219.9,30.5,190,6,BAKE-PREHEAT,215.8,224.0,215.8,224.0
2025-08-29T20:54:16.182,1075.2200710773468,230.0,219.9,30.4,210,6,BAKE-PREHEAT,215.8,224.0,215.8,224.0
2025-08-29T20:54:16.477,1075.5147879123688,230.0,220.4,30.4,120,6,BAKE-PREHEAT,216.2,224.5,216.2,224.5
2025-08-29T20:54:16.713,1075.7506020069122,230.0,220.5,30.4,178,6,BAKE-PREHEAT,216.5,224.5,216.5,224.5
2025-08-29T20:54:16.943,1075.9809710979462,230.0,220.8,30.3,153,6,BAKE-PREHEAT,217.0,224.5,217.0,224.5
2025-08-29T20:54:17.179,1076.2175300121307,230.0,220.6,30.4,216,6,BAKE-PREHEAT,216.8,224.5,216.8,224.5
2025-08-29T20:54:17.473,1076.5114800930023,230.0,221.0,30.3,129,6,BAKE-PREHEAT,217.0,225.0,217.0,225.0
2025-08-29T20:54:17.713,1076.751070022583,230.0,221.1,30.4,166,6,BAKE-PREHEAT,217.0,225.2,217.0,225.2
2025-08-29T20:54:17.947,1076.9850640296936,230.0,221.5,30.4,119,6,BAKE-PREHEAT,217.5,225.5,217.5,225.5
2025-08-29T20:54:18.177,1077.214721918106,230.0,221.8,30.4,134,6,BAKE-PREHEAT,217.8,225.8,217.8,225.8
2025-08-29T20:54:18.469,1077.5067648887634,230.0,221.9,30.5,152,6,BAKE-PREHEAT,218.0,225.8,218.0,225.8
2025-08-29T20:54:18.708,1077.7463490962982,230.0,221.8,30.4,194,6,BAKE-PREHEAT,217.8,225.8,217.8,225.8
2025-08-29T20:54:18.945,1077.9828789234161,230.0,222.4,30.4,63,6,BAKE-PREHEAT,218.5,226.2,218.5,226.2
2025-08-29T20:54:19.176,1078.2138619422913,230.0,222.1,30.4,207,6,BAKE-PREHEAT,218.0,226.2,218.0,226.2
2025-08-29T20:54:19.465,1078.503455877304,230.0,222.8,30.5,55,6,BAKE-PREHEAT,219.0,226.5,219.0,226.5
2025-08-29T20:54:19.705,1078.7427470684052,230.0,222.9,30.5,133,6,BAKE-PREHEAT,219.0,226.8,219.0,226.8
2025-08-29T20:54:19.935,1078.972636938095,230.0,223.0,30.5,131,6,BAKE-PREHEAT,219.0,227.0,219.0,227.0
2025-08-29T20:54:20.168,1079.2062819004059,230.0,223.0,30.4,151,6,BAKE-PREHEAT,219.0,227.0,219.0,227.0
2025-08-29T20:54:20.462,1079.5001878738403,230.0,223.2,30.5,106,6,BAKE-PREHEAT,219.5,227.0,219.5,227.0
2025-08-29T20:54:20.697,1079.7350199222565,230.0,223.1,30.4,168,6,BAKE-PREHEAT,219.2,227.0,219.2,227.0
2025-08-29T20:54:20.923,1079.9615468978882,230.0,223.4,30.5,104,6,BAKE-PREHEAT,219.5,227.2,219.5,227.2
2025-08-29T20:54:21.215,1080.2532351016998,230.0,223.5,30.5,121,6,BAKE-PREHEAT,219.8,227.2,219.8,227.2
2025-08-29T20:54:21.453,1080.4909889698029,230.0,223.6,30.5,119,6,BAKE-PREHEAT,219.8,227.5,219.8,227.5
2025-08-29T20:54:21.688,1080.7264750003815,230.0,223.8,30.5,117,6,BAKE-PREHEAT,219.8,227.8,219.8,227.8
2025-08-29T20:54:21.924,1080.9620370864868,230.0,224.0,30.6,92,6,BAKE-PREHEAT,220.0,228.0,220.0,228.0
2025-08-29T20:54:22.210,1081.2484650611877,230.0,224.1,30.6,110,6,BAKE-PREHEAT,220.2,228.0,220.2,228.0
2025-08-29T20:54:22.444,1081.4825420379639,230.0,224.2,30.5,107,6,BAKE-PREHEAT,220.2,228.2,220.2,228.2
2025-08-29T20:54:22.682,1081.7202620506287,230.0,224.4,30.5,105,6,BAKE-PREHEAT,220.8,228.0,220.8,228.0
2025-08-29T20:54:22.970,1082.0076971054077,230.0,224.2,30.4,147,6,BAKE-PREHEAT,220.5,228.0,220.5,228.0
2025-08-29T20:54:23.205,1082.2425758838654,230.0,224.5,30.5,83,6,BAKE-PREHEAT,220.8,228.2,220.8,228.2
2025-08-29T20:54:23.438,1082.4764740467072,230.0,224.6,30.5,100,6,BAKE-PREHEAT,220.8,228.5,220.8,228.5
2025-08-29T20:54:23.734,1082.7720489501953,230.0,224.6,30.6,120,6,BAKE-PREHEAT,220.8,228.5,220.8,228.5
2025-08-29T20:54:23.971,1083.0090351104736,230.0,224.6,30.5,120,6,BAKE-PREHEAT,220.8,228.5,220.8,228.5
2025-08-29T20:54:24.211,1083.2491590976715,230.0,224.8,30.6,98,6,BAKE-PREHEAT,220.8,228.8,220.8,228.8
2025-08-29T20:54:24.443,1083.4810791015625,230.0,224.8,30.5,118,6,BAKE-PREHEAT,220.8,228.8,220.8,228.8
2025-08-29T20:54:24.680,1083.7181150913239,230.0,225.1,30.6,51,6,BAKE-PREHEAT,221.0,229.2,221.0,229.2
2025-08-29T20:54:24.734,1083.7724130153656,230.0,225.2,30.5,88,6,BAKE-PREHEAT,221.5,229.0,221.5,229.0
2025-08-29T20:54:25.207,1084.244952917099,30.0,225.2,30.5,0,6,BAKE,221.5,229.0,221.5,229.0
2025-08-29T20:54:25.439,1084.476646900177,30.0,225.2,30.5,0,6,BAKE,221.5,229.0,221.5,229.0
2025-08-29T20:54:25.673,1084.7111859321594,30.0,225.2,30.5,0,6,BAKE,221.5,229.0,221.5,229.0
2025-08-29T20:54:25.967,1085.0051229000092,30.0,225.4,30.5,0,6,BAKE,221.5,229.2,221.5,229.2
2025-08-29T20:54:26.203,1085.2411670684814,30.0,225.5,30.6,0,6,BAKE,221.8,229.2,221.8,229.2
2025-08-29T20:54:26.497,1085.5349869728088,30.0,225.6,30.6,0,6,BAKE,222.0,229.2,222.0,229.2
2025-08-29T20:54:26.672,1085.7101800441742,30.0,225.5,30.6,0,6,BAKE,222.0,229.0,222.0,229.0
2025-08-29T20:54:26.973,1086.0107259750366,30.0,225.5,30.5,0,6,BAKE,221.8,229.2,221.8,229.2
2025-08-29T20:54:27.209,1086.2472190856934,30.0,225.5,30.6,0,6,BAKE,221.8,229.2,221.8,229.2
2025-08-29T20:54:27.446,1086.4836831092834,30.0,225.5,30.6,0,6,BAKE,221.8,229.2,221.8,229.2
2025-08-29T20:54:27.681,1086.718570947647,30.0,225.2,30.6,0,6,BAKE,221.5,229.0,221.5,229.0
2025-08-29T20:54:27.973,1087.011071920395,30.0,225.1,30.6,0,6,BAKE,221.2,229.0,221.2,229.0
2025-08-29T20:54:28.205,1087.242616891861,30.0,225.1,30.6,0,6,BAKE,221.5,228.8,221.5,228.8
2025-08-29T20:54:28.436,1087.4736790657043,30.0,225.1,30.6,0,6,BAKE,221.5,228.8,221.5,228.8
2025-08-29T20:54:28.671,1087.7088029384613,30.0,225.0,30.6,0,6,BAKE,221.2,228.8,221.2,228.8
2025-08-29T20:54:28.965,1088.0029919147491,30.0,225.0,30.6,0,6,BAKE,221.2,228.8,221.2,228.8
2025-08-29T20:54:29.196,1088.234538078308,30.0,224.9,30.6,0,6,BAKE,221.2,228.5,221.2,228.5
2025-08-29T20:54:29.427,1088.4647099971771,30.0,224.8,30.6,0,6,BAKE,221.0,228.5,221.0,228.5
2025-08-29T20:54:29.728,1088.7656979560852,30.0,224.8,30.6,0,6,BAKE,221.2,228.2,221.2,228.2
2025-08-29T20:54:29.963,1089.0013060569763,30.0,224.8,30.6,0,6,BAKE,221.2,228.2,221.2,228.2
2025-08-29T20:54:30.197,1089.2346210479736,30.0,224.6,30.6,0,6,BAKE,221.0,228.2,221.0,228.2
2025-08-29T20:54:30.427,1089.4646790027618,30.0,224.4,30.6,0,6,BAKE,221.0,227.8,221.0,227.8
2025-08-29T20:54:30.718,1089.7558629512787,30.0,224.2,30.6,0,6,BAKE,220.8,227.8,220.8,227.8
2025-08-29T20:54:30.773,1089.8107779026031,30.0,224.1,30.6,0,6,BAKE,220.5,227.8,220.5,227.8
2025-08-29T20:54:31.181,1090.2193949222565,30.0,224.0,30.6,0,6,BAKE,220.5,227.5,220.5,227.5
2025-08-29T20:54:31.472,1090.5097959041595,30.0,223.9,30.6,0,6,BAKE,220.5,227.2,220.5,227.2
2025-08-29T20:54:31.707,1090.7451870441437,30.0,223.6,30.6,0,6,BAKE,220.0,227.2,220.0,227.2
2025-08-29T20:54:31.943,1090.9806740283966,30.0,223.5,30.6,0,6,BAKE,220.0,227.0,220.0,227.0
2025-08-29T20:54:32.173,1091.21147108078,30.0,223.4,30.7,0,6,BAKE,220.0,226.8,220.0,226.8
2025-08-29T20:54:32.466,1091.5044929981232,30.0,223.2,30.6,0,6,BAKE,219.8,226.8,219.8,226.8
2025-08-29T20:54:32.706,1091.743803024292,30.0,223.1,30.7,0,6,BAKE,219.8,226.5,219.8,226.5
2025-08-29T20:54:32.942,1091.9801371097565,30.0,222.9,30.6,0,6,BAKE,219.5,226.2,219.5,226.2
2025-08-29T20:54:33.179,1092.2167398929596,30.0,222.8,30.6,0,6,BAKE,219.5,226.0,219.5,226.0
2025-08-29T20:54:33.466,1092.504436969757,30.0,222.8,30.7,0,6,BAKE,219.5,226.0,219.5,226.0
2025-08-29T20:54:33.704,1092.741826057434,30.0,222.5,30.7,0,6,BAKE,219.2,225.8,219.2,225.8
2025-08-29T20:54:33.939,1092.977390050888,30.0,222.4,30.6,0,6,BAKE,219.0,225.8,219.0,225.8
2025-08-29T20:54:34.173,1093.2111229896545,30.0,222.5,30.7,0,6,BAKE,219.2,225.8,219.2,225.8
2025-08-29T20:54:34.467,1093.5049240589142,30.0,222.1,30.7,0,6,BAKE,218.8,225.5,218.8,225.5
2025-08-29T20:54:34.704,1093.7417221069336,30.0,222.0,30.7,0,6,BAKE,218.8,225.2,218.8,225.2
2025-08-29T20:54:35.004,1094.0417289733887,30.0,221.8,30.6,0,6,BAKE,218.5,225.0,218.5,225.0
2025-08-29T20:54:35.175,1094.2126920223236,30.0,221.6,30.7,0,6,BAKE,218.2,225.0,218.2,225.0
2025-08-29T20:54:35.472,1094.510241985321,30.0,221.4,30.7,0,6,BAKE,218.0,224.8,218.0,224.8
2025-08-29T20:54:35.707,1094.7451050281525,30.0,221.2,30.7,0,6,BAKE,218.0,224.5,218.0,224.5
2025-08-29T20:54:35.943,1094.981215953827,30.0,221.1,30.7,0,6,BAKE,218.0,224.2,218.0,224.2
2025-08-29T20:54:36.237,1095.275465965271,30.0,220.8,30.7,0,6,BAKE,217.2,224.2,217.2,224.2
2025-08-29T20:54:36.409,1095.4465820789337,30.0,220.4,30.7,0,6,BAKE,217.0,223.8,217.0,223.8
2025-08-29T20:54:36.702,1095.740432024002,30.0,220.5,30.8,0,6,BAKE,217.2,223.8,217.2,223.8
2025-08-29T20:54:36.935,1095.9726948738098,30.0,220.4,30.8,0,6,BAKE,217.2,223.5,217.2,223.5
2025-08-29T20:54:37.225,1096.2628231048584,30.0,219.8,30.7,0,6,BAKE,216.5,223.0,216.5,223.0
2025-08-29T20:54:37.460,1096.498162984848,30.0,219.8,30.7,0,6,BAKE,216.5,223.0,216.5,223.0
2025-08-29T20:54:37.695,1096.733342885971,30.0,219.5,30.8,0,6,BAKE,216.0,223.0,216.0,223.0
2025-08-29T20:54:37.924,1096.962502002716,30.0,219.2,30.7,0,6,BAKE,216.0,222.5,216.0,222.5
2025-08-29T20:54:38.211,1097.249093055725,30.0,219.0,30.7,0,6,BAKE,215.8,222.2,215.8,222.2
2025-08-29T20:54:38.446,1097.4839069843292,30.0,219.0,30.8,0,6,BAKE,215.8,222.2,215.8,222.2
2025-08-29T20:54:38.681,1097.7194769382477,30.0,218.8,30.7,0,6,BAKE,215.5,222.0,215.5,222.0
2025-08-29T20:54:38.972,1098.009712934494,30.0,218.5,30.8,0,6,BAKE,215.2,221.8,215.2,221.8
2025-08-29T20:54:39.211,1098.2491359710693,30.0,218.2,30.7,0,6,BAKE,215.0,221.5,215.0,221.5
2025-08-29T20:54:39.448,1098.485904932022,30.0,218.4,30.8,0,6,BAKE,215.0,221.8,215.0,221.8
2025-08-29T20:54:39.682,1098.7204480171204,30.0,218.1,30.7,0,6,BAKE,215.0,221.2,215.0,221.2
2025-08-29T20:54:39.916,1098.954164981842,30.0,217.8,30.8,0,6,BAKE,214.5,221.0,214.5,221.0
2025-08-29T20:54:40.208,1099.2461168766022,30.0,217.6,30.8,0,6,BAKE,214.5,220.8,214.5,220.8
2025-08-29T20:54:40.444,1099.4820320606232,30.0,217.4,30.7,0,6,BAKE,214.2,220.5,214.2,220.5
2025-08-29T20:54:40.674,1099.7119290828705,30.0,217.4,30.8,0,6,BAKE,214.2,220.5,214.2,220.5
2025-08-29T20:54:40.971,1100.0086510181427,30.0,217.1,30.8,0,6,BAKE,214.0,220.2,214.0,220.2
2025-08-29T20:54:41.210,1100.2481729984283,30.0,217.0,30.8,0,6,BAKE,214.0,220.0,214.0,220.0
2025-08-29T20:54:41.444,1100.482304096222,30.0,216.9,30.8,0,6,BAKE,214.0,219.8,214.0,219.8
2025-08-29T20:54:41.680,1100.7179670333862,30.0,216.8,30.7,0,6,BAKE,213.8,219.8,213.8,219.8
2025-08-29T20:54:41.969,1101.006805896759,30.0,216.6,30.8,0,6,BAKE,213.8,219.5,213.8,219.5
2025-08-29T20:54:42.202,1101.239998102188,30.0,216.5,30.8,0,6,BAKE,213.8,219.2,213.8,219.2
2025-08-29T20:54:42.437,1101.4754738807678,30.0,216.4,30.7,0,6,BAKE,213.5,219.2,213.5,219.2
2025-08-29T20:54:42.670,1101.7076139450073,30.0,216.4,30.8,0,6,BAKE,213.5,219.2,213.5,219.2
2025-08-29T20:54:42.964,1102.0021119117737,30.0,216.2,30.8,0,6,BAKE,213.5,219.0,213.5,219.0
2025-08-29T20:54:43.197,1102.2347450256348,30.0,216.1,30.8,0,6,BAKE,213.2,219.0,213.2,219.0
2025-08-29T20:54:43.428,1102.4664540290833,30.0,215.9,30.8,0,6,BAKE,213.0,218.8,213.0,218.8
2025-08-29T20:54:43.665,1102.703262090683,30.0,216.0,30.8,0,6,BAKE,213.2,218.8,213.2,218.8
2025-08-29T20:54:43.957,1102.9954900741577,30.0,215.8,30.8,0,6,BAKE,213.0,218.5,213.0,218.5
2025-08-29T20:54:44.193,1103.2312669754028,30.0,215.5,30.8,0,6,BAKE,212.8,218.2,212.8,218.2
2025-08-29T20:54:44.423,1103.4607479572296,30.0,215.4,30.8,0,6,BAKE,212.8,218.0,212.8,218.0
2025-08-29T20:54:44.713,1103.751219034195,30.0,215.4,30.8,0,6,BAKE,212.8,218.0,212.8,218.0
2025-08-29T20:54:44.948,1103.9861788749695,30.0,215.1,30.8,0,6,BAKE,212.8,217.5,212.8,217.5
2025-08-29T20:54:45.182,1104.2202129364014,30.0,214.9,30.8,0,6,BAKE,212.2,217.5,212.2,217.5
2025-08-29T20:54:45.479,1104.5170149803162,30.0,214.6,30.8,0,6,BAKE,212.0,217.2,212.0,217.2
2025-08-29T20:54:45.718,1104.7564539909363,30.0,214.5,30.8,0,6,BAKE,212.0,217.0,212.0,217.0
2025-08-29T20:54:45.949,1104.9874858856201,30.0,214.2,30.8,0,6,BAKE,211.8,216.8,211.8,216.8
2025-08-29T20:54:46.178,1105.2160000801086,30.0,214.1,30.8,0,6,BAKE,211.8,216.5,211.8,216.5
2025-08-29T20:54:46.413,1105.4512400627136,30.0,213.9,30.8,0,6,BAKE,211.5,216.2,211.5,216.2
2025-08-29T20:54:46.708,1105.7457039356232,30.0,213.8,30.8,0,6,BAKE,211.5,216.0,211.5,216.0
2025-08-29T20:54:46.945,1105.9829959869385,30.0,213.5,30.8,0,6,BAKE,211.2,215.8,211.2,215.8
2025-08-29T20:54:47.181,1106.2193579673767,30.0,213.2,30.8,0,6,BAKE,211.0,215.5,211.0,215.5
2025-08-29T20:54:47.476,1106.5140841007233,30.0,213.1,30.9,0,6,BAKE,211.0,215.2,211.0,215.2
2025-08-29T20:54:47.716,1106.7536840438843,30.0,213.0,30.9,0,6,BAKE,210.8,215.2,210.8,215.2
2025-08-29T20:54:47.954,1106.991900920868,30.0,213.0,30.9,0,6,BAKE,210.8,215.2,210.8,215.2
2025-08-29T20:54:48.190,1107.2280559539795,30.0,212.6,30.9,0,6,BAKE,210.5,214.8,210.5,214.8
2025-08-29T20:54:48.426,1107.4639780521393,30.0,212.4,30.9,0,6,BAKE,210.2,214.5,210.2,214.5
2025-08-29T20:54:48.720,1107.7584519386292,30.0,212.4,30.9,0,6,BAKE,210.2,214.5,210.2,214.5
2025-08-29T20:54:48.954,1107.991954088211,30.0,211.9,30.8,0,6,BAKE,209.8,214.0,209.8,214.0
2025-08-29T20:54:49.183,1108.2214710712433,30.0,211.8,30.9,0,6,BAKE,209.8,213.8,209.8,213.8
2025-08-29T20:54:49.416,1108.4545180797577,30.0,211.8,30.9,0,6,BAKE,209.8,213.8,209.8,213.8
2025-08-29T20:54:49.711,1108.7490539550781,30.0,211.4,30.8,0,6,BAKE,209.2,213.5,209.2,213.5
2025-08-29T20:54:49.942,1108.9803628921509,30.0,211.4,30.9,0,6,BAKE,209.2,213.5,209.2,213.5
2025-08-29T20:54:50.240,1109.277692079544,30.0,211.0,30.9,0,6,BAKE,209.0,213.0,209.0,213.0
2025-08-29T20:54:50.412,1109.4499740600586,30.0,210.8,30.9,0,6,BAKE,208.8,212.8,208.8,212.8
2025-08-29T20:54:50.706,1109.7443900108337,30.0,210.8,30.9,0,6,BAKE,208.8,212.8,208.8,212.8
2025-08-29T20:54:50.937,1109.975310087204,30.0,210.2,30.8,0,6,BAKE,208.2,212.2,208.2,212.2
2025-08-29T20:54:51.172,1110.2101418972015,30.0,210.2,30.9,0,6,BAKE,208.2,212.2,208.2,212.2
2025-08-29T20:54:51.465,1110.5029759407043,30.0,210.1,30.9,0,6,BAKE,208.0,212.2,208.0,212.2
2025-08-29T20:54:51.701,1110.7392389774323,30.0,209.8,30.9,0,6,BAKE,207.8,211.8,207.8,211.8
2025-08-29T20:54:51.929,1110.9675550460815,30.0,209.6,30.9,0,6,BAKE,207.8,211.5,207.8,211.5
2025-08-29T20:54:52.220,1111.2585248947144,30.0,209.4,30.9,0,6,BAKE,207.5,211.2,207.5,211.2
2025-08-29T20:54:52.459,1111.4975469112396,30.0,209.2,30.9,0,6,BAKE,207.5,211.0,207.5,211.0
2025-08-29T20:54:52.697,1111.7352149486542,30.0,209.1,30.9,0,6,BAKE,207.2,211.0,207.2,211.0
2025-08-29T20:54:52.934,1111.9717500209808,30.0,208.6,30.9,0,6,BAKE,206.8,210.5,206.8,210.5
2025-08-29T20:54:53.163,1112.2011029720306,30.0,208.5,31.0,0,6,BAKE,206.8,210.2,206.8,210.2
2025-08-29T20:54:53.457,1112.4951260089874,30.0,208.5,30.9,0,6,BAKE,206.8,210.2,206.8,210.2
2025-08-29T20:54:53.694,1112.7319641113281,30.0,208.1,30.9,0,6,BAKE,206.2,210.0,206.2,210.0
2025-08-29T20:54:53.930,1112.9679539203644,30.0,208.0,31.0,0,6,BAKE,206.2,209.8,206.2,209.8
2025-08-29T20:54:54.222,1113.2599289417267,30.0,207.9,30.9,0,6,BAKE,206.0,209.8,206.0,209.8
2025-08-29T20:54:54.458,1113.4962060451508,30.0,207.6,30.9,0,6,BAKE,206.0,209.2,206.0,209.2
2025-08-29T20:54:54.697,1113.735249042511,30.0,207.2,31.0,0,6,BAKE,205.5,209.0,205.5,209.0
2025-08-29T20:54:54.933,1113.9707720279694,30.0,207.1,30.9,0,6,BAKE,205.2,209.0,205.2,209.0
2025-08-29T20:54:55.167,1114.2048659324646,30.0,207.2,30.9,0,6,BAKE,205.5,209.0,205.5,209.0
2025-08-29T20:54:55.461,1114.4986689090729,30.0,207.0,31.0,0,6,BAKE,205.2,208.8,205.2,208.8
2025-08-29T20:54:55.697,1114.734976053238,30.0,206.8,30.9,0,6,BAKE,205.0,208.5,205.0,208.5
2025-08-29T20:54:55.994,1115.0322799682617,30.0,206.4,30.9,0,6,BAKE,204.8,208.0,204.8,208.0
2025-08-29T20:54:56.165,1115.2031960487366,30.0,206.5,31.0,0,6,BAKE,204.8,208.2,204.8,208.2
2025-08-29T20:54:56.459,1115.497181892395,30.0,206.2,30.9,0,6,BAKE,204.5,208.0,204.5,208.0
2025-08-29T20:54:56.697,1115.734652042389,30.0,206.0,31.0,0,6,BAKE,204.5,207.5,204.5,207.5
2025-08-29T20:54:56.932,1115.9697060585022,30.0,205.8,31.0,0,6,BAKE,204.0,207.5,204.0,207.5
2025-08-29T20:54:57.229,1116.2673060894012,30.0,205.9,31.0,0,6,BAKE,204.2,207.5,204.2,207.5
2025-08-29T20:54:57.465,1116.5026609897614,30.0,205.5,31.0,0,6,BAKE,204.0,207.0,204.0,207.0
2025-08-29T20:54:57.703,1116.7415580749512,30.0,205.4,31.0,0,6,BAKE,203.8,207.0,203.8,207.0
2025-08-29T20:54:57.939,1116.9767389297485,30.0,205.1,31.0,0,6,BAKE,203.5,206.8,203.5,206.8
2025-08-29T20:54:58.172,1117.2102949619293,30.0,204.8,31.0,0,6,BAKE,203.2,206.2,203.2,206.2
2025-08-29T20:54:58.463,1117.501235961914,30.0,204.8,31.0,0,6,BAKE,203.2,206.2,203.2,206.2
2025-08-29T20:54:58.699,1117.7373769283295,30.0,204.5,31.0,0,6,BAKE,203.0,206.0,203.0,206.0
2025-08-29T20:54:58.928,1117.9656689167023,30.0,204.2,31.0,0,6,BAKE,202.8,205.8,202.8,205.8
2025-08-29T20:54:59.164,1118.201898097992,30.0,204.1,31.0,0,6,BAKE,202.8,205.5,202.8,205.5
2025-08-29T20:54:59.452,1118.4897179603577,30.0,203.9,31.0,0,6,BAKE,202.5,205.2,202.5,205.2
2025-08-29T20:54:59.687,1118.7255508899689,30.0,203.8,31.0,0,6,BAKE,202.2,205.2,202.2,205.2
2025-08-29T20:54:59.988,1119.0258378982544,30.0,203.5,31.0,0,6,BAKE,202.0,205.0,202.0,205.0
2025-08-29T20:55:00.157,1119.194627046585,30.0,203.2,31.0,0,6,BAKE,201.8,204.8,201.8,204.8
2025-08-29T20:55:00.448,1119.4855949878693,30.0,203.1,31.0,0,6,BAKE,201.5,204.8,201.5,204.8
2025-08-29T20:55:00.682,1119.720319032669,30.0,202.9,31.0,0,6,BAKE,201.2,204.5,201.2,204.5
2025-08-29T20:55:00.917,1119.9552149772644,30.0,202.6,31.0,0,6,BAKE,201.0,204.2,201.0,204.2
2025-08-29T20:55:01.208,1120.245598077774,30.0,202.4,31.0,0,6,BAKE,200.8,204.0,200.8,204.0
2025-08-29T20:55:01.442,1120.4798069000244,30.0,202.2,31.1,0,6,BAKE,200.8,203.8,200.8,203.8
2025-08-29T20:55:01.672,1120.709881067276,30.0,202.1,31.0,0,6,BAKE,200.5,203.8,200.5,203.8
2025-08-29T20:55:01.973,1121.010950088501,30.0,201.9,31.0,0,6,BAKE,200.2,203.5,200.2,203.5
2025-08-29T20:55:02.212,1121.2504060268402,30.0,201.6,31.0,0,6,BAKE,200.0,203.2,200.0,203.2
2025-08-29T20:55:02.447,1121.4854159355164,30.0,201.6,31.0,0,6,BAKE,200.0,203.2,200.0,203.2
2025-08-29T20:55:02.699,1121.736869096756,30.0,201.5,31.0,0,6,BAKE,200.0,203.0,200.0,203.0
2025-08-29T20:55:02.952,1121.990504026413,30.0,201.2,31.0,0,6,BAKE,199.8,202.8,199.8,202.8
2025-08-29T20:55:03.208,1122.2456080913544,30.0,201.0,31.1,0,6,BAKE,199.5,202.5,199.5,202.5
2025-08-29T20:55:03.464,1122.5025629997253,30.0,201.0,31.1,0,6,BAKE,199.5,202.5,199.5,202.5
2025-08-29T20:55:03.727,1122.7653748989105,30.0,200.8,31.1,0,6,BAKE,199.2,202.2,199.2,202.2
2025-08-29T20:55:03.913,1122.9514698982239,30.0,200.5,31.0,0,6,BAKE,199.0,202.0,199.0,202.0
2025-08-29T20:55:04.217,1123.2546999454498,30.0,200.4,31.1,0,6,BAKE,199.0,201.8,199.0,201.8
2025-08-29T20:55:04.463,1123.5015609264374,30.0,200.1,31.1,0,6,BAKE,198.8,201.5,198.8,201.5
2025-08-29T20:55:04.722,1123.7605440616608,30.0,200.0,31.1,0,6,BAKE,198.5,201.5,198.5,201.5
2025-08-29T20:55:04.917,1123.9552960395813,30.0,200.0,31.1,0,6,BAKE,198.5,201.5,198.5,201.5
2025-08-29T20:55:05.163,1124.2008140087128,30.0,199.8,31.1,0,6,BAKE,198.2,201.2,198.2,201.2
2025-08-29T20:55:05.476,1124.5144910812378,30.0,199.6,31.1,0,6,BAKE,198.2,201.0,198.2,201.0
2025-08-29T20:55:05.739,1124.7772839069366,30.0,199.4,31.1,0,6,BAKE,198.0,200.8,198.0,200.8
2025-08-29T20:55:05.926,1124.9641609191895,30.0,199.2,31.1,0,6,BAKE,198.0,200.5,198.0,200.5
2025-08-29T20:55:06.176,1125.2136399745941,30.0,199.2,31.1,0,6,BAKE,198.0,200.5,198.0,200.5
2025-08-29T20:55:06.417,1125.4552040100098,30.0,198.9,31.1,0,6,BAKE,197.5,200.2,197.5,200.2
2025-08-29T20:55:06.662,1125.7003860473633,30.0,199.0,31.1,0,6,BAKE,197.8,200.2,197.8,200.2
2025-08-29T20:55:06.982,1126.0203139781952,30.0,198.8,31.1,0,6,BAKE,197.5,200.0,197.5,200.0
2025-08-29T20:55:07.164,1126.2020769119263,30.0,198.4,31.1,0,6,BAKE,197.0,199.8,197.0,199.8
2025-08-29T20:55:07.464,1126.502074956894,30.0,198.4,31.1,0,6,BAKE,197.0,199.8,197.0,199.8
2025-08-29T20:55:07.727,1126.7648169994354,30.0,198.2,31.1,0,6,BAKE,197.0,199.5,197.0,199.5
2025-08-29T20:55:07.913,1126.9507250785828,30.0,198.0,31.1,0,6,BAKE,196.8,199.2,196.8,199.2
2025-08-29T20:55:08.163,1127.2008030414581,30.0,197.8,31.1,0,6,BAKE,196.5,199.0,196.5,199.0
2025-08-29T20:55:08.480,1127.5183279514313,30.0,197.8,31.2,0,6,BAKE,196.5,199.0,196.5,199.0
2025-08-29T20:55:08.671,1127.708566904068,30.0,197.5,31.2,0,6,BAKE,196.2,198.8,196.2,198.8
2025-08-29T20:55:08.927,1127.964691877365,30.0,197.5,31.2,0,6,BAKE,196.2,198.8,196.2,198.8
2025-08-29T20:55:09.176,1128.2140209674835,30.0,197.2,31.1,0,6,BAKE,196.0,198.5,196.0,198.5
2025-08-29T20:55:09.420,1128.4577629566193,30.0,197.0,31.2,0,6,BAKE,195.8,198.2,195.8,198.2
2025-08-29T20:55:09.668,1128.7058839797974,30.0,197.0,31.1,0,6,BAKE,195.8,198.2,195.8,198.2
2025-08-29T20:55:09.986,1129.023619890213,30.0,196.6,31.2,0,6,BAKE,195.5,197.8,195.5,197.8
2025-08-29T20:55:10.171,1129.2085828781128,30.0,196.6,31.2,0,6,BAKE,195.5,197.8,195.5,197.8
2025-08-29T20:55:10.422,1129.4600548744202,30.0,196.6,31.2,0,6,BAKE,195.5,197.8,195.5,197.8
2025-08-29T20:55:10.667,1129.7049820423126,30.0,196.4,31.2,0,6,BAKE,195.2,197.5,195.2,197.5
2025-08-29T20:55:10.913,1129.950856924057,30.0,196.1,31.1,0,6,BAKE,195.0,197.2,195.0,197.2
2025-08-29T20:55:11.227,1130.2650909423828,30.0,196.0,31.2,0,6,BAKE,194.8,197.2,194.8,197.2
2025-08-29T20:55:11.412,1130.4496018886566,30.0,195.9,31.2,0,6,BAKE,194.8,197.0,194.8,197.0
2025-08-29T20:55:11.662,1130.6998980045319,30.0,195.9,31.2,0,6,BAKE,194.8,197.0,194.8,197.0
2025-08-29T20:55:11.970,1131.0081949234009,30.0,195.6,31.2,0,6,BAKE,194.5,196.8,194.5,196.8
2025-08-29T20:55:12.221,1131.259258031845,30.0,195.5,31.2,0,6,BAKE,194.5,196.5,194.5,196.5
2025-08-29T20:55:12.475,1131.513375043869,30.0,195.1,31.2,0,6,BAKE,194.0,196.2,194.0,196.2
2025-08-29T20:55:12.738,1131.775974035263,30.0,195.2,31.2,0,6,BAKE,194.0,196.5,194.0,196.5
2025-08-29T20:55:12.926,1131.9638838768005,30.0,195.1,31.2,0,6,BAKE,194.0,196.2,194.0,196.2
2025-08-29T20:55:13.180,1132.2175951004028,30.0,195.0,31.2,0,6,BAKE,194.0,196.0,194.0,196.0
2025-08-29T20:55:13.433,1132.470726966858,30.0,194.6,31.2,0,6,BAKE,193.5,195.8,193.5,195.8
2025-08-29T20:55:13.685,1132.7230548858643,30.0,194.5,31.2,0,6,BAKE,193.5,195.5,193.5,195.5
2025-08-29T20:55:13.940,1132.978348016739,30.0,194.4,31.2,0,6,BAKE,193.2,195.5,193.2,195.5
2025-08-29T20:55:14.186,1133.223820924759,30.0,194.1,31.2,0,6,BAKE,193.0,195.2,193.0,195.2
2025-08-29T20:55:14.433,1133.4710528850555,30.0,194.0,31.2,0,6,BAKE,192.8,195.2,192.8,195.2
2025-08-29T20:55:14.677,1133.7149860858917,30.0,193.8,31.2,0,6,BAKE,192.8,194.8,192.8,194.8
2025-08-29T20:55:14.931,1133.9685878753662,30.0,193.6,31.2,0,6,BAKE,192.5,194.8,192.5,194.8
2025-08-29T20:55:15.167,1134.2052330970764,30.0,193.5,31.2,0,6,BAKE,192.5,194.5,192.5,194.5
2025-08-29T20:55:15.482,1134.5201389789581,30.0,193.2,31.2,0,6,BAKE,192.2,194.2,192.2,194.2
2025-08-29T20:55:15.667,1134.704982995987,30.0,193.1,31.2,0,6,BAKE,192.2,194.0,192.2,194.0
2025-08-29T20:55:15.914,1134.9519510269165,30.0,193.0,31.2,0,6,BAKE,192.0,194.0,192.0,194.0
2025-08-29T20:55:16.162,1135.1997430324554,30.0,192.9,31.2,0,6,BAKE,192.0,193.8,192.0,193.8
2025-08-29T20:55:16.412,1135.4500579833984,30.0,192.6,31.2,0,6,BAKE,191.8,193.5,191.8,193.5
2025-08-29T20:55:16.667,1135.7046868801117,30.0,192.4,31.3,0,6,BAKE,191.5,193.2,191.5,193.2
2025-08-29T20:55:16.986,1136.0237638950348,30.0,192.1,31.3,0,6,BAKE,191.2,193.0,191.2,193.0
2025-08-29T20:55:17.171,1136.2092730998993,30.0,191.9,31.2,0,6,BAKE,191.0,192.8,191.0,192.8
2025-08-29T20:55:17.427,1136.4647150039673,30.0,191.9,31.2,0,6,BAKE,191.0,192.8,191.0,192.8
2025-08-29T20:55:17.677,1136.7149150371552,30.0,191.6,31.3,0,6,BAKE,190.8,192.5,190.8,192.5
2025-08-29T20:55:17.931,1136.9687790870667,30.0,191.5,31.3,0,6,BAKE,190.8,192.2,190.8,192.2
2025-08-29T20:55:18.190,1137.2282950878143,30.0,191.4,31.3,0,6,BAKE,190.5,192.2,190.5,192.2
2025-08-29T20:55:18.434,1137.4722809791565,30.0,191.1,31.2,0,6,BAKE,190.2,192.0,190.2,192.0
2025-08-29T20:55:18.692,1137.729798078537,30.0,191.2,31.2,0,6,BAKE,190.5,192.0,190.5,192.0
2025-08-29T20:55:18.952,1137.989846944809,30.0,190.9,31.2,0,6,BAKE,190.0,191.8,190.0,191.8
2025-08-29T20:55:19.203,1138.2408199310303,30.0,190.8,31.3,0,6,BAKE,190.0,191.5,190.0,191.5
2025-08-29T20:55:19.456,1138.493910074234,30.0,190.6,31.3,0,6,BAKE,189.8,191.5,189.8,191.5
2025-08-29T20:55:19.703,1138.741532087326,30.0,190.5,31.2,0,6,BAKE,189.8,191.2,189.8,191.2
2025-08-29T20:55:19.967,1139.0048758983612,30.0,190.4,31.3,0,6,BAKE,189.5,191.2,189.5,191.2
2025-08-29T20:55:20.220,1139.2577130794525,30.0,190.2,31.2,0,6,BAKE,189.5,191.0,189.5,191.0
2025-08-29T20:55:20.479,1139.517049074173,30.0,190.0,31.2,0,6,BAKE,189.2,190.8,189.2,190.8
2025-08-29T20:55:20.663,1139.7011380195618,30.0,189.9,31.2,0,6,BAKE,189.0,190.8,189.0,190.8
2025-08-29T20:55:20.974,1140.0117950439453,30.0,189.8,31.3,0,6,BAKE,189.0,190.5,189.0,190.5
2025-08-29T20:55:21.161,1140.1985800266266,30.0,189.5,31.3,0,6,BAKE,188.8,190.2,188.8,190.2
2025-08-29T20:55:21.410,1140.4477369785309,30.0,189.5,31.3,0,6,BAKE,188.8,190.2,188.8,190.2
2025-08-29T20:55:21.713,1140.7511830329895,30.0,189.2,31.3,0,6,BAKE,188.5,190.0,188.5,190.0
2025-08-29T20:55:21.972,1141.0101640224457,30.0,189.1,31.3,0,6,BAKE,188.2,190.0,188.2,190.0
2025-08-29T20:55:22.161,1141.198884010315,30.0,188.9,31.3,0,6,BAKE,188.0,189.8,188.0,189.8
2025-08-29T20:55:22.474,1141.512288093567,30.0,188.6,31.3,0,6,BAKE,187.8,189.5,187.8,189.5
2025-08-29T20:55:22.657,1141.6952459812164,30.0,188.5,31.3,0,6,BAKE,187.8,189.2,187.8,189.2
2025-08-29T20:55:22.909,1141.9472229480743,30.0,188.5,31.3,0,6,BAKE,187.8,189.2,187.8,189.2
2025-08-29T20:55:23.161,1142.1991329193115,30.0,188.2,31.3,0,6,BAKE,187.2,189.2,187.2,189.2
2025-08-29T20:55:23.471,1142.509397983551,30.0,188.1,31.3,0,6,BAKE,187.2,189.0,187.2,189.0
2025-08-29T20:55:23.725,1142.7632989883423,30.0,188.0,31.3,0,6,BAKE,187.2,188.8,187.2,188.8
2025-08-29T20:55:23.983,1143.0210649967194,30.0,187.6,31.3,0,6,BAKE,186.8,188.5,186.8,188.5
2025-08-29T20:55:24.170,1143.207673072815,30.0,187.6,31.3,0,6,BAKE,186.8,188.5,186.8,188.5
2025-08-29T20:55:24.426,1143.4636480808258,30.0,187.5,31.3,0,6,BAKE,186.8,188.2,186.8,188.2
2025-08-29T20:55:24.675,1143.7133030891418,30.0,187.2,31.3,0,6,BAKE,186.5,188.0,186.5,188.0
2025-08-29T20:55:24.925,1143.9634668827057,30.0,187.0,31.3,0,6,BAKE,186.2,187.8,186.2,187.8
2025-08-29T20:55:25.179,1144.217257976532,30.0,186.9,31.3,0,6,BAKE,186.0,187.8,186.0,187.8
2025-08-29T20:55:25.425,1144.4628551006317,30.0,186.8,31.4,0,6,BAKE,186.0,187.5,186.0,187.5
2025-08-29T20:55:25.677,1144.714793920517,30.0,186.6,31.3,0,6,BAKE,185.8,187.5,185.8,187.5
2025-08-29T20:55:25.931,1144.969017982483,30.0,186.4,31.4,0,6,BAKE,185.5,187.2,185.5,187.2
2025-08-29T20:55:26.185,1145.2234060764313,30.0,186.4,31.4,0,6,BAKE,185.5,187.2,185.5,187.2
2025-08-29T20:55:26.443,1145.480784893036,30.0,186.1,31.4,0,6,BAKE,185.2,187.0,185.2,187.0
2025-08-29T20:55:26.696,1145.7337400913239,30.0,185.9,31.4,0,6,BAKE,185.0,186.8,185.0,186.8
2025-08-29T20:55:26.949,1145.9874799251556,30.0,185.9,31.4,0,6,BAKE,185.0,186.8,185.0,186.8
2025-08-29T20:55:27.208,1146.2460429668427,30.0,185.8,31.4,0,6,BAKE,184.8,186.8,184.8,186.8
2025-08-29T20:55:27.475,1146.513514995575,30.0,185.6,31.4,0,6,BAKE,184.8,186.5,184.8,186.5
2025-08-29T20:55:27.660,1146.698247909546,30.0,185.4,31.4,0,6,BAKE,184.5,186.2,184.5,186.2
2025-08-29T20:55:27.983,1147.0211040973663,30.0,185.4,31.4,0,6,BAKE,184.5,186.2,184.5,186.2
2025-08-29T20:55:28.169,1147.207249879837,30.0,185.1,31.4,0,6,BAKE,184.2,186.0,184.2,186.0
2025-08-29T20:55:28.416,1147.454551935196,30.0,184.9,31.4,0,6,BAKE,184.0,185.8,184.0,185.8
2025-08-29T20:55:28.661,1147.6986269950867,30.0,184.9,31.4,0,6,BAKE,184.2,185.5,184.2,185.5
2025-08-29T20:55:28.910,1147.9482040405273,30.0,184.9,31.4,0,6,BAKE,184.0,185.8,184.0,185.8
2025-08-29T20:55:29.161,1148.198786020279,30.0,184.8,31.4,0,6,BAKE,184.0,185.5,184.0,185.5
2025-08-29T20:55:29.470,1148.5079140663147,30.0,184.5,31.4,0,6,BAKE,183.8,185.2,183.8,185.2
2025-08-29T20:55:29.656,1148.6941809654236,30.0,184.6,31.4,0,6,BAKE,183.8,185.5,183.8,185.5
2025-08-29T20:55:29.908,1148.9459218978882,30.0,184.4,31.4,0,6,BAKE,183.8,185.0,183.8,185.0
2025-08-29T20:55:30.161,1149.1986660957336,30.0,184.2,31.4,0,6,BAKE,183.5,185.0,183.5,185.0
2025-08-29T20:55:30.411,1149.4485929012299,30.0,184.1,31.4,0,6,BAKE,183.5,184.8,183.5,184.8
2025-08-29T20:55:30.666,1149.7038009166718,30.0,184.0,31.4,0,6,BAKE,183.2,184.8,183.2,184.8
2025-08-29T20:55:30.984,1150.0217099189758,30.0,183.9,31.4,0,6,BAKE,183.0,184.8,183.0,184.8
2025-08-29T20:55:31.169,1150.2075018882751,30.0,183.8,31.4,0,6,BAKE,183.0,184.5,183.0,184.5
2025-08-29T20:55:31.420,1150.4576110839844,30.0,183.8,31.4,0,6,BAKE,183.0,184.5,183.0,184.5
2025-08-29T20:55:31.666,1150.703814983368,30.0,183.5,31.4,0,6,BAKE,182.8,184.2,182.8,184.2
2025-08-29T20:55:31.911,1150.949229001999,30.0,183.4,31.4,0,6,BAKE,182.5,184.2,182.5,184.2
2025-08-29T20:55:32.232,1151.2696449756622,30.0,183.1,31.4,0,6,BAKE,182.5,183.8,182.5,183.8
2025-08-29T20:55:32.413,1151.4505910873413,30.0,183.0,31.4,0,6,BAKE,182.2,183.8,182.2,183.8
2025-08-29T20:55:32.660,1151.698124885559,30.0,183.0,31.5,0,6,BAKE,182.2,183.8,182.2,183.8
2025-08-29T20:55:32.914,1151.9523499011993,30.0,182.8,31.5,0,6,BAKE,182.0,183.5,182.0,183.5
2025-08-29T20:55:33.160,1152.1982290744781,30.0,182.5,31.5,0,6,BAKE,182.0,183.0,182.0,183.0
2025-08-29T20:55:33.480,1152.5177419185638,30.0,182.6,31.5,0,6,BAKE,182.0,183.2,182.0,183.2
2025-08-29T20:55:33.739,1152.7767379283905,30.0,182.4,31.5,0,6,BAKE,181.8,183.0,181.8,183.0
2025-08-29T20:55:33.924,1152.9617540836334,30.0,182.1,31.5,0,6,BAKE,181.5,182.8,181.5,182.8
2025-08-29T20:55:34.178,1153.2160470485687,30.0,182.1,31.5,0,6,BAKE,181.5,182.8,181.5,182.8
2025-08-29T20:55:34.430,1153.4680860042572,30.0,181.9,31.5,0,6,BAKE,181.2,182.5,181.2,182.5
2025-08-29T20:55:34.687,1153.7249689102173,30.0,181.8,31.5,0,6,BAKE,181.2,182.2,181.2,182.2
2025-08-29T20:55:34.944,1153.9821228981018,30.0,181.6,31.5,0,6,BAKE,181.0,182.2,181.0,182.2
2025-08-29T20:55:35.204,1154.2416279315948,30.0,181.6,31.5,0,6,BAKE,181.0,182.2,181.0,182.2
2025-08-29T20:55:35.447,1154.4851830005646,30.0,181.5,31.5,0,6,BAKE,180.8,182.2,180.8,182.2
2025-08-29T20:55:35.696,1154.7345020771027,30.0,181.5,31.5,0,6,BAKE,181.0,182.0,181.0,182.0
2025-08-29T20:55:35.954,1154.9918370246887,30.0,181.1,31.5,0,6,BAKE,180.8,181.5,180.8,181.5
2025-08-29T20:55:36.217,1155.2552680969238,30.0,181.0,31.5,0,6,BAKE,180.5,181.5,180.5,181.5
2025-08-29T20:55:36.467,1155.5048279762268,30.0,180.9,31.5,0,6,BAKE,180.5,181.2,180.5,181.2
2025-08-29T20:55:36.653,1155.690789937973,30.0,180.9,31.5,0,6,BAKE,180.2,181.5,180.2,181.5
2025-08-29T20:55:36.908,1155.9456191062927,30.0,180.6,31.5,0,6,BAKE,180.2,181.0,180.2,181.0
2025-08-29T20:55:37.160,1156.1977989673615,30.0,180.4,31.5,0,6,BAKE,180.0,180.8,180.0,180.8
2025-08-29T20:55:37.410,1156.447681903839,30.0,180.4,31.5,0,6,BAKE,180.0,180.8,180.0,180.8
2025-08-29T20:55:37.665,1156.7025768756866,30.0,180.1,31.5,0,6,BAKE,179.8,180.5,179.8,180.5
2025-08-29T20:55:37.982,1157.020467042923,30.0,180.0,31.5,0,6,BAKE,179.8,180.2,179.8,180.2
2025-08-29T20:55:38.168,1157.205892086029,30.0,179.8,31.5,0,6,BAKE,179.5,180.0,179.5,180.0
2025-08-29T20:55:38.424,1157.4621069431305,30.0,179.9,31.5,0,6,BAKE,179.5,180.2,179.5,180.2
2025-08-29T20:55:38.678,1157.7156190872192,30.0,179.6,31.5,0,6,BAKE,179.2,180.0,179.2,180.0
2025-08-29T20:55:38.926,1157.9636209011078,30.0,179.6,31.6,0,6,BAKE,179.2,180.0,179.2,180.0
2025-08-29T20:55:39.180,1158.217717885971,30.0,179.2,31.5,0,6,BAKE,179.0,179.5,179.0,179.5
2025-08-29T20:55:39.426,1158.4641609191895,30.0,179.4,31.5,0,6,BAKE,179.0,179.8,179.0,179.8
2025-08-29T20:55:39.679,1158.7174570560455,30.0,179.2,31.5,0,6,BAKE,179.0,179.5,179.0,179.5
2025-08-29T20:55:39.929,1158.967325925827,30.0,179.1,31.6,0,6,BAKE,178.8,179.5,178.8,179.5
2025-08-29T20:55:40.187,1159.2246460914612,30.0,178.8,31.6,0,6,BAKE,178.5,179.0,178.5,179.0
2025-08-29T20:55:40.429,1159.4675478935242,30.0,178.8,31.6,0,6,BAKE,178.5,179.0,178.5,179.0
2025-08-29T20:55:40.685,1159.7235000133514,30.0,178.5,31.6,0,6,BAKE,178.2,178.8,178.2,178.8
2025-08-29T20:55:40.933,1159.9714000225067,30.0,178.4,31.5,0,6,BAKE,178.2,178.5,178.2,178.5
2025-08-29T20:55:41.188,1160.225802898407,30.0,178.4,31.6,0,6,BAKE,178.0,178.8,178.0,178.8
2025-08-29T20:55:41.432,1160.469631910324,30.0,178.2,31.6,0,6,BAKE,178.0,178.5,178.0,178.5
2025-08-29T20:55:41.677,1160.7148399353027,30.0,178.1,31.6,0,6,BAKE,178.0,178.2,178.0,178.2
2025-08-29T20:55:41.928,1160.9655718803406,30.0,177.9,31.6,0,6,BAKE,177.8,178.0,177.8,178.0
2025-08-29T20:55:42.176,1161.2143890857697,30.0,177.8,31.6,0,6,BAKE,177.8,177.8,177.8,177.8
2025-08-29T20:55:42.423,1161.4611361026764,30.0,177.6,31.6,0,6,BAKE,177.5,177.8,177.5,177.8
2025-08-29T20:55:42.674,1161.7120289802551,30.0,177.6,31.6,0,6,BAKE,177.5,177.8,177.5,177.8
2025-08-29T20:55:42.924,1161.96196103096,30.0,177.4,31.6,0,6,BAKE,177.2,177.5,177.2,177.5
2025-08-29T20:55:43.172,1162.2095699310303,30.0,177.4,31.6,0,6,BAKE,177.2,177.5,177.2,177.5
2025-08-29T20:55:43.481,1162.5185840129852,30.0,177.1,31.7,0,6,BAKE,177.2,177.0,177.2,177.0
2025-08-29T20:55:43.663,1162.7007820606232,30.0,176.9,31.6,0,6,BAKE,176.8,177.0,176.8,177.0
2025-08-29T20:55:43.908,1162.9463489055634,30.0,177.0,31.6,0,6,BAKE,177.0,177.0,177.0,177.0
2025-08-29T20:55:44.158,1163.1965329647064,30.0,176.8,31.6,0,6,BAKE,176.8,176.8,176.8,176.8
2025-08-29T20:55:44.409,1163.4470579624176,30.0,176.6,31.6,0,6,BAKE,176.5,176.8,176.5,176.8
2025-08-29T20:55:44.731,1163.7685859203339,30.0,176.5,31.6,0,6,BAKE,176.5,176.5,176.5,176.5
