timestamp_iso,t_sec,set_c,actual_c,coldj_c,heat,fan,mode,temp0_c,temp1_c,temp2_c,temp3_c
2025-08-26T15:55:13.617,8.732349872589111,36.0,28.2,27.0,255,8,BAKE-PREHEAT,28.0,28.5,28.0,28.5
2025-08-26T15:55:13.852,8.966970920562744,36.0,28.5,27.0,255,8,BAKE-PREHEAT,28.0,29.0,28.0,29.0
2025-08-26T15:55:14.085,9.199579000473022,36.0,28.5,27.0,255,8,BAKE-PREHEAT,28.2,28.8,28.2,28.8
2025-08-26T15:55:14.383,9.49765682220459,36.0,28.6,27.0,255,8,BAKE-PREHEAT,28.2,29.0,28.2,29.0
2025-08-26T15:55:14.436,9.551049947738647,36.0,28.6,27.0,255,8,BAKE-PREHEAT,28.2,29.0,28.2,29.0
2025-08-26T15:55:14.892,10.007313966751099,47.0,28.8,27.0,255,8,BAKE-PREHEAT,28.2,29.2,28.2,29.2
2025-08-26T15:55:15.133,10.247673988342285,47.0,28.8,27.0,255,8,BAKE-PREHEAT,28.5,29.0,28.5,29.0
2025-08-26T15:55:15.371,10.485872983932495,47.0,29.0,27.0,255,8,BAKE-PREHEAT,28.8,29.2,28.8,29.2
2025-08-26T15:55:15.606,10.721364974975586,47.0,29.1,27.0,255,8,BAKE-PREHEAT,28.8,29.5,28.8,29.5
2025-08-26T15:55:15.900,11.014488935470581,47.0,29.1,27.0,255,8,BAKE-PREHEAT,28.8,29.5,28.8,29.5
2025-08-26T15:55:16.138,11.253072023391724,47.0,29.2,27.0,255,8,BAKE-PREHEAT,28.8,29.8,28.8,29.8
2025-08-26T15:55:16.377,11.492045879364014,47.0,29.4,27.0,255,8,BAKE-PREHEAT,29.0,29.8,29.0,29.8
2025-08-26T15:55:16.615,11.72950291633606,47.0,29.5,27.0,255,8,BAKE-PREHEAT,29.0,30.0,29.0,30.0
2025-08-26T15:55:16.847,11.962399959564209,47.0,29.6,27.0,255,8,BAKE-PREHEAT,29.2,30.0,29.2,30.0
2025-08-26T15:55:17.128,12.242892980575562,47.0,29.6,27.0,255,8,BAKE-PREHEAT,29.2,30.0,29.2,30.0
2025-08-26T15:55:17.366,12.480673789978027,47.0,29.9,27.0,255,8,BAKE-PREHEAT,29.5,30.2,29.5,30.2
2025-08-26T15:55:17.597,12.711795806884766,47.0,29.9,27.0,255,8,BAKE-PREHEAT,29.5,30.2,29.5,30.2
2025-08-26T15:55:17.890,13.005145788192749,47.0,29.9,27.0,255,8,BAKE-PREHEAT,29.5,30.2,29.5,30.2
2025-08-26T15:55:18.127,13.24161982536316,47.0,30.1,27.0,255,8,BAKE-PREHEAT,29.8,30.5,29.8,30.5
2025-08-26T15:55:18.359,13.47367000579834,47.0,30.2,27.0,255,8,BAKE-PREHEAT,29.8,30.8,29.8,30.8
2025-08-26T15:55:18.660,13.774710893630981,47.0,30.5,27.0,255,8,BAKE-PREHEAT,30.0,31.0,30.0,31.0
2025-08-26T15:55:18.833,13.947751998901367,47.0,30.8,27.0,255,8,BAKE-PREHEAT,30.2,31.2,30.2,31.2
2025-08-26T15:55:19.125,14.24040699005127,47.0,30.8,27.0,255,8,BAKE-PREHEAT,30.2,31.2,30.2,31.2
2025-08-26T15:55:19.359,14.47355580329895,47.0,30.9,27.0,255,8,BAKE-PREHEAT,30.5,31.2,30.5,31.2
2025-08-26T15:55:19.594,14.709414005279541,47.0,31.0,27.0,255,8,BAKE-PREHEAT,30.5,31.5,30.5,31.5
2025-08-26T15:55:19.887,15.00196886062622,47.0,31.1,27.0,255,8,BAKE-PREHEAT,30.5,31.8,30.5,31.8
2025-08-26T15:55:20.124,15.238477945327759,47.0,31.4,27.0,255,8,BAKE-PREHEAT,31.0,31.8,31.0,31.8
2025-08-26T15:55:20.352,15.467070817947388,47.0,31.4,27.0,255,8,BAKE-PREHEAT,31.0,31.8,31.0,31.8
2025-08-26T15:55:20.520,15.63486099243164,47.0,31.6,27.0,255,8,BAKE-PREHEAT,31.2,32.0,31.2,32.0
2025-08-26T15:55:20.871,15.986382961273193,47.0,31.9,27.0,255,8,BAKE-PREHEAT,31.2,32.5,31.2,32.5
2025-08-26T15:55:21.106,16.221130847930908,47.0,32.1,27.0,255,8,BAKE-PREHEAT,31.5,32.8,31.5,32.8
2025-08-26T15:55:21.400,16.514495849609375,47.0,32.2,27.0,255,8,BAKE-PREHEAT,31.8,32.8,31.8,32.8
2025-08-26T15:55:21.635,16.75028085708618,47.0,32.4,27.0,255,8,BAKE-PREHEAT,31.8,33.0,31.8,33.0
2025-08-26T15:55:21.874,16.988544940948486,47.0,32.5,27.0,255,8,BAKE-PREHEAT,32.0,33.0,32.0,33.0
2025-08-26T15:55:22.110,17.225198984146118,47.0,32.8,27.0,255,8,BAKE-PREHEAT,32.2,33.2,32.2,33.2
2025-08-26T15:55:22.347,17.461591958999634,47.0,32.9,27.0,255,8,BAKE-PREHEAT,32.2,33.5,32.2,33.5
2025-08-26T15:55:22.641,17.756306886672974,47.0,33.1,27.0,255,8,BAKE-PREHEAT,32.5,33.8,32.5,33.8
2025-08-26T15:55:22.872,17.987223863601685,47.0,33.5,27.0,255,8,BAKE-PREHEAT,32.8,34.2,32.8,34.2
2025-08-26T15:55:23.107,18.221943855285645,47.0,33.5,27.0,255,8,BAKE-PREHEAT,33.0,34.0,33.0,34.0
2025-08-26T15:55:23.343,18.457578897476196,47.0,33.9,27.0,255,8,BAKE-PREHEAT,33.2,34.5,33.2,34.5
2025-08-26T15:55:23.637,18.752311944961548,47.0,34.0,27.0,255,8,BAKE-PREHEAT,33.2,34.8,33.2,34.8
2025-08-26T15:55:23.873,18.988091945648193,47.0,34.1,27.0,255,8,BAKE-PREHEAT,33.5,34.8,33.5,34.8
2025-08-26T15:55:24.110,19.224599838256836,47.0,34.5,27.0,255,8,BAKE-PREHEAT,33.8,35.2,33.8,35.2
2025-08-26T15:55:24.415,19.53041982650757,47.0,34.8,27.0,255,8,BAKE-PREHEAT,34.0,35.5,34.0,35.5
2025-08-26T15:55:24.529,19.644383907318115,47.0,34.9,27.0,255,8,BAKE-PREHEAT,34.0,35.8,34.0,35.8
2025-08-26T15:55:24.872,19.986796855926514,58.0,35.0,27.0,255,8,BAKE-PREHEAT,34.2,35.8,34.2,35.8
2025-08-26T15:55:25.107,20.222105979919434,58.0,35.4,27.0,255,8,BAKE-PREHEAT,34.5,36.2,34.5,36.2
2025-08-26T15:55:25.343,20.457916021347046,58.0,35.5,27.0,255,8,BAKE-PREHEAT,34.8,36.2,34.8,36.2
2025-08-26T15:55:25.636,20.751307010650635,58.0,36.0,27.0,255,8,BAKE-PREHEAT,35.2,36.8,35.2,36.8
2025-08-26T15:55:25.870,20.984673976898193,58.0,36.1,27.0,255,8,BAKE-PREHEAT,35.2,37.0,35.2,37.0
2025-08-26T15:55:26.099,21.21436595916748,58.0,36.2,27.0,255,8,BAKE-PREHEAT,35.5,37.0,35.5,37.0
2025-08-26T15:55:26.333,21.448348999023438,58.0,36.6,27.0,255,8,BAKE-PREHEAT,35.8,37.5,35.8,37.5
2025-08-26T15:55:26.624,21.738656997680664,58.0,36.8,27.0,255,8,BAKE-PREHEAT,36.0,37.5,36.0,37.5
2025-08-26T15:55:26.859,21.97429394721985,58.0,37.1,27.0,255,8,BAKE-PREHEAT,36.2,38.0,36.2,38.0
2025-08-26T15:55:27.157,22.27192997932434,58.0,37.4,27.0,255,8,BAKE-PREHEAT,36.5,38.2,36.5,38.2
2025-08-26T15:55:27.331,22.445762872695923,58.0,37.8,27.0,255,8,BAKE-PREHEAT,37.0,38.5,37.0,38.5
2025-08-26T15:55:27.624,22.73848581314087,58.0,37.8,27.0,255,8,BAKE-PREHEAT,37.0,38.5,37.0,38.5
2025-08-26T15:55:27.858,22.972543001174927,58.0,37.9,27.0,255,8,BAKE-PREHEAT,37.2,38.5,37.2,38.5
2025-08-26T15:55:28.094,23.20914602279663,58.0,38.5,27.1,255,8,BAKE-PREHEAT,37.8,39.2,37.8,39.2
2025-08-26T15:55:28.388,23.503031015396118,58.0,38.5,27.0,255,8,BAKE-PREHEAT,37.8,39.2,37.8,39.2
2025-08-26T15:55:28.624,23.738768815994263,58.0,38.9,27.0,255,8,BAKE-PREHEAT,38.0,39.8,38.0,39.8
2025-08-26T15:55:28.853,23.96762990951538,58.0,39.0,27.0,255,8,BAKE-PREHEAT,38.2,39.8,38.2,39.8
2025-08-26T15:55:29.087,24.201705932617188,58.0,39.1,27.0,255,8,BAKE-PREHEAT,38.5,39.8,38.5,39.8
2025-08-26T15:55:29.381,24.495589017868042,58.0,39.5,27.0,255,8,BAKE-PREHEAT,38.8,40.2,38.8,40.2
2025-08-26T15:55:29.619,24.73421597480774,58.0,39.9,27.0,255,8,BAKE-PREHEAT,39.2,40.5,39.2,40.5
2025-08-26T15:55:29.855,24.96986985206604,58.0,40.0,27.0,255,8,BAKE-PREHEAT,39.2,40.8,39.2,40.8
2025-08-26T15:55:30.081,25.196277856826782,58.0,40.2,27.0,255,8,BAKE-PREHEAT,39.5,41.0,39.5,41.0
2025-08-26T15:55:30.375,25.490116834640503,58.0,40.5,27.0,255,8,BAKE-PREHEAT,39.8,41.2,39.8,41.2
2025-08-26T15:55:30.553,25.667987823486328,58.0,40.8,27.1,255,8,BAKE-PREHEAT,40.0,41.5,40.0,41.5
2025-08-26T15:55:30.838,25.953186988830566,58.0,41.0,27.0,255,8,BAKE-PREHEAT,40.2,41.8,40.2,41.8
2025-08-26T15:55:31.128,26.242517948150635,58.0,41.5,27.0,255,8,BAKE-PREHEAT,40.8,42.2,40.8,42.2
2025-08-26T15:55:31.364,26.479262828826904,58.0,41.8,27.0,255,8,BAKE-PREHEAT,41.0,42.5,41.0,42.5
2025-08-26T15:55:31.595,26.710407972335815,58.0,42.0,27.0,255,8,BAKE-PREHEAT,41.5,42.5,41.5,42.5
2025-08-26T15:55:31.886,27.00046396255493,58.0,42.1,27.0,255,8,BAKE-PREHEAT,41.5,42.8,41.5,42.8
2025-08-26T15:55:32.123,27.238274812698364,58.0,42.4,27.0,255,8,BAKE-PREHEAT,41.8,43.0,41.8,43.0
2025-08-26T15:55:32.354,27.46904182434082,58.0,42.6,27.0,255,8,BAKE-PREHEAT,42.0,43.2,42.0,43.2
2025-08-26T15:55:32.655,27.76971197128296,58.0,43.1,27.0,255,8,BAKE-PREHEAT,42.5,43.8,42.5,43.8
2025-08-26T15:55:32.827,27.941900968551636,58.0,43.4,27.1,255,8,BAKE-PREHEAT,42.8,44.0,42.8,44.0
2025-08-26T15:55:33.117,28.2319118976593,58.0,43.5,27.0,255,8,BAKE-PREHEAT,43.0,44.0,43.0,44.0
2025-08-26T15:55:33.352,28.46651291847229,58.0,43.8,27.1,255,8,BAKE-PREHEAT,43.2,44.2,43.2,44.2
2025-08-26T15:55:33.587,28.70179295539856,58.0,44.1,27.1,255,8,BAKE-PREHEAT,43.8,44.5,43.8,44.5
2025-08-26T15:55:33.881,28.996264934539795,58.0,44.5,27.1,255,8,BAKE-PREHEAT,44.0,45.0,44.0,45.0
2025-08-26T15:55:34.112,29.22711181640625,58.0,45.0,27.1,255,8,BAKE-PREHEAT,44.5,45.5,44.5,45.5
2025-08-26T15:55:34.349,29.464353799819946,58.0,45.0,27.0,255,8,BAKE-PREHEAT,44.5,45.5,44.5,45.5
2025-08-26T15:55:34.584,29.699026823043823,58.0,45.4,27.0,255,8,BAKE-PREHEAT,44.8,46.0,44.8,46.0
2025-08-26T15:55:34.878,29.992676973342896,69.0,45.6,27.1,255,8,BAKE-PREHEAT,45.2,46.0,45.2,46.0
2025-08-26T15:55:35.109,30.2240788936615,69.0,46.1,27.1,255,8,BAKE-PREHEAT,45.5,46.8,45.5,46.8
2025-08-26T15:55:35.404,30.519263982772827,69.0,46.4,27.0,255,8,BAKE-PREHEAT,45.8,47.0,45.8,47.0
2025-08-26T15:55:35.640,30.754796981811523,69.0,46.9,27.1,255,8,BAKE-PREHEAT,46.2,47.5,46.2,47.5
2025-08-26T15:55:35.875,30.99023699760437,69.0,47.0,27.0,255,8,BAKE-PREHEAT,46.2,47.8,46.2,47.8
2025-08-26T15:55:36.107,31.221879959106445,69.0,47.2,27.0,255,8,BAKE-PREHEAT,46.8,47.8,46.8,47.8
2025-08-26T15:55:36.341,31.456270933151245,69.0,47.9,27.0,255,8,BAKE-PREHEAT,47.2,48.5,47.2,48.5
2025-08-26T15:55:36.633,31.747997999191284,69.0,48.0,27.1,255,8,BAKE-PREHEAT,47.5,48.5,47.5,48.5
2025-08-26T15:55:36.864,31.978880882263184,69.0,48.4,27.0,255,8,BAKE-PREHEAT,47.8,49.0,47.8,49.0
2025-08-26T15:55:37.094,32.20857095718384,69.0,48.8,27.0,255,8,BAKE-PREHEAT,48.2,49.2,48.2,49.2
2025-08-26T15:55:37.385,32.49960994720459,69.0,48.9,27.1,255,8,BAKE-PREHEAT,48.5,49.2,48.5,49.2
2025-08-26T15:55:37.624,32.738609790802,69.0,49.5,27.0,255,8,BAKE-PREHEAT,48.8,50.2,48.8,50.2
2025-08-26T15:55:37.861,32.97568392753601,69.0,49.6,27.1,255,8,BAKE-PREHEAT,49.0,50.2,49.0,50.2
2025-08-26T15:55:38.096,33.211219787597656,69.0,50.2,27.1,255,8,BAKE-PREHEAT,49.5,51.0,49.5,51.0
2025-08-26T15:55:38.390,33.504586935043335,69.0,50.5,27.0,255,8,BAKE-PREHEAT,50.0,51.0,50.0,51.0
2025-08-26T15:55:38.629,33.7440288066864,69.0,50.8,27.0,255,8,BAKE-PREHEAT,50.0,51.5,50.0,51.5
2025-08-26T15:55:38.862,33.977160930633545,69.0,51.2,27.1,255,8,BAKE-PREHEAT,50.5,52.0,50.5,52.0
2025-08-26T15:55:39.098,34.212636947631836,69.0,51.5,27.1,255,8,BAKE-PREHEAT,50.8,52.2,50.8,52.2
2025-08-26T15:55:39.332,34.446791887283325,69.0,52.1,27.1,255,8,BAKE-PREHEAT,51.2,53.0,51.2,53.0
2025-08-26T15:55:39.619,34.73401999473572,69.0,52.2,27.0,255,8,BAKE-PREHEAT,51.5,53.0,51.5,53.0
2025-08-26T15:55:39.857,34.97158694267273,69.0,52.9,27.1,255,8,BAKE-PREHEAT,52.0,53.8,52.0,53.8
2025-08-26T15:55:40.087,35.20184588432312,69.0,53.0,27.1,255,8,BAKE-PREHEAT,52.2,53.8,52.2,53.8
2025-08-26T15:55:40.378,35.493305921554565,69.0,53.4,27.1,255,8,BAKE-PREHEAT,52.5,54.2,52.5,54.2
2025-08-26T15:55:40.617,35.7314829826355,69.0,53.9,27.0,255,8,BAKE-PREHEAT,53.0,54.8,53.0,54.8
2025-08-26T15:55:40.852,35.966569900512695,69.0,54.2,27.1,255,8,BAKE-PREHEAT,53.2,55.2,53.2,55.2
2025-08-26T15:55:41.146,36.26096296310425,69.0,54.8,27.1,255,8,BAKE-PREHEAT,53.8,55.8,53.8,55.8
2025-08-26T15:55:41.383,36.498270988464355,69.0,55.1,27.1,255,8,BAKE-PREHEAT,54.2,56.0,54.2,56.0
2025-08-26T15:55:41.623,36.73750686645508,69.0,55.4,27.1,255,8,BAKE-PREHEAT,54.2,56.5,54.2,56.5
2025-08-26T15:55:41.860,36.97454285621643,69.0,55.8,27.1,255,8,BAKE-PREHEAT,54.8,56.8,54.8,56.8
2025-08-26T15:55:42.097,37.211769819259644,69.0,56.4,27.1,255,8,BAKE-PREHEAT,55.2,57.5,55.2,57.5
2025-08-26T15:55:42.384,37.499143838882446,69.0,56.9,27.1,255,8,BAKE-PREHEAT,55.8,58.0,55.8,58.0
2025-08-26T15:55:42.619,37.7336540222168,69.0,57.1,27.1,255,8,BAKE-PREHEAT,56.0,58.2,56.0,58.2
2025-08-26T15:55:42.847,37.96214199066162,69.0,57.4,27.1,255,8,BAKE-PREHEAT,56.2,58.5,56.2,58.5
2025-08-26T15:55:43.082,38.196714878082275,69.0,57.9,27.1,255,8,BAKE-PREHEAT,56.8,59.0,56.8,59.0
2025-08-26T15:55:43.376,38.49079179763794,69.0,58.4,27.1,255,8,BAKE-PREHEAT,57.0,59.8,57.0,59.8
2025-08-26T15:55:43.613,38.72806000709534,69.0,58.8,27.1,255,8,BAKE-PREHEAT,57.5,60.0,57.5,60.0
2025-08-26T15:55:43.914,39.02902388572693,69.0,59.2,27.1,255,8,BAKE-PREHEAT,58.0,60.5,58.0,60.5
2025-08-26T15:55:44.088,39.20265078544617,69.0,59.9,27.1,255,8,BAKE-PREHEAT,58.5,61.2,58.5,61.2
2025-08-26T15:55:44.139,39.254196882247925,69.0,59.9,27.1,255,8,BAKE-PREHEAT,58.5,61.2,58.5,61.2
2025-08-26T15:55:44.609,39.72349691390991,81.0,60.5,27.1,255,8,BAKE-PREHEAT,59.0,62.0,59.0,62.0
2025-08-26T15:55:44.846,39.96101498603821,81.0,60.9,27.1,255,8,BAKE-PREHEAT,59.5,62.2,59.5,62.2
2025-08-26T15:55:45.140,40.255165815353394,81.0,61.2,27.0,255,8,BAKE-PREHEAT,59.8,62.8,59.8,62.8
2025-08-26T15:55:45.372,40.48652482032776,81.0,61.9,27.1,255,8,BAKE-PREHEAT,60.2,63.5,60.2,63.5
2025-08-26T15:55:45.601,40.7157039642334,81.0,62.2,27.1,255,8,BAKE-PREHEAT,60.8,63.8,60.8,63.8
2025-08-26T15:55:45.836,40.95121788978577,81.0,62.5,27.1,255,8,BAKE-PREHEAT,60.8,64.2,60.8,64.2
2025-08-26T15:55:46.131,41.24571394920349,81.0,63.0,27.1,255,8,BAKE-PREHEAT,61.5,64.5,61.5,64.5
2025-08-26T15:55:46.369,41.48415398597717,81.0,63.5,27.1,255,8,BAKE-PREHEAT,61.8,65.2,61.8,65.2
2025-08-26T15:55:46.604,41.719115018844604,81.0,64.0,27.1,255,8,BAKE-PREHEAT,62.5,65.5,62.5,65.5
2025-08-26T15:55:46.833,41.94794487953186,81.0,64.2,27.1,255,8,BAKE-PREHEAT,62.5,66.0,62.5,66.0
2025-08-26T15:55:47.124,42.23904085159302,81.0,64.6,27.1,255,8,BAKE-PREHEAT,63.0,66.2,63.0,66.2
2025-08-26T15:55:47.361,42.475727796554565,81.0,65.0,27.1,255,8,BAKE-PREHEAT,63.2,66.8,63.2,66.8
2025-08-26T15:55:47.597,42.71167492866516,81.0,65.5,27.1,255,8,BAKE-PREHEAT,63.8,67.2,63.8,67.2
2025-08-26T15:55:47.835,42.950095891952515,81.0,66.2,27.1,255,8,BAKE-PREHEAT,64.5,68.0,64.5,68.0
2025-08-26T15:55:48.125,43.24006795883179,81.0,66.8,27.1,255,8,BAKE-PREHEAT,65.0,68.5,65.0,68.5
2025-08-26T15:55:48.356,43.471391916275024,81.0,67.1,27.1,255,8,BAKE-PREHEAT,65.2,69.0,65.2,69.0
2025-08-26T15:55:48.593,43.70788097381592,81.0,67.1,27.1,255,8,BAKE-PREHEAT,65.2,69.0,65.2,69.0
2025-08-26T15:55:48.884,43.99922299385071,81.0,67.8,27.1,255,8,BAKE-PREHEAT,66.0,69.5,66.0,69.5
2025-08-26T15:55:49.120,44.234691858291626,81.0,68.1,27.1,255,8,BAKE-PREHEAT,66.2,70.0,66.2,70.0
2025-08-26T15:55:49.355,44.4695839881897,81.0,68.9,27.1,255,8,BAKE-PREHEAT,67.0,70.8,67.0,70.8
2025-08-26T15:55:49.583,44.6982479095459,81.0,69.2,27.1,255,8,BAKE-PREHEAT,67.5,71.0,67.5,71.0
2025-08-26T15:55:49.874,44.9886269569397,81.0,69.2,27.1,255,8,BAKE-PREHEAT,67.2,71.2,67.2,71.2
2025-08-26T15:55:50.111,45.225788831710815,81.0,70.0,27.1,255,8,BAKE-PREHEAT,68.0,72.0,68.0,72.0
2025-08-26T15:55:50.166,45.28068685531616,81.0,70.2,27.1,255,8,BAKE-PREHEAT,68.2,72.2,68.2,72.2
2025-08-26T15:55:50.635,45.749593019485474,81.0,70.9,27.1,255,8,BAKE-PREHEAT,69.0,72.8,69.0,72.8
2025-08-26T15:55:50.870,45.984946966171265,81.0,71.4,27.1,255,8,BAKE-PREHEAT,69.5,73.2,69.5,73.2
2025-08-26T15:55:51.102,46.217257022857666,81.0,72.0,27.1,255,8,BAKE-PREHEAT,70.0,74.0,70.0,74.0
2025-08-26T15:55:51.337,46.45201086997986,81.0,72.1,27.1,255,8,BAKE-PREHEAT,70.2,74.0,70.2,74.0
2025-08-26T15:55:51.631,46.746140003204346,81.0,72.8,27.1,243,8,BAKE-PREHEAT,70.8,74.8,70.8,74.8
2025-08-26T15:55:51.871,46.98556184768677,81.0,73.4,27.1,231,8,BAKE-PREHEAT,71.5,75.2,71.5,75.2
2025-08-26T15:55:52.106,47.22066879272461,81.0,73.6,27.1,255,8,BAKE-PREHEAT,71.5,75.8,71.5,75.8
2025-08-26T15:55:52.399,47.51373791694641,81.0,74.4,27.1,192,8,BAKE-PREHEAT,72.2,76.5,72.2,76.5
2025-08-26T15:55:52.638,47.75286388397217,81.0,74.5,27.1,255,8,BAKE-PREHEAT,72.2,76.8,72.2,76.8
2025-08-26T15:55:52.877,47.992400884628296,81.0,75.0,27.1,220,8,BAKE-PREHEAT,73.0,77.0,73.0,77.0
2025-08-26T15:55:53.112,48.22654581069946,81.0,75.5,27.2,211,8,BAKE-PREHEAT,73.5,77.5,73.5,77.5
2025-08-26T15:55:53.346,48.46086096763611,81.0,75.8,27.1,246,8,BAKE-PREHEAT,73.5,78.0,73.5,78.0
2025-08-26T15:55:53.646,48.76118588447571,81.0,76.8,27.2,107,8,BAKE-PREHEAT,74.8,78.8,74.8,78.8
2025-08-26T15:55:53.886,49.00081491470337,81.0,77.1,27.1,200,8,BAKE-PREHEAT,75.0,79.2,75.0,79.2
2025-08-26T15:55:54.124,49.23867201805115,81.0,77.4,27.1,215,8,BAKE-PREHEAT,75.2,79.5,75.2,79.5
2025-08-26T15:55:54.240,49.354986906051636,81.0,77.8,27.1,188,8,BAKE-PREHEAT,75.8,79.8,75.8,79.8
2025-08-26T15:55:54.588,49.703343868255615,92.0,78.2,27.2,255,8,BAKE-PREHEAT,76.0,80.5,76.0,80.5
2025-08-26T15:55:54.883,49.99830484390259,92.0,78.9,27.1,255,8,BAKE-PREHEAT,76.8,81.0,76.8,81.0
2025-08-26T15:55:55.123,50.238003969192505,92.0,79.1,27.2,255,8,BAKE-PREHEAT,76.8,81.5,76.8,81.5
2025-08-26T15:55:55.350,50.46466684341431,92.0,79.9,27.2,255,8,BAKE-PREHEAT,77.5,82.2,77.5,82.2
2025-08-26T15:55:55.585,50.699628829956055,92.0,80.0,27.1,255,8,BAKE-PREHEAT,77.8,82.2,77.8,82.2
2025-08-26T15:55:55.879,50.9937698841095,92.0,80.5,27.2,255,8,BAKE-PREHEAT,78.2,82.8,78.2,82.8
2025-08-26T15:55:56.114,51.2293119430542,92.0,81.0,27.2,255,8,BAKE-PREHEAT,78.5,83.5,78.5,83.5
2025-08-26T15:55:56.354,51.469281911849976,92.0,81.6,27.1,255,8,BAKE-PREHEAT,79.5,83.8,79.5,83.8
2025-08-26T15:55:56.585,51.69961190223694,92.0,82.0,27.2,255,8,BAKE-PREHEAT,80.0,84.0,80.0,84.0
2025-08-26T15:55:56.875,51.98979592323303,92.0,82.0,27.2,255,8,BAKE-PREHEAT,79.8,84.2,79.8,84.2
2025-08-26T15:55:57.107,52.22193098068237,92.0,82.9,27.2,220,8,BAKE-PREHEAT,80.8,85.0,80.8,85.0
2025-08-26T15:55:57.340,52.45479679107666,92.0,83.1,27.1,255,8,BAKE-PREHEAT,80.8,85.5,80.8,85.5
2025-08-26T15:55:57.633,52.74800086021423,92.0,84.0,27.2,199,8,BAKE-PREHEAT,81.8,86.2,81.8,86.2
2025-08-26T15:55:57.870,52.985339879989624,92.0,84.5,27.2,249,8,BAKE-PREHEAT,82.2,86.8,82.2,86.8
2025-08-26T15:55:58.105,53.2199490070343,92.0,84.9,27.2,255,8,BAKE-PREHEAT,82.5,87.2,82.5,87.2
2025-08-26T15:55:58.338,53.45253801345825,92.0,84.9,27.2,255,8,BAKE-PREHEAT,82.5,87.2,82.5,87.2
2025-08-26T15:55:58.632,53.74654984474182,92.0,85.6,27.2,188,8,BAKE-PREHEAT,83.5,87.8,83.5,87.8
2025-08-26T15:55:58.866,53.980769872665405,92.0,86.2,27.2,196,8,BAKE-PREHEAT,84.0,88.5,84.0,88.5
2025-08-26T15:55:59.102,54.21699380874634,92.0,86.4,27.2,255,8,BAKE-PREHEAT,84.0,88.8,84.0,88.8
2025-08-26T15:55:59.390,54.5045428276062,92.0,87.4,27.2,115,8,BAKE-PREHEAT,85.0,89.8,85.0,89.8
2025-08-26T15:55:59.629,54.74353289604187,92.0,87.8,27.2,208,8,BAKE-PREHEAT,85.5,90.0,85.5,90.0
2025-08-26T15:55:59.868,54.98246479034424,92.0,87.9,27.2,245,8,BAKE-PREHEAT,85.5,90.2,85.5,90.2
2025-08-26T15:56:00.103,55.21747589111328,92.0,88.4,27.2,176,8,BAKE-PREHEAT,86.0,90.8,86.0,90.8
2025-08-26T15:56:00.212,55.32676887512207,92.0,88.8,27.2,189,8,BAKE-PREHEAT,86.5,91.0,86.5,91.0
2025-08-26T15:56:00.620,55.73467993736267,92.0,89.4,27.2,0,8,BAKE-PREHEAT,87.0,91.8,87.0,91.8
2025-08-26T15:56:00.857,55.9718120098114,92.0,89.9,27.2,0,8,BAKE-PREHEAT,87.5,92.2,87.5,92.2
2025-08-26T15:56:01.086,56.20117497444153,92.0,90.1,27.2,0,8,BAKE-PREHEAT,87.8,92.5,87.8,92.5
2025-08-26T15:56:01.380,56.495338916778564,92.0,90.5,27.2,0,8,BAKE-PREHEAT,87.8,93.2,87.8,93.2
2025-08-26T15:56:01.621,56.73619294166565,92.0,90.9,27.2,0,8,BAKE-PREHEAT,88.2,93.5,88.2,93.5
2025-08-26T15:56:01.857,56.97222590446472,92.0,91.4,27.2,0,8,BAKE-PREHEAT,89.0,93.8,89.0,93.8
2025-08-26T15:56:02.157,57.272087812423706,92.0,91.6,27.2,0,8,BAKE-PREHEAT,89.2,94.0,89.2,94.0
2025-08-26T15:56:02.331,57.44553899765015,92.0,92.2,27.2,0,8,BAKE,90.0,94.5,90.0,94.5
2025-08-26T15:56:02.623,57.73842096328735,92.0,92.5,27.2,0,8,BAKE,90.2,94.8,90.2,94.8
2025-08-26T15:56:02.856,57.97134590148926,92.0,92.8,27.2,0,8,BAKE,90.2,95.2,90.2,95.2
2025-08-26T15:56:03.093,58.208048820495605,92.0,93.2,27.2,0,8,BAKE,91.0,95.5,91.0,95.5
2025-08-26T15:56:03.387,58.50226593017578,92.0,93.6,27.2,0,8,BAKE,91.2,96.0,91.2,96.0
2025-08-26T15:56:03.626,58.741251945495605,92.0,94.2,27.2,0,8,BAKE,92.0,96.5,92.0,96.5
2025-08-26T15:56:03.864,58.979300022125244,92.0,94.2,27.2,0,8,BAKE,92.0,96.5,92.0,96.5
2025-08-26T15:56:04.100,59.214831829071045,92.0,94.5,27.2,0,8,BAKE,92.2,96.8,92.2,96.8
2025-08-26T15:56:04.330,59.44494295120239,92.0,95.0,27.2,0,8,BAKE,92.8,97.2,92.8,97.2
2025-08-26T15:56:04.623,59.73746585845947,92.0,95.2,27.2,0,8,BAKE,93.0,97.5,93.0,97.5
2025-08-26T15:56:04.625,59.74034786224365,92.0,95.6,27.2,0,8,BAKE,93.2,98.0,93.2,98.0
2025-08-26T15:56:05.088,60.20325779914856,103.0,95.9,27.2,0,8,BAKE-PREHEAT,93.5,98.2,93.5,98.2
2025-08-26T15:56:05.379,60.49379086494446,103.0,96.1,27.2,90,8,BAKE-PREHEAT,93.8,98.5,93.8,98.5
2025-08-26T15:56:05.616,60.73078989982605,103.0,96.4,27.2,85,8,BAKE-PREHEAT,93.8,99.0,93.8,99.0
2025-08-26T15:56:05.852,60.966691970825195,103.0,96.9,27.2,36,8,BAKE-PREHEAT,94.5,99.2,94.5,99.2
2025-08-26T15:56:06.148,61.26248002052307,103.0,96.9,27.2,116,8,BAKE-PREHEAT,94.5,99.2,94.5,99.2
2025-08-26T15:56:06.322,61.43667984008789,103.0,97.4,27.2,26,8,BAKE-PREHEAT,95.0,99.8,95.0,99.8
2025-08-26T15:56:06.610,61.72444701194763,103.0,97.4,27.2,107,8,BAKE-PREHEAT,95.0,99.8,95.0,99.8
2025-08-26T15:56:06.845,61.960330963134766,103.0,97.8,27.2,39,8,BAKE-PREHEAT,95.5,100.0,95.5,100.0
2025-08-26T15:56:07.080,62.194559812545776,103.0,98.0,27.2,55,8,BAKE-PREHEAT,96.0,100.0,96.0,100.0
2025-08-26T15:56:07.374,62.48904895782471,103.0,98.1,27.2,72,8,BAKE-PREHEAT,96.0,100.2,96.0,100.2
2025-08-26T15:56:07.607,62.722190856933594,103.0,98.5,27.2,25,8,BAKE-PREHEAT,96.2,100.8,96.2,100.8
2025-08-26T15:56:07.838,62.95265793800354,103.0,98.8,27.2,40,8,BAKE-PREHEAT,96.5,101.0,96.5,101.0
2025-08-26T15:56:08.134,63.248536825180054,103.0,99.0,27.2,36,8,BAKE-PREHEAT,96.8,101.2,96.8,101.2
2025-08-26T15:56:08.373,63.48803782463074,103.0,99.0,27.2,76,8,BAKE-PREHEAT,96.8,101.2,96.8,101.2
2025-08-26T15:56:08.604,63.718782901763916,103.0,99.4,27.2,9,8,BAKE-PREHEAT,97.2,101.5,97.2,101.5
2025-08-26T15:56:08.839,63.95395588874817,103.0,99.5,27.2,46,8,BAKE-PREHEAT,97.2,101.8,97.2,101.8
2025-08-26T15:56:09.131,64.24624395370483,103.0,99.8,27.2,22,8,BAKE-PREHEAT,97.5,102.0,97.5,102.0
2025-08-26T15:56:09.364,64.47931981086731,103.0,100.0,27.2,0,8,BAKE-PREHEAT,97.8,102.2,97.8,102.2
2025-08-26T15:56:09.597,64.71178889274597,103.0,100.1,27.2,0,8,BAKE-PREHEAT,98.0,102.2,98.0,102.2
2025-08-26T15:56:09.832,64.94676685333252,103.0,100.2,27.2,0,8,BAKE-PREHEAT,98.0,102.5,98.0,102.5
2025-08-26T15:56:10.126,65.24124884605408,103.0,100.5,27.2,0,8,BAKE-PREHEAT,98.5,102.5,98.5,102.5
2025-08-26T15:56:10.363,65.47794699668884,103.0,100.6,27.2,0,8,BAKE-PREHEAT,98.5,102.8,98.5,102.8
2025-08-26T15:56:10.599,65.71436595916748,103.0,100.9,27.2,0,8,BAKE-PREHEAT,98.8,103.0,98.8,103.0
2025-08-26T15:56:10.653,65.76824998855591,103.0,101.0,27.2,0,8,BAKE-PREHEAT,99.0,103.0,99.0,103.0
2025-08-26T15:56:11.118,66.2330858707428,103.0,101.1,27.2,0,8,BAKE-PREHEAT,99.2,103.0,99.2,103.0
2025-08-26T15:56:11.355,66.46954584121704,103.0,101.2,27.2,0,8,BAKE-PREHEAT,99.2,103.2,99.2,103.2
2025-08-26T15:56:11.587,66.70181083679199,103.0,101.5,27.2,0,8,BAKE-PREHEAT,99.5,103.5,99.5,103.5
2025-08-26T15:56:11.881,66.99603486061096,103.0,101.8,27.2,0,8,BAKE-PREHEAT,99.8,103.8,99.8,103.8
2025-08-26T15:56:12.121,67.2355089187622,103.0,101.9,27.2,0,8,BAKE-PREHEAT,100.0,103.8,100.0,103.8
2025-08-26T15:56:12.354,67.46918201446533,103.0,101.8,27.2,0,8,BAKE-PREHEAT,99.8,103.8,99.8,103.8
2025-08-26T15:56:12.586,67.70114994049072,103.0,102.0,27.2,0,8,BAKE-PREHEAT,100.0,104.0,100.0,104.0
2025-08-26T15:56:12.879,67.99422883987427,103.0,102.2,27.2,0,8,BAKE-PREHEAT,100.5,104.0,100.5,104.0
2025-08-26T15:56:13.115,68.23007392883301,103.0,102.4,27.2,0,8,BAKE-PREHEAT,100.5,104.2,100.5,104.2
2025-08-26T15:56:13.412,68.52732396125793,103.0,102.5,27.3,0,8,BAKE-PREHEAT,100.8,104.2,100.8,104.2
2025-08-26T15:56:13.587,68.70193290710449,103.0,102.6,27.2,0,8,BAKE-PREHEAT,100.8,104.5,100.8,104.5
2025-08-26T15:56:13.882,68.99651384353638,103.0,102.6,27.3,0,8,BAKE-PREHEAT,100.8,104.5,100.8,104.5
2025-08-26T15:56:14.121,69.23593997955322,103.0,102.9,27.3,0,8,BAKE-PREHEAT,101.0,104.8,101.0,104.8
2025-08-26T15:56:14.182,69.29655694961548,103.0,102.9,27.2,0,8,BAKE-PREHEAT,101.0,104.8,101.0,104.8
2025-08-26T15:56:14.655,69.76967096328735,114.0,103.1,27.3,0,8,BAKE-PREHEAT,101.2,105.0,101.2,105.0
2025-08-26T15:56:14.829,69.94345498085022,114.0,103.2,27.2,184,8,BAKE-PREHEAT,101.5,105.0,101.5,105.0
2025-08-26T15:56:15.126,70.24066686630249,114.0,103.2,27.3,204,8,BAKE-PREHEAT,101.5,105.0,101.5,105.0
2025-08-26T15:56:15.364,70.47890996932983,114.0,103.4,27.2,182,8,BAKE-PREHEAT,101.5,105.2,101.5,105.2
2025-08-26T15:56:15.599,70.71366500854492,114.0,103.5,27.2,179,8,BAKE-PREHEAT,101.8,105.2,101.8,105.2
2025-08-26T15:56:15.835,70.94947290420532,114.0,103.8,27.2,154,8,BAKE-PREHEAT,102.0,105.5,102.0,105.5
2025-08-26T15:56:16.124,71.238844871521,114.0,103.9,27.3,172,8,BAKE-PREHEAT,102.0,105.8,102.0,105.8
2025-08-26T15:56:16.354,71.46938180923462,114.0,103.9,27.3,192,8,BAKE-PREHEAT,102.0,105.8,102.0,105.8
2025-08-26T15:56:16.591,71.70579481124878,114.0,104.0,27.3,170,8,BAKE-PREHEAT,102.2,105.8,102.2,105.8
2025-08-26T15:56:16.885,71.99945998191833,114.0,104.1,27.3,167,8,BAKE-PREHEAT,102.2,106.0,102.2,106.0
2025-08-26T15:56:17.121,72.23545289039612,114.0,104.2,27.3,165,8,BAKE-PREHEAT,102.5,106.0,102.5,106.0
2025-08-26T15:56:17.351,72.46598482131958,114.0,104.4,27.3,163,8,BAKE-PREHEAT,102.5,106.2,102.5,106.2
2025-08-26T15:56:17.584,72.69859194755554,114.0,104.4,27.2,183,8,BAKE-PREHEAT,102.5,106.2,102.5,106.2
2025-08-26T15:56:17.874,72.98884201049805,114.0,104.4,27.2,183,8,BAKE-PREHEAT,102.5,106.2,102.5,106.2
2025-08-26T15:56:18.107,73.22158098220825,114.0,104.6,27.3,138,8,BAKE-PREHEAT,103.0,106.2,103.0,106.2
2025-08-26T15:56:18.337,73.45197892189026,114.0,104.9,27.3,133,8,BAKE-PREHEAT,103.2,106.5,103.2,106.5
2025-08-26T15:56:18.626,73.74107789993286,114.0,105.0,27.3,151,8,BAKE-PREHEAT,103.2,106.8,103.2,106.8
2025-08-26T15:56:18.863,73.97789692878723,114.0,105.1,27.3,149,8,BAKE-PREHEAT,103.2,107.0,103.2,107.0
2025-08-26T15:56:19.091,74.2054488658905,114.0,105.2,27.3,146,8,BAKE-PREHEAT,103.5,107.0,103.5,107.0
2025-08-26T15:56:19.385,74.4997489452362,114.0,105.2,27.3,166,8,BAKE-PREHEAT,103.5,107.0,103.5,107.0
2025-08-26T15:56:19.624,74.73865485191345,114.0,105.5,27.3,122,8,BAKE-PREHEAT,103.8,107.2,103.8,107.2
2025-08-26T15:56:19.862,74.9769139289856,114.0,105.5,27.3,162,8,BAKE-PREHEAT,103.8,107.2,103.8,107.2
2025-08-26T15:56:20.098,75.21306490898132,114.0,105.6,27.3,139,8,BAKE-PREHEAT,103.8,107.5,103.8,107.5
2025-08-26T15:56:20.207,75.32221293449402,114.0,105.9,27.3,115,8,BAKE-PREHEAT,104.0,107.8,104.0,107.8
2025-08-26T15:56:20.620,75.73535299301147,114.0,106.2,27.3,87,8,BAKE-PREHEAT,104.5,108.0,104.5,108.0
2025-08-26T15:56:20.857,75.97215986251831,114.0,106.1,27.3,170,8,BAKE-PREHEAT,104.2,108.0,104.2,108.0
2025-08-26T15:56:21.094,76.20887088775635,114.0,106.4,27.3,105,8,BAKE-PREHEAT,104.5,108.2,104.5,108.2
2025-08-26T15:56:21.328,76.44312787055969,114.0,106.5,27.3,123,8,BAKE-PREHEAT,104.5,108.5,104.5,108.5
2025-08-26T15:56:21.618,76.73276901245117,114.0,106.8,27.3,98,8,BAKE-PREHEAT,104.8,108.8,104.8,108.8
2025-08-26T15:56:21.856,76.97065687179565,114.0,106.8,27.3,138,8,BAKE-PREHEAT,104.8,108.8,104.8,108.8
2025-08-26T15:56:22.089,77.20372080802917,114.0,107.0,27.3,93,8,BAKE-PREHEAT,105.2,108.8,105.2,108.8
2025-08-26T15:56:22.383,77.49810481071472,114.0,106.9,27.3,156,8,BAKE-PREHEAT,105.0,108.8,105.0,108.8
2025-08-26T15:56:22.622,77.73704195022583,114.0,107.1,27.3,91,8,BAKE-PREHEAT,105.2,109.0,105.2,109.0
2025-08-26T15:56:22.857,77.97211790084839,114.0,107.0,27.3,153,8,BAKE-PREHEAT,105.2,108.8,105.2,108.8
2025-08-26T15:56:23.152,78.26687598228455,114.0,107.4,27.3,66,8,BAKE-PREHEAT,105.5,109.2,105.5,109.2
2025-08-26T15:56:23.382,78.4973669052124,114.0,107.4,27.3,126,8,BAKE-PREHEAT,105.5,109.2,105.5,109.2
2025-08-26T15:56:23.621,78.73618793487549,114.0,107.4,27.3,126,8,BAKE-PREHEAT,105.5,109.2,105.5,109.2
2025-08-26T15:56:23.859,78.97385883331299,114.0,107.6,27.3,82,8,BAKE-PREHEAT,105.8,109.5,105.8,109.5
2025-08-26T15:56:24.094,79.20875191688538,114.0,107.8,27.3,99,8,BAKE-PREHEAT,106.0,109.5,106.0,109.5
2025-08-26T15:56:24.210,79.32460498809814,114.0,107.9,27.3,97,8,BAKE-PREHEAT,106.0,109.8,106.0,109.8
2025-08-26T15:56:24.609,79.72381401062012,125.0,108.0,27.3,255,8,BAKE-PREHEAT,106.2,109.8,106.2,109.8
2025-08-26T15:56:24.839,79.9541277885437,125.0,108.1,27.3,255,8,BAKE-PREHEAT,106.2,110.0,106.2,110.0
2025-08-26T15:56:25.134,80.2488808631897,125.0,108.4,27.3,255,8,BAKE-PREHEAT,106.5,110.2,106.5,110.2
2025-08-26T15:56:25.373,80.4882869720459,125.0,108.5,27.3,255,8,BAKE-PREHEAT,106.8,110.2,106.8,110.2
2025-08-26T15:56:25.607,80.72177600860596,125.0,108.5,27.3,255,8,BAKE-PREHEAT,106.8,110.2,106.8,110.2
2025-08-26T15:56:25.907,81.0222749710083,125.0,108.8,27.3,255,8,BAKE-PREHEAT,107.0,110.5,107.0,110.5
2025-08-26T15:56:26.081,81.19598579406738,125.0,108.8,27.3,255,8,BAKE-PREHEAT,107.0,110.5,107.0,110.5
2025-08-26T15:56:26.372,81.48655486106873,125.0,109.0,27.3,255,8,BAKE-PREHEAT,107.2,110.8,107.2,110.8
2025-08-26T15:56:26.607,81.72196388244629,125.0,109.2,27.3,255,8,BAKE-PREHEAT,107.5,111.0,107.5,111.0
2025-08-26T15:56:26.837,81.9520149230957,125.0,109.4,27.3,255,8,BAKE-PREHEAT,107.8,111.0,107.8,111.0
2025-08-26T15:56:27.128,82.24271392822266,125.0,109.6,27.3,253,8,BAKE-PREHEAT,107.8,111.5,107.8,111.5
2025-08-26T15:56:27.363,82.47771286964417,125.0,109.9,27.3,248,8,BAKE-PREHEAT,108.0,111.8,108.0,111.8
2025-08-26T15:56:27.590,82.70536184310913,125.0,110.0,27.3,255,8,BAKE-PREHEAT,108.2,111.8,108.2,111.8
2025-08-26T15:56:27.827,82.9421899318695,125.0,109.9,27.3,255,8,BAKE-PREHEAT,108.0,111.8,108.0,111.8
2025-08-26T15:56:28.122,83.23692679405212,125.0,110.1,27.3,244,8,BAKE-PREHEAT,108.2,112.0,108.2,112.0
2025-08-26T15:56:28.356,83.47047686576843,125.0,110.5,27.3,217,8,BAKE-PREHEAT,108.5,112.5,108.5,112.5
2025-08-26T15:56:28.652,83.767098903656,125.0,110.6,27.3,254,8,BAKE-PREHEAT,108.8,112.5,108.8,112.5
2025-08-26T15:56:28.825,83.93988990783691,125.0,111.0,27.4,207,8,BAKE-PREHEAT,109.0,113.0,109.0,113.0
2025-08-26T15:56:29.110,84.22467589378357,125.0,111.0,27.3,255,8,BAKE-PREHEAT,109.0,113.0,109.0,113.0
2025-08-26T15:56:29.345,84.45947599411011,125.0,111.2,27.4,223,8,BAKE-PREHEAT,109.2,113.2,109.2,113.2
2025-08-26T15:56:29.577,84.6920759677887,125.0,111.4,27.4,240,8,BAKE-PREHEAT,109.5,113.2,109.5,113.2
2025-08-26T15:56:29.871,84.98612785339355,125.0,111.6,27.4,216,8,BAKE-PREHEAT,109.8,113.5,109.8,113.5
2025-08-26T15:56:30.106,85.22136282920837,125.0,111.9,27.4,211,8,BAKE-PREHEAT,110.0,113.8,110.0,113.8
2025-08-26T15:56:30.214,85.32925581932068,125.0,112.1,27.4,206,8,BAKE-PREHEAT,110.2,114.0,110.2,114.0
2025-08-26T15:56:30.609,85.72417092323303,125.0,112.2,27.4,224,8,BAKE-PREHEAT,110.5,114.0,110.5,114.0
2025-08-26T15:56:30.844,85.95850491523743,125.0,112.5,27.3,199,8,BAKE-PREHEAT,110.8,114.2,110.8,114.2
2025-08-26T15:56:31.077,86.19214391708374,125.0,112.6,27.3,217,8,BAKE-PREHEAT,110.8,114.5,110.8,114.5
2025-08-26T15:56:31.369,86.48344683647156,125.0,112.9,27.3,192,8,BAKE-PREHEAT,111.0,114.8,111.0,114.8
2025-08-26T15:56:31.603,86.71788787841797,125.0,113.0,27.3,210,8,BAKE-PREHEAT,111.2,114.8,111.2,114.8
2025-08-26T15:56:31.831,86.94641780853271,125.0,113.2,27.4,185,8,BAKE-PREHEAT,111.5,115.0,111.5,115.0
2025-08-26T15:56:32.126,87.24081778526306,125.0,113.6,27.4,158,8,BAKE-PREHEAT,111.8,115.5,111.8,115.5
2025-08-26T15:56:32.365,87.47962880134583,125.0,114.0,27.4,151,8,BAKE-PREHEAT,112.2,115.8,112.2,115.8
2025-08-26T15:56:32.600,87.71469283103943,125.0,114.1,27.4,189,8,BAKE-PREHEAT,112.2,116.0,112.2,116.0
2025-08-26T15:56:32.901,88.01546502113342,125.0,114.2,27.4,186,8,BAKE-PREHEAT,112.5,116.0,112.5,116.0
2025-08-26T15:56:33.074,88.18916296958923,125.0,114.8,27.4,117,8,BAKE-PREHEAT,113.0,116.5,113.0,116.5
2025-08-26T15:56:33.369,88.48362493515015,125.0,114.8,27.3,197,8,BAKE-PREHEAT,113.0,116.5,113.0,116.5
2025-08-26T15:56:33.605,88.72007584571838,125.0,115.2,27.4,107,8,BAKE-PREHEAT,113.5,117.0,113.5,117.0
2025-08-26T15:56:33.842,88.95716381072998,125.0,115.4,27.4,165,8,BAKE-PREHEAT,113.5,117.2,113.5,117.2
2025-08-26T15:56:34.143,89.25766897201538,125.0,115.6,27.4,140,8,BAKE-PREHEAT,113.8,117.5,113.8,117.5
2025-08-26T15:56:34.317,89.43151783943176,125.0,115.9,27.4,136,8,BAKE-PREHEAT,114.0,117.8,114.0,117.8
2025-08-26T15:56:34.601,89.71640181541443,136.0,116.0,27.4,255,8,BAKE-PREHEAT,114.0,118.0,114.0,118.0
2025-08-26T15:56:34.838,89.95269799232483,136.0,116.1,27.4,255,8,BAKE-PREHEAT,114.2,118.0,114.2,118.0
2025-08-26T15:56:35.128,90.24281978607178,136.0,116.4,27.4,255,8,BAKE-PREHEAT,114.5,118.2,114.5,118.2
2025-08-26T15:56:35.365,90.48031401634216,136.0,116.6,27.3,255,8,BAKE-PREHEAT,114.8,118.5,114.8,118.5
2025-08-26T15:56:35.599,90.71373701095581,136.0,116.9,27.4,255,8,BAKE-PREHEAT,115.0,118.8,115.0,118.8
2025-08-26T15:56:35.823,90.93787479400635,136.0,117.1,27.4,255,8,BAKE-PREHEAT,115.2,119.0,115.2,119.0
2025-08-26T15:56:36.122,91.23726081848145,136.0,117.4,27.3,255,8,BAKE-PREHEAT,115.5,119.2,115.5,119.2
2025-08-26T15:56:36.359,91.47343683242798,136.0,117.6,27.4,255,8,BAKE-PREHEAT,115.8,119.5,115.8,119.5
2025-08-26T15:56:36.593,91.70777893066406,136.0,118.0,27.4,255,8,BAKE-PREHEAT,116.0,120.0,116.0,120.0
2025-08-26T15:56:36.831,91.9461100101471,136.0,118.2,27.4,255,8,BAKE-PREHEAT,116.2,120.2,116.2,120.2
2025-08-26T15:56:37.121,92.23624801635742,136.0,118.5,27.4,255,8,BAKE-PREHEAT,116.8,120.2,116.8,120.2
2025-08-26T15:56:37.353,92.46801400184631,136.0,118.8,27.4,255,8,BAKE-PREHEAT,116.8,120.8,116.8,120.8
2025-08-26T15:56:37.590,92.70453596115112,136.0,118.9,27.4,255,8,BAKE-PREHEAT,117.0,120.8,117.0,120.8
2025-08-26T15:56:37.885,93.000412940979,136.0,119.1,27.4,255,8,BAKE-PREHEAT,117.2,121.0,117.2,121.0
2025-08-26T15:56:38.121,93.23614287376404,136.0,119.5,27.4,255,8,BAKE-PREHEAT,117.8,121.2,117.8,121.2
2025-08-26T15:56:38.355,93.46963095664978,136.0,119.9,27.4,249,8,BAKE-PREHEAT,118.0,121.8,118.0,121.8
2025-08-26T15:56:38.581,93.69596695899963,136.0,120.1,27.4,255,8,BAKE-PREHEAT,118.2,122.0,118.2,122.0
2025-08-26T15:56:38.871,93.98565793037415,136.0,120.2,27.4,255,8,BAKE-PREHEAT,118.2,122.2,118.2,122.2
2025-08-26T15:56:39.105,94.21946597099304,136.0,120.9,27.4,191,8,BAKE-PREHEAT,118.8,123.0,118.8,123.0
2025-08-26T15:56:39.337,94.45192289352417,136.0,121.0,27.4,255,8,BAKE-PREHEAT,119.0,123.0,119.0,123.0
2025-08-26T15:56:39.629,94.74440383911133,136.0,121.2,27.4,243,8,BAKE-PREHEAT,119.2,123.2,119.2,123.2
2025-08-26T15:56:39.866,94.98118686676025,136.0,121.5,27.4,239,8,BAKE-PREHEAT,119.5,123.5,119.5,123.5
2025-08-26T15:56:40.103,95.21777582168579,136.0,121.8,27.4,234,8,BAKE-PREHEAT,119.8,123.8,119.8,123.8
2025-08-26T15:56:40.339,95.4539840221405,136.0,122.1,27.4,207,8,BAKE-PREHEAT,120.0,124.2,120.0,124.2
2025-08-26T15:56:40.630,95.74451398849487,136.0,122.5,27.4,200,8,BAKE-PREHEAT,120.5,124.5,120.5,124.5
2025-08-26T15:56:40.869,95.98355078697205,136.0,122.8,27.4,215,8,BAKE-PREHEAT,120.8,124.8,120.8,124.8
2025-08-26T15:56:41.103,96.21775889396667,136.0,123.1,27.4,188,8,BAKE-PREHEAT,121.2,125.0,121.2,125.0
2025-08-26T15:56:41.402,96.51700401306152,136.0,123.5,27.4,181,8,BAKE-PREHEAT,121.5,125.5,121.5,125.5
2025-08-26T15:56:41.575,96.68987584114075,136.0,123.8,27.4,196,8,BAKE-PREHEAT,121.8,125.8,121.8,125.8
2025-08-26T15:56:41.869,96.98398780822754,136.0,123.9,27.4,214,8,BAKE-PREHEAT,121.8,126.0,121.8,126.0
2025-08-26T15:56:42.107,97.2217128276825,136.0,124.4,27.4,145,8,BAKE-PREHEAT,122.2,126.5,122.2,126.5
2025-08-26T15:56:42.339,97.45398783683777,136.0,124.8,27.4,157,8,BAKE-PREHEAT,122.8,126.8,122.8,126.8
2025-08-26T15:56:42.628,97.74303984642029,136.0,125.0,27.4,173,8,BAKE-PREHEAT,123.0,127.0,123.0,127.0
2025-08-26T15:56:42.864,97.97876381874084,136.0,125.4,27.4,146,8,BAKE-PREHEAT,123.2,127.5,123.2,127.5
2025-08-26T15:56:43.092,98.20648789405823,136.0,125.5,27.4,183,8,BAKE-PREHEAT,123.2,127.8,123.2,127.8
2025-08-26T15:56:43.326,98.44083786010742,136.0,126.0,27.4,114,8,BAKE-PREHEAT,123.8,128.2,123.8,128.2
2025-08-26T15:56:43.618,98.7332489490509,136.0,126.1,27.4,171,8,BAKE-PREHEAT,124.0,128.2,124.0,128.2
2025-08-26T15:56:43.852,98.96741485595703,136.0,126.8,27.5,80,8,BAKE-PREHEAT,124.5,129.0,124.5,129.0
2025-08-26T15:56:44.152,99.26711702346802,136.0,127.0,27.5,135,8,BAKE-PREHEAT,124.8,129.2,124.8,129.2
2025-08-26T15:56:44.325,99.44024896621704,136.0,127.2,27.4,130,8,BAKE-PREHEAT,125.0,129.5,125.0,129.5
2025-08-26T15:56:44.380,99.4951548576355,136.0,127.5,27.5,125,8,BAKE-PREHEAT,125.2,129.8,125.2,129.8
2025-08-26T15:56:44.855,99.97019696235657,147.0,127.8,27.5,255,8,BAKE-PREHEAT,125.5,130.0,125.5,130.0
2025-08-26T15:56:45.091,100.20560693740845,147.0,127.8,27.4,255,8,BAKE-PREHEAT,125.5,130.0,125.5,130.0
2025-08-26T15:56:45.385,100.50015783309937,147.0,128.1,27.5,255,8,BAKE-PREHEAT,126.0,130.2,126.0,130.2
2025-08-26T15:56:45.615,100.73030400276184,147.0,128.6,27.5,255,8,BAKE-PREHEAT,126.2,131.0,126.2,131.0
2025-08-26T15:56:45.857,100.97213292121887,147.0,128.8,27.5,255,8,BAKE-PREHEAT,126.5,131.0,126.5,131.0
2025-08-26T15:56:46.092,101.20657086372375,147.0,129.0,27.5,255,8,BAKE-PREHEAT,126.8,131.2,126.8,131.2
2025-08-26T15:56:46.326,101.44103789329529,147.0,129.4,27.5,255,8,BAKE-PREHEAT,127.0,131.8,127.0,131.8
2025-08-26T15:56:46.614,101.72868394851685,147.0,129.6,27.5,255,8,BAKE-PREHEAT,127.2,132.0,127.2,132.0
2025-08-26T15:56:46.853,101.96827292442322,147.0,130.0,27.5,255,8,BAKE-PREHEAT,127.5,132.5,127.5,132.5
2025-08-26T15:56:47.084,102.19882988929749,147.0,130.2,27.5,255,8,BAKE-PREHEAT,128.0,132.5,128.0,132.5
2025-08-26T15:56:47.385,102.4997308254242,147.0,130.6,27.5,255,8,BAKE-PREHEAT,128.2,133.0,128.2,133.0
2025-08-26T15:56:47.620,102.73465895652771,147.0,130.9,27.5,255,8,BAKE-PREHEAT,128.2,133.5,128.2,133.5
2025-08-26T15:56:47.862,102.97734785079956,147.0,131.1,27.5,255,8,BAKE-PREHEAT,128.8,133.5,128.8,133.5
2025-08-26T15:56:48.097,103.21216201782227,147.0,131.5,27.5,239,8,BAKE-PREHEAT,129.0,134.0,129.0,134.0
2025-08-26T15:56:48.392,103.50737285614014,147.0,131.8,27.5,254,8,BAKE-PREHEAT,129.5,134.0,129.5,134.0
2025-08-26T15:56:48.569,103.68358588218689,147.0,132.1,27.5,227,8,BAKE-PREHEAT,129.5,134.8,129.5,134.8
2025-08-26T15:56:48.862,103.9770278930664,147.0,132.5,27.5,220,8,BAKE-PREHEAT,130.0,135.0,130.0,135.0
2025-08-26T15:56:49.098,104.21276497840881,147.0,132.5,27.5,255,8,BAKE-PREHEAT,130.0,135.0,130.0,135.0
2025-08-26T15:56:49.330,104.44462084770203,147.0,132.9,27.5,213,8,BAKE-PREHEAT,130.2,135.5,130.2,135.5
2025-08-26T15:56:49.621,104.73561596870422,147.0,133.5,27.5,161,8,BAKE-PREHEAT,131.0,136.0,131.0,136.0
2025-08-26T15:56:49.856,104.97132897377014,147.0,133.8,27.5,217,8,BAKE-PREHEAT,131.0,136.5,131.0,136.5
2025-08-26T15:56:50.085,105.19959688186646,147.0,134.0,27.5,212,8,BAKE-PREHEAT,131.5,136.5,131.5,136.5
2025-08-26T15:56:50.385,105.49971079826355,147.0,134.4,27.5,185,8,BAKE-PREHEAT,131.8,137.0,131.8,137.0
2025-08-26T15:56:50.395,105.51027798652649,147.0,134.6,27.5,200,8,BAKE-PREHEAT,131.8,137.5,131.8,137.5
2025-08-26T15:56:50.859,105.97390484809875,147.0,134.9,27.5,195,8,BAKE-PREHEAT,132.2,137.5,132.2,137.5
2025-08-26T15:56:51.157,106.27231192588806,147.0,135.2,27.5,168,8,BAKE-PREHEAT,132.5,138.0,132.5,138.0
2025-08-26T15:56:51.332,106.44705486297607,147.0,135.4,27.5,206,8,BAKE-PREHEAT,132.5,138.2,132.5,138.2
2025-08-26T15:56:51.624,106.73901081085205,147.0,135.9,27.5,137,8,BAKE-PREHEAT,133.0,138.8,133.0,138.8
2025-08-26T15:56:51.862,106.97729897499084,147.0,136.0,27.5,194,8,BAKE-PREHEAT,133.2,138.8,133.2,138.8
2025-08-26T15:56:52.098,107.21337699890137,147.0,136.4,27.5,147,8,BAKE-PREHEAT,133.5,139.2,133.5,139.2
2025-08-26T15:56:52.395,107.50974202156067,147.0,136.8,27.5,140,8,BAKE-PREHEAT,134.0,139.5,134.0,139.5
2025-08-26T15:56:52.630,107.74450588226318,147.0,137.1,27.5,133,8,BAKE-PREHEAT,134.2,140.0,134.2,140.0
2025-08-26T15:56:52.868,107.98342084884644,147.0,137.2,27.5,171,8,BAKE-PREHEAT,134.5,140.0,134.5,140.0
2025-08-26T15:56:53.106,108.22104787826538,147.0,137.5,27.5,146,8,BAKE-PREHEAT,134.8,140.2,134.8,140.2
2025-08-26T15:56:53.339,108.45441484451294,147.0,137.8,27.5,141,8,BAKE-PREHEAT,134.8,140.8,134.8,140.8
2025-08-26T15:56:53.633,108.74795198440552,147.0,138.1,27.5,114,8,BAKE-PREHEAT,135.2,141.0,135.2,141.0
2025-08-26T15:56:53.862,108.97693991661072,147.0,138.5,27.5,107,8,BAKE-PREHEAT,135.5,141.5,135.5,141.5
2025-08-26T15:56:54.099,109.21402883529663,147.0,138.6,27.5,145,8,BAKE-PREHEAT,135.8,141.5,135.8,141.5
2025-08-26T15:56:54.338,109.45309400558472,147.0,138.8,27.5,142,8,BAKE-PREHEAT,136.0,141.5,136.0,141.5
2025-08-26T15:56:54.448,109.5624988079071,147.0,139.1,27.5,95,8,BAKE-PREHEAT,136.2,142.0,136.2,142.0
2025-08-26T15:56:54.853,109.96757483482361,158.0,139.1,27.5,255,8,BAKE-PREHEAT,136.2,142.0,136.2,142.0
2025-08-26T15:56:55.089,110.20362281799316,158.0,139.5,27.5,255,8,BAKE-PREHEAT,136.8,142.2,136.8,142.2
2025-08-26T15:56:55.379,110.49429082870483,158.0,139.5,27.5,255,8,BAKE-PREHEAT,136.5,142.5,136.5,142.5
2025-08-26T15:56:55.614,110.72879600524902,158.0,140.1,27.5,245,8,BAKE-PREHEAT,137.2,143.0,137.2,143.0
2025-08-26T15:56:55.850,110.96458888053894,158.0,140.2,27.5,255,8,BAKE-PREHEAT,137.2,143.2,137.2,143.2
2025-08-26T15:56:56.086,111.20141887664795,158.0,140.2,27.5,255,8,BAKE-PREHEAT,137.2,143.2,137.2,143.2
2025-08-26T15:56:56.381,111.49608397483826,158.0,141.0,27.5,209,8,BAKE-PREHEAT,138.2,143.8,138.2,143.8
2025-08-26T15:56:56.617,111.73169779777527,158.0,141.0,27.6,255,8,BAKE-PREHEAT,138.0,144.0,138.0,144.0
2025-08-26T15:56:56.851,111.96585488319397,158.0,141.2,27.5,255,8,BAKE-PREHEAT,138.2,144.2,138.2,144.2
2025-08-26T15:56:57.080,112.19495797157288,158.0,141.6,27.5,255,8,BAKE-PREHEAT,139.0,144.2,139.0,144.2
2025-08-26T15:56:57.374,112.48889183998108,158.0,141.8,27.6,255,8,BAKE-PREHEAT,138.8,144.8,138.8,144.8
2025-08-26T15:56:57.609,112.72357892990112,158.0,142.1,27.5,248,8,BAKE-PREHEAT,139.2,145.0,139.2,145.0
2025-08-26T15:56:57.843,112.9575788974762,158.0,142.2,27.6,255,8,BAKE-PREHEAT,139.2,145.2,139.2,145.2
2025-08-26T15:56:58.141,113.25574278831482,158.0,143.0,27.6,171,8,BAKE-PREHEAT,140.0,146.0,140.0,146.0
2025-08-26T15:56:58.379,113.49416089057922,158.0,142.9,27.5,255,8,BAKE-PREHEAT,139.8,146.0,139.8,146.0
2025-08-26T15:56:58.613,113.72748398780823,158.0,143.4,27.5,204,8,BAKE-PREHEAT,140.5,146.2,140.5,146.2
2025-08-26T15:56:58.847,113.96155881881714,158.0,143.2,27.5,255,8,BAKE-PREHEAT,140.0,146.5,140.0,146.5
2025-08-26T15:56:59.083,114.19777083396912,158.0,143.6,27.5,220,8,BAKE-PREHEAT,140.5,146.8,140.5,146.8
2025-08-26T15:56:59.377,114.49216485023499,158.0,144.2,27.5,168,8,BAKE-PREHEAT,141.2,147.2,141.2,147.2
2025-08-26T15:56:59.613,114.7277979850769,158.0,144.2,27.6,255,8,BAKE-PREHEAT,141.2,147.2,141.2,147.2
2025-08-26T15:56:59.841,114.95620799064636,158.0,144.9,27.5,156,8,BAKE-PREHEAT,141.8,148.0,141.8,148.0
2025-08-26T15:57:00.076,115.19101786613464,158.0,144.8,27.5,255,8,BAKE-PREHEAT,141.5,148.0,141.5,148.0
2025-08-26T15:57:00.369,115.4837498664856,158.0,145.1,27.6,191,8,BAKE-PREHEAT,142.0,148.2,142.0,148.2
2025-08-26T15:57:00.422,115.5373809337616,158.0,145.4,27.5,207,8,BAKE-PREHEAT,142.5,148.2,142.5,148.2
2025-08-26T15:57:00.894,116.00864601135254,158.0,146.0,27.5,135,8,BAKE-PREHEAT,143.0,149.0,143.0,149.0
2025-08-26T15:57:01.069,116.18417382240295,158.0,146.0,27.5,235,8,BAKE-PREHEAT,142.8,149.2,142.8,149.2
2025-08-26T15:57:01.357,116.47204899787903,158.0,145.9,27.5,255,8,BAKE-PREHEAT,142.8,149.0,142.8,149.0
2025-08-26T15:57:01.592,116.70694994926453,158.0,146.8,27.5,81,8,BAKE-PREHEAT,143.8,149.8,143.8,149.8
2025-08-26T15:57:01.826,116.94131898880005,158.0,146.8,27.6,221,8,BAKE-PREHEAT,143.5,150.0,143.5,150.0
2025-08-26T15:57:02.120,117.23509192466736,158.0,147.2,27.6,131,8,BAKE-PREHEAT,144.0,150.5,144.0,150.5
2025-08-26T15:57:02.357,117.47221684455872,158.0,147.2,27.6,211,8,BAKE-PREHEAT,144.2,150.2,144.2,150.2
2025-08-26T15:57:02.588,117.70250701904297,158.0,147.6,27.6,144,8,BAKE-PREHEAT,144.5,150.8,144.5,150.8
2025-08-26T15:57:02.824,117.93852281570435,158.0,147.9,27.6,159,8,BAKE-PREHEAT,144.8,151.0,144.8,151.0
2025-08-26T15:57:03.117,118.23167896270752,158.0,148.2,27.6,132,8,BAKE-PREHEAT,145.2,151.2,145.2,151.2
2025-08-26T15:57:03.354,118.46877980232239,158.0,148.4,27.6,170,8,BAKE-PREHEAT,145.2,151.5,145.2,151.5
2025-08-26T15:57:03.647,118.76195001602173,158.0,148.8,27.6,123,8,BAKE-PREHEAT,145.8,151.8,145.8,151.8
2025-08-26T15:57:03.882,118.99679899215698,158.0,149.0,27.6,138,8,BAKE-PREHEAT,146.0,152.0,146.0,152.0
2025-08-26T15:57:04.120,119.23528981208801,158.0,149.0,27.6,178,8,BAKE-PREHEAT,146.0,152.0,146.0,152.0
2025-08-26T15:57:04.362,119.47727799415588,158.0,149.4,27.6,111,8,BAKE-PREHEAT,146.5,152.2,146.5,152.2
2025-08-26T15:57:04.475,119.5902009010315,158.0,149.8,27.6,104,8,BAKE-PREHEAT,146.8,152.8,146.8,152.8
2025-08-26T15:57:04.827,119.94150590896606,169.0,149.9,27.6,255,8,BAKE-PREHEAT,147.0,152.8,147.0,152.8
2025-08-26T15:57:05.117,120.2324059009552,169.0,150.2,27.6,255,8,BAKE-PREHEAT,147.2,153.2,147.2,153.2
2025-08-26T15:57:05.351,120.46603679656982,169.0,150.5,27.6,255,8,BAKE-PREHEAT,147.5,153.5,147.5,153.5
2025-08-26T15:57:05.586,120.70109796524048,169.0,150.5,27.6,255,8,BAKE-PREHEAT,147.8,153.2,147.8,153.2
2025-08-26T15:57:05.876,120.99135184288025,169.0,150.9,27.6,255,8,BAKE-PREHEAT,148.0,153.8,148.0,153.8
2025-08-26T15:57:06.116,121.23065280914307,169.0,151.0,27.6,255,8,BAKE-PREHEAT,148.0,154.0,148.0,154.0
2025-08-26T15:57:06.350,121.46509599685669,169.0,151.5,27.6,255,8,BAKE-PREHEAT,148.5,154.5,148.5,154.5
2025-08-26T15:57:06.579,121.69348502159119,169.0,151.8,27.6,255,8,BAKE-PREHEAT,148.8,154.8,148.8,154.8
2025-08-26T15:57:06.869,121.98367500305176,169.0,151.8,27.6,255,8,BAKE-PREHEAT,148.8,154.8,148.8,154.8
2025-08-26T15:57:07.106,122.22054195404053,169.0,152.2,27.6,246,8,BAKE-PREHEAT,149.2,155.2,149.2,155.2
2025-08-26T15:57:07.339,122.45346283912659,169.0,152.4,27.7,255,8,BAKE-PREHEAT,149.2,155.5,149.2,155.5
2025-08-26T15:57:07.629,122.74343800544739,169.0,152.9,27.6,234,8,BAKE-PREHEAT,149.8,156.0,149.8,156.0
2025-08-26T15:57:07.861,122.97560286521912,169.0,152.9,27.6,255,8,BAKE-PREHEAT,149.8,156.0,149.8,156.0
2025-08-26T15:57:08.098,123.2125449180603,169.0,153.4,27.6,225,8,BAKE-PREHEAT,150.2,156.5,150.2,156.5
2025-08-26T15:57:08.333,123.4480128288269,169.0,153.5,27.7,255,8,BAKE-PREHEAT,150.2,156.8,150.2,156.8
2025-08-26T15:57:08.618,123.73289394378662,169.0,153.6,27.6,255,8,BAKE-PREHEAT,150.5,156.8,150.5,156.8
2025-08-26T15:57:08.855,123.96983098983765,169.0,153.9,27.6,255,8,BAKE-PREHEAT,150.8,157.0,150.8,157.0
2025-08-26T15:57:09.092,124.20689702033997,169.0,154.2,27.7,228,8,BAKE-PREHEAT,151.5,157.0,151.5,157.0
2025-08-26T15:57:09.382,124.49733591079712,169.0,154.5,27.7,244,8,BAKE-PREHEAT,151.5,157.5,151.5,157.5
2025-08-26T15:57:09.629,124.74369597434998,169.0,154.9,27.7,217,8,BAKE-PREHEAT,152.0,157.8,152.0,157.8
2025-08-26T15:57:09.868,124.98254895210266,169.0,155.0,27.7,254,8,BAKE-PREHEAT,152.0,158.0,152.0,158.0
2025-08-26T15:57:10.106,125.22047400474548,169.0,155.2,27.7,230,8,BAKE-PREHEAT,152.2,158.2,152.2,158.2
2025-08-26T15:57:10.338,125.4534239768982,169.0,155.6,27.7,202,8,BAKE-PREHEAT,152.8,158.5,152.8,158.5
2025-08-26T15:57:10.514,125.6284568309784,169.0,155.9,27.7,218,8,BAKE-PREHEAT,152.8,159.0,152.8,159.0
2025-08-26T15:57:10.859,125.97431302070618,169.0,156.1,27.7,213,8,BAKE-PREHEAT,153.2,159.0,153.2,159.0
2025-08-26T15:57:11.089,126.20362687110901,169.0,156.5,27.7,186,8,BAKE-PREHEAT,153.5,159.5,153.5,159.5
2025-08-26T15:57:11.323,126.43831896781921,169.0,156.6,27.6,224,8,BAKE-PREHEAT,153.5,159.8,153.5,159.8
2025-08-26T15:57:11.617,126.731684923172,169.0,157.0,27.7,176,8,BAKE-PREHEAT,154.0,160.0,154.0,160.0
2025-08-26T15:57:11.853,126.96781396865845,169.0,157.1,27.7,214,8,BAKE-PREHEAT,154.0,160.2,154.0,160.2
2025-08-26T15:57:12.153,127.26815795898438,169.0,157.2,27.7,212,8,BAKE-PREHEAT,154.2,160.2,154.2,160.2
2025-08-26T15:57:12.325,127.44036889076233,169.0,157.8,27.7,142,8,BAKE-PREHEAT,154.8,160.8,154.8,160.8
2025-08-26T15:57:12.619,127.73377084732056,169.0,158.1,27.7,155,8,BAKE-PREHEAT,155.0,161.2,155.0,161.2
2025-08-26T15:57:12.856,127.97054696083069,169.0,158.4,27.7,171,8,BAKE-PREHEAT,155.2,161.5,155.2,161.5
2025-08-26T15:57:13.090,128.20526099205017,169.0,158.5,27.7,188,8,BAKE-PREHEAT,155.5,161.5,155.5,161.5
2025-08-26T15:57:13.387,128.50151991844177,169.0,158.9,27.7,141,8,BAKE-PREHEAT,155.8,162.0,155.8,162.0
2025-08-26T15:57:13.622,128.73727178573608,169.0,159.0,27.7,179,8,BAKE-PREHEAT,156.0,162.0,156.0,162.0
2025-08-26T15:57:13.847,128.96233201026917,169.0,159.1,27.7,176,8,BAKE-PREHEAT,156.2,162.0,156.2,162.0
2025-08-26T15:57:14.084,129.19868779182434,169.0,159.5,27.7,129,8,BAKE-PREHEAT,156.5,162.5,156.5,162.5
2025-08-26T15:57:14.381,129.49603700637817,169.0,159.8,27.7,145,8,BAKE-PREHEAT,156.8,162.8,156.8,162.8
2025-08-26T15:57:14.557,129.67232298851013,169.0,160.1,27.7,117,8,BAKE-PREHEAT,157.0,163.2,157.0,163.2
2025-08-26T15:57:14.847,129.96145796775818,181.0,160.2,27.7,255,8,BAKE-PREHEAT,157.2,163.2,157.2,163.2
2025-08-26T15:57:15.075,130.19041991233826,181.0,160.5,27.7,255,8,BAKE-PREHEAT,157.5,163.5,157.5,163.5
2025-08-26T15:57:15.370,130.48519587516785,181.0,160.6,27.7,255,8,BAKE-PREHEAT,157.5,163.8,157.5,163.8
2025-08-26T15:57:15.609,130.72357201576233,181.0,161.0,27.7,255,8,BAKE-PREHEAT,158.0,164.0,158.0,164.0
2025-08-26T15:57:15.838,130.95245885849,181.0,161.1,27.7,255,8,BAKE-PREHEAT,158.0,164.2,158.0,164.2
2025-08-26T15:57:16.138,131.25328588485718,181.0,161.5,27.7,255,8,BAKE-PREHEAT,158.5,164.5,158.5,164.5
2025-08-26T15:57:16.371,131.48557591438293,181.0,161.8,27.7,255,8,BAKE-PREHEAT,158.8,164.8,158.8,164.8
2025-08-26T15:57:16.605,131.7194459438324,181.0,162.1,27.7,255,8,BAKE-PREHEAT,159.0,165.2,159.0,165.2
2025-08-26T15:57:16.838,131.9526288509369,181.0,162.0,27.7,255,8,BAKE-PREHEAT,159.0,165.0,159.0,165.0
2025-08-26T15:57:17.073,132.18743300437927,181.0,162.4,27.7,255,8,BAKE-PREHEAT,159.2,165.5,159.2,165.5
2025-08-26T15:57:17.367,132.48234796524048,181.0,162.5,27.7,255,8,BAKE-PREHEAT,159.5,165.5,159.5,165.5
2025-08-26T15:57:17.600,132.71480178833008,181.0,163.0,27.7,255,8,BAKE-PREHEAT,159.8,166.2,159.8,166.2
2025-08-26T15:57:17.829,132.94440984725952,181.0,163.2,27.7,255,8,BAKE-PREHEAT,160.2,166.2,160.2,166.2
2025-08-26T15:57:18.122,133.2370319366455,181.0,163.5,27.8,255,8,BAKE-PREHEAT,160.2,166.8,160.2,166.8
2025-08-26T15:57:18.356,133.47083497047424,181.0,163.8,27.7,255,8,BAKE-PREHEAT,160.5,167.0,160.5,167.0
2025-08-26T15:57:18.588,133.70296001434326,181.0,163.9,27.8,255,8,BAKE-PREHEAT,160.8,167.0,160.8,167.0
2025-08-26T15:57:18.826,133.94070887565613,181.0,164.5,27.8,223,8,BAKE-PREHEAT,161.2,167.8,161.2,167.8
2025-08-26T15:57:19.114,134.22860193252563,181.0,164.4,27.7,255,8,BAKE-PREHEAT,161.2,167.5,161.2,167.5
2025-08-26T15:57:19.349,134.46346187591553,181.0,164.9,27.8,236,8,BAKE-PREHEAT,161.5,168.2,161.5,168.2
2025-08-26T15:57:19.582,134.69720101356506,181.0,164.9,27.7,255,8,BAKE-PREHEAT,161.8,168.0,161.8,168.0
2025-08-26T15:57:19.876,134.99059391021729,181.0,165.5,27.8,205,8,BAKE-PREHEAT,162.2,168.8,162.2,168.8
2025-08-26T15:57:20.115,135.22972202301025,181.0,165.5,27.8,255,8,BAKE-PREHEAT,162.2,168.8,162.2,168.8
2025-08-26T15:57:20.351,135.46579098701477,181.0,165.8,27.8,255,8,BAKE-PREHEAT,162.5,169.0,162.5,169.0
2025-08-26T15:57:20.588,135.7028729915619,181.0,166.4,27.8,188,8,BAKE-PREHEAT,163.0,169.8,163.0,169.8
2025-08-26T15:57:20.881,135.99569296836853,181.0,166.2,27.8,255,8,BAKE-PREHEAT,163.0,169.5,163.0,169.5
2025-08-26T15:57:21.120,136.23485279083252,181.0,166.5,27.8,246,8,BAKE-PREHEAT,163.2,169.8,163.2,169.8
2025-08-26T15:57:21.358,136.47246289253235,181.0,167.0,27.8,196,8,BAKE-PREHEAT,163.8,170.2,163.8,170.2
2025-08-26T15:57:21.590,136.705139875412,181.0,167.1,27.8,254,8,BAKE-PREHEAT,163.8,170.5,163.8,170.5
2025-08-26T15:57:21.876,136.9905128479004,181.0,167.5,27.8,207,8,BAKE-PREHEAT,164.2,170.8,164.2,170.8
2025-08-26T15:57:22.111,137.22544384002686,181.0,167.9,27.8,200,8,BAKE-PREHEAT,164.5,171.2,164.5,171.2
2025-08-26T15:57:22.339,137.45396089553833,181.0,168.1,27.8,215,8,BAKE-PREHEAT,164.8,171.5,164.8,171.5
2025-08-26T15:57:22.575,137.68948483467102,181.0,168.4,27.8,210,8,BAKE-PREHEAT,165.0,171.8,165.0,171.8
2025-08-26T15:57:22.869,137.98345398902893,181.0,168.8,27.8,183,8,BAKE-PREHEAT,165.2,172.2,165.2,172.2
2025-08-26T15:57:23.103,138.21806979179382,181.0,168.9,27.8,221,8,BAKE-PREHEAT,165.5,172.2,165.5,172.2
2025-08-26T15:57:23.341,138.45593285560608,181.0,169.1,27.8,196,8,BAKE-PREHEAT,165.5,172.8,165.5,172.8
2025-08-26T15:57:23.572,138.68710279464722,181.0,169.4,27.8,192,8,BAKE-PREHEAT,165.8,173.0,165.8,173.0
2025-08-26T15:57:23.862,138.97685289382935,181.0,169.6,27.8,187,8,BAKE-PREHEAT,166.0,173.2,166.0,173.2
2025-08-26T15:57:24.098,139.2132408618927,181.0,170.0,27.8,160,8,BAKE-PREHEAT,166.2,173.8,166.2,173.8
2025-08-26T15:57:24.336,139.45053696632385,181.0,170.4,27.8,153,8,BAKE-PREHEAT,166.8,174.0,166.8,174.0
2025-08-26T15:57:24.628,139.7432758808136,181.0,170.6,27.8,168,8,BAKE-PREHEAT,167.0,174.2,167.0,174.2
2025-08-26T15:57:24.873,139.98801493644714,192.0,170.8,27.8,255,8,BAKE-PREHEAT,167.2,174.2,167.2,174.2
2025-08-26T15:57:25.112,140.2271659374237,192.0,171.0,27.8,255,8,BAKE-PREHEAT,167.2,174.8,167.2,174.8
2025-08-26T15:57:25.349,140.46394085884094,192.0,171.4,27.8,255,8,BAKE-PREHEAT,167.5,175.2,167.5,175.2
2025-08-26T15:57:25.586,140.70118188858032,192.0,171.4,27.8,255,8,BAKE-PREHEAT,167.8,175.0,167.8,175.0
2025-08-26T15:57:25.871,140.98583579063416,192.0,171.8,27.8,255,8,BAKE-PREHEAT,168.0,175.5,168.0,175.5
2025-08-26T15:57:26.105,141.22005891799927,192.0,172.0,27.8,255,8,BAKE-PREHEAT,168.2,175.8,168.2,175.8
2025-08-26T15:57:26.334,141.4484407901764,192.0,172.2,27.9,255,8,BAKE-PREHEAT,168.5,176.0,168.5,176.0
2025-08-26T15:57:26.569,141.68379497528076,192.0,172.4,27.9,255,8,BAKE-PREHEAT,168.8,176.0,168.8,176.0
2025-08-26T15:57:26.863,141.97784399986267,192.0,172.9,27.8,255,8,BAKE-PREHEAT,169.0,176.8,169.0,176.8
2025-08-26T15:57:27.099,142.21436595916748,192.0,173.0,27.9,255,8,BAKE-PREHEAT,169.2,176.8,169.2,176.8
2025-08-26T15:57:27.336,142.4504988193512,192.0,173.1,27.8,255,8,BAKE-PREHEAT,169.2,177.0,169.2,177.0
2025-08-26T15:57:27.623,142.738214969635,192.0,173.8,27.8,255,8,BAKE-PREHEAT,169.8,177.8,169.8,177.8
2025-08-26T15:57:27.857,142.97209000587463,192.0,173.8,27.9,255,8,BAKE-PREHEAT,169.8,177.8,169.8,177.8
2025-08-26T15:57:28.092,143.20733880996704,192.0,174.1,27.9,255,8,BAKE-PREHEAT,170.0,178.2,170.0,178.2
2025-08-26T15:57:28.328,143.4433310031891,192.0,174.2,27.8,255,8,BAKE-PREHEAT,170.2,178.2,170.2,178.2
2025-08-26T15:57:28.619,143.73393487930298,192.0,174.4,27.9,255,8,BAKE-PREHEAT,170.5,178.2,170.5,178.2
2025-08-26T15:57:28.855,143.96955585479736,192.0,174.9,27.8,255,8,BAKE-PREHEAT,171.0,178.8,171.0,178.8
2025-08-26T15:57:29.083,144.19767093658447,192.0,175.0,27.9,255,8,BAKE-PREHEAT,171.0,179.0,171.0,179.0
2025-08-26T15:57:29.322,144.43645000457764,192.0,175.2,27.9,255,8,BAKE-PREHEAT,171.2,179.2,171.2,179.2
2025-08-26T15:57:29.614,144.72843980789185,192.0,175.5,27.9,255,8,BAKE-PREHEAT,171.8,179.2,171.8,179.2
2025-08-26T15:57:29.850,144.96516180038452,192.0,176.0,27.9,236,8,BAKE-PREHEAT,172.0,180.0,172.0,180.0
2025-08-26T15:57:30.085,145.19989585876465,192.0,176.2,27.9,255,8,BAKE-PREHEAT,172.2,180.2,172.2,180.2
2025-08-26T15:57:30.375,145.4904088973999,192.0,176.4,27.9,255,8,BAKE-PREHEAT,172.2,180.5,172.2,180.5
2025-08-26T15:57:30.612,145.72702288627625,192.0,176.6,27.9,255,8,BAKE-PREHEAT,172.5,180.8,172.5,180.8
2025-08-26T15:57:30.623,145.7379539012909,192.0,176.9,27.9,255,8,BAKE-PREHEAT,173.0,180.8,173.0,180.8
2025-08-26T15:57:31.085,146.20017290115356,192.0,176.9,27.9,255,8,BAKE-PREHEAT,173.0,180.8,173.0,180.8
2025-08-26T15:57:31.380,146.49497985839844,192.0,177.5,27.9,188,8,BAKE-PREHEAT,173.5,181.5,173.5,181.5
2025-08-26T15:57:31.611,146.72620701789856,192.0,177.5,27.9,255,8,BAKE-PREHEAT,173.5,181.5,173.5,181.5
2025-08-26T15:57:31.848,146.96261882781982,192.0,178.0,27.9,198,8,BAKE-PREHEAT,174.0,182.0,174.0,182.0
2025-08-26T15:57:32.084,147.19923281669617,192.0,178.0,27.9,255,8,BAKE-PREHEAT,174.0,182.0,174.0,182.0
2025-08-26T15:57:32.379,147.49398589134216,192.0,178.5,27.9,189,8,BAKE-PREHEAT,174.5,182.5,174.5,182.5
2025-08-26T15:57:32.618,147.73303198814392,192.0,178.6,27.9,247,8,BAKE-PREHEAT,174.8,182.5,174.8,182.5
2025-08-26T15:57:32.855,147.9695348739624,192.0,179.0,27.9,199,8,BAKE-PREHEAT,175.0,183.0,175.0,183.0
2025-08-26T15:57:33.155,148.26991891860962,192.0,179.2,27.9,215,8,BAKE-PREHEAT,175.2,183.2,175.2,183.2
2025-08-26T15:57:33.330,148.445298910141,192.0,179.5,27.9,210,8,BAKE-PREHEAT,175.5,183.5,175.5,183.5
2025-08-26T15:57:33.624,148.7391939163208,192.0,179.8,28.0,205,8,BAKE-PREHEAT,175.5,184.0,175.5,184.0
2025-08-26T15:57:33.858,148.97297883033752,192.0,180.0,27.9,201,8,BAKE-PREHEAT,176.0,184.0,176.0,184.0
2025-08-26T15:57:34.093,149.20832180976868,192.0,180.4,28.0,174,8,BAKE-PREHEAT,176.2,184.5,176.2,184.5
2025-08-26T15:57:34.148,149.2629280090332,192.0,180.6,27.9,189,8,BAKE-PREHEAT,176.5,184.8,176.5,184.8
2025-08-26T15:57:34.614,149.72844886779785,203.0,180.9,28.0,255,8,BAKE-PREHEAT,176.8,185.0,176.8,185.0
2025-08-26T15:57:34.842,149.95739197731018,203.0,180.9,27.9,255,8,BAKE-PREHEAT,176.8,185.0,176.8,185.0
2025-08-26T15:57:35.083,150.1982569694519,203.0,181.1,27.9,255,8,BAKE-PREHEAT,177.0,185.2,177.0,185.2
2025-08-26T15:57:35.378,150.4929039478302,203.0,181.5,27.9,255,8,BAKE-PREHEAT,177.2,185.8,177.2,185.8
2025-08-26T15:57:35.614,150.72884893417358,203.0,181.8,28.0,255,8,BAKE-PREHEAT,177.5,186.0,177.5,186.0
2025-08-26T15:57:35.845,150.96010184288025,203.0,181.9,28.0,255,8,BAKE-PREHEAT,177.8,186.0,177.8,186.0
2025-08-26T15:57:36.075,151.19005680084229,203.0,182.1,28.0,255,8,BAKE-PREHEAT,178.2,186.0,178.2,186.0
2025-08-26T15:57:36.367,151.48203086853027,203.0,182.2,28.0,255,8,BAKE-PREHEAT,178.2,186.2,178.2,186.2
2025-08-26T15:57:36.607,151.72238183021545,203.0,182.6,27.9,255,8,BAKE-PREHEAT,178.5,186.8,178.5,186.8
2025-08-26T15:57:36.837,151.95184779167175,203.0,182.8,28.0,255,8,BAKE-PREHEAT,178.8,186.8,178.8,186.8
2025-08-26T15:57:37.076,152.19045996665955,203.0,183.1,27.9,255,8,BAKE-PREHEAT,179.0,187.2,179.0,187.2
2025-08-26T15:57:37.368,152.48323678970337,203.0,183.4,28.0,255,8,BAKE-PREHEAT,179.2,187.5,179.2,187.5
2025-08-26T15:57:37.595,152.7094349861145,203.0,183.8,28.0,255,8,BAKE-PREHEAT,179.8,187.8,179.8,187.8
2025-08-26T15:57:37.830,152.9445538520813,203.0,183.9,28.0,255,8,BAKE-PREHEAT,179.8,188.0,179.8,188.0
2025-08-26T15:57:38.124,153.23847889900208,203.0,184.0,28.0,255,8,BAKE-PREHEAT,180.0,188.0,180.0,188.0
2025-08-26T15:57:38.363,153.47807788848877,203.0,184.4,28.0,255,8,BAKE-PREHEAT,180.2,188.5,180.2,188.5
2025-08-26T15:57:38.599,153.71429300308228,203.0,184.5,28.0,255,8,BAKE-PREHEAT,180.5,188.5,180.5,188.5
2025-08-26T15:57:38.829,153.94438886642456,203.0,184.9,28.0,255,8,BAKE-PREHEAT,180.8,189.0,180.8,189.0
2025-08-26T15:57:39.122,154.23659801483154,203.0,185.0,28.0,255,8,BAKE-PREHEAT,181.0,189.0,181.0,189.0
2025-08-26T15:57:39.362,154.47681379318237,203.0,185.2,28.0,255,8,BAKE-PREHEAT,181.2,189.2,181.2,189.2
2025-08-26T15:57:39.599,154.71384286880493,203.0,185.6,28.0,255,8,BAKE-PREHEAT,181.5,189.8,181.5,189.8
2025-08-26T15:57:39.834,154.9485378265381,203.0,185.8,28.0,255,8,BAKE-PREHEAT,181.8,189.8,181.8,189.8
2025-08-26T15:57:40.120,155.23487091064453,203.0,186.1,28.0,255,8,BAKE-PREHEAT,182.0,190.2,182.0,190.2
2025-08-26T15:57:40.236,155.35131978988647,203.0,186.4,28.0,255,8,BAKE-PREHEAT,182.2,190.5,182.2,190.5
2025-08-26T15:57:40.586,155.70120882987976,203.0,186.8,28.0,255,8,BAKE-PREHEAT,182.5,191.0,182.5,191.0
2025-08-26T15:57:40.820,155.935311794281,203.0,187.0,28.0,255,8,BAKE-PREHEAT,182.8,191.2,182.8,191.2
2025-08-26T15:57:41.114,156.22902083396912,203.0,187.0,28.0,255,8,BAKE-PREHEAT,182.8,191.2,182.8,191.2
2025-08-26T15:57:41.350,156.46493101119995,203.0,187.6,28.0,206,8,BAKE-PREHEAT,183.2,192.0,183.2,192.0
2025-08-26T15:57:41.585,156.70039701461792,203.0,187.8,28.0,255,8,BAKE-PREHEAT,183.5,192.0,183.5,192.0
2025-08-26T15:57:41.875,156.98943781852722,203.0,188.0,28.0,255,8,BAKE-PREHEAT,183.5,192.5,183.5,192.5
2025-08-26T15:57:42.113,157.2284049987793,203.0,188.2,28.0,255,8,BAKE-PREHEAT,183.8,192.8,183.8,192.8
2025-08-26T15:57:42.351,157.46608996391296,203.0,188.5,28.0,250,8,BAKE-PREHEAT,184.0,193.0,184.0,193.0
2025-08-26T15:57:42.585,157.7002568244934,203.0,188.6,28.0,255,8,BAKE-PREHEAT,184.2,193.0,184.2,193.0
2025-08-26T15:57:42.883,157.99821281433105,203.0,189.1,28.0,198,8,BAKE-PREHEAT,184.8,193.5,184.8,193.5
2025-08-26T15:57:43.122,158.23679399490356,203.0,189.4,28.0,233,8,BAKE-PREHEAT,185.0,193.8,185.0,193.8
2025-08-26T15:57:43.361,158.47637486457825,203.0,189.8,28.1,206,8,BAKE-PREHEAT,185.2,194.2,185.2,194.2
2025-08-26T15:57:43.595,158.70948195457458,203.0,189.8,28.0,255,8,BAKE-PREHEAT,185.2,194.2,185.2,194.2
2025-08-26T15:57:43.830,158.9447820186615,203.0,190.1,28.1,199,8,BAKE-PREHEAT,185.8,194.5,185.8,194.5
2025-08-26T15:57:44.124,159.2387080192566,203.0,190.4,28.0,215,8,BAKE-PREHEAT,186.0,194.8,186.0,194.8
2025-08-26T15:57:44.237,159.3515088558197,203.0,190.9,28.0,165,8,BAKE-PREHEAT,186.2,195.5,186.2,195.5
2025-08-26T15:57:44.584,159.69877696037292,214.0,191.0,28.0,255,8,BAKE-PREHEAT,186.5,195.5,186.5,195.5
2025-08-26T15:57:44.880,159.99482679367065,214.0,191.0,28.1,255,8,BAKE-PREHEAT,186.5,195.5,186.5,195.5
2025-08-26T15:57:45.119,160.23382782936096,214.0,191.2,28.1,255,8,BAKE-PREHEAT,186.8,195.8,186.8,195.8
2025-08-26T15:57:45.358,160.47281885147095,214.0,191.6,28.1,255,8,BAKE-PREHEAT,187.2,196.0,187.2,196.0
2025-08-26T15:57:45.593,160.70811700820923,214.0,191.9,28.1,255,8,BAKE-PREHEAT,187.2,196.5,187.2,196.5
2025-08-26T15:57:45.822,160.93711280822754,214.0,192.1,28.1,255,8,BAKE-PREHEAT,187.5,196.8,187.5,196.8
2025-08-26T15:57:46.112,161.22729897499084,214.0,192.2,28.1,255,8,BAKE-PREHEAT,187.8,196.8,187.8,196.8
2025-08-26T15:57:46.348,161.46318292617798,214.0,192.5,28.1,255,8,BAKE-PREHEAT,188.0,197.0,188.0,197.0
2025-08-26T15:57:46.586,161.70055985450745,214.0,192.9,28.1,255,8,BAKE-PREHEAT,188.2,197.5,188.2,197.5
2025-08-26T15:57:46.824,161.93847680091858,214.0,193.1,28.1,255,8,BAKE-PREHEAT,188.5,197.8,188.5,197.8
2025-08-26T15:57:47.115,162.2297649383545,214.0,193.2,28.1,255,8,BAKE-PREHEAT,188.8,197.8,188.8,197.8
2025-08-26T15:57:47.353,162.4684238433838,214.0,193.8,28.1,255,8,BAKE-PREHEAT,189.2,198.2,189.2,198.2
2025-08-26T15:57:47.588,162.70335698127747,214.0,193.8,28.1,255,8,BAKE-PREHEAT,189.2,198.2,189.2,198.2
2025-08-26T15:57:47.820,162.93510484695435,214.0,194.0,28.1,255,8,BAKE-PREHEAT,189.5,198.5,189.5,198.5
2025-08-26T15:57:48.112,163.22692680358887,214.0,194.4,28.1,255,8,BAKE-PREHEAT,190.0,198.8,190.0,198.8
2025-08-26T15:57:48.348,163.4632008075714,214.0,194.5,28.1,255,8,BAKE-PREHEAT,190.0,199.0,190.0,199.0
2025-08-26T15:57:48.584,163.69843697547913,214.0,194.8,28.1,255,8,BAKE-PREHEAT,190.2,199.2,190.2,199.2
2025-08-26T15:57:48.876,163.9911699295044,214.0,194.8,28.1,255,8,BAKE-PREHEAT,190.2,199.2,190.2,199.2
2025-08-26T15:57:49.111,164.2263159751892,214.0,195.2,28.0,255,8,BAKE-PREHEAT,190.8,199.8,190.8,199.8
2025-08-26T15:57:49.348,164.4632248878479,214.0,195.5,28.1,255,8,BAKE-PREHEAT,191.0,200.0,191.0,200.0
2025-08-26T15:57:49.584,164.69928002357483,214.0,195.8,28.1,255,8,BAKE-PREHEAT,191.0,200.5,191.0,200.5
2025-08-26T15:57:49.877,164.99233078956604,214.0,196.0,28.1,255,8,BAKE-PREHEAT,191.5,200.5,191.5,200.5
2025-08-26T15:57:50.112,165.2268738746643,214.0,196.2,28.1,255,8,BAKE-PREHEAT,191.8,200.8,191.8,200.8
2025-08-26T15:57:50.225,165.33972191810608,214.0,196.4,28.1,255,8,BAKE-PREHEAT,191.8,201.0,191.8,201.0
2025-08-26T15:57:50.571,165.68642687797546,214.0,196.5,28.1,255,8,BAKE-PREHEAT,192.0,201.0,192.0,201.0
2025-08-26T15:57:50.862,165.97669792175293,214.0,196.9,28.1,255,8,BAKE-PREHEAT,192.2,201.5,192.2,201.5
2025-08-26T15:57:51.096,166.21060991287231,214.0,197.0,28.1,255,8,BAKE-PREHEAT,192.5,201.5,192.5,201.5
2025-08-26T15:57:51.396,166.51112985610962,214.0,197.2,28.1,255,8,BAKE-PREHEAT,192.5,202.0,192.5,202.0
2025-08-26T15:57:51.568,166.68275380134583,214.0,197.6,28.1,255,8,BAKE-PREHEAT,193.0,202.2,193.0,202.2
2025-08-26T15:57:51.858,166.97253799438477,214.0,197.6,28.1,255,8,BAKE-PREHEAT,193.0,202.2,193.0,202.2
2025-08-26T15:57:52.093,167.20812797546387,214.0,198.0,28.1,255,8,BAKE-PREHEAT,193.2,202.8,193.2,202.8
2025-08-26T15:57:52.330,167.44471979141235,214.0,198.2,28.1,255,8,BAKE-PREHEAT,193.5,203.0,193.5,203.0
2025-08-26T15:57:52.623,167.73752784729004,214.0,198.5,28.1,255,8,BAKE-PREHEAT,193.8,203.2,193.8,203.2
2025-08-26T15:57:52.862,167.9770050048828,214.0,198.6,28.1,255,8,BAKE-PREHEAT,194.0,203.2,194.0,203.2
2025-08-26T15:57:53.098,168.21340990066528,214.0,198.9,28.1,255,8,BAKE-PREHEAT,194.2,203.5,194.2,203.5
2025-08-26T15:57:53.335,168.45004391670227,214.0,199.2,28.1,237,8,BAKE-PREHEAT,194.5,204.0,194.5,204.0
2025-08-26T15:57:53.569,168.68423295021057,214.0,199.5,28.1,252,8,BAKE-PREHEAT,194.8,204.2,194.8,204.2
2025-08-26T15:57:53.861,168.97593188285828,214.0,199.8,28.1,248,8,BAKE-PREHEAT,195.0,204.5,195.0,204.5
2025-08-26T15:57:54.095,169.2101399898529,214.0,199.9,28.1,255,8,BAKE-PREHEAT,195.2,204.5,195.2,204.5
2025-08-26T15:57:54.326,169.4412899017334,214.0,200.2,28.1,218,8,BAKE-PREHEAT,195.5,205.0,195.5,205.0
2025-08-26T15:57:54.617,169.73196697235107,225.0,200.5,28.1,255,8,BAKE-PREHEAT,195.8,205.2,195.8,205.2
2025-08-26T15:57:54.852,169.9670569896698,225.0,200.6,28.1,255,8,BAKE-PREHEAT,196.0,205.2,196.0,205.2
2025-08-26T15:57:55.086,170.2012369632721,225.0,200.9,28.1,255,8,BAKE-PREHEAT,196.2,205.5,196.2,205.5
2025-08-26T15:57:55.384,170.49870491027832,225.0,201.2,28.1,255,8,BAKE-PREHEAT,196.5,206.0,196.5,206.0
2025-08-26T15:57:55.622,170.73663091659546,225.0,201.5,28.2,255,8,BAKE-PREHEAT,196.8,206.2,196.8,206.2
2025-08-26T15:57:55.857,170.97187900543213,225.0,201.5,28.2,255,8,BAKE-PREHEAT,196.8,206.2,196.8,206.2
2025-08-26T15:57:56.093,171.20752882957458,225.0,202.0,28.2,255,8,BAKE-PREHEAT,197.2,206.8,197.2,206.8
2025-08-26T15:57:56.329,171.44410300254822,225.0,202.1,28.2,255,8,BAKE-PREHEAT,197.2,207.0,197.2,207.0
2025-08-26T15:57:56.614,171.72908782958984,225.0,202.2,28.2,255,8,BAKE-PREHEAT,197.5,207.0,197.5,207.0
2025-08-26T15:57:56.851,171.96565079689026,225.0,202.6,28.2,255,8,BAKE-PREHEAT,197.8,207.5,197.8,207.5
2025-08-26T15:57:57.083,172.19813299179077,225.0,202.8,28.2,255,8,BAKE-PREHEAT,198.0,207.5,198.0,207.5
2025-08-26T15:57:57.319,172.43396401405334,225.0,202.9,28.2,255,8,BAKE-PREHEAT,198.0,207.8,198.0,207.8
2025-08-26T15:57:57.613,172.72770190238953,225.0,203.2,28.2,255,8,BAKE-PREHEAT,198.5,208.0,198.5,208.0
2025-08-26T15:57:57.850,172.96537899971008,225.0,203.6,28.2,255,8,BAKE-PREHEAT,198.5,208.8,198.5,208.8
2025-08-26T15:57:58.086,173.20071291923523,225.0,203.8,28.2,255,8,BAKE-PREHEAT,198.8,208.8,198.8,208.8
2025-08-26T15:57:58.376,173.491290807724,225.0,203.9,28.2,255,8,BAKE-PREHEAT,199.0,208.8,199.0,208.8
2025-08-26T15:57:58.615,173.72995781898499,225.0,204.4,28.2,255,8,BAKE-PREHEAT,199.5,209.2,199.5,209.2
2025-08-26T15:57:58.848,173.96312379837036,225.0,204.4,28.2,255,8,BAKE-PREHEAT,199.5,209.2,199.5,209.2
2025-08-26T15:57:59.084,174.1988718509674,225.0,204.6,28.2,255,8,BAKE-PREHEAT,199.8,209.5,199.8,209.5
2025-08-26T15:57:59.319,174.4336907863617,225.0,204.9,28.2,255,8,BAKE-PREHEAT,200.0,209.8,200.0,209.8
2025-08-26T15:57:59.610,174.72446298599243,225.0,205.1,28.2,255,8,BAKE-PREHEAT,200.2,210.0,200.2,210.0
2025-08-26T15:57:59.847,174.96182489395142,225.0,205.4,28.2,255,8,BAKE-PREHEAT,200.5,210.2,200.5,210.2
2025-08-26T15:58:00.076,175.19104981422424,225.0,205.5,28.2,255,8,BAKE-PREHEAT,200.5,210.5,200.5,210.5
2025-08-26T15:58:00.308,175.4224498271942,225.0,205.9,28.2,255,8,BAKE-PREHEAT,201.0,210.8,201.0,210.8
2025-08-26T15:58:00.598,175.71323895454407,225.0,206.0,28.2,255,8,BAKE-PREHEAT,201.2,210.8,201.2,210.8
2025-08-26T15:58:00.833,175.9482388496399,225.0,206.4,28.2,255,8,BAKE-PREHEAT,201.5,211.2,201.5,211.2
2025-08-26T15:58:01.125,176.23964881896973,225.0,206.5,28.2,255,8,BAKE-PREHEAT,201.8,211.2,201.8,211.2
2025-08-26T15:58:01.363,176.47837901115417,225.0,206.8,28.2,255,8,BAKE-PREHEAT,201.8,211.8,201.8,211.8
2025-08-26T15:58:01.600,176.7153239250183,225.0,207.0,28.2,255,8,BAKE-PREHEAT,202.0,212.0,202.0,212.0
2025-08-26T15:58:01.834,176.94847202301025,225.0,207.1,28.2,255,8,BAKE-PREHEAT,202.2,212.0,202.2,212.0
2025-08-26T15:58:02.068,177.18300580978394,225.0,207.5,28.2,255,8,BAKE-PREHEAT,202.5,212.5,202.5,212.5
2025-08-26T15:58:02.359,177.47394490242004,225.0,207.6,28.2,255,8,BAKE-PREHEAT,202.8,212.5,202.8,212.5
2025-08-26T15:58:02.594,177.70847582817078,225.0,208.0,28.2,255,8,BAKE-PREHEAT,203.0,213.0,203.0,213.0
2025-08-26T15:58:02.823,177.9376997947693,225.0,208.0,28.2,255,8,BAKE-PREHEAT,203.2,212.8,203.2,212.8
2025-08-26T15:58:03.115,178.23014378547668,225.0,208.1,28.2,255,8,BAKE-PREHEAT,203.2,213.0,203.2,213.0
2025-08-26T15:58:03.354,178.4686849117279,225.0,208.5,28.2,255,8,BAKE-PREHEAT,203.5,213.5,203.5,213.5
2025-08-26T15:58:03.588,178.7026858329773,225.0,208.6,28.2,255,8,BAKE-PREHEAT,203.8,213.5,203.8,213.5
2025-08-26T15:58:03.885,179.00003290176392,225.0,209.0,28.2,255,8,BAKE-PREHEAT,204.2,213.8,204.2,213.8
2025-08-26T15:58:04.120,179.23522901535034,225.0,209.1,28.2,255,8,BAKE-PREHEAT,204.2,214.0,204.2,214.0
2025-08-26T15:58:04.355,179.46985697746277,225.0,209.4,28.2,255,8,BAKE-PREHEAT,204.5,214.2,204.5,214.2
2025-08-26T15:58:04.364,179.47924184799194,225.0,209.8,28.2,249,8,BAKE-PREHEAT,204.8,214.8,204.8,214.8
2025-08-26T15:58:04.826,179.94072890281677,30.0,209.8,28.2,0,0,BAKE,204.8,214.8,204.8,214.8
2025-08-26T15:58:05.119,180.23433089256287,30.0,210.0,28.2,0,0,BAKE,205.2,214.8,205.2,214.8
2025-08-26T15:58:05.355,180.46959495544434,30.0,210.4,28.2,0,0,BAKE,205.5,215.2,205.5,215.2
2025-08-26T15:58:05.583,180.69809079170227,30.0,210.5,28.2,0,0,BAKE,205.5,215.5,205.5,215.5
2025-08-26T15:58:05.818,180.93304181098938,30.0,210.6,28.2,0,0,BAKE,205.8,215.5,205.8,215.5
2025-08-26T15:58:06.112,181.22681283950806,30.0,210.9,28.2,0,0,BAKE,206.0,215.8,206.0,215.8
2025-08-26T15:58:06.350,181.46451997756958,30.0,211.0,28.2,0,0,BAKE,206.0,216.0,206.0,216.0
2025-08-26T15:58:06.641,181.7561240196228,30.0,211.1,28.2,0,0,BAKE,206.2,216.0,206.2,216.0
2025-08-26T15:58:06.815,181.9298448562622,30.0,211.1,28.2,0,0,BAKE,206.2,216.0,206.2,216.0
2025-08-26T15:58:07.106,182.220853805542,30.0,211.1,28.2,0,0,BAKE,206.2,216.0,206.2,216.0
2025-08-26T15:58:07.342,182.45693492889404,30.0,211.2,28.3,0,0,BAKE,206.2,216.2,206.2,216.2
2025-08-26T15:58:07.579,182.69349098205566,30.0,211.2,28.3,0,0,BAKE,206.2,216.2,206.2,216.2
2025-08-26T15:58:07.872,182.98709297180176,30.0,211.4,28.3,0,0,BAKE,206.5,216.2,206.5,216.2
2025-08-26T15:58:08.104,183.21900987625122,30.0,211.4,28.3,0,0,BAKE,206.5,216.2,206.5,216.2
2025-08-26T15:58:08.333,183.44826483726501,30.0,211.2,28.2,0,0,BAKE,206.5,216.0,206.5,216.0
2025-08-26T15:58:08.568,183.68297696113586,30.0,211.4,28.3,0,0,BAKE,206.5,216.2,206.5,216.2
2025-08-26T15:58:08.859,183.97427487373352,30.0,211.4,28.3,0,0,BAKE,206.5,216.2,206.5,216.2
2025-08-26T15:58:09.090,184.20495700836182,30.0,211.1,28.3,0,0,BAKE,206.2,216.0,206.2,216.0
2025-08-26T15:58:09.329,184.44405484199524,30.0,211.1,28.3,0,0,BAKE,206.2,216.0,206.2,216.0
2025-08-26T15:58:09.621,184.73636984825134,30.0,211.1,28.3,0,0,BAKE,206.2,216.0,206.2,216.0
2025-08-26T15:58:09.851,184.9659550189972,30.0,210.9,28.3,0,0,BAKE,206.0,215.8,206.0,215.8
2025-08-26T15:58:10.086,185.2007668018341,30.0,211.0,28.3,0,0,BAKE,206.0,216.0,206.0,216.0
2025-08-26T15:58:10.320,185.4353849887848,30.0,211.0,28.3,0,0,BAKE,206.0,216.0,206.0,216.0
2025-08-26T15:58:10.372,185.48689699172974,30.0,210.8,28.3,0,0,BAKE,206.0,215.5,206.0,215.5
2025-08-26T15:58:10.847,185.96177697181702,30.0,210.8,28.3,0,0,BAKE,206.0,215.5,206.0,215.5
2025-08-26T15:58:11.075,186.1896049976349,30.0,210.5,28.3,0,0,BAKE,205.8,215.2,205.8,215.2
2025-08-26T15:58:11.369,186.4839789867401,30.0,210.5,28.3,0,0,BAKE,205.5,215.5,205.5,215.5
2025-08-26T15:58:11.605,186.7198657989502,30.0,210.4,28.3,0,0,BAKE,205.5,215.2,205.5,215.2
2025-08-26T15:58:11.841,186.9558699131012,30.0,210.2,28.3,0,0,BAKE,205.2,215.2,205.2,215.2
2025-08-26T15:58:12.075,187.1903839111328,30.0,210.0,28.3,0,0,BAKE,205.0,215.0,205.0,215.0
2025-08-26T15:58:12.366,187.48062992095947,30.0,209.9,28.3,0,0,BAKE,205.0,214.8,205.0,214.8
2025-08-26T15:58:12.600,187.7153398990631,30.0,209.8,28.3,0,0,BAKE,205.0,214.5,205.0,214.5
2025-08-26T15:58:12.833,187.9482297897339,30.0,209.8,28.3,0,0,BAKE,205.0,214.5,205.0,214.5
2025-08-26T15:58:13.071,188.1862518787384,30.0,209.6,28.3,0,0,BAKE,204.8,214.5,204.8,214.5
2025-08-26T15:58:13.366,188.48047494888306,30.0,209.1,28.3,0,0,BAKE,204.2,214.0,204.2,214.0
2025-08-26T15:58:13.603,188.7179889678955,30.0,209.0,28.3,0,0,BAKE,204.2,213.8,204.2,213.8
2025-08-26T15:58:13.831,188.9455578327179,30.0,208.9,28.3,0,0,BAKE,204.2,213.5,204.2,213.5
2025-08-26T15:58:14.065,189.18005180358887,30.0,208.8,28.3,0,0,BAKE,204.0,213.5,204.0,213.5
2025-08-26T15:58:14.359,189.47419381141663,30.0,208.6,28.3,0,0,BAKE,203.8,213.5,203.8,213.5
2025-08-26T15:58:15.121,190.23554682731628,30.0,208.0,28.4,0,0,BAKE,203.2,212.8,203.2,212.8
2025-08-26T15:58:15.360,190.47468996047974,30.0,207.5,28.3,0,0,BAKE,202.8,212.2,202.8,212.2
2025-08-26T15:58:15.597,190.71235299110413,30.0,207.5,28.3,0,0,BAKE,202.8,212.2,202.8,212.2
2025-08-26T15:58:15.831,190.94635796546936,30.0,207.1,28.3,0,0,BAKE,202.5,211.8,202.5,211.8
2025-08-26T15:58:16.125,191.2403838634491,30.0,206.9,28.3,0,0,BAKE,202.2,211.5,202.2,211.5
2025-08-26T15:58:16.360,191.4748728275299,30.0,206.8,28.4,0,0,BAKE,202.0,211.5,202.0,211.5
2025-08-26T15:58:16.661,191.7759509086609,30.0,206.4,28.3,0,0,BAKE,201.8,211.0,201.8,211.0
2025-08-26T15:58:16.834,191.9486119747162,30.0,206.1,28.3,0,0,BAKE,201.5,210.8,201.5,210.8
2025-08-26T15:58:17.065,192.18010687828064,30.0,206.2,28.4,0,0,BAKE,201.8,210.8,201.8,210.8
2025-08-26T15:58:17.358,192.47340083122253,30.0,205.9,28.4,0,0,BAKE,201.5,210.2,201.5,210.2
2025-08-26T15:58:17.596,192.7106809616089,30.0,205.5,28.4,0,0,BAKE,201.0,210.0,201.0,210.0
2025-08-26T15:58:17.895,193.01024889945984,30.0,205.2,28.3,0,0,BAKE,200.8,209.8,200.8,209.8
2025-08-26T15:58:18.067,193.18218684196472,30.0,205.0,28.4,0,0,BAKE,200.5,209.5,200.5,209.5
2025-08-26T15:58:18.361,193.47628688812256,30.0,205.0,28.4,0,0,BAKE,200.5,209.5,200.5,209.5
2025-08-26T15:58:18.600,193.71542382240295,30.0,204.5,28.4,0,0,BAKE,200.0,209.0,200.0,209.0
2025-08-26T15:58:18.834,193.9493899345398,30.0,204.4,28.4,0,0,BAKE,199.8,209.0,199.8,209.0
2025-08-26T15:58:19.128,194.2429928779602,30.0,204.0,28.4,0,0,BAKE,199.5,208.5,199.5,208.5
2025-08-26T15:58:19.363,194.47797083854675,30.0,203.9,28.4,0,0,BAKE,199.2,208.5,199.2,208.5
2025-08-26T15:58:19.601,194.7157859802246,30.0,203.4,28.4,0,0,BAKE,199.0,207.8,199.0,207.8
2025-08-26T15:58:19.832,194.94701600074768,30.0,203.2,28.4,0,0,BAKE,198.8,207.8,198.8,207.8
2025-08-26T15:58:20.126,195.2409520149231,30.0,203.1,28.4,0,0,BAKE,198.5,207.8,198.5,207.8
2025-08-26T15:58:20.365,195.4800169467926,30.0,202.8,28.4,0,0,BAKE,198.2,207.2,198.2,207.2
2025-08-26T15:58:20.601,195.71613693237305,30.0,202.4,28.4,0,0,BAKE,198.0,206.8,198.0,206.8
2025-08-26T15:58:20.838,195.953125,30.0,202.1,28.4,0,0,BAKE,197.8,206.5,197.8,206.5
2025-08-26T15:58:21.065,196.1795289516449,30.0,202.0,28.4,0,0,BAKE,197.5,206.5,197.5,206.5
2025-08-26T15:58:21.359,196.473641872406,30.0,201.6,28.4,0,0,BAKE,197.2,206.0,197.2,206.0
2025-08-26T15:58:21.596,196.7108428478241,30.0,201.4,28.4,0,0,BAKE,197.0,205.8,197.0,205.8
2025-08-26T15:58:21.829,196.94400691986084,30.0,201.0,28.4,0,0,BAKE,196.8,205.2,196.8,205.2
2025-08-26T15:58:22.115,197.229829788208,30.0,200.6,28.4,0,0,BAKE,196.2,205.0,196.2,205.0
2025-08-26T15:58:22.354,197.4689998626709,30.0,200.5,28.5,0,0,BAKE,196.2,204.8,196.2,204.8
2025-08-26T15:58:22.591,197.70551586151123,30.0,200.2,28.4,0,0,BAKE,195.8,204.8,195.8,204.8
2025-08-26T15:58:22.821,197.93622398376465,30.0,200.0,28.5,0,0,BAKE,195.5,204.5,195.5,204.5
2025-08-26T15:58:23.115,198.23034000396729,30.0,199.5,28.4,0,0,BAKE,195.2,203.8,195.2,203.8
2025-08-26T15:58:23.353,198.46747183799744,30.0,199.1,28.4,0,0,BAKE,194.8,203.5,194.8,203.5
2025-08-26T15:58:23.641,198.75580382347107,30.0,199.0,28.5,0,0,BAKE,194.8,203.2,194.8,203.2
2025-08-26T15:58:23.815,198.93018198013306,30.0,198.8,28.5,0,0,BAKE,194.5,203.0,194.5,203.0
2025-08-26T15:58:24.109,199.22424483299255,30.0,198.6,28.5,0,0,BAKE,194.5,202.8,194.5,202.8
2025-08-26T15:58:24.347,199.46167302131653,30.0,198.2,28.4,0,0,BAKE,194.0,202.5,194.0,202.5
2025-08-26T15:58:24.584,199.69862294197083,30.0,197.9,28.4,0,0,BAKE,193.8,202.0,193.8,202.0
2025-08-26T15:58:24.595,199.71039986610413,30.0,197.6,28.4,0,0,BAKE,193.2,202.0,193.2,202.0
2025-08-26T15:58:34.627,209.74153685569763,30.0,186.9,28.5,0,0,BAKE,182.8,191.0,182.8,191.0
2025-08-26T15:58:34.864,209.97861194610596,30.0,186.5,28.5,0,0,BAKE,182.5,190.5,182.5,190.5
2025-08-26T15:58:35.095,210.20947098731995,30.0,186.4,28.5,0,0,BAKE,182.5,190.2,182.5,190.2
2025-08-26T15:58:35.327,210.44180178642273,30.0,186.1,28.5,0,0,BAKE,182.2,190.0,182.2,190.0
2025-08-26T15:58:35.622,210.73651695251465,30.0,186.0,28.5,0,0,BAKE,182.0,190.0,182.0,190.0
2025-08-26T15:58:35.858,210.97275686264038,30.0,185.6,28.5,0,0,BAKE,181.8,189.5,181.8,189.5
2025-08-26T15:58:36.150,211.2651629447937,30.0,185.2,28.5,0,0,BAKE,181.5,189.0,181.5,189.0
2025-08-26T15:58:36.327,211.4418158531189,30.0,185.0,28.5,0,0,BAKE,181.0,189.0,181.0,189.0
2025-08-26T15:58:36.564,211.67875695228577,30.0,184.9,28.5,0,0,BAKE,181.0,188.8,181.0,188.8
2025-08-26T15:58:36.852,211.96687483787537,30.0,184.6,28.5,0,0,BAKE,180.8,188.5,180.8,188.5
2025-08-26T15:58:37.088,212.202702999115,30.0,184.4,28.5,0,0,BAKE,180.5,188.2,180.5,188.2
2025-08-26T15:58:37.322,212.43694496154785,30.0,184.2,28.6,0,0,BAKE,180.5,188.0,180.5,188.0
2025-08-26T15:58:37.614,212.72873783111572,30.0,183.8,28.5,0,0,BAKE,180.0,187.5,180.0,187.5
2025-08-26T15:58:37.841,212.956200838089,30.0,183.5,28.6,0,0,BAKE,179.8,187.2,179.8,187.2
2025-08-26T15:58:38.073,213.1874349117279,30.0,183.4,28.6,0,0,BAKE,179.8,187.0,179.8,187.0
2025-08-26T15:58:38.366,213.48137497901917,30.0,183.2,28.6,0,0,BAKE,179.5,187.0,179.5,187.0
2025-08-26T15:58:38.606,213.72092080116272,30.0,182.8,28.6,0,0,BAKE,179.0,186.5,179.0,186.5
2025-08-26T15:58:38.838,213.95283198356628,30.0,182.5,28.6,0,0,BAKE,179.0,186.0,179.0,186.0
2025-08-26T15:58:39.066,214.18085289001465,30.0,182.1,28.6,0,0,BAKE,178.5,185.8,178.5,185.8
2025-08-26T15:58:39.360,214.4747757911682,30.0,182.1,28.5,0,0,BAKE,178.5,185.8,178.5,185.8
2025-08-26T15:58:39.597,214.71174383163452,30.0,181.9,28.6,0,0,BAKE,178.2,185.5,178.2,185.5
2025-08-26T15:58:39.830,214.945396900177,30.0,181.5,28.6,0,0,BAKE,178.0,185.0,178.0,185.0
2025-08-26T15:58:40.124,215.23899483680725,30.0,181.2,28.6,0,0,BAKE,177.8,184.8,177.8,184.8
2025-08-26T15:58:40.358,215.47324681282043,30.0,181.0,28.6,0,0,BAKE,177.5,184.5,177.5,184.5
2025-08-26T15:58:40.597,215.71150088310242,30.0,180.8,28.6,0,0,BAKE,177.2,184.2,177.2,184.2
2025-08-26T15:58:40.830,215.94492602348328,30.0,180.6,28.6,0,0,BAKE,177.2,184.0,177.2,184.0
2025-08-26T15:58:41.069,216.18406200408936,30.0,180.4,28.6,0,0,BAKE,177.0,183.8,177.0,183.8
2025-08-26T15:58:41.363,216.47787284851074,30.0,180.1,28.6,0,0,BAKE,176.8,183.5,176.8,183.5
2025-08-26T15:58:41.599,216.71436095237732,30.0,179.8,28.6,0,0,BAKE,176.2,183.2,176.2,183.2
2025-08-26T15:58:41.830,216.94526982307434,30.0,179.4,28.6,0,0,BAKE,176.0,182.8,176.0,182.8
2025-08-26T15:58:42.124,217.2393867969513,30.0,179.5,28.6,0,0,BAKE,176.0,183.0,176.0,183.0
2025-08-26T15:58:42.359,217.47435998916626,30.0,179.1,28.6,0,0,BAKE,175.8,182.5,175.8,182.5
2025-08-26T15:58:42.598,217.71247482299805,30.0,178.9,28.6,0,0,BAKE,175.5,182.2,175.5,182.2
2025-08-26T15:58:42.832,217.94686484336853,30.0,178.6,28.6,0,0,BAKE,175.2,182.0,175.2,182.0
2025-08-26T15:58:43.128,218.24264788627625,30.0,178.2,28.6,0,0,BAKE,175.0,181.5,175.0,181.5
2025-08-26T15:58:43.366,218.4808738231659,30.0,178.0,28.6,0,0,BAKE,174.8,181.2,174.8,181.2
2025-08-26T15:58:43.605,218.72039079666138,30.0,178.0,28.6,0,0,BAKE,174.8,181.2,174.8,181.2
2025-08-26T15:58:43.843,218.95745587348938,30.0,177.9,28.6,0,0,BAKE,174.5,181.2,174.5,181.2
2025-08-26T15:58:44.080,219.194748878479,30.0,177.8,28.6,0,0,BAKE,174.2,181.2,174.2,181.2
2025-08-26T15:58:44.378,219.49336194992065,30.0,177.2,28.6,0,0,BAKE,174.0,180.5,174.0,180.5
2025-08-26T15:58:44.845,219.96031594276428,30.0,176.8,28.6,0,0,BAKE,173.8,179.8,173.8,179.8
2025-08-26T15:58:45.079,220.19425582885742,30.0,176.8,28.6,0,0,BAKE,173.5,180.0,173.5,180.0
2025-08-26T15:58:45.373,220.4881489276886,30.0,176.4,28.6,0,0,BAKE,173.2,179.5,173.2,179.5
2025-08-26T15:58:45.608,220.7229778766632,30.0,176.2,28.6,0,0,BAKE,173.0,179.5,173.0,179.5
2025-08-26T15:58:45.843,220.95769691467285,30.0,175.8,28.6,0,0,BAKE,172.8,178.8,172.8,178.8
2025-08-26T15:58:46.069,221.18370485305786,30.0,175.5,28.6,0,0,BAKE,172.5,178.5,172.5,178.5
2025-08-26T15:58:46.359,221.47375392913818,30.0,175.5,28.6,0,0,BAKE,172.2,178.8,172.2,178.8
2025-08-26T15:58:46.597,221.71185183525085,30.0,175.2,28.6,0,0,BAKE,172.2,178.2,172.2,178.2
2025-08-26T15:58:46.830,221.9449019432068,30.0,175.1,28.6,0,0,BAKE,172.0,178.2,172.0,178.2
2025-08-26T15:58:47.067,222.18198895454407,30.0,174.9,28.6,0,0,BAKE,171.8,178.0,171.8,178.0
2025-08-26T15:58:47.361,222.47605800628662,30.0,174.6,28.7,0,0,BAKE,171.5,177.8,171.5,177.8
2025-08-26T15:58:47.601,222.7155900001526,30.0,174.1,28.6,0,0,BAKE,171.2,177.0,171.2,177.0
2025-08-26T15:58:47.835,222.94974279403687,30.0,174.4,28.6,0,0,BAKE,171.2,177.5,171.2,177.5
2025-08-26T15:58:48.071,223.1854908466339,30.0,174.0,28.6,0,0,BAKE,171.0,177.0,171.0,177.0
2025-08-26T15:58:48.364,223.47941088676453,30.0,173.5,28.7,0,0,BAKE,170.5,176.5,170.5,176.5
2025-08-26T15:58:48.598,223.71315789222717,30.0,173.4,28.6,0,0,BAKE,170.2,176.5,170.2,176.5
2025-08-26T15:58:48.898,224.01286602020264,30.0,173.2,28.7,0,0,BAKE,170.2,176.2,170.2,176.2
2025-08-26T15:58:49.071,224.1858479976654,30.0,172.8,28.7,0,0,BAKE,169.8,175.8,169.8,175.8
2025-08-26T15:58:49.365,224.47984290122986,30.0,172.9,28.7,0,0,BAKE,169.8,176.0,169.8,176.0
2025-08-26T15:58:49.605,224.71951699256897,30.0,172.5,28.7,0,0,BAKE,169.5,175.5,169.5,175.5
2025-08-26T15:58:49.838,224.95306181907654,30.0,172.1,28.7,0,0,BAKE,169.2,175.0,169.2,175.0
2025-08-26T15:58:50.135,225.25032782554626,30.0,172.2,28.7,0,0,BAKE,169.2,175.2,169.2,175.2
2025-08-26T15:58:50.308,225.42305278778076,30.0,172.0,28.7,0,0,BAKE,169.0,175.0,169.0,175.0
2025-08-26T15:58:50.602,225.71731996536255,30.0,171.6,28.7,0,0,BAKE,168.8,174.5,168.8,174.5
2025-08-26T15:58:50.837,225.9516818523407,30.0,171.6,28.7,0,0,BAKE,168.8,174.5,168.8,174.5
2025-08-26T15:58:51.073,226.18814301490784,30.0,171.5,28.7,0,0,BAKE,168.5,174.5,168.5,174.5
2025-08-26T15:58:51.367,226.4819359779358,30.0,171.0,28.7,0,0,BAKE,168.2,173.8,168.2,173.8
2025-08-26T15:58:51.603,226.7177529335022,30.0,170.9,28.7,0,0,BAKE,167.8,174.0,167.8,174.0
2025-08-26T15:58:51.832,226.94678401947021,30.0,170.8,28.7,0,0,BAKE,167.8,173.8,167.8,173.8
2025-08-26T15:58:52.064,227.17859983444214,30.0,170.5,28.7,0,0,BAKE,167.5,173.5,167.5,173.5
2025-08-26T15:58:52.355,227.4699637889862,30.0,170.5,28.7,0,0,BAKE,167.5,173.5,167.5,173.5
2025-08-26T15:58:52.592,227.7069718837738,30.0,170.1,28.7,0,0,BAKE,167.2,173.0,167.2,173.0
2025-08-26T15:58:52.884,227.9989869594574,30.0,169.8,28.7,0,0,BAKE,166.8,172.8,166.8,172.8
2025-08-26T15:58:53.056,228.17114281654358,30.0,169.8,28.7,0,0,BAKE,166.8,172.8,166.8,172.8
2025-08-26T15:58:53.350,228.46476483345032,30.0,169.4,28.7,0,0,BAKE,166.5,172.2,166.5,172.2
2025-08-26T15:58:53.586,228.70065879821777,30.0,169.4,28.7,0,0,BAKE,166.5,172.2,166.5,172.2
2025-08-26T15:58:53.822,228.9369728565216,30.0,169.0,28.6,0,0,BAKE,166.2,171.8,166.2,171.8
2025-08-26T15:58:54.117,229.23166489601135,30.0,168.8,28.7,0,0,BAKE,165.8,171.8,165.8,171.8
2025-08-26T15:58:54.361,229.4754819869995,30.0,168.9,28.7,0,0,BAKE,165.8,172.0,165.8,172.0
2025-08-26T15:59:04.833,239.94758486747742,30.0,161.0,28.8,0,0,BAKE,158.0,164.0,158.0,164.0
2025-08-26T15:59:05.064,240.17937898635864,30.0,160.9,28.8,0,0,BAKE,158.0,163.8,158.0,163.8
2025-08-26T15:59:05.354,240.46877479553223,30.0,160.9,28.7,0,0,BAKE,157.8,164.0,157.8,164.0
2025-08-26T15:59:05.589,240.70420289039612,30.0,160.4,28.8,0,0,BAKE,157.5,163.2,157.5,163.2
2025-08-26T15:59:05.819,240.9341390132904,30.0,160.4,28.8,0,0,BAKE,157.5,163.2,157.5,163.2
2025-08-26T15:59:06.107,241.2219250202179,30.0,160.2,28.8,0,0,BAKE,157.2,163.2,157.2,163.2
2025-08-26T15:59:06.338,241.4529550075531,30.0,160.1,28.7,0,0,BAKE,157.0,163.2,157.0,163.2
2025-08-26T15:59:06.575,241.68963980674744,30.0,159.8,28.7,0,0,BAKE,156.8,162.8,156.8,162.8
2025-08-26T15:59:06.869,241.98404097557068,30.0,159.5,28.8,0,0,BAKE,156.5,162.5,156.5,162.5
2025-08-26T15:59:07.104,242.2188949584961,30.0,159.4,28.8,0,0,BAKE,156.5,162.2,156.5,162.2
2025-08-26T15:59:07.341,242.45619297027588,30.0,159.4,28.8,0,0,BAKE,156.2,162.5,156.2,162.5
2025-08-26T15:59:07.577,242.69180989265442,30.0,159.2,28.8,0,0,BAKE,156.0,162.5,156.0,162.5
2025-08-26T15:59:07.812,242.92701983451843,30.0,158.9,28.8,0,0,BAKE,156.0,161.8,156.0,161.8
2025-08-26T15:59:08.101,243.215637922287,30.0,158.6,28.8,0,0,BAKE,155.8,161.5,155.8,161.5
2025-08-26T15:59:08.395,243.50994300842285,30.0,158.6,28.8,0,0,BAKE,155.5,161.8,155.5,161.8
2025-08-26T15:59:08.570,243.6851098537445,30.0,158.4,28.8,0,0,BAKE,155.5,161.2,155.5,161.2
2025-08-26T15:59:08.871,243.98548698425293,30.0,158.2,28.8,0,0,BAKE,155.2,161.2,155.2,161.2
2025-08-26T15:59:09.107,244.2219738960266,30.0,158.1,28.8,0,0,BAKE,155.0,161.2,155.0,161.2
2025-08-26T15:59:09.339,244.4542818069458,30.0,157.9,28.8,0,0,BAKE,154.8,161.0,154.8,161.0
2025-08-26T15:59:09.575,244.68997192382812,30.0,157.9,28.8,0,0,BAKE,154.8,161.0,154.8,161.0
2025-08-26T15:59:09.865,244.97966289520264,30.0,157.6,28.8,0,0,BAKE,154.5,160.8,154.5,160.8
2025-08-26T15:59:10.104,245.21901488304138,30.0,157.5,28.8,0,0,BAKE,154.2,160.8,154.2,160.8
2025-08-26T15:59:10.340,245.4545259475708,30.0,157.2,28.8,0,0,BAKE,154.0,160.5,154.0,160.5
2025-08-26T15:59:10.577,245.6915419101715,30.0,157.0,28.8,0,0,BAKE,154.0,160.0,154.0,160.0
2025-08-26T15:59:10.871,245.98620796203613,30.0,157.0,28.8,0,0,BAKE,153.8,160.2,153.8,160.2
2025-08-26T15:59:11.103,246.21764492988586,30.0,156.8,28.8,0,0,BAKE,153.5,160.0,153.5,160.0
2025-08-26T15:59:11.340,246.454833984375,30.0,156.6,28.8,0,0,BAKE,153.8,159.5,153.8,159.5
2025-08-26T15:59:11.577,246.69194388389587,30.0,156.6,28.8,0,0,BAKE,153.5,159.8,153.5,159.8
2025-08-26T15:59:11.872,246.98656797409058,30.0,156.4,28.8,0,0,BAKE,153.2,159.5,153.2,159.5
2025-08-26T15:59:12.107,247.2219479084015,30.0,156.2,28.8,0,0,BAKE,153.0,159.5,153.0,159.5
2025-08-26T15:59:12.338,247.45337796211243,30.0,156.0,28.8,0,0,BAKE,152.8,159.2,152.8,159.2
2025-08-26T15:59:12.634,247.74896693229675,30.0,155.8,28.8,0,0,BAKE,152.8,158.8,152.8,158.8
2025-08-26T15:59:12.810,247.92453789710999,30.0,155.6,28.8,0,0,BAKE,152.5,158.8,152.5,158.8
2025-08-26T15:59:13.091,248.20638179779053,30.0,155.5,28.8,0,0,BAKE,152.5,158.5,152.5,158.5
2025-08-26T15:59:13.328,248.4428768157959,30.0,155.5,28.8,0,0,BAKE,152.2,158.8,152.2,158.8
2025-08-26T15:59:13.622,248.73702597618103,30.0,155.2,28.8,0,0,BAKE,152.0,158.5,152.0,158.5
2025-08-26T15:59:13.859,248.97424483299255,30.0,155.1,28.8,0,0,BAKE,152.0,158.2,152.0,158.2
2025-08-26T15:59:14.095,249.20951080322266,30.0,154.8,28.8,0,0,BAKE,151.8,157.8,151.8,157.8
2025-08-26T15:59:14.332,249.4467339515686,30.0,154.8,28.8,0,0,BAKE,151.5,158.0,151.5,158.0
2025-08-26T15:59:14.338,249.45243382453918,30.0,154.5,28.8,0,0,BAKE,151.5,157.5,151.5,157.5
2025-08-26T15:59:24.828,259.9433398246765,30.0,148.6,28.9,0,0,BAKE,145.8,151.5,145.8,151.5
2025-08-26T15:59:25.128,260.2433729171753,30.0,148.4,28.9,0,0,BAKE,145.5,151.2,145.5,151.2
2025-08-26T15:59:25.368,260.4827489852905,30.0,148.2,28.9,0,0,BAKE,145.2,151.2,145.2,151.2
2025-08-26T15:59:25.607,260.72163486480713,30.0,148.2,28.9,0,0,BAKE,145.2,151.2,145.2,151.2
2025-08-26T15:59:25.842,260.9564769268036,30.0,147.8,28.9,0,0,BAKE,145.0,150.5,145.0,150.5
2025-08-26T15:59:26.076,261.1910049915314,30.0,147.8,28.9,0,0,BAKE,144.8,150.8,144.8,150.8
2025-08-26T15:59:26.369,261.4844148159027,30.0,147.8,28.9,0,0,BAKE,144.8,150.8,144.8,150.8
2025-08-26T15:59:26.602,261.7171878814697,30.0,147.8,28.9,0,0,BAKE,145.0,150.5,145.0,150.5
2025-08-26T15:59:26.840,261.95494985580444,30.0,147.5,28.9,0,0,BAKE,144.8,150.2,144.8,150.2
2025-08-26T15:59:27.075,262.1903347969055,30.0,147.4,28.9,0,0,BAKE,144.8,150.0,144.8,150.0
2025-08-26T15:59:27.315,262.42964482307434,30.0,147.0,28.9,0,0,BAKE,144.2,149.8,144.2,149.8
2025-08-26T15:59:27.609,262.7235050201416,30.0,147.0,28.9,0,0,BAKE,144.2,149.8,144.2,149.8
2025-08-26T15:59:27.845,262.9598319530487,30.0,146.6,28.9,0,0,BAKE,143.8,149.5,143.8,149.5
2025-08-26T15:59:28.082,263.19663286209106,30.0,146.6,28.9,0,0,BAKE,143.8,149.5,143.8,149.5
2025-08-26T15:59:28.310,263.42510199546814,30.0,146.6,28.9,0,0,BAKE,144.0,149.2,144.0,149.2
2025-08-26T15:59:28.604,263.7189049720764,30.0,146.6,29.0,0,0,BAKE,143.8,149.5,143.8,149.5
2025-08-26T15:59:28.842,263.9567987918854,30.0,146.4,28.9,0,0,BAKE,143.8,149.0,143.8,149.0
2025-08-26T15:59:29.075,264.1900827884674,30.0,146.2,28.9,0,0,BAKE,143.8,148.8,143.8,148.8
2025-08-26T15:59:29.371,264.4856688976288,30.0,145.9,28.9,0,0,BAKE,143.0,148.8,143.0,148.8
2025-08-26T15:59:29.606,264.7210578918457,30.0,145.9,28.9,0,0,BAKE,143.2,148.5,143.2,148.5
2025-08-26T15:59:29.842,264.9564549922943,30.0,145.9,28.9,0,0,BAKE,143.2,148.5,143.2,148.5
2025-08-26T15:59:30.076,265.19113302230835,30.0,145.8,29.0,0,0,BAKE,143.2,148.2,143.2,148.2
2025-08-26T15:59:30.310,265.4250547885895,30.0,145.4,29.0,0,0,BAKE,142.5,148.2,142.5,148.2
2025-08-26T15:59:30.599,265.71360778808594,30.0,145.4,28.9,0,0,BAKE,142.8,148.0,142.8,148.0
2025-08-26T15:59:30.899,266.01383996009827,30.0,145.2,28.9,0,0,BAKE,142.5,148.0,142.5,148.0
2025-08-26T15:59:31.069,266.1838388442993,30.0,145.2,28.9,0,0,BAKE,142.5,148.0,142.5,148.0
2025-08-26T15:59:31.365,266.48035192489624,30.0,145.2,29.0,0,0,BAKE,142.8,147.8,142.8,147.8
2025-08-26T15:59:31.604,266.71913290023804,30.0,145.1,28.9,0,0,BAKE,142.5,147.8,142.5,147.8
2025-08-26T15:59:31.842,266.9569799900055,30.0,144.8,28.9,0,0,BAKE,142.0,147.5,142.0,147.5
2025-08-26T15:59:32.078,267.1928880214691,30.0,144.6,29.0,0,0,BAKE,142.0,147.2,142.0,147.2
2025-08-26T15:59:32.308,267.42257285118103,30.0,144.2,28.9,0,0,BAKE,141.5,147.0,141.5,147.0
2025-08-26T15:59:32.596,267.711385011673,30.0,144.5,29.0,0,0,BAKE,142.0,147.0,142.0,147.0
2025-08-26T15:59:32.831,267.9461398124695,30.0,144.5,28.9,0,0,BAKE,142.0,147.0,142.0,147.0
2025-08-26T15:59:33.063,268.17796993255615,30.0,143.9,29.0,0,0,BAKE,141.2,146.5,141.2,146.5
2025-08-26T15:59:33.351,268.46636986732483,30.0,144.1,29.0,0,0,BAKE,141.8,146.5,141.8,146.5
2025-08-26T15:59:33.585,268.6995029449463,30.0,143.8,29.0,0,0,BAKE,141.2,146.2,141.2,146.2
2025-08-26T15:59:33.814,268.92908787727356,30.0,144.0,29.0,0,0,BAKE,141.5,146.5,141.5,146.5
2025-08-26T15:59:34.107,269.22149085998535,30.0,143.8,29.0,0,0,BAKE,141.5,146.0,141.5,146.0
2025-08-26T15:59:34.351,269.46589398384094,30.0,143.4,28.9,0,0,BAKE,140.8,146.0,140.8,146.0
2025-08-26T15:59:44.847,279.96148681640625,30.0,138.8,29.1,0,0,BAKE,136.5,141.0,136.5,141.0
2025-08-26T15:59:45.076,280.1905529499054,30.0,138.5,29.1,0,0,BAKE,136.2,140.8,136.2,140.8
2025-08-26T15:59:45.310,280.42525696754456,30.0,138.4,29.1,0,0,BAKE,136.2,140.5,136.2,140.5
2025-08-26T15:59:45.604,280.7193570137024,30.0,138.2,29.1,0,0,BAKE,136.2,140.2,136.2,140.2
2025-08-26T15:59:45.842,280.95719599723816,30.0,138.4,29.1,0,0,BAKE,136.2,140.5,136.2,140.5
2025-08-26T15:59:46.077,281.19218587875366,30.0,138.2,29.1,0,0,BAKE,136.2,140.2,136.2,140.2
2025-08-26T15:59:46.306,281.42118287086487,30.0,138.1,29.1,0,0,BAKE,136.2,140.0,136.2,140.0
2025-08-26T15:59:46.599,281.71354579925537,30.0,138.1,29.1,0,0,BAKE,136.2,140.0,136.2,140.0
2025-08-26T15:59:46.834,281.94888496398926,30.0,138.0,29.1,0,0,BAKE,135.8,140.2,135.8,140.2
2025-08-26T15:59:47.071,282.1861479282379,30.0,137.9,29.1,0,0,BAKE,135.8,140.0,135.8,140.0
2025-08-26T15:59:47.363,282.4782738685608,30.0,137.9,29.1,0,0,BAKE,135.8,140.0,135.8,140.0
2025-08-26T15:59:47.599,282.7142689228058,30.0,137.6,29.1,0,0,BAKE,135.8,139.5,135.8,139.5
2025-08-26T15:59:47.836,282.9514138698578,30.0,137.6,29.2,0,0,BAKE,135.5,139.8,135.5,139.8
2025-08-26T15:59:48.074,283.18851590156555,30.0,137.6,29.1,0,0,BAKE,135.5,139.8,135.5,139.8
2025-08-26T15:59:48.370,283.4846179485321,30.0,137.4,29.2,0,0,BAKE,135.2,139.5,135.2,139.5
2025-08-26T15:59:48.609,283.7234859466553,30.0,137.1,29.2,0,0,BAKE,135.0,139.2,135.0,139.2
2025-08-26T15:59:48.843,283.9579110145569,30.0,137.4,29.1,0,0,BAKE,135.2,139.5,135.2,139.5
2025-08-26T15:59:49.080,284.19538283348083,30.0,137.1,29.2,0,0,BAKE,135.2,139.0,135.2,139.0
2025-08-26T15:59:49.309,284.4234688282013,30.0,136.9,29.2,0,0,BAKE,134.8,139.0,134.8,139.0
2025-08-26T15:59:49.603,284.71760296821594,30.0,136.9,29.1,0,0,BAKE,134.8,139.0,134.8,139.0
2025-08-26T15:59:49.840,284.95512199401855,30.0,136.8,29.1,0,0,BAKE,134.5,139.0,134.5,139.0
2025-08-26T15:59:50.075,285.18994188308716,30.0,136.5,29.1,0,0,BAKE,134.5,138.5,134.5,138.5
2025-08-26T15:59:50.375,285.4898660182953,30.0,136.5,29.1,0,0,BAKE,134.5,138.5,134.5,138.5
2025-08-26T15:59:50.551,285.66558289527893,30.0,136.2,29.2,0,0,BAKE,134.0,138.5,134.0,138.5
2025-08-26T15:59:50.844,285.9590599536896,30.0,136.4,29.2,0,0,BAKE,134.0,138.8,134.0,138.8
2025-08-26T15:59:51.080,286.1948947906494,30.0,136.1,29.2,0,0,BAKE,134.2,138.0,134.2,138.0
2025-08-26T15:59:51.316,286.43043088912964,30.0,136.1,29.2,0,0,BAKE,133.8,138.5,133.8,138.5
2025-08-26T15:59:51.610,286.7245149612427,30.0,135.9,29.2,0,0,BAKE,133.8,138.0,133.8,138.0
2025-08-26T15:59:51.845,286.9601240158081,30.0,136.0,29.2,0,0,BAKE,134.0,138.0,134.0,138.0
2025-08-26T15:59:52.075,287.1899528503418,30.0,135.9,29.2,0,0,BAKE,133.8,138.0,133.8,138.0
2025-08-26T15:59:52.309,287.4237389564514,30.0,135.6,29.2,0,0,BAKE,133.8,137.5,133.8,137.5
2025-08-26T15:59:52.602,287.71667098999023,30.0,135.4,29.2,0,0,BAKE,133.2,137.5,133.2,137.5
2025-08-26T15:59:52.839,287.95394682884216,30.0,135.6,29.2,0,0,BAKE,133.5,137.8,133.5,137.8
2025-08-26T15:59:53.136,288.2513978481293,30.0,135.4,29.2,0,0,BAKE,133.5,137.2,133.5,137.2
2025-08-26T15:59:53.307,288.42190980911255,30.0,135.2,29.2,0,0,BAKE,133.2,137.2,133.2,137.2
2025-08-26T15:59:53.601,288.7160758972168,30.0,135.4,29.2,0,0,BAKE,133.5,137.2,133.5,137.2
2025-08-26T15:59:53.837,288.95209789276123,30.0,135.0,29.2,0,0,BAKE,133.0,137.0,133.0,137.0
2025-08-26T15:59:54.073,289.18754386901855,30.0,135.0,29.2,0,0,BAKE,133.2,136.8,133.2,136.8
2025-08-26T15:59:54.373,289.48840284347534,30.0,134.8,29.2,0,0,BAKE,132.8,136.8,132.8,136.8
2025-08-26T15:59:54.386,289.50115299224854,30.0,134.9,29.2,0,0,BAKE,133.0,136.8,133.0,136.8
2025-08-26T16:00:04.821,299.93611788749695,30.0,131.0,29.3,0,0,BAKE,129.0,133.0,129.0,133.0
2025-08-26T16:00:05.057,300.1716628074646,30.0,131.1,29.3,0,0,BAKE,129.2,133.0,129.2,133.0
2025-08-26T16:00:05.351,300.46600699424744,30.0,130.9,29.3,0,0,BAKE,129.0,132.8,129.0,132.8
2025-08-26T16:00:05.582,300.69690990448,30.0,130.9,29.3,0,0,BAKE,129.0,132.8,129.0,132.8
2025-08-26T16:00:05.882,300.9971489906311,30.0,130.6,29.3,0,0,BAKE,128.8,132.5,128.8,132.5
2025-08-26T16:00:06.057,301.1716117858887,30.0,130.5,29.3,0,0,BAKE,128.5,132.5,128.5,132.5
2025-08-26T16:00:06.351,301.4661738872528,30.0,130.5,29.3,0,0,BAKE,128.5,132.5,128.5,132.5
2025-08-26T16:00:06.582,301.69726300239563,30.0,130.2,29.3,0,0,BAKE,128.5,132.0,128.5,132.0
2025-08-26T16:00:06.814,301.9292118549347,30.0,130.4,29.3,0,0,BAKE,128.2,132.5,128.2,132.5
2025-08-26T16:00:07.108,302.2228260040283,30.0,129.9,29.3,0,0,BAKE,128.0,131.8,128.0,131.8
2025-08-26T16:00:07.336,302.4507830142975,30.0,130.1,29.3,0,0,BAKE,128.2,132.0,128.2,132.0
2025-08-26T16:00:07.572,302.68679881095886,30.0,130.0,29.3,0,0,BAKE,128.0,132.0,128.0,132.0
2025-08-26T16:00:07.868,302.98282384872437,30.0,129.9,29.3,0,0,BAKE,128.0,131.8,128.0,131.8
2025-08-26T16:00:08.108,303.2224769592285,30.0,129.8,29.3,0,0,BAKE,128.0,131.5,128.0,131.5
2025-08-26T16:00:08.340,303.45537400245667,30.0,129.6,29.3,0,0,BAKE,128.0,131.2,128.0,131.2
2025-08-26T16:00:08.637,303.7519760131836,30.0,129.6,29.3,0,0,BAKE,127.8,131.5,127.8,131.5
2025-08-26T16:00:08.811,303.9261050224304,30.0,129.6,29.3,0,0,BAKE,127.8,131.5,127.8,131.5
2025-08-26T16:00:09.105,304.22035789489746,30.0,129.6,29.3,0,0,BAKE,127.8,131.5,127.8,131.5
2025-08-26T16:00:09.340,304.4553577899933,30.0,129.5,29.3,0,0,BAKE,127.5,131.5,127.5,131.5
2025-08-26T16:00:09.576,304.690545797348,30.0,129.5,29.3,0,0,BAKE,127.5,131.5,127.5,131.5
2025-08-26T16:00:09.876,304.99076795578003,30.0,129.1,29.3,0,0,BAKE,127.2,131.0,127.2,131.0
2025-08-26T16:00:10.049,305.1637909412384,30.0,129.1,29.3,0,0,BAKE,127.2,131.0,127.2,131.0
2025-08-26T16:00:10.338,305.4533519744873,30.0,129.0,29.3,0,0,BAKE,127.2,130.8,127.2,130.8
2025-08-26T16:00:10.572,305.6866488456726,30.0,129.0,29.3,0,0,BAKE,127.0,131.0,127.0,131.0
2025-08-26T16:00:10.806,305.92056679725647,30.0,129.0,29.3,0,0,BAKE,127.0,131.0,127.0,131.0
2025-08-26T16:00:11.101,306.2158308029175,30.0,128.6,29.3,0,0,BAKE,127.0,130.2,127.0,130.2
2025-08-26T16:00:11.335,306.4494869709015,30.0,128.6,29.3,0,0,BAKE,127.0,130.2,127.0,130.2
2025-08-26T16:00:11.564,306.6789309978485,30.0,128.5,29.3,0,0,BAKE,126.8,130.2,126.8,130.2
2025-08-26T16:00:11.864,306.97914385795593,30.0,128.4,29.3,0,0,BAKE,126.8,130.0,126.8,130.0
2025-08-26T16:00:12.104,307.2186849117279,30.0,128.2,29.3,0,0,BAKE,126.5,130.0,126.5,130.0
2025-08-26T16:00:12.342,307.45651388168335,30.0,128.6,29.4,0,0,BAKE,126.8,130.5,126.8,130.5
2025-08-26T16:00:12.577,307.69241285324097,30.0,128.4,29.4,0,0,BAKE,126.5,130.2,126.5,130.2
2025-08-26T16:00:12.870,307.98484683036804,30.0,128.1,29.4,0,0,BAKE,126.5,129.8,126.5,129.8
2025-08-26T16:00:13.109,308.22442984580994,30.0,127.9,29.4,0,0,BAKE,126.2,129.5,126.2,129.5
2025-08-26T16:00:13.349,308.46376180648804,30.0,128.0,29.4,0,0,BAKE,126.2,129.8,126.2,129.8
2025-08-26T16:00:13.582,308.6966848373413,30.0,127.9,29.4,0,0,BAKE,126.0,129.8,126.0,129.8
2025-08-26T16:00:13.815,308.9298219680786,30.0,127.6,29.4,0,0,BAKE,126.0,129.2,126.0,129.2
2025-08-26T16:00:14.108,309.2233979701996,30.0,127.9,29.4,0,0,BAKE,126.2,129.5,126.2,129.5
2025-08-26T16:00:14.349,309.46395993232727,30.0,127.6,29.4,0,0,BAKE,125.8,129.5,125.8,129.5
2025-08-26T16:00:14.360,309.4746799468994,30.0,127.8,29.4,0,0,BAKE,126.0,129.5,126.0,129.5
2025-08-26T16:00:24.828,319.94304895401,30.0,124.1,29.5,0,0,BAKE,122.8,125.5,122.8,125.5
2025-08-26T16:00:25.064,320.1794238090515,30.0,124.1,29.5,0,0,BAKE,122.8,125.5,122.8,125.5
2025-08-26T16:00:25.356,320.4705319404602,30.0,123.9,29.5,0,0,BAKE,122.5,125.2,122.5,125.2
2025-08-26T16:00:25.590,320.7051320075989,30.0,123.8,29.4,0,0,BAKE,122.5,125.0,122.5,125.0
2025-08-26T16:00:25.821,320.93601179122925,30.0,123.8,29.5,0,0,BAKE,122.5,125.0,122.5,125.0
2025-08-26T16:00:26.056,321.1704668998718,30.0,123.8,29.5,0,0,BAKE,122.0,125.5,122.0,125.5
2025-08-26T16:00:26.349,321.4641218185425,30.0,123.5,29.5,0,0,BAKE,122.2,124.8,122.2,124.8
2025-08-26T16:00:26.582,321.6973989009857,30.0,123.5,29.5,0,0,BAKE,122.0,125.0,122.0,125.0
2025-08-26T16:00:26.880,321.995178937912,30.0,123.4,29.5,0,0,BAKE,122.0,124.8,122.0,124.8
2025-08-26T16:00:27.055,322.16944789886475,30.0,123.4,29.5,0,0,BAKE,122.0,124.8,122.0,124.8
2025-08-26T16:00:27.349,322.4642038345337,30.0,123.2,29.5,0,0,BAKE,122.0,124.5,122.0,124.5
2025-08-26T16:00:27.587,322.7018828392029,30.0,123.5,29.5,0,0,BAKE,122.0,125.0,122.0,125.0
2025-08-26T16:00:27.820,322.9347758293152,30.0,123.4,29.5,0,0,BAKE,121.8,125.0,121.8,125.0
2025-08-26T16:00:28.121,323.2357819080353,30.0,123.0,29.5,0,0,BAKE,121.8,124.2,121.8,124.2
2025-08-26T16:00:28.359,323.47358083724976,30.0,123.0,29.5,0,0,BAKE,121.5,124.5,121.5,124.5
2025-08-26T16:00:28.598,323.71288895606995,30.0,122.8,29.5,0,0,BAKE,121.5,124.0,121.5,124.0
2025-08-26T16:00:28.833,323.94810485839844,30.0,123.0,29.5,0,0,BAKE,121.5,124.5,121.5,124.5
2025-08-26T16:00:29.069,324.1843328475952,30.0,122.8,29.5,0,0,BAKE,121.2,124.2,121.2,124.2
2025-08-26T16:00:29.370,324.48471999168396,30.0,122.8,29.5,0,0,BAKE,121.2,124.2,121.2,124.2
2025-08-26T16:00:29.599,324.713782787323,30.0,122.5,29.5,0,0,BAKE,121.0,124.0,121.0,124.0
2025-08-26T16:00:29.825,324.9396388530731,30.0,122.6,29.5,0,0,BAKE,121.0,124.2,121.0,124.2
2025-08-26T16:00:30.060,325.1751539707184,30.0,122.4,29.5,0,0,BAKE,121.0,123.8,121.0,123.8
2025-08-26T16:00:30.355,325.46981287002563,30.0,122.6,29.5,0,0,BAKE,121.0,124.2,121.0,124.2
2025-08-26T16:00:30.592,325.70724081993103,30.0,122.4,29.5,0,0,BAKE,120.8,124.0,120.8,124.0
2025-08-26T16:00:30.827,325.9420688152313,30.0,122.2,29.5,0,0,BAKE,120.8,123.8,120.8,123.8
2025-08-26T16:00:31.057,326.17221188545227,30.0,122.1,29.5,0,0,BAKE,120.5,123.8,120.5,123.8
2025-08-26T16:00:31.345,326.46009397506714,30.0,122.0,29.5,0,0,BAKE,120.5,123.5,120.5,123.5
2025-08-26T16:00:31.576,326.6907458305359,30.0,122.1,29.5,0,0,BAKE,120.5,123.8,120.5,123.8
2025-08-26T16:00:31.811,326.9262218475342,30.0,122.0,29.6,0,0,BAKE,120.2,123.8,120.2,123.8
2025-08-26T16:00:32.106,327.2207808494568,30.0,121.9,29.5,0,0,BAKE,120.2,123.5,120.2,123.5
2025-08-26T16:00:32.339,327.4540538787842,30.0,121.6,29.6,0,0,BAKE,120.0,123.2,120.0,123.2
2025-08-26T16:00:32.568,327.68300580978394,30.0,121.6,29.5,0,0,BAKE,120.0,123.2,120.0,123.2
2025-08-26T16:00:32.805,327.9197328090668,30.0,121.8,29.6,0,0,BAKE,120.0,123.5,120.0,123.5
2025-08-26T16:00:33.099,328.2141628265381,30.0,121.6,29.6,0,0,BAKE,120.0,123.2,120.0,123.2
2025-08-26T16:00:33.333,328.44754099845886,30.0,121.5,29.6,0,0,BAKE,119.8,123.2,119.8,123.2
2025-08-26T16:00:33.569,328.6837158203125,30.0,121.5,29.6,0,0,BAKE,119.8,123.2,119.8,123.2
2025-08-26T16:00:33.858,328.9729998111725,30.0,121.4,29.6,0,0,BAKE,119.8,123.0,119.8,123.0
2025-08-26T16:00:34.097,329.2123429775238,30.0,121.2,29.6,0,0,BAKE,119.8,122.8,119.8,122.8
2025-08-26T16:00:34.331,329.4461278915405,30.0,121.0,29.6,0,0,BAKE,119.5,122.5,119.5,122.5
2025-08-26T16:00:34.342,329.45733284950256,30.0,121.2,29.5,0,0,BAKE,119.8,122.8,119.8,122.8
2025-08-26T16:00:44.815,339.9297049045563,30.0,118.2,29.6,0,0,BAKE,116.5,120.0,116.5,120.0
2025-08-26T16:00:45.104,340.21910095214844,30.0,118.2,29.7,0,0,BAKE,116.5,120.0,116.5,120.0
2025-08-26T16:00:45.342,340.45693492889404,30.0,118.2,29.6,0,0,BAKE,116.5,120.0,116.5,120.0
2025-08-26T16:00:45.572,340.68726897239685,30.0,118.2,29.7,0,0,BAKE,116.5,120.0,116.5,120.0
2025-08-26T16:00:45.805,340.91953802108765,30.0,118.0,29.7,0,0,BAKE,116.2,119.8,116.2,119.8
2025-08-26T16:00:46.099,341.2141559123993,30.0,118.0,29.7,0,0,BAKE,116.2,119.8,116.2,119.8
2025-08-26T16:00:46.333,341.4478349685669,30.0,117.9,29.7,0,0,BAKE,116.2,119.5,116.2,119.5
2025-08-26T16:00:46.561,341.67599391937256,30.0,117.9,29.7,0,0,BAKE,116.0,119.8,116.0,119.8
2025-08-26T16:00:46.860,341.9751799106598,30.0,118.0,29.7,0,0,BAKE,116.2,119.8,116.2,119.8
2025-08-26T16:00:47.099,342.21423602104187,30.0,117.8,29.7,0,0,BAKE,116.0,119.5,116.0,119.5
2025-08-26T16:00:47.335,342.4496200084686,30.0,117.9,29.7,0,0,BAKE,116.0,119.8,116.0,119.8
2025-08-26T16:00:47.571,342.68617486953735,30.0,117.6,29.7,0,0,BAKE,116.0,119.2,116.0,119.2
2025-08-26T16:00:47.859,342.9737379550934,30.0,117.5,29.7,0,0,BAKE,115.8,119.2,115.8,119.2
2025-08-26T16:00:48.095,343.20949602127075,30.0,117.5,29.7,0,0,BAKE,115.8,119.2,115.8,119.2
2025-08-26T16:00:48.331,343.44563388824463,30.0,117.5,29.7,0,0,BAKE,115.8,119.2,115.8,119.2
2025-08-26T16:00:48.568,343.68260979652405,30.0,117.4,29.7,0,0,BAKE,115.8,119.0,115.8,119.0
2025-08-26T16:00:48.803,343.91744089126587,30.0,117.1,29.7,0,0,BAKE,115.5,118.8,115.5,118.8
2025-08-26T16:00:49.092,344.2069718837738,30.0,117.1,29.8,0,0,BAKE,115.5,118.8,115.5,118.8
2025-08-26T16:00:49.329,344.44416999816895,30.0,117.1,29.7,0,0,BAKE,115.2,119.0,115.2,119.0
2025-08-26T16:00:49.566,344.6813268661499,30.0,117.1,29.7,0,0,BAKE,115.5,118.8,115.5,118.8
2025-08-26T16:00:49.855,344.969988822937,30.0,117.1,29.7,0,0,BAKE,115.5,118.8,115.5,118.8
2025-08-26T16:00:50.094,345.2090709209442,30.0,117.0,29.7,0,0,BAKE,115.2,118.8,115.2,118.8
2025-08-26T16:00:50.330,345.4451639652252,30.0,116.9,29.7,0,0,BAKE,115.2,118.5,115.2,118.5
2025-08-26T16:00:50.627,345.7421100139618,30.0,116.9,29.8,0,0,BAKE,115.2,118.5,115.2,118.5
2025-08-26T16:00:50.800,345.9150629043579,30.0,116.9,29.8,0,0,BAKE,115.0,118.8,115.0,118.8
2025-08-26T16:00:51.094,346.2089159488678,30.0,116.8,29.7,0,0,BAKE,115.0,118.5,115.0,118.5
2025-08-26T16:00:51.330,346.4452488422394,30.0,116.6,29.7,0,0,BAKE,115.0,118.2,115.0,118.2
2025-08-26T16:00:51.563,346.6784029006958,30.0,116.6,29.8,0,0,BAKE,115.0,118.2,115.0,118.2
2025-08-26T16:00:51.855,346.97033500671387,30.0,116.4,29.7,0,0,BAKE,114.8,118.0,114.8,118.0
2025-08-26T16:00:52.092,347.20690989494324,30.0,116.5,29.8,0,0,BAKE,114.8,118.2,114.8,118.2
2025-08-26T16:00:52.329,347.44390892982483,30.0,116.5,29.8,0,0,BAKE,114.8,118.2,114.8,118.2
2025-08-26T16:00:52.566,347.6808898448944,30.0,116.2,29.7,0,0,BAKE,114.5,118.0,114.5,118.0
2025-08-26T16:00:52.860,347.9750669002533,30.0,116.2,29.8,0,0,BAKE,114.5,118.0,114.5,118.0
2025-08-26T16:00:53.099,348.2140338420868,30.0,116.2,29.8,0,0,BAKE,114.5,118.0,114.5,118.0
2025-08-26T16:00:53.334,348.44940996170044,30.0,116.1,29.8,0,0,BAKE,114.5,117.8,114.5,117.8
2025-08-26T16:00:53.563,348.67796182632446,30.0,116.0,29.8,0,0,BAKE,114.2,117.8,114.2,117.8
2025-08-26T16:00:53.800,348.91519498825073,30.0,116.1,29.8,0,0,BAKE,114.5,117.8,114.5,117.8
2025-08-26T16:00:54.094,349.20901799201965,30.0,116.0,29.8,0,0,BAKE,114.2,117.8,114.2,117.8
2025-08-26T16:00:54.334,349.4489498138428,30.0,115.8,29.8,0,0,BAKE,114.0,117.5,114.0,117.5
2025-08-26T16:00:54.345,349.45963501930237,30.0,115.9,29.8,0,0,BAKE,114.0,117.8,114.0,117.8
2025-08-26T16:01:04.827,359.9416708946228,30.0,113.5,29.9,0,0,BAKE,111.8,115.2,111.8,115.2
2025-08-26T16:01:05.062,360.1773338317871,30.0,113.5,29.9,0,0,BAKE,111.8,115.2,111.8,115.2
2025-08-26T16:01:05.356,360.47136878967285,30.0,113.4,29.8,0,0,BAKE,111.8,115.0,111.8,115.0
2025-08-26T16:01:05.596,360.7108209133148,30.0,113.2,29.8,0,0,BAKE,111.5,115.0,111.5,115.0
2025-08-26T16:01:05.826,360.94056582450867,30.0,113.4,29.9,0,0,BAKE,111.5,115.2,111.5,115.2
2025-08-26T16:01:06.056,361.1706359386444,30.0,113.2,29.9,0,0,BAKE,111.5,115.0,111.5,115.0
2025-08-26T16:01:06.350,361.4647948741913,30.0,113.1,29.9,0,0,BAKE,111.5,114.8,111.5,114.8
2025-08-26T16:01:06.588,361.7030658721924,30.0,113.2,29.9,0,0,BAKE,111.5,115.0,111.5,115.0
2025-08-26T16:01:06.819,361.933531999588,30.0,113.2,29.9,0,0,BAKE,111.5,115.0,111.5,115.0
2025-08-26T16:01:07.052,362.16712284088135,30.0,112.9,29.9,0,0,BAKE,111.0,114.8,111.0,114.8
2025-08-26T16:01:07.343,362.45762395858765,30.0,112.9,29.9,0,0,BAKE,111.2,114.5,111.2,114.5
2025-08-26T16:01:07.580,362.6949098110199,30.0,113.0,29.9,0,0,BAKE,111.2,114.8,111.2,114.8
2025-08-26T16:01:07.815,362.9299829006195,30.0,112.9,29.9,0,0,BAKE,111.2,114.5,111.2,114.5
2025-08-26T16:01:08.050,363.16498494148254,30.0,112.8,29.9,0,0,BAKE,111.0,114.5,111.0,114.5
2025-08-26T16:01:08.342,363.45710492134094,30.0,112.9,29.9,0,0,BAKE,111.2,114.5,111.2,114.5
2025-08-26T16:01:08.572,363.68676686286926,30.0,112.6,29.9,0,0,BAKE,110.8,114.5,110.8,114.5
2025-08-26T16:01:08.869,363.98391580581665,30.0,112.8,29.9,0,0,BAKE,111.0,114.5,111.0,114.5
2025-08-26T16:01:09.042,364.1566228866577,30.0,112.6,29.9,0,0,BAKE,110.8,114.5,110.8,114.5
2025-08-26T16:01:09.336,364.4506528377533,30.0,112.8,29.9,0,0,BAKE,110.8,114.8,110.8,114.8
2025-08-26T16:01:09.569,364.68399596214294,30.0,112.5,29.9,0,0,BAKE,110.8,114.2,110.8,114.2
2025-08-26T16:01:09.801,364.91629791259766,30.0,112.5,29.9,0,0,BAKE,110.8,114.2,110.8,114.2
2025-08-26T16:01:10.093,365.2077808380127,30.0,112.4,29.9,0,0,BAKE,110.5,114.2,110.5,114.2
2025-08-26T16:01:10.331,365.4458248615265,30.0,112.5,30.0,0,0,BAKE,110.8,114.2,110.8,114.2
2025-08-26T16:01:10.566,365.68120884895325,30.0,112.4,29.9,0,0,BAKE,110.5,114.2,110.5,114.2
2025-08-26T16:01:10.859,365.9738829135895,30.0,112.4,30.0,0,0,BAKE,110.5,114.2,110.5,114.2
2025-08-26T16:01:11.093,366.20800280570984,30.0,112.4,29.9,0,0,BAKE,110.5,114.2,110.5,114.2
2025-08-26T16:01:11.330,366.4445128440857,30.0,112.2,29.9,0,0,BAKE,110.5,114.0,110.5,114.0
2025-08-26T16:01:11.628,366.74299597740173,30.0,112.4,29.9,0,0,BAKE,110.5,114.2,110.5,114.2
2025-08-26T16:01:11.802,366.9167408943176,30.0,112.1,29.9,0,0,BAKE,110.2,114.0,110.2,114.0
2025-08-26T16:01:12.091,367.2061128616333,30.0,112.1,29.9,0,0,BAKE,110.2,114.0,110.2,114.0
2025-08-26T16:01:12.327,367.4420928955078,30.0,112.1,30.0,0,0,BAKE,110.2,114.0,110.2,114.0
2025-08-26T16:01:12.564,367.6792438030243,30.0,112.2,30.0,0,0,BAKE,110.5,114.0,110.5,114.0
2025-08-26T16:01:12.852,367.96700501441956,30.0,112.0,30.0,0,0,BAKE,110.2,113.8,110.2,113.8
2025-08-26T16:01:13.084,368.1994228363037,30.0,111.9,30.0,0,0,BAKE,110.0,113.8,110.0,113.8
2025-08-26T16:01:13.314,368.42941188812256,30.0,111.9,29.9,0,0,BAKE,110.0,113.8,110.0,113.8
2025-08-26T16:01:13.550,368.66497778892517,30.0,111.8,30.0,0,0,BAKE,110.0,113.5,110.0,113.5
2025-08-26T16:01:13.836,368.95102286338806,30.0,111.9,30.0,0,0,BAKE,110.0,113.8,110.0,113.8
2025-08-26T16:01:14.069,369.18408393859863,30.0,111.8,30.0,0,0,BAKE,110.0,113.5,110.0,113.5
2025-08-26T16:01:14.370,369.48494386672974,30.0,111.6,30.0,0,0,BAKE,109.8,113.5,109.8,113.5
2025-08-26T16:01:24.816,379.9311788082123,30.0,109.8,30.1,0,0,BAKE,108.0,111.5,108.0,111.5
2025-08-26T16:01:25.049,380.1634638309479,30.0,110.0,30.1,0,0,BAKE,108.2,111.8,108.2,111.8
2025-08-26T16:01:25.342,380.45688700675964,30.0,109.8,30.1,0,0,BAKE,108.0,111.5,108.0,111.5
2025-08-26T16:01:25.577,380.69181394577026,30.0,109.6,30.1,0,0,BAKE,107.8,111.5,107.8,111.5
2025-08-26T16:01:25.807,380.9219768047333,30.0,109.6,30.1,0,0,BAKE,107.8,111.5,107.8,111.5
2025-08-26T16:01:26.100,381.2153329849243,30.0,109.9,30.1,0,0,BAKE,108.0,111.8,108.0,111.8
2025-08-26T16:01:26.339,381.4535038471222,30.0,109.5,30.1,0,0,BAKE,107.5,111.5,107.5,111.5
2025-08-26T16:01:26.575,381.6901898384094,30.0,109.6,30.1,0,0,BAKE,107.8,111.5,107.8,111.5
2025-08-26T16:01:26.876,381.99043893814087,30.0,109.8,30.1,0,0,BAKE,108.0,111.5,108.0,111.5
2025-08-26T16:01:27.048,382.16339087486267,30.0,109.4,30.2,0,0,BAKE,107.2,111.5,107.2,111.5
2025-08-26T16:01:27.341,382.4557809829712,30.0,109.5,30.1,0,0,BAKE,107.5,111.5,107.5,111.5
2025-08-26T16:01:27.578,382.6932690143585,30.0,109.5,30.1,0,0,BAKE,107.8,111.2,107.8,111.2
2025-08-26T16:01:27.814,382.92878580093384,30.0,109.4,30.1,0,0,BAKE,107.5,111.2,107.5,111.2
2025-08-26T16:01:28.048,383.16333389282227,30.0,109.0,30.1,0,0,BAKE,107.0,111.0,107.0,111.0
2025-08-26T16:01:28.338,383.4527268409729,30.0,109.2,30.1,0,0,BAKE,107.5,111.0,107.5,111.0
2025-08-26T16:01:28.576,383.6906659603119,30.0,109.4,30.2,0,0,BAKE,107.5,111.2,107.5,111.2
2025-08-26T16:01:28.813,383.92824387550354,30.0,109.2,30.1,0,0,BAKE,107.2,111.2,107.2,111.2
2025-08-26T16:01:29.048,384.16294384002686,30.0,108.9,30.1,0,0,BAKE,107.0,110.8,107.0,110.8
2025-08-26T16:01:29.342,384.457083940506,30.0,109.2,30.1,0,0,BAKE,107.5,111.0,107.5,111.0
2025-08-26T16:01:29.578,384.69340991973877,30.0,109.0,30.1,0,0,BAKE,107.0,111.0,107.0,111.0
2025-08-26T16:01:29.878,384.9931478500366,30.0,108.9,30.2,0,0,BAKE,107.0,110.8,107.0,110.8
2025-08-26T16:01:30.054,385.1685218811035,30.0,108.6,30.2,0,0,BAKE,106.8,110.5,106.8,110.5
2025-08-26T16:01:30.348,385.4626088142395,30.0,108.9,30.2,0,0,BAKE,107.0,110.8,107.0,110.8
2025-08-26T16:01:30.585,385.6999409198761,30.0,108.8,30.2,0,0,BAKE,106.8,110.8,106.8,110.8
2025-08-26T16:01:30.819,385.93434596061707,30.0,108.9,30.2,0,0,BAKE,107.0,110.8,107.0,110.8
2025-08-26T16:01:31.112,386.226842880249,30.0,108.6,30.2,0,0,BAKE,106.8,110.5,106.8,110.5
2025-08-26T16:01:31.351,386.46595191955566,30.0,108.5,30.2,0,0,BAKE,106.5,110.5,106.5,110.5
2025-08-26T16:01:31.591,386.7054879665375,30.0,108.5,30.2,0,0,BAKE,106.5,110.5,106.5,110.5
2025-08-26T16:01:31.822,386.9371008872986,30.0,108.5,30.2,0,0,BAKE,106.8,110.2,106.8,110.2
2025-08-26T16:01:32.056,387.1708779335022,30.0,108.5,30.2,0,0,BAKE,106.8,110.2,106.8,110.2
2025-08-26T16:01:32.349,387.463782787323,30.0,108.2,30.2,0,0,BAKE,106.2,110.2,106.2,110.2
2025-08-26T16:01:32.585,387.700101852417,30.0,108.2,30.2,0,0,BAKE,106.2,110.2,106.2,110.2
2025-08-26T16:01:32.812,387.92658281326294,30.0,108.4,30.2,0,0,BAKE,106.5,110.2,106.5,110.2
2025-08-26T16:01:33.048,388.1626889705658,30.0,108.1,30.2,0,0,BAKE,106.0,110.2,106.0,110.2
2025-08-26T16:01:33.342,388.4565110206604,30.0,108.4,30.2,0,0,BAKE,106.5,110.2,106.5,110.2
2025-08-26T16:01:33.579,388.6940588951111,30.0,108.2,30.2,0,0,BAKE,106.5,110.0,106.5,110.0
2025-08-26T16:01:33.817,388.9316568374634,30.0,108.2,30.2,0,0,BAKE,106.5,110.0,106.5,110.0
2025-08-26T16:01:34.046,389.1607189178467,30.0,108.0,30.2,0,0,BAKE,106.0,110.0,106.0,110.0
2025-08-26T16:01:34.335,389.4497640132904,30.0,108.1,30.2,0,0,BAKE,106.5,109.8,106.5,109.8
2025-08-26T16:01:34.340,389.45506381988525,30.0,108.1,30.2,0,0,BAKE,106.2,110.0,106.2,110.0
2025-08-26T16:01:44.837,399.95207595825195,30.0,106.4,30.4,0,0,BAKE,104.5,108.2,104.5,108.2
2025-08-26T16:01:45.072,400.1870138645172,30.0,106.1,30.4,0,0,BAKE,104.2,108.0,104.2,108.0
2025-08-26T16:01:45.298,400.41322684288025,30.0,106.0,30.4,0,0,BAKE,104.0,108.0,104.0,108.0
2025-08-26T16:01:45.591,400.70585680007935,30.0,106.1,30.4,0,0,BAKE,104.0,108.2,104.0,108.2
2025-08-26T16:01:45.826,400.94114899635315,30.0,106.0,30.3,0,0,BAKE,104.2,107.8,104.2,107.8
2025-08-26T16:01:46.063,401.17773699760437,30.0,106.0,30.4,0,0,BAKE,104.0,108.0,104.0,108.0
2025-08-26T16:01:46.301,401.4160418510437,30.0,106.2,30.4,0,0,BAKE,104.5,108.0,104.5,108.0
2025-08-26T16:01:46.591,401.7062427997589,30.0,105.9,30.4,0,0,BAKE,103.8,108.0,103.8,108.0
2025-08-26T16:01:46.825,401.9400179386139,30.0,106.0,30.4,0,0,BAKE,104.0,108.0,104.0,108.0
2025-08-26T16:01:47.057,402.1717178821564,30.0,106.0,30.4,0,0,BAKE,104.2,107.8,104.2,107.8
2025-08-26T16:01:47.348,402.4629600048065,30.0,105.6,30.4,0,0,BAKE,103.5,107.8,103.5,107.8
2025-08-26T16:01:47.588,402.70250487327576,30.0,105.8,30.4,0,0,BAKE,103.8,107.8,103.8,107.8
2025-08-26T16:01:47.820,402.93451595306396,30.0,105.6,30.4,0,0,BAKE,103.8,107.5,103.8,107.5
2025-08-26T16:01:48.050,403.1646008491516,30.0,105.8,30.4,0,0,BAKE,104.0,107.5,104.0,107.5
2025-08-26T16:01:48.339,403.4541759490967,30.0,105.4,30.4,0,0,BAKE,103.2,107.5,103.2,107.5
2025-08-26T16:01:48.577,403.69160294532776,30.0,105.6,30.4,0,0,BAKE,104.0,107.2,104.0,107.2
2025-08-26T16:01:48.812,403.92694997787476,30.0,105.8,30.4,0,0,BAKE,104.0,107.5,104.0,107.5
2025-08-26T16:01:49.047,404.1615469455719,30.0,105.6,30.4,0,0,BAKE,103.8,107.5,103.8,107.5
2025-08-26T16:01:49.338,404.4526779651642,30.0,105.2,30.4,0,0,BAKE,103.2,107.2,103.2,107.2
2025-08-26T16:01:49.568,404.6832709312439,30.0,105.5,30.4,0,0,BAKE,103.8,107.2,103.8,107.2
2025-08-26T16:01:49.801,404.9160478115082,30.0,105.4,30.4,0,0,BAKE,103.5,107.2,103.5,107.2
2025-08-26T16:01:50.092,405.2073268890381,30.0,105.2,30.4,0,0,BAKE,103.2,107.2,103.2,107.2
2025-08-26T16:01:50.326,405.44045090675354,30.0,105.0,30.4,0,0,BAKE,103.0,107.0,103.0,107.0
2025-08-26T16:01:50.562,405.67703795433044,30.0,105.2,30.4,0,0,BAKE,103.2,107.2,103.2,107.2
2025-08-26T16:01:50.853,405.96759581565857,30.0,105.1,30.4,0,0,BAKE,103.2,107.0,103.2,107.0
2025-08-26T16:01:51.085,406.2000319957733,30.0,105.0,30.4,0,0,BAKE,103.0,107.0,103.0,107.0
2025-08-26T16:01:51.318,406.43284702301025,30.0,105.0,30.4,0,0,BAKE,103.0,107.0,103.0,107.0
2025-08-26T16:01:51.554,406.66879892349243,30.0,105.2,30.4,0,0,BAKE,103.5,107.0,103.5,107.0
2025-08-26T16:01:51.842,406.9573287963867,30.0,105.1,30.4,0,0,BAKE,103.5,106.8,103.5,106.8
2025-08-26T16:01:52.080,407.19483184814453,30.0,105.1,30.4,0,0,BAKE,103.2,107.0,103.2,107.0
2025-08-26T16:01:52.314,407.42890191078186,30.0,105.0,30.4,0,0,BAKE,103.2,106.8,103.2,106.8
2025-08-26T16:01:52.549,407.66386580467224,30.0,105.1,30.4,0,0,BAKE,103.5,106.8,103.5,106.8
2025-08-26T16:01:52.843,407.95840191841125,30.0,105.0,30.4,0,0,BAKE,103.2,106.8,103.2,106.8
2025-08-26T16:01:53.081,408.1960918903351,30.0,105.0,30.5,0,0,BAKE,103.2,106.8,103.2,106.8
2025-08-26T16:01:53.315,408.4303698539734,30.0,104.8,30.4,0,0,BAKE,102.8,106.8,102.8,106.8
2025-08-26T16:01:53.616,408.73123002052307,30.0,104.9,30.4,0,0,BAKE,103.2,106.5,103.2,106.5
2025-08-26T16:01:53.855,408.96945881843567,30.0,104.8,30.5,0,0,BAKE,102.8,106.8,102.8,106.8
2025-08-26T16:01:54.092,409.207319021225,30.0,104.6,30.5,0,0,BAKE,102.8,106.5,102.8,106.5
2025-08-26T16:01:54.336,409.45132780075073,30.0,104.5,30.5,0,0,BAKE,102.5,106.5,102.5,106.5
