timestamp_iso,t_sec,set_c,actual_c,coldj_c,heat,fan,mode,temp0_c,temp1_c,temp2_c,temp3_c
2025-08-26T18:07:16.145,99.22442889213562,146.0,136.1,26.9,171,8,BAKE-PREHEAT,133.8,138.5,133.8,138.5
2025-08-26T18:07:16.380,99.45926403999329,146.0,136.6,26.9,102,8,BAKE-PREHEAT,134.5,138.8,134.5,138.8
2025-08-26T18:07:16.671,99.75009298324585,146.0,136.8,26.9,160,8,BAKE-PREHEAT,134.8,138.8,134.8,138.8
2025-08-26T18:07:16.906,99.9856698513031,158.0,137.4,26.8,255,8,BAKE-PREHEAT,135.2,139.5,135.2,139.5
2025-08-26T18:07:17.137,100.21583604812622,158.0,137.4,26.8,255,8,BAKE-PREHEAT,135.0,139.8,135.0,139.8
2025-08-26T18:07:17.428,100.50679302215576,158.0,137.6,26.8,255,8,BAKE-PREHEAT,135.5,139.8,135.5,139.8
2025-08-26T18:07:17.667,100.74626898765564,158.0,137.8,26.8,255,8,BAKE-PREHEAT,135.5,140.0,135.5,140.0
2025-08-26T18:07:17.904,100.9829158782959,158.0,138.2,26.9,255,8,BAKE-PREHEAT,136.0,140.5,136.0,140.5
2025-08-26T18:07:18.138,101.21756792068481,158.0,138.8,26.9,255,8,BAKE-PREHEAT,136.5,141.0,136.5,141.0
2025-08-26T18:07:18.432,101.51166892051697,158.0,139.0,26.9,255,8,BAKE-PREHEAT,136.8,141.2,136.8,141.2
2025-08-26T18:07:18.671,101.74997305870056,158.0,139.0,26.9,255,8,BAKE-PREHEAT,136.8,141.2,136.8,141.2
2025-08-26T18:07:18.906,101.98515486717224,158.0,139.2,26.9,255,8,BAKE-PREHEAT,137.0,141.5,137.0,141.5
2025-08-26T18:07:19.141,102.21998190879822,158.0,139.6,26.8,255,8,BAKE-PREHEAT,137.2,142.0,137.2,142.0
2025-08-26T18:07:19.376,102.45472598075867,158.0,140.1,26.9,255,8,BAKE-PREHEAT,138.0,142.2,138.0,142.2
2025-08-26T18:07:19.666,102.74522805213928,158.0,140.2,26.8,255,8,BAKE-PREHEAT,137.8,142.8,137.8,142.8
2025-08-26T18:07:19.904,102.98282599449158,158.0,140.6,26.9,255,8,BAKE-PREHEAT,138.2,143.0,138.2,143.0
2025-08-26T18:07:20.138,103.21736288070679,158.0,140.8,26.9,255,8,BAKE-PREHEAT,138.5,143.0,138.5,143.0
2025-08-26T18:07:20.373,103.45250487327576,158.0,141.2,26.9,243,8,BAKE-PREHEAT,139.2,143.2,139.2,143.2
2025-08-26T18:07:20.666,103.74571299552917,158.0,141.5,26.9,255,8,BAKE-PREHEAT,139.5,143.5,139.5,143.5
2025-08-26T18:07:20.900,103.97873187065125,158.0,141.5,26.9,255,8,BAKE-PREHEAT,139.2,143.8,139.2,143.8
2025-08-26T18:07:21.200,104.2796459197998,158.0,142.0,26.8,229,8,BAKE-PREHEAT,139.8,144.2,139.8,144.2
2025-08-26T18:07:21.366,104.4453399181366,158.0,142.4,26.9,242,8,BAKE-PREHEAT,140.0,144.8,140.0,144.8
2025-08-26T18:07:21.660,104.73963594436646,158.0,142.4,26.9,255,8,BAKE-PREHEAT,140.2,144.5,140.2,144.5
2025-08-26T18:07:21.896,104.9749219417572,158.0,143.0,26.9,190,8,BAKE-PREHEAT,140.8,145.2,140.8,145.2
2025-08-26T18:07:22.132,105.21119594573975,158.0,143.5,26.9,200,8,BAKE-PREHEAT,141.2,145.8,141.2,145.8
2025-08-26T18:07:22.424,105.50331091880798,158.0,143.6,26.9,255,8,BAKE-PREHEAT,141.5,145.8,141.5,145.8
2025-08-26T18:07:22.658,105.73761200904846,158.0,143.9,26.9,233,8,BAKE-PREHEAT,141.8,146.0,141.8,146.0
2025-08-26T18:07:22.891,105.96994590759277,158.0,144.4,26.9,184,8,BAKE-PREHEAT,142.2,146.5,142.2,146.5
2025-08-26T18:07:23.126,106.20505690574646,158.0,144.6,26.9,219,8,BAKE-PREHEAT,142.2,147.0,142.2,147.0
2025-08-26T18:07:23.413,106.4925708770752,158.0,144.9,26.9,215,8,BAKE-PREHEAT,142.8,147.0,142.8,147.0
2025-08-26T18:07:23.648,106.7273359298706,158.0,145.0,26.9,232,8,BAKE-PREHEAT,142.8,147.2,142.8,147.2
2025-08-26T18:07:23.948,107.02755904197693,158.0,145.5,26.9,163,8,BAKE-PREHEAT,143.0,148.0,143.0,148.0
2025-08-26T18:07:24.121,107.2004668712616,158.0,145.9,26.9,176,8,BAKE-PREHEAT,143.5,148.2,143.5,148.2
2025-08-26T18:07:24.413,107.49266600608826,158.0,146.0,26.9,213,8,BAKE-PREHEAT,143.8,148.2,143.8,148.2
2025-08-26T18:07:24.645,107.72417688369751,158.0,146.4,26.9,166,8,BAKE-PREHEAT,144.0,148.8,144.0,148.8
2025-08-26T18:07:24.880,107.95925092697144,158.0,146.8,26.9,159,8,BAKE-PREHEAT,144.2,149.2,144.2,149.2
2025-08-26T18:07:25.174,108.2534818649292,158.0,147.0,26.9,174,8,BAKE-PREHEAT,144.5,149.5,144.5,149.5
2025-08-26T18:07:25.409,108.48820996284485,158.0,147.1,26.9,192,8,BAKE-PREHEAT,145.0,149.2,145.0,149.2
2025-08-26T18:07:25.638,108.71732497215271,158.0,147.4,26.9,167,8,BAKE-PREHEAT,144.8,150.0,144.8,150.0
2025-08-26T18:07:25.872,108.95149493217468,158.0,147.8,26.9,140,8,BAKE-PREHEAT,145.2,150.2,145.2,150.2
2025-08-26T18:07:26.167,109.24623394012451,158.0,148.1,26.9,133,8,BAKE-PREHEAT,145.8,150.5,145.8,150.5
2025-08-26T18:07:26.221,109.3004219532013,158.0,148.4,26.9,148,8,BAKE-PREHEAT,145.8,151.0,145.8,151.0
2025-08-26T18:07:26.695,109.77423691749573,170.0,148.6,26.9,255,8,BAKE-PREHEAT,146.0,151.2,146.0,151.2
2025-08-26T18:07:26.868,109.94695091247559,170.0,149.1,26.9,255,8,BAKE-PREHEAT,146.5,151.8,146.5,151.8
2025-08-26T18:07:27.156,110.2349259853363,170.0,149.0,26.9,255,8,BAKE-PREHEAT,146.5,151.5,146.5,151.5
2025-08-26T18:07:27.391,110.47000789642334,170.0,149.5,26.9,255,8,BAKE-PREHEAT,146.8,152.2,146.8,152.2
2025-08-26T18:07:27.623,110.70182991027832,170.0,150.0,26.9,255,8,BAKE-PREHEAT,147.2,152.8,147.2,152.8
2025-08-26T18:07:27.915,110.99413704872131,170.0,150.2,26.9,255,8,BAKE-PREHEAT,147.5,153.0,147.5,153.0
2025-08-26T18:07:28.154,111.23355603218079,170.0,150.5,27.0,255,8,BAKE-PREHEAT,147.8,153.2,147.8,153.2
2025-08-26T18:07:28.385,111.46455192565918,170.0,150.9,26.9,255,8,BAKE-PREHEAT,148.2,153.5,148.2,153.5
2025-08-26T18:07:28.676,111.75538897514343,170.0,150.9,26.9,255,8,BAKE-PREHEAT,148.2,153.5,148.2,153.5
2025-08-26T18:07:28.914,111.9928810596466,170.0,151.5,26.9,255,8,BAKE-PREHEAT,148.8,154.2,148.8,154.2
2025-08-26T18:07:29.151,112.23008799552917,170.0,151.6,26.9,255,8,BAKE-PREHEAT,149.0,154.2,149.0,154.2
2025-08-26T18:07:29.447,112.52594304084778,170.0,152.0,26.9,255,8,BAKE-PREHEAT,149.2,154.8,149.2,154.8
2025-08-26T18:07:29.620,112.6995370388031,170.0,152.4,26.9,255,8,BAKE-PREHEAT,149.8,155.0,149.8,155.0
2025-08-26T18:07:29.909,112.98830199241638,170.0,152.5,27.0,255,8,BAKE-PREHEAT,149.8,155.2,149.8,155.2
2025-08-26T18:07:30.145,113.22411489486694,170.0,152.6,27.0,255,8,BAKE-PREHEAT,150.0,155.2,150.0,155.2
2025-08-26T18:07:30.381,113.46029591560364,170.0,153.1,26.9,247,8,BAKE-PREHEAT,150.5,155.8,150.5,155.8
2025-08-26T18:07:30.671,113.74998497962952,170.0,153.5,27.0,255,8,BAKE-PREHEAT,150.8,156.2,150.8,156.2
2025-08-26T18:07:30.906,113.98568892478943,170.0,153.9,26.9,253,8,BAKE-PREHEAT,151.0,156.8,151.0,156.8
2025-08-26T18:07:31.136,114.21524500846863,170.0,154.0,27.0,255,8,BAKE-PREHEAT,151.5,156.5,151.5,156.5
2025-08-26T18:07:31.430,114.50927591323853,170.0,154.4,27.0,244,8,BAKE-PREHEAT,151.8,157.0,151.8,157.0
2025-08-26T18:07:31.666,114.74499988555908,170.0,154.6,27.0,255,8,BAKE-PREHEAT,151.8,157.5,151.8,157.5
2025-08-26T18:07:31.902,114.98171591758728,170.0,155.1,27.0,209,8,BAKE-PREHEAT,152.5,157.8,152.5,157.8
2025-08-26T18:07:32.137,115.216481924057,170.0,155.1,26.9,255,8,BAKE-PREHEAT,152.5,157.8,152.5,157.8
2025-08-26T18:07:32.247,115.32649898529053,170.0,155.6,27.0,200,8,BAKE-PREHEAT,152.8,158.5,152.8,158.5
2025-08-26T18:07:32.660,115.7387490272522,170.0,155.9,27.0,235,8,BAKE-PREHEAT,153.0,158.8,153.0,158.8
2025-08-26T18:07:32.893,115.97248888015747,170.0,156.1,26.9,231,8,BAKE-PREHEAT,153.2,159.0,153.2,159.0
2025-08-26T18:07:33.129,116.20826506614685,170.0,156.5,27.0,204,8,BAKE-PREHEAT,153.5,159.5,153.5,159.5
2025-08-26T18:07:33.421,116.49996995925903,170.0,156.9,27.0,196,8,BAKE-PREHEAT,154.0,159.8,154.0,159.8
2025-08-26T18:07:33.657,116.73612403869629,170.0,157.1,27.0,212,8,BAKE-PREHEAT,154.2,160.0,154.2,160.0
2025-08-26T18:07:33.885,116.96416401863098,170.0,157.4,27.0,207,8,BAKE-PREHEAT,154.5,160.2,154.5,160.2
2025-08-26T18:07:34.122,117.20084404945374,170.0,157.8,27.0,180,8,BAKE-PREHEAT,154.8,160.8,154.8,160.8
2025-08-26T18:07:34.413,117.49261403083801,170.0,158.0,27.0,195,8,BAKE-PREHEAT,155.0,161.0,155.0,161.0
2025-08-26T18:07:34.649,117.72840905189514,170.0,158.2,27.0,190,8,BAKE-PREHEAT,155.2,161.2,155.2,161.2
2025-08-26T18:07:34.883,117.96203804016113,170.0,158.8,27.0,141,8,BAKE-PREHEAT,155.8,161.8,155.8,161.8
2025-08-26T18:07:35.173,118.25225901603699,170.0,159.0,27.0,176,8,BAKE-PREHEAT,156.0,162.0,156.0,162.0
2025-08-26T18:07:35.409,118.48785305023193,170.0,159.4,27.0,149,8,BAKE-PREHEAT,156.2,162.5,156.2,162.5
2025-08-26T18:07:35.643,118.72263288497925,170.0,159.6,27.0,164,8,BAKE-PREHEAT,156.5,162.8,156.5,162.8
2025-08-26T18:07:35.879,118.95799899101257,170.0,160.0,27.0,137,8,BAKE-PREHEAT,156.8,163.2,156.8,163.2
2025-08-26T18:07:36.170,119.24933886528015,170.0,160.2,27.1,153,8,BAKE-PREHEAT,157.0,163.5,157.0,163.5
2025-08-26T18:07:36.279,119.35862302780151,170.0,160.2,27.0,193,8,BAKE-PREHEAT,157.2,163.2,157.2,163.2
2025-08-26T18:07:36.620,119.6990270614624,170.0,160.6,27.0,126,8,BAKE-PREHEAT,157.5,163.8,157.5,163.8
2025-08-26T18:07:36.909,119.9882869720459,170.0,160.9,27.0,141,8,BAKE-PREHEAT,157.8,164.0,157.8,164.0
2025-08-26T18:07:37.145,120.2238199710846,170.0,161.2,27.0,114,8,BAKE-PREHEAT,158.0,164.5,158.0,164.5
2025-08-26T18:07:37.381,120.46021485328674,170.0,161.5,27.0,129,8,BAKE-PREHEAT,158.2,164.8,158.2,164.8
2025-08-26T18:07:37.671,120.7498209476471,170.0,161.6,27.0,147,8,BAKE-PREHEAT,158.5,164.8,158.5,164.8
2025-08-26T18:07:37.905,120.98468899726868,170.0,161.8,27.1,144,8,BAKE-PREHEAT,158.8,164.8,158.8,164.8
2025-08-26T18:07:38.135,121.21384286880493,170.0,162.2,27.0,75,8,BAKE-PREHEAT,159.0,165.5,159.0,165.5
2025-08-26T18:07:38.432,121.51127195358276,170.0,162.4,27.0,133,8,BAKE-PREHEAT,159.2,165.5,159.2,165.5
2025-08-26T18:07:38.668,121.74697995185852,170.0,162.4,27.0,153,8,BAKE-PREHEAT,159.2,165.5,159.2,165.5
2025-08-26T18:07:38.903,121.9818389415741,170.0,162.8,27.0,85,8,BAKE-PREHEAT,159.8,165.8,159.8,165.8
2025-08-26T18:07:39.137,122.21651601791382,170.0,163.1,27.0,78,8,BAKE-PREHEAT,160.0,166.2,160.0,166.2
2025-08-26T18:07:39.425,122.504154920578,170.0,163.2,27.0,116,8,BAKE-PREHEAT,160.2,166.2,160.2,166.2
2025-08-26T18:07:39.659,122.73777103424072,170.0,163.5,27.1,91,8,BAKE-PREHEAT,160.2,166.8,160.2,166.8
2025-08-26T18:07:39.889,122.96840500831604,170.0,163.9,27.0,64,8,BAKE-PREHEAT,160.5,167.2,160.5,167.2
2025-08-26T18:07:40.124,123.2029640674591,170.0,163.9,27.0,124,8,BAKE-PREHEAT,160.8,167.0,160.8,167.0
2025-08-26T18:07:40.418,123.49767899513245,170.0,164.1,27.0,79,8,BAKE-PREHEAT,161.0,167.2,161.0,167.2
2025-08-26T18:07:40.652,123.73093104362488,170.0,164.4,27.0,75,8,BAKE-PREHEAT,161.2,167.5,161.2,167.5
2025-08-26T18:07:40.877,123.95579290390015,170.0,164.2,27.1,137,8,BAKE-PREHEAT,161.5,167.0,161.5,167.0
2025-08-26T18:07:41.171,124.25000286102295,170.0,164.5,27.1,72,8,BAKE-PREHEAT,161.5,167.5,161.5,167.5
2025-08-26T18:07:41.409,124.48773384094238,170.0,165.0,27.0,23,8,BAKE-PREHEAT,161.8,168.2,161.8,168.2
2025-08-26T18:07:41.644,124.72340798377991,170.0,165.0,27.0,103,8,BAKE-PREHEAT,162.0,168.0,162.0,168.0
2025-08-26T18:07:41.877,124.955894947052,170.0,165.5,27.1,13,8,BAKE-PREHEAT,162.2,168.8,162.2,168.8
2025-08-26T18:07:42.169,125.24794101715088,170.0,165.2,27.1,138,8,BAKE-PREHEAT,162.2,168.2,162.2,168.2
2025-08-26T18:07:42.400,125.47924494743347,170.0,165.4,27.1,76,8,BAKE-PREHEAT,162.5,168.2,162.5,168.2
2025-08-26T18:07:42.636,125.7155020236969,170.0,165.8,27.0,29,8,BAKE-PREHEAT,162.5,169.0,162.5,169.0
2025-08-26T18:07:42.927,126.00614404678345,170.0,166.0,27.1,44,8,BAKE-PREHEAT,162.8,169.2,162.8,169.2
2025-08-26T18:07:43.166,126.24523091316223,170.0,166.1,27.1,62,8,BAKE-PREHEAT,163.0,169.2,163.0,169.2
2025-08-26T18:07:43.403,126.48241400718689,170.0,165.8,27.1,149,8,BAKE-PREHEAT,163.0,168.5,163.0,168.5
2025-08-26T18:07:43.634,126.71362805366516,170.0,166.4,27.1,0,8,BAKE-PREHEAT,163.2,169.5,163.2,169.5
2025-08-26T18:07:43.928,127.0071530342102,170.0,166.2,27.1,99,8,BAKE-PREHEAT,163.2,169.2,163.2,169.2
2025-08-26T18:07:44.167,127.24628591537476,170.0,166.6,27.1,12,8,BAKE-PREHEAT,163.5,169.8,163.5,169.8
2025-08-26T18:07:44.404,127.48355293273926,170.0,166.4,27.1,117,8,BAKE-PREHEAT,163.2,169.5,163.2,169.5
2025-08-26T18:07:44.640,127.7193250656128,170.0,166.4,27.1,77,8,BAKE-PREHEAT,163.5,169.2,163.5,169.2
2025-08-26T18:07:44.937,128.01574206352234,170.0,166.5,27.1,55,8,BAKE-PREHEAT,163.5,169.5,163.5,169.5
2025-08-26T18:07:45.176,128.25487685203552,170.0,166.6,27.1,52,8,BAKE-PREHEAT,163.8,169.5,163.8,169.5
2025-08-26T18:07:45.413,128.49264788627625,170.0,167.0,27.1,0,8,BAKE-PREHEAT,163.8,170.2,163.8,170.2
2025-08-26T18:07:45.651,128.72994589805603,170.0,166.8,27.1,41,8,BAKE-PREHEAT,163.8,169.8,163.8,169.8
2025-08-26T18:07:45.886,128.964998960495,170.0,166.8,27.1,61,8,BAKE-PREHEAT,163.8,169.8,163.8,169.8
2025-08-26T18:07:46.186,129.26544189453125,170.0,167.0,27.1,0,8,BAKE-PREHEAT,164.0,170.0,164.0,170.0
2025-08-26T18:07:46.366,129.44539189338684,170.0,167.0,27.1,0,8,BAKE-PREHEAT,164.0,170.0,164.0,170.0
2025-08-26T18:07:46.646,129.72480487823486,170.0,167.1,27.1,0,8,BAKE-PREHEAT,164.2,170.0,164.2,170.0
2025-08-26T18:07:46.877,129.95579600334167,170.0,167.0,27.1,0,8,BAKE-PREHEAT,164.0,170.0,164.0,170.0
2025-08-26T18:07:47.171,130.24988102912903,170.0,167.0,27.1,0,8,BAKE-PREHEAT,164.2,169.8,164.2,169.8
2025-08-26T18:07:47.407,130.48635506629944,170.0,167.2,27.1,0,8,BAKE-PREHEAT,164.2,170.2,164.2,170.2
2025-08-26T18:07:47.642,130.7210249900818,170.0,167.2,27.1,0,8,BAKE-PREHEAT,164.2,170.2,164.2,170.2
2025-08-26T18:07:47.871,130.9498269557953,170.0,167.4,27.1,0,8,BAKE-PREHEAT,164.5,170.2,164.5,170.2
2025-08-26T18:07:48.165,131.24395084381104,170.0,167.1,27.1,0,8,BAKE-PREHEAT,164.2,170.0,164.2,170.0
2025-08-26T18:07:48.403,131.48187685012817,170.0,167.4,27.2,0,8,BAKE-PREHEAT,164.5,170.2,164.5,170.2
2025-08-26T18:07:48.636,131.71536302566528,170.0,167.1,27.1,0,8,BAKE-PREHEAT,164.5,169.8,164.5,169.8
2025-08-26T18:07:48.935,132.01457500457764,170.0,166.9,27.1,39,8,BAKE-PREHEAT,164.2,169.5,164.2,169.5
2025-08-26T18:07:49.170,132.24879002571106,170.0,167.1,27.1,0,8,BAKE-PREHEAT,164.2,170.0,164.2,170.0
2025-08-26T18:07:49.408,132.48688006401062,170.0,167.1,27.1,0,8,BAKE-PREHEAT,164.5,169.8,164.5,169.8
2025-08-26T18:07:49.644,132.7227840423584,170.0,167.0,27.1,0,8,BAKE-PREHEAT,164.2,169.8,164.2,169.8
2025-08-26T18:07:49.879,132.95864391326904,170.0,167.2,27.1,0,8,BAKE-PREHEAT,164.2,170.2,164.2,170.2
2025-08-26T18:07:50.169,133.24855995178223,170.0,166.9,27.1,59,8,BAKE-PREHEAT,164.2,169.5,164.2,169.5
2025-08-26T18:07:50.405,133.48417592048645,170.0,167.2,27.2,0,8,BAKE-PREHEAT,164.2,170.2,164.2,170.2
2025-08-26T18:07:50.635,133.7144730091095,170.0,167.2,27.1,0,8,BAKE-PREHEAT,164.2,170.2,164.2,170.2
2025-08-26T18:07:50.925,134.00379300117493,170.0,167.1,27.1,0,8,BAKE-PREHEAT,164.2,170.0,164.2,170.0
2025-08-26T18:07:51.164,134.24276185035706,170.0,167.0,27.1,0,8,BAKE-PREHEAT,164.2,169.8,164.2,169.8
2025-08-26T18:07:51.397,134.47659587860107,170.0,167.1,27.2,0,8,BAKE-PREHEAT,164.2,170.0,164.2,170.0
2025-08-26T18:07:51.631,134.7097668647766,170.0,167.1,27.1,0,8,BAKE-PREHEAT,164.2,170.0,164.2,170.0
2025-08-26T18:07:51.921,135.00053787231445,170.0,167.0,27.2,0,8,BAKE-PREHEAT,164.2,169.8,164.2,169.8
2025-08-26T18:07:52.160,135.2396650314331,170.0,166.8,27.2,81,8,BAKE-PREHEAT,164.2,169.2,164.2,169.2
2025-08-26T18:07:52.399,135.47786903381348,170.0,167.1,27.2,0,8,BAKE-PREHEAT,164.2,170.0,164.2,170.0
2025-08-26T18:07:52.635,135.71448397636414,170.0,166.9,27.2,39,8,BAKE-PREHEAT,164.2,169.5,164.2,169.5
2025-08-26T18:07:52.870,135.94940900802612,170.0,166.4,27.2,148,8,BAKE-PREHEAT,163.8,169.0,163.8,169.0
2025-08-26T18:07:53.162,136.24102306365967,170.0,166.8,27.2,1,8,BAKE-PREHEAT,164.0,169.5,164.0,169.5
2025-08-26T18:07:53.398,136.4775390625,170.0,166.6,27.2,84,8,BAKE-PREHEAT,164.0,169.2,164.0,169.2
2025-08-26T18:07:53.627,136.7067048549652,170.0,166.2,27.2,131,8,BAKE-PREHEAT,163.8,168.8,163.8,168.8
2025-08-26T18:07:53.917,136.99608206748962,170.0,166.6,27.2,4,8,BAKE-PREHEAT,164.0,169.2,164.0,169.2
2025-08-26T18:07:54.155,137.23409605026245,170.0,166.2,27.2,131,8,BAKE-PREHEAT,164.0,168.5,164.0,168.5
2025-08-26T18:07:54.390,137.4690568447113,170.0,166.2,27.2,71,8,BAKE-PREHEAT,163.8,168.8,163.8,168.8
2025-08-26T18:07:54.688,137.7667999267578,170.0,166.1,27.2,93,8,BAKE-PREHEAT,163.8,168.5,163.8,168.5
2025-08-26T18:07:54.921,137.9998278617859,170.0,165.9,27.2,118,8,BAKE-PREHEAT,163.5,168.2,163.5,168.2
2025-08-26T18:07:55.160,138.23878002166748,170.0,166.1,27.2,33,8,BAKE-PREHEAT,163.5,168.8,163.5,168.8
2025-08-26T18:07:55.396,138.47480607032776,170.0,165.9,27.2,118,8,BAKE-PREHEAT,163.5,168.2,163.5,168.2
2025-08-26T18:07:55.626,138.70547699928284,170.0,166.0,27.2,56,8,BAKE-PREHEAT,163.5,168.5,163.5,168.5
2025-08-26T18:07:55.915,138.9941258430481,170.0,166.1,27.2,53,8,BAKE-PREHEAT,163.5,168.8,163.5,168.8
2025-08-26T18:07:56.151,139.23052597045898,170.0,166.1,27.2,73,8,BAKE-PREHEAT,163.5,168.8,163.5,168.8
2025-08-26T18:07:56.385,139.46430587768555,170.0,165.9,27.2,118,8,BAKE-PREHEAT,163.5,168.2,163.5,168.2
2025-08-26T18:07:56.395,139.4742648601532,170.0,166.0,27.2,56,8,BAKE-PREHEAT,163.2,168.8,163.2,168.8
2025-08-26T18:07:56.908,139.987242937088,170.0,165.6,27.2,143,8,BAKE-PREHEAT,163.2,168.0,163.2,168.0
2025-08-26T18:07:57.144,140.22313594818115,170.0,165.8,27.2,60,8,BAKE-PREHEAT,163.2,168.2,163.2,168.2
2025-08-26T18:07:57.437,140.51664304733276,170.0,165.8,27.2,80,8,BAKE-PREHEAT,163.2,168.2,163.2,168.2
2025-08-26T18:07:57.613,140.69191884994507,170.0,165.4,27.2,148,8,BAKE-PREHEAT,163.0,167.8,163.0,167.8
2025-08-26T18:07:57.905,140.9843258857727,170.0,165.5,27.2,65,8,BAKE-PREHEAT,163.0,168.0,163.0,168.0
2025-08-26T18:07:58.140,141.21940183639526,170.0,165.4,27.2,108,8,BAKE-PREHEAT,163.0,167.8,163.0,167.8
2025-08-26T18:07:58.376,141.45521688461304,170.0,165.6,27.2,43,8,BAKE-PREHEAT,163.0,168.2,163.0,168.2
2025-08-26T18:07:58.669,141.74834299087524,170.0,165.4,27.2,128,8,BAKE-PREHEAT,163.0,167.8,163.0,167.8
2025-08-26T18:07:58.903,141.9824080467224,170.0,165.4,27.2,88,8,BAKE-PREHEAT,162.8,168.0,162.8,168.0
2025-08-26T18:07:59.132,142.2110378742218,170.0,165.4,27.2,88,8,BAKE-PREHEAT,162.8,168.0,162.8,168.0
2025-08-26T18:07:59.369,142.44851899147034,170.0,165.2,27.2,110,8,BAKE-PREHEAT,162.8,167.8,162.8,167.8
2025-08-26T18:07:59.664,142.74289202690125,170.0,165.0,27.2,135,8,BAKE-PREHEAT,162.8,167.2,162.8,167.2
2025-08-26T18:07:59.899,142.9786660671234,170.0,165.1,27.2,72,8,BAKE-PREHEAT,162.5,167.8,162.5,167.8
2025-08-26T18:08:00.133,143.2119598388672,170.0,164.9,27.2,137,8,BAKE-PREHEAT,162.5,167.2,162.5,167.2
2025-08-26T18:08:00.423,143.5021288394928,170.0,165.1,27.3,53,8,BAKE-PREHEAT,162.8,167.5,162.8,167.5
2025-08-26T18:08:00.662,143.7415578365326,170.0,164.9,27.2,137,8,BAKE-PREHEAT,162.5,167.2,162.5,167.2
2025-08-26T18:08:00.894,143.97356295585632,170.0,165.1,27.2,53,8,BAKE-PREHEAT,162.8,167.5,162.8,167.5
2025-08-26T18:08:01.126,144.20501399040222,170.0,165.0,27.2,115,8,BAKE-PREHEAT,162.5,167.5,162.5,167.5
2025-08-26T18:08:01.420,144.4996280670166,170.0,164.8,27.2,140,8,BAKE-PREHEAT,162.2,167.2,162.2,167.2
2025-08-26T18:08:01.656,144.7357039451599,170.0,165.1,27.3,33,8,BAKE-PREHEAT,162.5,167.8,162.5,167.8
2025-08-26T18:08:01.887,144.9666919708252,170.0,164.6,27.2,182,8,BAKE-PREHEAT,162.2,167.0,162.2,167.0
2025-08-26T18:08:02.119,145.19787788391113,170.0,164.6,27.2,102,8,BAKE-PREHEAT,162.2,167.0,162.2,167.0
2025-08-26T18:08:02.408,145.48756384849548,170.0,164.6,27.2,102,8,BAKE-PREHEAT,162.2,167.0,162.2,167.0
2025-08-26T18:08:02.641,145.72053694725037,170.0,164.5,27.2,125,8,BAKE-PREHEAT,162.2,166.8,162.2,166.8
2025-08-26T18:08:02.875,145.95385098457336,170.0,164.6,27.2,82,8,BAKE-PREHEAT,162.2,167.0,162.2,167.0
2025-08-26T18:08:03.167,146.24576091766357,170.0,164.6,27.2,102,8,BAKE-PREHEAT,162.2,167.0,162.2,167.0
2025-08-26T18:08:03.398,146.47717094421387,170.0,164.2,27.2,169,8,BAKE-PREHEAT,162.2,166.2,162.2,166.2
2025-08-26T18:08:03.634,146.7131929397583,170.0,164.4,27.2,87,8,BAKE-PREHEAT,162.0,166.8,162.0,166.8
2025-08-26T18:08:03.869,146.94800996780396,170.0,164.2,27.2,129,8,BAKE-PREHEAT,162.2,166.2,162.2,166.2
2025-08-26T18:08:04.163,147.24184894561768,170.0,164.1,27.2,132,8,BAKE-PREHEAT,162.0,166.2,162.0,166.2
2025-08-26T18:08:04.400,147.4787380695343,170.0,164.1,27.2,112,8,BAKE-PREHEAT,162.0,166.2,162.0,166.2
2025-08-26T18:08:04.628,147.70736694335938,170.0,164.0,27.2,134,8,BAKE-PREHEAT,162.0,166.0,162.0,166.0
2025-08-26T18:08:04.917,147.9963779449463,170.0,164.0,27.3,114,8,BAKE-PREHEAT,162.0,166.0,162.0,166.0
2025-08-26T18:08:05.152,148.23120498657227,170.0,164.1,27.3,92,8,BAKE-PREHEAT,162.0,166.2,162.0,166.2
2025-08-26T18:08:05.387,148.46621298789978,170.0,164.2,27.2,89,8,BAKE-PREHEAT,162.0,166.5,162.0,166.5
2025-08-26T18:08:05.682,148.76141905784607,170.0,164.4,27.2,87,8,BAKE-PREHEAT,162.0,166.8,162.0,166.8
2025-08-26T18:08:05.916,148.9950499534607,170.0,164.0,27.3,174,8,BAKE-PREHEAT,161.8,166.2,161.8,166.2
2025-08-26T18:08:06.154,149.23294305801392,170.0,164.2,27.3,70,8,BAKE-PREHEAT,162.0,166.5,162.0,166.5
2025-08-26T18:08:06.390,149.46930193901062,170.0,164.1,27.2,132,8,BAKE-PREHEAT,162.0,166.2,162.0,166.2
2025-08-26T18:08:06.443,149.52269101142883,170.0,164.0,27.2,134,8,BAKE-PREHEAT,161.8,166.2,161.8,166.2
2025-08-26T18:08:06.914,149.99339389801025,170.0,164.1,27.3,92,8,BAKE-PREHEAT,162.0,166.2,162.0,166.2
2025-08-26T18:08:07.147,150.2261140346527,170.0,163.9,27.3,157,8,BAKE-PREHEAT,161.8,166.0,161.8,166.0
2025-08-26T18:08:07.384,150.4631860256195,170.0,164.0,27.3,94,8,BAKE-PREHEAT,161.8,166.2,161.8,166.2
2025-08-26T18:08:07.677,150.75642085075378,170.0,164.1,27.3,92,8,BAKE-PREHEAT,162.0,166.2,162.0,166.2
2025-08-26T18:08:07.915,150.99437403678894,170.0,164.0,27.3,134,8,BAKE-PREHEAT,162.0,166.0,162.0,166.0
2025-08-26T18:08:08.148,151.22764801979065,170.0,164.1,27.3,92,8,BAKE-PREHEAT,162.0,166.2,162.0,166.2
2025-08-26T18:08:08.384,151.46367287635803,170.0,163.9,27.3,157,8,BAKE-PREHEAT,162.0,165.8,162.0,165.8
2025-08-26T18:08:08.685,151.76431393623352,170.0,163.8,27.3,139,8,BAKE-PREHEAT,161.8,165.8,161.8,165.8
2025-08-26T18:08:08.920,151.99963784217834,170.0,163.8,27.3,119,8,BAKE-PREHEAT,161.8,165.8,161.8,165.8
2025-08-26T18:08:09.159,152.23842692375183,170.0,163.9,27.3,97,8,BAKE-PREHEAT,162.0,165.8,162.0,165.8
2025-08-26T18:08:09.396,152.47545790672302,170.0,163.9,27.3,117,8,BAKE-PREHEAT,161.8,166.0,161.8,166.0
2025-08-26T18:08:09.628,152.7074420452118,170.0,163.9,27.3,117,8,BAKE-PREHEAT,161.8,166.0,161.8,166.0
2025-08-26T18:08:09.921,152.99992990493774,170.0,163.9,27.3,117,8,BAKE-PREHEAT,161.8,166.0,161.8,166.0
2025-08-26T18:08:10.156,153.23499298095703,170.0,163.8,27.3,139,8,BAKE-PREHEAT,161.8,165.8,161.8,165.8
2025-08-26T18:08:10.385,153.4637598991394,170.0,164.0,27.3,75,8,BAKE-PREHEAT,162.0,166.0,162.0,166.0
2025-08-26T18:08:10.618,153.6975429058075,170.0,163.9,27.3,137,8,BAKE-PREHEAT,161.8,166.0,161.8,166.0
2025-08-26T18:08:10.908,153.98742198944092,170.0,163.8,27.3,139,8,BAKE-PREHEAT,161.8,165.8,161.8,165.8
2025-08-26T18:08:11.144,154.22307085990906,170.0,163.9,27.3,97,8,BAKE-PREHEAT,161.8,166.0,161.8,166.0
2025-08-26T18:08:11.445,154.52408599853516,170.0,164.0,27.3,95,8,BAKE-PREHEAT,161.8,166.2,161.8,166.2
2025-08-26T18:08:11.616,154.69528889656067,170.0,163.9,27.3,137,8,BAKE-PREHEAT,162.0,165.8,162.0,165.8
2025-08-26T18:08:11.904,154.9833788871765,170.0,163.8,27.3,139,8,BAKE-PREHEAT,161.8,165.8,161.8,165.8
2025-08-26T18:08:12.138,155.217355966568,170.0,163.8,27.3,119,8,BAKE-PREHEAT,162.0,165.5,162.0,165.5
2025-08-26T18:08:12.374,155.45307397842407,170.0,163.9,27.3,97,8,BAKE-PREHEAT,161.8,166.0,161.8,166.0
2025-08-26T18:08:12.663,155.7426838874817,170.0,163.6,27.3,162,8,BAKE-PREHEAT,161.8,165.5,161.8,165.5
2025-08-26T18:08:12.899,155.9782199859619,170.0,164.0,27.3,55,8,BAKE-PREHEAT,161.8,166.2,161.8,166.2
2025-08-26T18:08:13.129,156.20850586891174,170.0,163.9,27.3,137,8,BAKE-PREHEAT,162.0,165.8,162.0,165.8
2025-08-26T18:08:13.424,156.50313305854797,170.0,164.1,27.3,72,8,BAKE-PREHEAT,162.0,166.2,162.0,166.2
2025-08-26T18:08:13.663,156.7420859336853,170.0,163.9,27.3,157,8,BAKE-PREHEAT,162.0,165.8,162.0,165.8
2025-08-26T18:08:13.899,156.97817397117615,170.0,164.1,27.3,72,8,BAKE-PREHEAT,162.0,166.2,162.0,166.2
2025-08-26T18:08:14.133,157.21258807182312,170.0,164.1,27.3,112,8,BAKE-PREHEAT,162.0,166.2,162.0,166.2
2025-08-26T18:08:14.424,157.50337505340576,170.0,164.1,27.4,113,8,BAKE-PREHEAT,162.0,166.2,162.0,166.2
2025-08-26T18:08:14.654,157.73335599899292,170.0,163.9,27.4,157,8,BAKE-PREHEAT,162.0,165.8,162.0,165.8
2025-08-26T18:08:14.889,157.96772384643555,170.0,164.0,27.3,95,8,BAKE-PREHEAT,162.0,166.0,162.0,166.0
2025-08-26T18:08:15.124,158.20278000831604,170.0,163.9,27.4,137,8,BAKE-PREHEAT,162.0,165.8,162.0,165.8
2025-08-26T18:08:15.418,158.4973578453064,170.0,163.8,27.3,140,8,BAKE-PREHEAT,162.0,165.5,162.0,165.5
2025-08-26T18:08:15.652,158.73115706443787,170.0,164.0,27.3,75,8,BAKE-PREHEAT,162.0,166.0,162.0,166.0
2025-08-26T18:08:15.880,158.95927500724792,170.0,163.9,27.4,137,8,BAKE-PREHEAT,162.0,165.8,162.0,165.8
2025-08-26T18:08:16.120,159.19960594177246,170.0,164.1,27.3,73,8,BAKE-PREHEAT,162.0,166.2,162.0,166.2
2025-08-26T18:08:16.419,159.4978380203247,170.0,164.1,27.4,113,8,BAKE-PREHEAT,162.0,166.2,162.0,166.2
2025-08-26T18:08:16.529,159.60828185081482,170.0,163.9,27.4,157,8,BAKE-PREHEAT,162.0,165.8,162.0,165.8
2025-08-26T18:08:16.877,159.9558608531952,170.0,163.9,27.3,117,8,BAKE-PREHEAT,162.0,165.8,162.0,165.8
2025-08-26T18:08:17.166,160.2451159954071,170.0,163.9,27.3,117,8,BAKE-PREHEAT,162.0,165.8,162.0,165.8
2025-08-26T18:08:17.405,160.4846329689026,170.0,163.9,27.4,117,8,BAKE-PREHEAT,162.0,165.8,162.0,165.8
2025-08-26T18:08:17.635,160.71467185020447,170.0,164.0,27.3,95,8,BAKE-PREHEAT,162.0,166.0,162.0,166.0
2025-08-26T18:08:17.928,161.00742101669312,170.0,163.9,27.4,138,8,BAKE-PREHEAT,162.0,165.8,162.0,165.8
2025-08-26T18:08:18.167,161.24623703956604,170.0,164.0,27.4,95,8,BAKE-PREHEAT,162.2,165.8,162.2,165.8
2025-08-26T18:08:18.402,161.48125290870667,170.0,164.0,27.4,115,8,BAKE-PREHEAT,162.0,166.0,162.0,166.0
2025-08-26T18:08:18.637,161.7157690525055,170.0,164.1,27.3,93,8,BAKE-PREHEAT,162.2,166.0,162.2,166.0
2025-08-26T18:08:18.868,161.9467430114746,170.0,164.0,27.4,135,8,BAKE-PREHEAT,162.0,166.0,162.0,166.0
2025-08-26T18:08:19.162,162.2407419681549,170.0,164.1,27.4,93,8,BAKE-PREHEAT,162.2,166.0,162.2,166.0
2025-08-26T18:08:19.399,162.4777889251709,170.0,164.0,27.4,135,8,BAKE-PREHEAT,162.2,165.8,162.2,165.8
2025-08-26T18:08:19.636,162.71520495414734,170.0,164.1,27.4,93,8,BAKE-PREHEAT,162.2,166.0,162.2,166.0
2025-08-26T18:08:19.930,163.00968885421753,170.0,164.2,27.4,91,8,BAKE-PREHEAT,162.2,166.2,162.2,166.2
2025-08-26T18:08:20.166,163.2448890209198,170.0,164.1,27.4,133,8,BAKE-PREHEAT,162.2,166.0,162.2,166.0
2025-08-26T18:08:20.400,163.47947788238525,170.0,164.1,27.4,113,8,BAKE-PREHEAT,162.2,166.0,162.2,166.0
2025-08-26T18:08:20.635,163.71437406539917,170.0,164.1,27.4,113,8,BAKE-PREHEAT,162.2,166.0,162.2,166.0
2025-08-26T18:08:20.927,164.00619506835938,170.0,164.4,27.4,68,8,BAKE-PREHEAT,162.2,166.5,162.2,166.5
2025-08-26T18:08:21.162,164.24125790596008,170.0,164.2,27.4,131,8,BAKE-PREHEAT,162.2,166.2,162.2,166.2
2025-08-26T18:08:21.399,164.4784698486328,170.0,164.2,27.4,111,8,BAKE-PREHEAT,162.5,166.0,162.5,166.0
2025-08-26T18:08:21.626,164.70488500595093,170.0,164.5,27.4,66,8,BAKE-PREHEAT,162.5,166.5,162.5,166.5
2025-08-26T18:08:21.917,164.9964439868927,170.0,164.4,27.4,128,8,BAKE-PREHEAT,162.5,166.2,162.5,166.2
2025-08-26T18:08:22.153,165.2320818901062,170.0,164.5,27.4,86,8,BAKE-PREHEAT,162.5,166.5,162.5,166.5
2025-08-26T18:08:22.387,165.46665692329407,170.0,164.5,27.5,106,8,BAKE-PREHEAT,162.5,166.5,162.5,166.5
2025-08-26T18:08:22.687,165.76649689674377,170.0,164.5,27.4,106,8,BAKE-PREHEAT,162.5,166.5,162.5,166.5
2025-08-26T18:08:22.863,165.9421398639679,170.0,164.4,27.4,128,8,BAKE-PREHEAT,162.5,166.2,162.5,166.2
2025-08-26T18:08:23.153,166.23200607299805,170.0,164.4,27.4,108,8,BAKE-PREHEAT,162.5,166.2,162.5,166.2
2025-08-26T18:08:23.389,166.46773386001587,170.0,164.6,27.4,64,8,BAKE-PREHEAT,162.5,166.8,162.5,166.8
2025-08-26T18:08:23.624,166.70371198654175,170.0,164.6,27.4,104,8,BAKE-PREHEAT,162.8,166.5,162.8,166.5
2025-08-26T18:08:23.915,166.99412894248962,170.0,164.5,27.4,126,8,BAKE-PREHEAT,162.8,166.2,162.8,166.2
2025-08-26T18:08:24.148,167.2275049686432,170.0,164.6,27.5,84,8,BAKE-PREHEAT,162.8,166.5,162.8,166.5
2025-08-26T18:08:24.379,167.45862197875977,170.0,164.6,27.4,104,8,BAKE-PREHEAT,162.8,166.5,162.8,166.5
2025-08-26T18:08:24.674,167.7531659603119,170.0,164.5,27.4,126,8,BAKE-PREHEAT,162.8,166.2,162.8,166.2
2025-08-26T18:08:24.913,167.9925980567932,170.0,164.6,27.5,84,8,BAKE-PREHEAT,162.8,166.5,162.8,166.5
2025-08-26T18:08:25.150,168.2289378643036,170.0,164.6,27.4,104,8,BAKE-PREHEAT,163.0,166.2,163.0,166.2
2025-08-26T18:08:25.385,168.46453094482422,170.0,164.5,27.4,126,8,BAKE-PREHEAT,163.0,166.0,163.0,166.0
2025-08-26T18:08:25.615,168.69385290145874,170.0,164.9,27.4,39,8,BAKE-PREHEAT,163.0,166.8,163.0,166.8
2025-08-26T18:08:25.903,168.98220586776733,170.0,164.9,27.4,99,8,BAKE-PREHEAT,163.0,166.8,163.0,166.8
2025-08-26T18:08:26.135,169.21436285972595,170.0,164.9,27.4,99,8,BAKE-PREHEAT,163.0,166.8,163.0,166.8
2025-08-26T18:08:26.371,169.4498200416565,170.0,164.9,27.5,99,8,BAKE-PREHEAT,163.0,166.8,163.0,166.8
2025-08-26T18:08:26.601,169.68010997772217,170.0,164.6,27.4,144,8,BAKE-PREHEAT,163.0,166.2,163.0,166.2
2025-08-26T18:08:26.897,169.97641706466675,170.0,165.0,27.4,37,8,BAKE-PREHEAT,163.0,167.0,163.0,167.0
2025-08-26T18:08:27.122,170.20115685462952,170.0,165.1,27.5,74,8,BAKE-PREHEAT,163.0,167.2,163.0,167.2
2025-08-26T18:08:27.416,170.49563694000244,170.0,164.9,27.5,139,8,BAKE-PREHEAT,163.0,166.8,163.0,166.8
2025-08-26T18:08:27.651,170.73030495643616,170.0,165.2,27.4,32,8,BAKE-PREHEAT,163.2,167.2,163.2,167.2
2025-08-26T18:08:27.882,170.9614598751068,170.0,165.2,27.4,92,8,BAKE-PREHEAT,163.2,167.2,163.2,167.2
2025-08-26T18:08:28.182,171.26156902313232,170.0,165.1,27.4,114,8,BAKE-PREHEAT,163.2,167.0,163.2,167.0
2025-08-26T18:08:28.417,171.4957389831543,170.0,165.0,27.5,117,8,BAKE-PREHEAT,163.2,166.8,163.2,166.8
2025-08-26T18:08:28.656,171.73511290550232,170.0,165.0,27.5,97,8,BAKE-PREHEAT,163.2,166.8,163.2,166.8
2025-08-26T18:08:28.893,171.971755027771,170.0,165.2,27.5,52,8,BAKE-PREHEAT,163.2,167.2,163.2,167.2
2025-08-26T18:08:29.128,172.20705103874207,170.0,165.1,27.5,114,8,BAKE-PREHEAT,163.2,167.0,163.2,167.0
2025-08-26T18:08:29.422,172.5015950202942,170.0,165.4,27.5,50,8,BAKE-PREHEAT,163.2,167.5,163.2,167.5
2025-08-26T18:08:29.658,172.73678302764893,170.0,165.1,27.5,135,8,BAKE-PREHEAT,163.2,167.0,163.2,167.0
2025-08-26T18:08:29.890,172.9692530632019,170.0,165.4,27.5,50,8,BAKE-PREHEAT,163.5,167.2,163.5,167.2
2025-08-26T18:08:30.124,173.20365285873413,170.0,165.1,27.5,135,8,BAKE-PREHEAT,163.2,167.0,163.2,167.0
2025-08-26T18:08:30.419,173.49786686897278,170.0,165.4,27.5,50,8,BAKE-PREHEAT,163.2,167.5,163.2,167.5
2025-08-26T18:08:30.654,173.73338794708252,170.0,165.5,27.5,67,8,BAKE-PREHEAT,163.5,167.5,163.5,167.5
2025-08-26T18:08:30.891,173.97068786621094,170.0,165.5,27.5,87,8,BAKE-PREHEAT,163.2,167.8,163.2,167.8
2025-08-26T18:08:31.190,174.26960492134094,170.0,165.5,27.5,87,8,BAKE-PREHEAT,163.2,167.8,163.2,167.8
2025-08-26T18:08:31.363,174.44271993637085,170.0,165.2,27.5,132,8,BAKE-PREHEAT,163.2,167.2,163.2,167.2
2025-08-26T18:08:31.656,174.73506689071655,170.0,165.4,27.5,70,8,BAKE-PREHEAT,163.5,167.2,163.5,167.2
2025-08-26T18:08:31.892,174.97149896621704,170.0,165.5,27.5,68,8,BAKE-PREHEAT,163.5,167.5,163.5,167.5
2025-08-26T18:08:32.128,175.20708203315735,170.0,165.2,27.5,132,8,BAKE-PREHEAT,163.5,167.0,163.5,167.0
2025-08-26T18:08:32.421,175.5007050037384,170.0,165.2,27.5,92,8,BAKE-PREHEAT,163.5,167.0,163.5,167.0
2025-08-26T18:08:32.659,175.73792099952698,170.0,165.4,27.5,70,8,BAKE-PREHEAT,163.5,167.2,163.5,167.2
2025-08-26T18:08:32.888,175.96738004684448,170.0,165.4,27.5,90,8,BAKE-PREHEAT,163.5,167.2,163.5,167.2
2025-08-26T18:08:33.119,176.19805788993835,170.0,165.4,27.5,90,8,BAKE-PREHEAT,163.8,167.0,163.8,167.0
2025-08-26T18:08:33.413,176.49216985702515,170.0,165.5,27.5,68,8,BAKE-PREHEAT,163.8,167.2,163.8,167.2
2025-08-26T18:08:33.649,176.72817492485046,170.0,165.2,27.5,132,8,BAKE-PREHEAT,163.8,166.8,163.8,166.8
2025-08-26T18:08:33.942,177.02077198028564,170.0,165.5,27.5,48,8,BAKE-PREHEAT,163.8,167.2,163.8,167.2
2025-08-26T18:08:34.114,177.1931140422821,170.0,165.5,27.5,88,8,BAKE-PREHEAT,163.8,167.2,163.8,167.2
2025-08-26T18:08:34.408,177.48717594146729,170.0,165.5,27.5,88,8,BAKE-PREHEAT,163.8,167.2,163.8,167.2
2025-08-26T18:08:34.643,177.72237586975098,170.0,165.4,27.6,110,8,BAKE-PREHEAT,163.8,167.0,163.8,167.0
2025-08-26T18:08:34.876,177.95486688613892,170.0,165.1,27.5,135,8,BAKE-PREHEAT,163.5,166.8,163.5,166.8
2025-08-26T18:08:35.163,178.2420380115509,170.0,165.2,27.5,72,8,BAKE-PREHEAT,163.8,166.8,163.8,166.8
2025-08-26T18:08:35.399,178.47808694839478,170.0,165.2,27.5,92,8,BAKE-PREHEAT,163.8,166.8,163.8,166.8
2025-08-26T18:08:35.629,178.7085189819336,170.0,165.5,27.5,48,8,BAKE-PREHEAT,163.8,167.2,163.8,167.2
2025-08-26T18:08:35.926,179.00544500350952,170.0,165.5,27.5,88,8,BAKE-PREHEAT,163.8,167.2,163.8,167.2
2025-08-26T18:08:36.161,179.24065494537354,170.0,165.5,27.5,88,8,BAKE-PREHEAT,164.0,167.0,164.0,167.0
2025-08-26T18:08:36.165,179.24407196044922,170.0,165.5,27.5,88,8,BAKE-PREHEAT,164.0,167.0,164.0,167.0
2025-08-26T18:08:36.693,179.7718529701233,170.0,165.8,27.5,43,8,BAKE-PREHEAT,164.2,167.2,164.2,167.2
2025-08-26T18:08:36.863,179.94183897972107,170.0,165.2,27.5,173,8,BAKE-PREHEAT,164.0,166.5,164.0,166.5
2025-08-26T18:08:37.157,180.23589086532593,170.0,165.5,27.6,48,8,BAKE-PREHEAT,164.2,166.8,164.2,166.8
2025-08-26T18:08:37.388,180.46695804595947,170.0,165.6,27.5,65,8,BAKE-PREHEAT,164.2,167.0,164.2,167.0
2025-08-26T18:08:37.624,180.7031009197235,170.0,165.6,27.5,85,8,BAKE-PREHEAT,164.2,167.0,164.2,167.0
2025-08-26T18:08:37.916,180.99478387832642,170.0,165.4,27.6,130,8,BAKE-PREHEAT,164.2,166.5,164.2,166.5
2025-08-26T18:08:38.152,181.23127484321594,170.0,165.5,27.5,68,8,BAKE-PREHEAT,164.2,166.8,164.2,166.8
2025-08-26T18:08:38.381,181.46045684814453,170.0,165.4,27.6,110,8,BAKE-PREHEAT,164.2,166.5,164.2,166.5
2025-08-26T18:08:38.616,181.695405960083,170.0,165.1,27.6,135,8,BAKE-PREHEAT,164.2,166.0,164.2,166.0
2025-08-26T18:08:38.908,181.98718285560608,170.0,165.6,27.6,6,8,BAKE-PREHEAT,164.5,166.8,164.5,166.8
2025-08-26T18:08:39.145,182.2240869998932,170.0,165.4,27.5,130,8,BAKE-PREHEAT,164.5,166.2,164.5,166.2
2025-08-26T18:08:39.382,182.4613299369812,170.0,165.2,27.6,113,8,BAKE-PREHEAT,164.2,166.2,164.2,166.2
2025-08-26T18:08:39.674,182.75311303138733,170.0,165.2,27.6,93,8,BAKE-PREHEAT,164.2,166.2,164.2,166.2
2025-08-26T18:08:39.909,182.98847603797913,170.0,165.5,27.5,48,8,BAKE-PREHEAT,164.5,166.5,164.5,166.5
2025-08-26T18:08:40.142,183.22100806236267,170.0,165.2,27.5,133,8,BAKE-PREHEAT,164.2,166.2,164.2,166.2
2025-08-26T18:08:40.378,183.45768284797668,170.0,165.2,27.6,93,8,BAKE-PREHEAT,164.5,166.0,164.5,166.0
2025-08-26T18:08:40.673,183.75220799446106,170.0,165.2,27.6,93,8,BAKE-PREHEAT,164.5,166.0,164.5,166.0
2025-08-26T18:08:40.906,183.9855818748474,170.0,165.4,27.6,70,8,BAKE-PREHEAT,164.5,166.2,164.5,166.2
2025-08-26T18:08:41.138,184.21682596206665,170.0,165.4,27.6,90,8,BAKE-PREHEAT,164.5,166.2,164.5,166.2
2025-08-26T18:08:41.373,184.45253992080688,170.0,165.2,27.5,113,8,BAKE-PREHEAT,164.2,166.2,164.2,166.2
2025-08-26T18:08:41.663,184.74268007278442,170.0,165.5,27.6,48,8,BAKE-PREHEAT,164.5,166.5,164.5,166.5
2025-08-26T18:08:41.902,184.9813199043274,170.0,165.2,27.6,133,8,BAKE-PREHEAT,164.5,166.0,164.5,166.0
2025-08-26T18:08:42.136,185.21570491790771,170.0,165.6,27.6,26,8,BAKE-PREHEAT,164.5,166.8,164.5,166.8
2025-08-26T18:08:42.432,185.51072788238525,170.0,165.6,27.5,86,8,BAKE-PREHEAT,164.5,166.8,164.5,166.8
2025-08-26T18:08:42.671,185.75037598609924,170.0,165.5,27.6,108,8,BAKE-PREHEAT,164.5,166.5,164.5,166.5
2025-08-26T18:08:42.908,185.98705387115479,170.0,165.5,27.6,88,8,BAKE-PREHEAT,164.8,166.2,164.8,166.2
2025-08-26T18:08:43.145,186.2240128517151,170.0,165.5,27.6,88,8,BAKE-PREHEAT,164.5,166.5,164.5,166.5
2025-08-26T18:08:43.380,186.45942997932434,170.0,165.8,27.6,43,8,BAKE-PREHEAT,164.5,167.0,164.5,167.0
2025-08-26T18:08:43.679,186.75776886940002,170.0,165.4,27.6,151,8,BAKE-PREHEAT,164.8,166.0,164.8,166.0
2025-08-26T18:08:43.917,186.9958679676056,170.0,165.4,27.6,91,8,BAKE-PREHEAT,164.5,166.2,164.5,166.2
2025-08-26T18:08:44.146,187.2257170677185,170.0,165.1,27.6,135,8,BAKE-PREHEAT,164.5,165.8,164.5,165.8
2025-08-26T18:08:44.381,187.4602279663086,170.0,165.4,27.6,51,8,BAKE-PREHEAT,164.8,166.0,164.8,166.0
2025-08-26T18:08:44.616,187.69485902786255,170.0,165.6,27.6,46,8,BAKE-PREHEAT,164.8,166.5,164.8,166.5
2025-08-26T18:08:44.907,187.9861660003662,170.0,165.6,27.6,86,8,BAKE-PREHEAT,164.8,166.5,164.8,166.5
2025-08-26T18:08:45.203,188.2825129032135,170.0,165.6,27.6,86,8,BAKE-PREHEAT,164.8,166.5,164.8,166.5
2025-08-26T18:08:45.378,188.45695996284485,170.0,165.6,27.6,86,8,BAKE-PREHEAT,164.8,166.5,164.8,166.5
2025-08-26T18:08:45.615,188.69396901130676,170.0,165.8,27.6,64,8,BAKE-PREHEAT,164.8,166.8,164.8,166.8
2025-08-26T18:08:45.906,188.9856059551239,170.0,165.6,27.6,106,8,BAKE-PREHEAT,164.8,166.5,164.8,166.5
2025-08-26T18:08:46.143,189.22214698791504,170.0,165.8,27.6,64,8,BAKE-PREHEAT,164.8,166.8,164.8,166.8
2025-08-26T18:08:46.196,189.27554297447205,170.0,165.6,27.6,106,8,BAKE-PREHEAT,164.8,166.5,164.8,166.5
2025-08-26T18:08:46.667,189.74587297439575,170.0,165.8,27.6,64,8,BAKE-PREHEAT,164.8,166.8,164.8,166.8
2025-08-26T18:08:46.896,189.97550106048584,170.0,165.6,27.7,106,8,BAKE-PREHEAT,164.8,166.5,164.8,166.5
2025-08-26T18:08:47.129,190.2080659866333,170.0,165.5,27.6,108,8,BAKE-PREHEAT,164.5,166.5,164.5,166.5
2025-08-26T18:08:47.419,190.49853205680847,170.0,165.6,27.7,66,8,BAKE-PREHEAT,164.8,166.5,164.8,166.5
2025-08-26T18:08:47.659,190.73824095726013,170.0,166.1,27.6,0,8,BAKE-PREHEAT,164.8,167.5,164.8,167.5
2025-08-26T18:08:47.895,190.97436785697937,170.0,165.6,27.6,166,8,BAKE-PREHEAT,164.8,166.5,164.8,166.5
2025-08-26T18:08:48.126,191.20529794692993,170.0,165.8,27.6,64,8,BAKE-PREHEAT,164.8,166.8,164.8,166.8
2025-08-26T18:08:48.364,191.44336199760437,170.0,165.9,27.7,61,8,BAKE-PREHEAT,164.8,167.0,164.8,167.0
2025-08-26T18:08:48.654,191.73346185684204,170.0,165.8,27.6,104,8,BAKE-PREHEAT,164.5,167.0,164.5,167.0
2025-08-26T18:08:48.890,191.96882486343384,170.0,165.9,27.7,61,8,BAKE-PREHEAT,164.8,167.0,164.8,167.0
2025-08-26T18:08:49.120,192.19896292686462,170.0,166.2,27.6,14,8,BAKE-PREHEAT,164.8,167.8,164.8,167.8
2025-08-26T18:08:49.411,192.4905960559845,170.0,165.9,27.6,141,8,BAKE-PREHEAT,164.5,167.2,164.5,167.2
2025-08-26T18:08:49.643,192.7217869758606,170.0,166.1,27.7,37,8,BAKE-PREHEAT,165.0,167.2,165.0,167.2
2025-08-26T18:08:49.880,192.95896196365356,170.0,166.0,27.7,99,8,BAKE-PREHEAT,164.8,167.2,164.8,167.2
2025-08-26T18:08:50.114,193.19355988502502,170.0,166.1,27.6,57,8,BAKE-PREHEAT,164.8,167.5,164.8,167.5
2025-08-26T18:08:50.408,193.48718404769897,170.0,166.1,27.7,77,8,BAKE-PREHEAT,164.8,167.5,164.8,167.5
2025-08-26T18:08:50.644,193.7233989238739,170.0,165.9,27.7,121,8,BAKE-PREHEAT,164.8,167.0,164.8,167.0
2025-08-26T18:08:50.875,193.95391607284546,170.0,165.9,27.6,81,8,BAKE-PREHEAT,164.8,167.0,164.8,167.0
2025-08-26T18:08:51.165,194.24444699287415,170.0,165.8,27.7,104,8,BAKE-PREHEAT,164.8,166.8,164.8,166.8
2025-08-26T18:08:51.404,194.48339891433716,170.0,165.9,27.7,61,8,BAKE-PREHEAT,164.8,167.0,164.8,167.0
2025-08-26T18:08:51.641,194.7202808856964,170.0,165.9,27.7,81,8,BAKE-PREHEAT,164.8,167.0,164.8,167.0
2025-08-26T18:08:51.876,194.95486497879028,170.0,165.8,27.7,104,8,BAKE-PREHEAT,165.0,166.5,165.0,166.5
2025-08-26T18:08:52.167,195.24641394615173,170.0,166.1,27.7,17,8,BAKE-PREHEAT,164.8,167.5,164.8,167.5
2025-08-26T18:08:52.404,195.48362588882446,170.0,166.0,27.7,99,8,BAKE-PREHEAT,165.0,167.0,165.0,167.0
2025-08-26T18:08:52.641,195.72043585777283,170.0,165.9,27.7,102,8,BAKE-PREHEAT,165.0,166.8,165.0,166.8
2025-08-26T18:08:52.877,195.95643305778503,170.0,166.1,27.7,37,8,BAKE-PREHEAT,165.0,167.2,165.0,167.2
2025-08-26T18:08:53.171,196.24973392486572,170.0,165.9,27.7,122,8,BAKE-PREHEAT,164.8,167.0,164.8,167.0
2025-08-26T18:08:53.401,196.4802520275116,170.0,166.0,27.7,59,8,BAKE-PREHEAT,165.0,167.0,165.0,167.0
2025-08-26T18:08:53.636,196.71537399291992,170.0,165.9,27.7,102,8,BAKE-PREHEAT,164.8,167.0,164.8,167.0
2025-08-26T18:08:53.864,196.9430809020996,170.0,166.0,27.7,59,8,BAKE-PREHEAT,164.8,167.2,164.8,167.2
2025-08-26T18:08:54.158,197.23705792427063,170.0,166.2,27.7,34,8,BAKE-PREHEAT,165.0,167.5,165.0,167.5
2025-08-26T18:08:54.389,197.4685628414154,170.0,166.0,27.7,119,8,BAKE-PREHEAT,164.8,167.2,164.8,167.2
2025-08-26T18:08:54.626,197.7056279182434,170.0,166.1,27.7,57,8,BAKE-PREHEAT,164.8,167.5,164.8,167.5
2025-08-26T18:08:54.914,197.99349188804626,170.0,166.1,27.7,77,8,BAKE-PREHEAT,165.0,167.2,165.0,167.2
2025-08-26T18:08:55.149,198.2286548614502,170.0,166.1,27.7,77,8,BAKE-PREHEAT,165.0,167.2,165.0,167.2
2025-08-26T18:08:55.383,198.46267795562744,170.0,166.1,27.7,77,8,BAKE-PREHEAT,165.0,167.2,165.0,167.2
2025-08-26T18:08:55.619,198.69822692871094,170.0,166.1,27.7,77,8,BAKE-PREHEAT,164.8,167.5,164.8,167.5
2025-08-26T18:08:55.908,198.98767590522766,170.0,165.8,27.7,144,8,BAKE-PREHEAT,164.8,166.8,164.8,166.8
2025-08-26T18:08:56.143,199.22271299362183,170.0,165.9,27.7,62,8,BAKE-PREHEAT,164.8,167.0,164.8,167.0
2025-08-26T18:08:56.258,199.336816072464,170.0,165.8,27.8,104,8,BAKE-PREHEAT,164.8,166.8,164.8,166.8
2025-08-26T18:08:56.666,199.74568104743958,170.0,165.8,27.7,84,8,BAKE-PREHEAT,164.8,166.8,164.8,166.8
2025-08-26T18:08:56.903,199.98179388046265,170.0,165.9,27.8,62,8,BAKE-PREHEAT,164.8,167.0,164.8,167.0
2025-08-26T18:08:57.134,200.21344685554504,170.0,165.8,27.7,104,8,BAKE-PREHEAT,164.8,166.8,164.8,166.8
2025-08-26T18:08:57.366,200.4455108642578,170.0,165.9,27.7,62,8,BAKE-PREHEAT,165.0,166.8,165.0,166.8
2025-08-26T18:08:57.653,200.73262786865234,170.0,165.6,27.7,126,8,BAKE-PREHEAT,164.8,166.5,164.8,166.5
2025-08-26T18:08:57.886,200.96546006202698,170.0,165.8,27.7,64,8,BAKE-PREHEAT,165.0,166.5,165.0,166.5
2025-08-26T18:08:58.114,201.1927318572998,170.0,165.6,27.7,107,8,BAKE-PREHEAT,164.8,166.5,164.8,166.5
2025-08-26T18:08:58.406,201.4855580329895,170.0,165.8,27.8,64,8,BAKE-PREHEAT,164.8,166.8,164.8,166.8
2025-08-26T18:08:58.644,201.72321200370789,170.0,165.5,27.8,129,8,BAKE-PREHEAT,164.8,166.2,164.8,166.2
2025-08-26T18:08:58.879,201.95829606056213,170.0,165.4,27.7,111,8,BAKE-PREHEAT,164.8,166.0,164.8,166.0
2025-08-26T18:08:59.166,202.2454969882965,170.0,165.8,27.8,24,8,BAKE-PREHEAT,165.0,166.5,165.0,166.5
2025-08-26T18:08:59.402,202.48099184036255,170.0,166.0,27.8,39,8,BAKE-PREHEAT,164.8,167.2,164.8,167.2
2025-08-26T18:08:59.638,202.71737694740295,170.0,165.9,27.8,102,8,BAKE-PREHEAT,164.8,167.0,164.8,167.0
2025-08-26T18:08:59.875,202.95404386520386,170.0,165.8,27.8,104,8,BAKE-PREHEAT,164.8,166.8,164.8,166.8
2025-08-26T18:09:00.163,203.24234294891357,170.0,165.5,27.8,129,8,BAKE-PREHEAT,164.8,166.2,164.8,166.2
2025-08-26T18:09:00.398,203.4771740436554,170.0,165.8,27.8,44,8,BAKE-PREHEAT,165.0,166.5,165.0,166.5
2025-08-26T18:09:00.633,203.71188592910767,170.0,165.8,27.8,84,8,BAKE-PREHEAT,164.8,166.8,164.8,166.8
2025-08-26T18:09:00.863,203.94238996505737,170.0,165.9,27.8,62,8,BAKE-PREHEAT,165.0,166.8,165.0,166.8
2025-08-26T18:09:01.158,204.23687887191772,170.0,166.0,27.8,60,8,BAKE-PREHEAT,164.8,167.2,164.8,167.2
2025-08-26T18:09:01.389,204.46817088127136,170.0,165.6,27.8,147,8,BAKE-PREHEAT,164.8,166.5,164.8,166.5
2025-08-26T18:09:01.624,204.70302200317383,170.0,165.8,27.8,64,8,BAKE-PREHEAT,164.8,166.8,164.8,166.8
2025-08-26T18:09:01.913,204.9923939704895,170.0,165.6,27.8,107,8,BAKE-PREHEAT,164.8,166.5,164.8,166.5
2025-08-26T18:09:02.147,205.22602486610413,170.0,165.5,27.8,109,8,BAKE-PREHEAT,164.8,166.2,164.8,166.2
2025-08-26T18:09:02.378,205.45726203918457,170.0,165.6,27.8,67,8,BAKE-PREHEAT,164.8,166.5,164.8,166.5
2025-08-26T18:09:02.613,205.69219303131104,170.0,165.6,27.8,87,8,BAKE-PREHEAT,164.8,166.5,164.8,166.5
2025-08-26T18:09:02.907,205.98592495918274,170.0,165.6,27.8,87,8,BAKE-PREHEAT,165.0,166.2,165.0,166.2
2025-08-26T18:09:03.141,206.2200300693512,170.0,166.0,27.8,20,8,BAKE-PREHEAT,165.0,167.0,165.0,167.0
2025-08-26T18:09:03.441,206.5202260017395,170.0,165.8,27.8,124,8,BAKE-PREHEAT,165.0,166.5,165.0,166.5
2025-08-26T18:09:03.615,206.6939399242401,170.0,165.6,27.8,107,8,BAKE-PREHEAT,164.8,166.5,164.8,166.5
2025-08-26T18:09:03.909,206.98827290534973,170.0,165.6,27.8,87,8,BAKE-PREHEAT,164.8,166.5,164.8,166.5
2025-08-26T18:09:04.147,207.22603392601013,170.0,165.9,27.8,42,8,BAKE-PREHEAT,165.2,166.5,165.2,166.5
2025-08-26T18:09:04.381,207.46069884300232,170.0,165.9,27.8,82,8,BAKE-PREHEAT,165.0,166.8,165.0,166.8
2025-08-26T18:09:04.679,207.75845384597778,170.0,165.9,27.8,82,8,BAKE-PREHEAT,165.0,166.8,165.0,166.8
2025-08-26T18:09:04.913,207.99251198768616,170.0,165.8,27.8,104,8,BAKE-PREHEAT,165.0,166.5,165.0,166.5
2025-08-26T18:09:05.151,208.2301540374756,170.0,165.6,27.8,107,8,BAKE-PREHEAT,165.0,166.2,165.0,166.2
2025-08-26T18:09:05.387,208.4657859802246,170.0,166.0,27.8,20,8,BAKE-PREHEAT,165.0,167.0,165.0,167.0
2025-08-26T18:09:05.623,208.70249891281128,170.0,165.9,27.8,102,8,BAKE-PREHEAT,165.2,166.5,165.2,166.5
2025-08-26T18:09:05.917,208.99609303474426,170.0,166.0,27.8,60,8,BAKE-PREHEAT,165.2,166.8,165.2,166.8
2025-08-26T18:09:06.153,209.23224091529846,170.0,165.8,27.8,125,8,BAKE-PREHEAT,165.0,166.5,165.0,166.5
2025-08-26T18:09:06.321,209.40012288093567,170.0,166.0,27.8,40,8,BAKE-PREHEAT,165.0,167.0,165.0,167.0
2025-08-26T18:09:06.664,209.74347591400146,170.0,165.9,27.8,102,8,BAKE-PREHEAT,165.2,166.5,165.2,166.5
2025-08-26T18:09:06.903,209.98246097564697,170.0,166.0,27.8,60,8,BAKE-PREHEAT,165.2,166.8,165.2,166.8
2025-08-26T18:09:07.136,210.21478390693665,170.0,165.9,27.8,102,8,BAKE-PREHEAT,165.2,166.5,165.2,166.5
2025-08-26T18:09:07.432,210.5116159915924,170.0,165.9,27.8,82,8,BAKE-PREHEAT,165.2,166.5,165.2,166.5
2025-08-26T18:09:07.668,210.74723100662231,170.0,166.1,27.8,38,8,BAKE-PREHEAT,165.2,167.0,165.2,167.0
2025-08-26T18:09:07.907,210.9860589504242,170.0,165.9,27.8,122,8,BAKE-PREHEAT,165.2,166.5,165.2,166.5
2025-08-26T18:09:08.144,211.2236030101776,170.0,166.1,27.8,38,8,BAKE-PREHEAT,165.2,167.0,165.2,167.0
2025-08-26T18:09:08.378,211.4571750164032,170.0,165.8,27.8,145,8,BAKE-PREHEAT,165.2,166.2,165.2,166.2
2025-08-26T18:09:08.612,211.6916539669037,170.0,165.9,27.8,62,8,BAKE-PREHEAT,165.2,166.5,165.2,166.5
2025-08-26T18:09:08.902,211.98159003257751,170.0,166.0,27.9,60,8,BAKE-PREHEAT,165.5,166.5,165.5,166.5
2025-08-26T18:09:09.138,212.2168710231781,170.0,165.6,27.8,147,8,BAKE-PREHEAT,165.2,166.0,165.2,166.0
2025-08-26T18:09:09.374,212.45294284820557,170.0,166.0,27.8,20,8,BAKE-PREHEAT,165.2,166.8,165.2,166.8
2025-08-26T18:09:09.665,212.74427795410156,170.0,165.9,27.8,102,8,BAKE-PREHEAT,165.2,166.5,165.2,166.5
2025-08-26T18:09:09.904,212.98341393470764,170.0,166.2,27.8,15,8,BAKE-PREHEAT,165.2,167.2,165.2,167.2
2025-08-26T18:09:10.138,213.2169120311737,170.0,166.1,27.8,98,8,BAKE-PREHEAT,165.2,167.0,165.2,167.0
2025-08-26T18:09:10.433,213.5124249458313,170.0,166.0,27.8,100,8,BAKE-PREHEAT,165.2,166.8,165.2,166.8
2025-08-26T18:09:10.610,213.6890709400177,170.0,166.0,27.8,80,8,BAKE-PREHEAT,165.5,166.5,165.5,166.5
2025-08-26T18:09:10.901,213.98036003112793,170.0,166.0,27.9,80,8,BAKE-PREHEAT,165.2,166.8,165.2,166.8
2025-08-26T18:09:11.135,214.21381902694702,170.0,166.1,27.9,58,8,BAKE-PREHEAT,165.2,167.0,165.2,167.0
2025-08-26T18:09:11.370,214.44950890541077,170.0,166.0,27.8,100,8,BAKE-PREHEAT,165.2,166.8,165.2,166.8
2025-08-26T18:09:11.663,214.74257683753967,170.0,166.2,27.8,35,8,BAKE-PREHEAT,165.2,167.2,165.2,167.2
2025-08-26T18:09:11.898,214.97748589515686,170.0,166.1,27.8,98,8,BAKE-PREHEAT,165.2,167.0,165.2,167.0
2025-08-26T18:09:12.127,215.20652985572815,170.0,166.1,27.8,78,8,BAKE-PREHEAT,165.2,167.0,165.2,167.0
2025-08-26T18:09:12.362,215.4407229423523,170.0,166.2,27.9,55,8,BAKE-PREHEAT,165.2,167.2,165.2,167.2
2025-08-26T18:09:12.656,215.73517990112305,170.0,166.2,27.9,75,8,BAKE-PREHEAT,165.2,167.2,165.2,167.2
2025-08-26T18:09:12.887,215.96671390533447,170.0,166.2,27.9,75,8,BAKE-PREHEAT,165.2,167.2,165.2,167.2
2025-08-26T18:09:13.180,216.25935983657837,170.0,166.1,27.9,98,8,BAKE-PREHEAT,165.2,167.0,165.2,167.0
2025-08-26T18:09:13.419,216.4981780052185,170.0,165.9,27.8,123,8,BAKE-PREHEAT,165.0,166.8,165.0,166.8
2025-08-26T18:09:13.659,216.73772501945496,170.0,166.2,27.9,15,8,BAKE-PREHEAT,165.2,167.2,165.2,167.2
2025-08-26T18:09:13.891,216.96999788284302,170.0,166.0,27.9,120,8,BAKE-PREHEAT,165.2,166.8,165.2,166.8
2025-08-26T18:09:14.127,217.20623898506165,170.0,166.1,27.9,58,8,BAKE-PREHEAT,165.2,167.0,165.2,167.0
2025-08-26T18:09:14.425,217.50433492660522,170.0,166.1,27.9,78,8,BAKE-PREHEAT,165.2,167.0,165.2,167.0
2025-08-26T18:09:14.662,217.74084091186523,170.0,166.2,27.9,55,8,BAKE-PREHEAT,165.2,167.2,165.2,167.2
2025-08-26T18:09:14.896,217.9748239517212,170.0,166.2,27.9,75,8,BAKE-PREHEAT,165.2,167.2,165.2,167.2
2025-08-26T18:09:15.129,218.20842790603638,170.0,166.2,27.9,75,8,BAKE-PREHEAT,165.2,167.2,165.2,167.2
2025-08-26T18:09:15.364,218.44291496276855,170.0,166.1,27.9,98,8,BAKE-PREHEAT,165.2,167.0,165.2,167.0
2025-08-26T18:09:15.658,218.73734498023987,170.0,166.2,27.9,56,8,BAKE-PREHEAT,165.2,167.2,165.2,167.2
2025-08-26T18:09:15.894,218.97286105155945,170.0,166.1,27.9,98,8,BAKE-PREHEAT,165.2,167.0,165.2,167.0
2025-08-26T18:09:16.125,219.20382404327393,170.0,166.4,27.9,33,8,BAKE-PREHEAT,165.2,167.5,165.2,167.5
2025-08-26T18:09:16.360,219.43903589248657,170.0,166.4,27.9,73,8,BAKE-PREHEAT,165.2,167.5,165.2,167.5
2025-08-26T18:09:16.413,219.4923219680786,170.0,166.4,27.9,73,8,BAKE-PREHEAT,165.2,167.5,165.2,167.5
2025-08-26T18:09:16.888,219.9673240184784,170.0,166.1,27.9,118,8,BAKE-PREHEAT,165.2,167.0,165.2,167.0
2025-08-26T18:09:17.124,220.20299696922302,170.0,166.1,27.9,78,8,BAKE-PREHEAT,165.2,167.0,165.2,167.0
2025-08-26T18:09:17.413,220.4921350479126,170.0,166.1,27.9,78,8,BAKE-PREHEAT,165.2,167.0,165.2,167.0
2025-08-26T18:09:17.651,220.72988891601562,170.0,166.4,27.9,33,8,BAKE-PREHEAT,165.2,167.5,165.2,167.5
2025-08-26T18:09:17.887,220.96666288375854,170.0,166.5,27.9,51,8,BAKE-PREHEAT,165.5,167.5,165.5,167.5
2025-08-26T18:09:18.120,221.19959092140198,170.0,166.4,27.9,93,8,BAKE-PREHEAT,165.5,167.2,165.5,167.2
2025-08-26T18:09:18.409,221.48784804344177,170.0,166.1,27.9,118,8,BAKE-PREHEAT,165.2,167.0,165.2,167.0
2025-08-26T18:09:18.644,221.72359085083008,170.0,166.6,27.9,0,8,BAKE-PREHEAT,165.5,167.8,165.5,167.8
2025-08-26T18:09:18.878,221.95751404762268,170.0,166.2,27.9,136,8,BAKE-PREHEAT,165.5,167.0,165.5,167.0
2025-08-26T18:09:19.108,222.1873390674591,170.0,166.5,27.9,31,8,BAKE-PREHEAT,165.5,167.5,165.5,167.5
2025-08-26T18:09:19.402,222.48116397857666,170.0,166.2,27.9,116,8,BAKE-PREHEAT,165.5,167.0,165.5,167.0
2025-08-26T18:09:19.638,222.7176389694214,170.0,166.2,28.0,76,8,BAKE-PREHEAT,165.5,167.0,165.5,167.0
2025-08-26T18:09:19.875,222.95457792282104,170.0,166.1,27.9,98,8,BAKE-PREHEAT,165.2,167.0,165.2,167.0
2025-08-26T18:09:20.163,223.24226784706116,170.0,166.0,27.9,100,8,BAKE-PREHEAT,165.5,166.5,165.5,166.5
2025-08-26T18:09:20.402,223.48128604888916,170.0,166.1,27.9,58,8,BAKE-PREHEAT,165.5,166.8,165.5,166.8
2025-08-26T18:09:20.638,223.71766304969788,170.0,165.9,28.0,123,8,BAKE-PREHEAT,165.5,166.2,165.5,166.2
2025-08-26T18:09:20.876,223.95513486862183,170.0,165.9,28.0,83,8,BAKE-PREHEAT,165.2,166.5,165.2,166.5
2025-08-26T18:09:21.163,224.24269199371338,170.0,166.0,28.0,61,8,BAKE-PREHEAT,165.2,166.8,165.2,166.8
2025-08-26T18:09:21.396,224.47474598884583,170.0,166.1,28.0,58,8,BAKE-PREHEAT,165.5,166.8,165.5,166.8
2025-08-26T18:09:21.696,224.77541399002075,170.0,166.2,27.9,56,8,BAKE-PREHEAT,165.5,167.0,165.5,167.0
2025-08-26T18:09:21.865,224.94382405281067,170.0,166.0,28.0,121,8,BAKE-PREHEAT,165.2,166.8,165.2,166.8
2025-08-26T18:09:22.156,225.23520302772522,170.0,166.0,28.0,81,8,BAKE-PREHEAT,165.5,166.5,165.5,166.5
2025-08-26T18:09:22.393,225.47247505187988,170.0,166.0,28.0,81,8,BAKE-PREHEAT,165.5,166.5,165.5,166.5
2025-08-26T18:09:22.628,225.70678997039795,170.0,165.9,28.0,103,8,BAKE-PREHEAT,165.2,166.5,165.2,166.5
2025-08-26T18:09:22.929,226.00778484344482,170.0,166.1,28.0,38,8,BAKE-PREHEAT,165.5,166.8,165.5,166.8
2025-08-26T18:09:23.164,226.243558883667,170.0,166.0,28.0,101,8,BAKE-PREHEAT,165.5,166.5,165.5,166.5
2025-08-26T18:09:23.403,226.4825279712677,170.0,165.8,28.0,125,8,BAKE-PREHEAT,165.2,166.2,165.2,166.2
2025-08-26T18:09:23.640,226.719300031662,170.0,166.1,28.0,18,8,BAKE-PREHEAT,165.5,166.8,165.5,166.8
2025-08-26T18:09:23.877,226.9559440612793,170.0,166.1,28.0,78,8,BAKE-PREHEAT,165.8,166.5,165.8,166.5
2025-08-26T18:09:24.171,227.2501609325409,170.0,166.2,28.0,56,8,BAKE-PREHEAT,165.8,166.8,165.8,166.8
2025-08-26T18:09:24.405,227.4842128753662,170.0,165.9,28.0,143,8,BAKE-PREHEAT,165.5,166.2,165.5,166.2
2025-08-26T18:09:24.643,227.72203397750854,170.0,165.9,28.0,83,8,BAKE-PREHEAT,165.5,166.2,165.5,166.2
2025-08-26T18:09:24.878,227.95702290534973,170.0,166.0,28.0,61,8,BAKE-PREHEAT,165.5,166.5,165.5,166.5
2025-08-26T18:09:25.112,228.1915249824524,170.0,165.9,28.0,103,8,BAKE-PREHEAT,165.5,166.2,165.5,166.2
2025-08-26T18:09:25.406,228.4855499267578,170.0,165.6,28.0,128,8,BAKE-PREHEAT,165.5,165.8,165.5,165.8
2025-08-26T18:09:25.640,228.71910285949707,170.0,165.9,28.0,43,8,BAKE-PREHEAT,165.5,166.2,165.5,166.2
2025-08-26T18:09:25.869,228.94823288917542,170.0,165.6,28.0,128,8,BAKE-PREHEAT,165.5,165.8,165.5,165.8
2025-08-26T18:09:26.155,229.23444390296936,170.0,166.1,28.0,0,8,BAKE-PREHEAT,165.8,166.5,165.8,166.5
2025-08-26T18:09:26.393,229.47204089164734,170.0,165.8,28.0,146,8,BAKE-PREHEAT,165.5,166.0,165.5,166.0
2025-08-26T18:09:26.447,229.5263910293579,170.0,165.6,28.0,108,8,BAKE-PREHEAT,165.5,165.8,165.5,165.8
2025-08-26T18:09:26.909,229.98805403709412,170.0,165.9,28.0,43,8,BAKE-PREHEAT,165.8,166.0,165.8,166.0
2025-08-26T18:09:27.142,230.22146606445312,170.0,165.8,28.0,106,8,BAKE-PREHEAT,165.8,165.8,165.8,165.8
2025-08-26T18:09:27.372,230.45099306106567,170.0,165.8,28.0,86,8,BAKE-PREHEAT,165.8,165.8,165.8,165.8
2025-08-26T18:09:27.610,230.68921399116516,170.0,165.8,28.0,86,8,BAKE-PREHEAT,165.8,165.8,165.8,165.8
2025-08-26T18:09:27.904,230.983402967453,170.0,165.9,28.0,63,8,BAKE-PREHEAT,165.8,166.0,165.8,166.0
2025-08-26T18:09:28.137,231.21642994880676,170.0,165.6,28.0,128,8,BAKE-PREHEAT,165.8,165.5,165.8,165.5
2025-08-26T18:09:28.371,231.4498610496521,170.0,165.6,28.0,88,8,BAKE-PREHEAT,165.8,165.5,165.8,165.5
2025-08-26T18:09:28.660,231.73943400382996,170.0,166.0,28.1,21,8,BAKE-PREHEAT,165.8,166.2,165.8,166.2
2025-08-26T18:09:28.897,231.97610998153687,170.0,165.6,28.0,148,8,BAKE-PREHEAT,165.8,165.5,165.8,165.5
2025-08-26T18:09:29.133,232.2117898464203,170.0,165.8,28.0,66,8,BAKE-PREHEAT,165.8,165.8,165.8,165.8
2025-08-26T18:09:29.368,232.44710302352905,170.0,165.9,28.0,63,8,BAKE-PREHEAT,165.5,166.2,165.5,166.2
2025-08-26T18:09:29.662,232.7411708831787,170.0,165.6,28.1,128,8,BAKE-PREHEAT,165.8,165.5,165.8,165.5
2025-08-26T18:09:29.897,232.97600483894348,170.0,165.9,28.1,43,8,BAKE-PREHEAT,165.8,166.0,165.8,166.0
2025-08-26T18:09:30.132,233.21169590950012,170.0,165.6,28.0,128,8,BAKE-PREHEAT,165.8,165.5,165.8,165.5
2025-08-26T18:09:30.360,233.4396469593048,170.0,165.6,28.1,88,8,BAKE-PREHEAT,165.8,165.5,165.8,165.5
2025-08-26T18:09:30.654,233.73363089561462,170.0,166.0,28.0,21,8,BAKE-PREHEAT,165.8,166.2,165.8,166.2
2025-08-26T18:09:30.892,233.97139406204224,170.0,165.6,28.1,148,8,BAKE-PREHEAT,165.8,165.5,165.8,165.5
2025-08-26T18:09:31.129,234.20864701271057,170.0,165.9,28.1,43,8,BAKE-PREHEAT,165.8,166.0,165.8,166.0
2025-08-26T18:09:31.419,234.49782586097717,170.0,165.8,28.1,106,8,BAKE-PREHEAT,165.8,165.8,165.8,165.8
2025-08-26T18:09:31.658,234.73686695098877,170.0,166.0,28.1,41,8,BAKE-PREHEAT,166.0,166.0,166.0,166.0
2025-08-26T18:09:31.896,234.97557592391968,170.0,165.9,28.1,103,8,BAKE-PREHEAT,165.8,166.0,165.8,166.0
2025-08-26T18:09:32.132,235.21099305152893,170.0,165.9,28.1,83,8,BAKE-PREHEAT,166.0,165.8,166.0,165.8
2025-08-26T18:09:32.367,235.44635701179504,170.0,166.0,28.1,61,8,BAKE-PREHEAT,165.8,166.2,165.8,166.2
2025-08-26T18:09:32.660,235.7394950389862,170.0,165.9,28.1,103,8,BAKE-PREHEAT,165.8,166.0,165.8,166.0
2025-08-26T18:09:32.895,235.97419500350952,170.0,165.6,28.1,128,8,BAKE-PREHEAT,165.8,165.5,165.8,165.5
2025-08-26T18:09:33.124,236.20303606987,170.0,165.6,28.1,88,8,BAKE-PREHEAT,165.8,165.5,165.8,165.5
2025-08-26T18:09:33.418,236.49683094024658,170.0,165.5,28.1,111,8,BAKE-PREHEAT,165.8,165.2,165.8,165.2
2025-08-26T18:09:33.657,236.73586106300354,170.0,165.8,28.1,46,8,BAKE-PREHEAT,165.8,165.8,165.8,165.8
2025-08-26T18:09:33.895,236.974426984787,170.0,165.8,28.1,86,8,BAKE-PREHEAT,165.8,165.8,165.8,165.8
2025-08-26T18:09:34.131,237.2103250026703,170.0,165.8,28.1,86,8,BAKE-PREHEAT,166.0,165.5,166.0,165.5
2025-08-26T18:09:34.360,237.4388449192047,170.0,165.6,28.1,108,8,BAKE-PREHEAT,165.8,165.5,165.8,165.5
2025-08-26T18:09:34.654,237.732745885849,170.0,166.0,28.1,21,8,BAKE-PREHEAT,166.0,166.0,166.0,166.0
2025-08-26T18:09:34.890,237.96928000450134,170.0,166.0,28.1,81,8,BAKE-PREHEAT,166.0,166.0,166.0,166.0
2025-08-26T18:09:35.125,238.20449686050415,170.0,166.0,28.1,81,8,BAKE-PREHEAT,166.0,166.0,166.0,166.0
2025-08-26T18:09:35.420,238.49970698356628,170.0,166.2,28.1,36,8,BAKE-PREHEAT,166.0,166.5,166.0,166.5
2025-08-26T18:09:35.658,238.73677396774292,170.0,166.0,28.1,121,8,BAKE-PREHEAT,166.2,165.8,166.2,165.8
2025-08-26T18:09:35.897,238.9761438369751,170.0,166.2,28.1,36,8,BAKE-PREHEAT,166.2,166.2,166.2,166.2
2025-08-26T18:09:36.133,239.2119550704956,170.0,165.9,28.1,144,8,BAKE-PREHEAT,166.0,165.8,166.0,165.8
2025-08-26T18:09:36.369,239.448312997818,170.0,166.1,28.1,39,8,BAKE-PREHEAT,166.0,166.2,166.0,166.2
2025-08-26T18:09:36.539,239.61861896514893,170.0,166.2,28.1,57,8,BAKE-PREHEAT,166.0,166.5,166.0,166.5
2025-08-26T18:09:36.893,239.9726459980011,179.0,166.0,28.1,255,8,BAKE-PREHEAT,166.0,166.0,166.0,166.0
2025-08-26T18:09:37.123,240.2020299434662,179.0,166.4,28.1,185,8,BAKE-PREHEAT,166.2,166.5,166.2,166.5
2025-08-26T18:09:37.416,240.49517798423767,179.0,166.5,28.1,223,8,BAKE-PREHEAT,166.2,166.8,166.2,166.8
2025-08-26T18:09:37.655,240.73412895202637,179.0,166.2,28.1,255,8,BAKE-PREHEAT,166.2,166.2,166.2,166.2
2025-08-26T18:09:37.893,240.9721598625183,179.0,166.2,28.1,248,8,BAKE-PREHEAT,166.2,166.2,166.2,166.2
2025-08-26T18:09:38.128,241.20728588104248,179.0,166.2,28.1,248,8,BAKE-PREHEAT,166.2,166.2,166.2,166.2
2025-08-26T18:09:38.421,241.49976587295532,179.0,166.4,28.1,225,8,BAKE-PREHEAT,166.2,166.5,166.2,166.5
2025-08-26T18:09:38.659,241.73870491981506,179.0,166.6,28.1,201,8,BAKE-PREHEAT,166.5,166.8,166.5,166.8
2025-08-26T18:09:38.899,241.9780399799347,179.0,166.6,28.1,241,8,BAKE-PREHEAT,166.5,166.8,166.5,166.8
2025-08-26T18:09:39.131,242.21062898635864,179.0,166.6,28.1,241,8,BAKE-PREHEAT,166.5,166.8,166.5,166.8
2025-08-26T18:09:39.367,242.44653391838074,179.0,166.9,28.2,196,8,BAKE-PREHEAT,166.8,167.0,166.8,167.0
2025-08-26T18:09:39.661,242.74009799957275,179.0,167.0,28.1,214,8,BAKE-PREHEAT,166.8,167.2,166.8,167.2
2025-08-26T18:09:39.896,242.97490191459656,179.0,166.9,28.1,255,8,BAKE-PREHEAT,166.8,167.0,166.8,167.0
2025-08-26T18:09:40.125,243.20396900177002,179.0,167.1,28.1,191,8,BAKE-PREHEAT,167.0,167.2,167.0,167.2
2025-08-26T18:09:40.359,243.43853306770325,179.0,167.2,28.1,209,8,BAKE-PREHEAT,167.0,167.5,167.0,167.5
2025-08-26T18:09:40.653,243.73233294487,179.0,167.4,28.1,207,8,BAKE-PREHEAT,167.0,167.8,167.0,167.8
2025-08-26T18:09:40.891,243.97002291679382,179.0,167.2,28.1,249,8,BAKE-PREHEAT,167.2,167.2,167.2,167.2
2025-08-26T18:09:41.192,244.27083706855774,179.0,167.4,28.1,207,8,BAKE-PREHEAT,167.2,167.5,167.2,167.5
2025-08-26T18:09:41.361,244.440495967865,179.0,167.4,28.1,227,8,BAKE-PREHEAT,167.2,167.5,167.2,167.5
2025-08-26T18:09:41.652,244.73085689544678,179.0,167.5,28.2,205,8,BAKE-PREHEAT,167.5,167.5,167.5,167.5
2025-08-26T18:09:41.889,244.9683439731598,179.0,167.9,28.1,157,8,BAKE-PREHEAT,167.5,168.2,167.5,168.2
2025-08-26T18:09:42.124,245.20327305793762,179.0,167.8,28.2,240,8,BAKE-PREHEAT,167.5,168.0,167.5,168.0
2025-08-26T18:09:42.364,245.44317388534546,179.0,167.9,28.2,197,8,BAKE-PREHEAT,167.8,168.0,167.8,168.0
2025-08-26T18:09:42.529,245.60844087600708,179.0,168.1,28.2,173,8,BAKE-PREHEAT,167.8,168.5,167.8,168.5
2025-08-26T18:09:42.871,245.950119972229,179.0,168.0,28.2,235,8,BAKE-PREHEAT,168.0,168.0,168.0,168.0
2025-08-26T18:09:43.163,246.2426860332489,179.0,168.1,28.1,193,8,BAKE-PREHEAT,168.0,168.2,168.0,168.2
2025-08-26T18:09:43.397,246.47669792175293,179.0,168.5,28.1,146,8,BAKE-PREHEAT,168.2,168.8,168.2,168.8
2025-08-26T18:09:43.633,246.71235585212708,179.0,168.5,28.2,206,8,BAKE-PREHEAT,168.2,168.8,168.2,168.8
2025-08-26T18:09:43.934,247.013277053833,179.0,168.6,28.2,183,8,BAKE-PREHEAT,168.5,168.8,168.5,168.8
2025-08-26T18:09:44.107,247.18587803840637,179.0,169.2,28.2,92,8,BAKE-PREHEAT,168.8,169.8,168.8,169.8
2025-08-26T18:09:44.396,247.47511100769043,179.0,168.9,28.2,255,8,BAKE-PREHEAT,168.8,169.0,168.8,169.0
2025-08-26T18:09:44.629,247.70792198181152,179.0,169.0,28.2,176,8,BAKE-PREHEAT,168.8,169.2,168.8,169.2
2025-08-26T18:09:44.862,247.94089889526367,179.0,169.1,28.2,174,8,BAKE-PREHEAT,169.0,169.2,169.0,169.2
2025-08-26T18:09:45.156,248.23544883728027,179.0,169.2,28.2,172,8,BAKE-PREHEAT,169.0,169.5,169.0,169.5
2025-08-26T18:09:45.392,248.4715838432312,179.0,169.6,28.2,125,8,BAKE-PREHEAT,169.2,170.0,169.2,170.0
2025-08-26T18:09:45.621,248.700345993042,179.0,169.2,28.2,252,8,BAKE-PREHEAT,169.2,169.2,169.2,169.2
2025-08-26T18:09:45.859,248.9381079673767,179.0,169.5,28.2,147,8,BAKE-PREHEAT,169.5,169.5,169.5,169.5
2025-08-26T18:09:46.153,249.23244094848633,179.0,169.8,28.2,142,8,BAKE-PREHEAT,169.5,170.0,169.5,170.0
2025-08-26T18:09:46.398,249.47697806358337,179.0,169.6,28.2,205,8,BAKE-PREHEAT,169.8,169.5,169.8,169.5
2025-08-26T18:09:46.571,249.64988803863525,179.0,169.9,28.2,140,8,BAKE-PREHEAT,169.8,170.0,169.8,170.0
2025-08-26T18:09:46.912,249.99076890945435,188.0,170.2,28.2,255,8,BAKE-PREHEAT,170.2,170.2,170.2,170.2
2025-08-26T18:09:47.149,250.2283480167389,188.0,170.4,28.2,255,8,BAKE-PREHEAT,170.0,170.8,170.0,170.8
2025-08-26T18:09:47.380,250.45937991142273,188.0,170.5,28.2,255,8,BAKE-PREHEAT,170.2,170.8,170.2,170.8
2025-08-26T18:09:47.611,250.68998789787292,188.0,170.4,28.2,255,8,BAKE-PREHEAT,170.2,170.5,170.2,170.5
2025-08-26T18:09:47.904,250.98346400260925,188.0,170.6,28.2,255,8,BAKE-PREHEAT,170.8,170.5,170.8,170.5
2025-08-26T18:09:48.138,251.21674704551697,188.0,171.0,28.2,255,8,BAKE-PREHEAT,170.8,171.2,170.8,171.2
2025-08-26T18:09:48.369,251.44789290428162,188.0,171.1,28.2,255,8,BAKE-PREHEAT,171.0,171.2,171.0,171.2
2025-08-26T18:09:48.658,251.73673701286316,188.0,171.2,28.2,255,8,BAKE-PREHEAT,171.0,171.5,171.0,171.5
2025-08-26T18:09:48.896,251.9757170677185,188.0,171.4,28.2,255,8,BAKE-PREHEAT,171.2,171.5,171.2,171.5
2025-08-26T18:09:49.132,252.21131706237793,188.0,171.6,28.2,255,8,BAKE-PREHEAT,171.5,171.8,171.5,171.8
2025-08-26T18:09:49.366,252.44544005393982,188.0,172.1,28.2,229,8,BAKE-PREHEAT,171.8,172.5,171.8,172.5
2025-08-26T18:09:49.655,252.7344470024109,188.0,171.9,28.2,255,8,BAKE-PREHEAT,171.8,172.0,171.8,172.0
2025-08-26T18:09:49.882,252.96072793006897,188.0,172.2,28.2,247,8,BAKE-PREHEAT,172.0,172.5,172.0,172.5
2025-08-26T18:09:50.112,253.19153094291687,188.0,172.4,28.2,255,8,BAKE-PREHEAT,172.0,172.8,172.0,172.8
2025-08-26T18:09:50.404,253.4832730293274,188.0,172.5,28.2,255,8,BAKE-PREHEAT,172.2,172.8,172.2,172.8
2025-08-26T18:09:50.641,253.7207179069519,188.0,172.9,28.2,235,8,BAKE-PREHEAT,172.5,173.2,172.5,173.2
2025-08-26T18:09:50.877,253.95590996742249,188.0,173.1,28.3,250,8,BAKE-PREHEAT,172.8,173.5,172.8,173.5
2025-08-26T18:09:51.162,254.24153900146484,188.0,173.6,28.3,201,8,BAKE-PREHEAT,173.2,174.0,173.2,174.0
2025-08-26T18:09:51.397,254.4760799407959,188.0,173.5,28.3,255,8,BAKE-PREHEAT,173.2,173.8,173.2,173.8
2025-08-26T18:09:51.633,254.71191692352295,188.0,173.6,28.2,255,8,BAKE-PREHEAT,173.2,174.0,173.2,174.0
2025-08-26T18:09:51.870,254.9487500190735,188.0,173.8,28.3,255,8,BAKE-PREHEAT,173.8,173.8,173.8,173.8
2025-08-26T18:09:52.162,255.24111604690552,188.0,174.1,28.2,211,8,BAKE-PREHEAT,174.0,174.2,174.0,174.2
2025-08-26T18:09:52.396,255.47564005851746,188.0,174.5,28.3,204,8,BAKE-PREHEAT,174.2,174.8,174.2,174.8
2025-08-26T18:09:52.625,255.70448398590088,188.0,174.5,28.3,255,8,BAKE-PREHEAT,174.5,174.5,174.5,174.5
2025-08-26T18:09:52.860,255.9394829273224,188.0,174.9,28.3,197,8,BAKE-PREHEAT,174.8,175.0,174.8,175.0
2025-08-26T18:09:53.155,256.23390197753906,188.0,175.0,28.3,235,8,BAKE-PREHEAT,174.8,175.2,174.8,175.2
2025-08-26T18:09:53.393,256.472030878067,188.0,175.1,28.3,232,8,BAKE-PREHEAT,175.0,175.2,175.0,175.2
2025-08-26T18:09:53.627,256.70621395111084,188.0,175.4,28.3,208,8,BAKE-PREHEAT,175.2,175.5,175.2,175.5
2025-08-26T18:09:53.857,256.93606090545654,188.0,175.6,28.3,203,8,BAKE-PREHEAT,175.5,175.8,175.5,175.8
2025-08-26T18:09:54.146,257.22490787506104,188.0,175.8,28.3,221,8,BAKE-PREHEAT,175.5,176.0,175.5,176.0
2025-08-26T18:09:54.382,257.461149930954,188.0,175.8,28.3,241,8,BAKE-PREHEAT,175.8,175.8,175.8,175.8
2025-08-26T18:09:54.617,257.69635105133057,188.0,176.4,28.3,129,8,BAKE-PREHEAT,176.0,176.8,176.0,176.8
2025-08-26T18:09:54.909,257.9877738952637,188.0,176.4,28.3,229,8,BAKE-PREHEAT,176.5,176.2,176.5,176.2
2025-08-26T18:09:55.145,258.22405886650085,188.0,176.9,28.3,139,8,BAKE-PREHEAT,176.8,177.0,176.8,177.0
2025-08-26T18:09:55.374,258.4536039829254,188.0,177.0,28.3,197,8,BAKE-PREHEAT,177.0,177.0,177.0,177.0
2025-08-26T18:09:55.608,258.68746995925903,188.0,177.2,28.3,172,8,BAKE-PREHEAT,177.0,177.5,177.0,177.5
2025-08-26T18:09:55.903,258.9821729660034,188.0,177.6,28.3,145,8,BAKE-PREHEAT,177.5,177.8,177.5,177.8
2025-08-26T18:09:56.138,259.2176139354706,188.0,177.9,28.3,161,8,BAKE-PREHEAT,177.8,178.0,177.8,178.0
2025-08-26T18:09:56.381,259.45987200737,188.0,178.1,28.3,156,8,BAKE-PREHEAT,178.0,178.2,178.0,178.2
2025-08-26T18:09:56.679,259.7584459781647,188.0,178.2,28.3,174,8,BAKE-PREHEAT,178.0,178.5,178.0,178.5
2025-08-26T18:09:56.853,259.93200492858887,198.0,178.6,28.3,255,8,BAKE-PREHEAT,178.2,179.0,178.2,179.0
2025-08-26T18:09:57.147,260.22605991363525,198.0,178.6,28.3,255,8,BAKE-PREHEAT,178.5,178.8,178.5,178.8
2025-08-26T18:09:57.382,260.46134400367737,198.0,178.9,28.3,255,8,BAKE-PREHEAT,178.8,179.0,178.8,179.0
2025-08-26T18:09:57.617,260.69636607170105,198.0,179.4,28.3,255,8,BAKE-PREHEAT,179.0,179.8,179.0,179.8
2025-08-26T18:09:57.909,260.987872838974,198.0,179.5,28.3,255,8,BAKE-PREHEAT,179.2,179.8,179.2,179.8
2025-08-26T18:09:58.140,261.2188940048218,198.0,179.8,28.3,255,8,BAKE-PREHEAT,179.5,180.0,179.5,180.0
2025-08-26T18:09:58.370,261.4493010044098,198.0,180.0,28.3,255,8,BAKE-PREHEAT,179.8,180.2,179.8,180.2
2025-08-26T18:09:58.664,261.74325704574585,198.0,180.2,28.3,255,8,BAKE-PREHEAT,180.0,180.5,180.0,180.5
2025-08-26T18:09:58.904,261.98288202285767,198.0,180.8,28.3,255,8,BAKE-PREHEAT,180.2,181.2,180.2,181.2
2025-08-26T18:09:59.136,262.21481704711914,198.0,180.6,28.3,255,8,BAKE-PREHEAT,180.5,180.8,180.5,180.8
2025-08-26T18:09:59.432,262.5114359855652,198.0,181.1,28.4,250,8,BAKE-PREHEAT,180.8,181.5,180.8,181.5
2025-08-26T18:09:59.604,262.6829340457916,198.0,181.2,28.3,255,8,BAKE-PREHEAT,181.0,181.5,181.0,181.5
2025-08-26T18:09:59.898,262.97768998146057,198.0,181.4,28.3,255,8,BAKE-PREHEAT,181.0,181.8,181.0,181.8
2025-08-26T18:10:00.135,263.21382784843445,198.0,181.5,28.3,255,8,BAKE-PREHEAT,181.2,181.8,181.2,181.8
2025-08-26T18:10:00.369,263.4482638835907,198.0,182.0,28.4,233,8,BAKE-PREHEAT,181.5,182.5,181.5,182.5
2025-08-26T18:10:00.658,263.73762798309326,198.0,182.5,28.4,224,8,BAKE-PREHEAT,182.0,183.0,182.0,183.0
2025-08-26T18:10:00.894,263.9727818965912,198.0,182.8,28.4,255,8,BAKE-PREHEAT,182.2,183.2,182.2,183.2
2025-08-26T18:10:01.122,264.20121788978577,198.0,183.2,28.3,209,8,BAKE-PREHEAT,182.8,183.8,182.8,183.8
2025-08-26T18:10:01.415,264.493852853775,198.0,183.2,28.4,255,8,BAKE-PREHEAT,182.8,183.8,182.8,183.8
2025-08-26T18:10:01.653,264.73185992240906,198.0,183.6,28.3,222,8,BAKE-PREHEAT,183.2,184.0,183.2,184.0
2025-08-26T18:10:01.891,264.96990990638733,198.0,184.0,28.4,215,8,BAKE-PREHEAT,183.5,184.5,183.5,184.5
2025-08-26T18:10:02.128,265.2073218822479,198.0,184.2,28.4,231,8,BAKE-PREHEAT,183.5,185.0,183.5,185.0
2025-08-26T18:10:02.357,265.43576288223267,198.0,184.5,28.4,226,8,BAKE-PREHEAT,184.0,185.0,184.0,185.0
2025-08-26T18:10:02.647,265.72575306892395,198.0,184.6,28.4,244,8,BAKE-PREHEAT,184.0,185.2,184.0,185.2
2025-08-26T18:10:02.650,265.72943806648254,198.0,184.9,28.4,219,8,BAKE-PREHEAT,184.2,185.5,184.2,185.5
2025-08-26T18:10:03.116,266.1950719356537,198.0,185.2,28.4,192,8,BAKE-PREHEAT,184.5,186.0,184.5,186.0
2025-08-26T18:10:03.408,266.4868609905243,198.0,185.6,28.4,185,8,BAKE-PREHEAT,185.0,186.2,185.0,186.2
2025-08-26T18:10:03.639,266.71812200546265,198.0,185.6,28.4,245,8,BAKE-PREHEAT,185.2,186.0,185.2,186.0
2025-08-26T18:10:03.870,266.9489848613739,198.0,186.1,28.4,155,8,BAKE-PREHEAT,185.5,186.8,185.5,186.8
2025-08-26T18:10:04.107,267.1859998703003,198.0,186.2,28.4,213,8,BAKE-PREHEAT,185.8,186.8,185.8,186.8
2025-08-26T18:10:04.401,267.48022389411926,198.0,186.4,28.4,211,8,BAKE-PREHEAT,186.0,186.8,186.0,186.8
2025-08-26T18:10:04.632,267.7115080356598,198.0,186.6,28.4,186,8,BAKE-PREHEAT,186.2,187.0,186.2,187.0
2025-08-26T18:10:04.933,268.01234197616577,198.0,187.1,28.4,136,8,BAKE-PREHEAT,186.5,187.8,186.5,187.8
2025-08-26T18:10:05.105,268.1838068962097,198.0,187.5,28.4,149,8,BAKE-PREHEAT,186.8,188.2,186.8,188.2
2025-08-26T18:10:05.392,268.47148299217224,198.0,187.6,28.4,187,8,BAKE-PREHEAT,187.0,188.2,187.0,188.2
2025-08-26T18:10:05.627,268.7065739631653,198.0,187.6,28.4,207,8,BAKE-PREHEAT,187.2,188.0,187.2,188.0
2025-08-26T18:10:05.863,268.9418828487396,198.0,188.1,28.4,118,8,BAKE-PREHEAT,187.5,188.8,187.5,188.8
2025-08-26T18:10:06.156,269.23530101776123,198.0,188.2,28.4,175,8,BAKE-PREHEAT,187.8,188.8,187.8,188.8
2025-08-26T18:10:06.206,269.2856709957123,198.0,188.5,28.4,150,8,BAKE-PREHEAT,188.0,189.0,188.0,189.0
2025-08-26T18:10:06.612,269.69093799591064,207.0,188.9,28.5,255,8,BAKE-PREHEAT,188.5,189.2,188.5,189.2
2025-08-26T18:10:06.906,269.9851448535919,207.0,189.2,28.4,255,8,BAKE-PREHEAT,188.5,190.0,188.5,190.0
2025-08-26T18:10:07.145,270.2243218421936,207.0,189.1,28.5,255,8,BAKE-PREHEAT,188.8,189.5,188.8,189.5
2025-08-26T18:10:07.381,270.4603669643402,207.0,189.4,28.4,255,8,BAKE-PREHEAT,189.0,189.8,189.0,189.8
2025-08-26T18:10:07.619,270.698518037796,207.0,189.6,28.5,255,8,BAKE-PREHEAT,189.2,190.0,189.2,190.0
2025-08-26T18:10:07.909,270.9881868362427,207.0,190.1,28.4,251,8,BAKE-PREHEAT,189.8,190.5,189.8,190.5
2025-08-26T18:10:08.149,271.2277719974518,207.0,190.2,28.4,255,8,BAKE-PREHEAT,189.8,190.8,189.8,190.8
2025-08-26T18:10:08.385,271.4641389846802,207.0,190.4,28.4,255,8,BAKE-PREHEAT,190.0,190.8,190.0,190.8
2025-08-26T18:10:08.616,271.69565296173096,207.0,190.8,28.5,255,8,BAKE-PREHEAT,190.2,191.2,190.2,191.2
2025-08-26T18:10:08.911,271.98985600471497,207.0,191.1,28.5,252,8,BAKE-PREHEAT,190.8,191.5,190.8,191.5
2025-08-26T18:10:09.146,272.2248549461365,207.0,191.8,28.5,200,8,BAKE-PREHEAT,191.0,192.5,191.0,192.5
2025-08-26T18:10:09.377,272.45639204978943,207.0,192.0,28.5,255,8,BAKE-PREHEAT,191.2,192.8,191.2,192.8
2025-08-26T18:10:09.611,272.6899108886719,207.0,191.9,28.5,255,8,BAKE-PREHEAT,191.2,192.5,191.2,192.5
2025-08-26T18:10:09.905,272.9840450286865,207.0,192.2,28.5,231,8,BAKE-PREHEAT,191.5,193.0,191.5,193.0
2025-08-26T18:10:10.144,273.22303199768066,207.0,192.5,28.5,246,8,BAKE-PREHEAT,192.0,193.0,192.0,193.0
2025-08-26T18:10:10.378,273.4576108455658,207.0,192.8,28.5,242,8,BAKE-PREHEAT,192.2,193.2,192.2,193.2
2025-08-26T18:10:10.671,273.74980902671814,207.0,193.1,28.5,214,8,BAKE-PREHEAT,192.5,193.8,192.5,193.8
2025-08-26T18:10:10.910,273.98886704444885,207.0,193.5,28.5,207,8,BAKE-PREHEAT,193.0,194.0,193.0,194.0
2025-08-26T18:10:11.149,274.22854590415955,207.0,193.4,28.5,255,8,BAKE-PREHEAT,193.0,193.8,193.0,193.8
2025-08-26T18:10:11.385,274.46411395072937,207.0,193.6,28.5,225,8,BAKE-PREHEAT,193.2,194.0,193.2,194.0
2025-08-26T18:10:11.619,274.6981530189514,207.0,194.0,28.5,198,8,BAKE-PREHEAT,193.5,194.5,193.5,194.5
2025-08-26T18:10:11.913,274.99180698394775,207.0,194.5,28.5,169,8,BAKE-PREHEAT,194.0,195.0,194.0,195.0
2025-08-26T18:10:12.150,275.22936391830444,207.0,194.5,28.5,249,8,BAKE-PREHEAT,194.2,194.8,194.2,194.8
2025-08-26T18:10:12.259,275.3381700515747,207.0,194.9,28.5,181,8,BAKE-PREHEAT,194.2,195.5,194.2,195.5
2025-08-26T18:10:12.665,275.74443888664246,207.0,195.1,28.5,197,8,BAKE-PREHEAT,194.5,195.8,194.5,195.8
2025-08-26T18:10:12.904,275.9835419654846,207.0,195.5,28.5,170,8,BAKE-PREHEAT,195.0,196.0,195.0,196.0
2025-08-26T18:10:13.141,276.2199330329895,207.0,195.6,28.5,207,8,BAKE-PREHEAT,195.0,196.2,195.0,196.2
2025-08-26T18:10:13.441,276.5198669433594,207.0,196.2,28.5,115,8,BAKE-PREHEAT,195.5,197.0,195.5,197.0
2025-08-26T18:10:13.616,276.6948299407959,207.0,196.6,28.6,148,8,BAKE-PREHEAT,195.8,197.5,195.8,197.5
2025-08-26T18:10:13.910,276.9889569282532,207.0,196.6,28.5,208,8,BAKE-PREHEAT,195.8,197.5,195.8,197.5
2025-08-26T18:10:14.148,277.22764897346497,207.0,197.0,28.5,141,8,BAKE-PREHEAT,196.2,197.8,196.2,197.8
2025-08-26T18:10:14.385,277.46427392959595,207.0,197.2,28.6,157,8,BAKE-PREHEAT,196.5,198.0,196.5,198.0
2025-08-26T18:10:14.619,277.6978099346161,207.0,197.4,28.6,174,8,BAKE-PREHEAT,196.8,198.0,196.8,198.0
2025-08-26T18:10:14.908,277.98744106292725,207.0,197.4,28.6,194,8,BAKE-PREHEAT,197.0,197.8,197.0,197.8
2025-08-26T18:10:15.149,278.2279019355774,207.0,197.8,28.6,127,8,BAKE-PREHEAT,197.2,198.2,197.2,198.2
2025-08-26T18:10:15.385,278.464164018631,207.0,197.9,28.6,165,8,BAKE-PREHEAT,197.5,198.2,197.5,198.2
2025-08-26T18:10:15.618,278.6969039440155,207.0,198.4,28.6,95,8,BAKE-PREHEAT,197.8,199.0,197.8,199.0
2025-08-26T18:10:15.912,278.9910180568695,207.0,198.2,28.6,198,8,BAKE-PREHEAT,197.8,198.8,197.8,198.8
2025-08-26T18:10:16.147,279.2262978553772,207.0,198.4,28.6,155,8,BAKE-PREHEAT,198.0,198.8,198.0,198.8
2025-08-26T18:10:16.268,279.34701800346375,207.0,198.8,28.6,108,8,BAKE-PREHEAT,198.2,199.2,198.2,199.2
2025-08-26T18:10:16.609,279.6878309249878,216.0,198.8,28.6,255,8,BAKE-PREHEAT,198.5,199.0,198.5,199.0
2025-08-26T18:10:16.903,279.9819509983063,216.0,199.1,28.6,255,8,BAKE-PREHEAT,198.8,199.5,198.8,199.5
2025-08-26T18:10:17.138,280.21693897247314,216.0,199.4,28.6,255,8,BAKE-PREHEAT,199.0,199.8,199.0,199.8
2025-08-26T18:10:17.372,280.4513030052185,216.0,199.6,28.6,255,8,BAKE-PREHEAT,199.2,200.0,199.2,200.0
2025-08-26T18:10:17.662,280.7412140369415,216.0,199.8,28.6,255,8,BAKE-PREHEAT,199.5,200.0,199.5,200.0
2025-08-26T18:10:17.901,280.98025393486023,216.0,200.4,28.6,209,8,BAKE-PREHEAT,199.8,201.0,199.8,201.0
2025-08-26T18:10:18.138,281.21680998802185,216.0,200.4,28.6,255,8,BAKE-PREHEAT,199.8,201.0,199.8,201.0
2025-08-26T18:10:18.372,281.4512858390808,216.0,200.5,28.6,255,8,BAKE-PREHEAT,200.0,201.0,200.0,201.0
2025-08-26T18:10:18.607,281.68579602241516,216.0,201.0,28.6,217,8,BAKE-PREHEAT,200.2,201.8,200.2,201.8
2025-08-26T18:10:18.897,281.97631883621216,216.0,201.2,28.6,252,8,BAKE-PREHEAT,200.5,202.0,200.5,202.0
2025-08-26T18:10:19.135,282.21394896507263,216.0,201.5,28.6,248,8,BAKE-PREHEAT,200.8,202.2,200.8,202.2
2025-08-26T18:10:19.364,282.4432098865509,216.0,201.6,28.7,255,8,BAKE-PREHEAT,201.0,202.2,201.0,202.2
2025-08-26T18:10:19.658,282.7371120452881,216.0,201.8,28.6,255,8,BAKE-PREHEAT,201.0,202.5,201.0,202.5
2025-08-26T18:10:19.897,282.9760980606079,216.0,202.4,28.6,171,8,BAKE-PREHEAT,201.5,203.2,201.5,203.2
2025-08-26T18:10:20.133,283.212553024292,216.0,202.4,28.7,255,8,BAKE-PREHEAT,201.5,203.2,201.5,203.2
2025-08-26T18:10:20.433,283.51232385635376,216.0,203.0,28.7,159,8,BAKE-PREHEAT,202.0,204.0,202.0,204.0
2025-08-26T18:10:20.606,283.6850609779358,216.0,203.0,28.7,255,8,BAKE-PREHEAT,202.0,204.0,202.0,204.0
2025-08-26T18:10:20.900,283.97905588150024,216.0,203.0,28.6,255,8,BAKE-PREHEAT,202.0,204.0,202.0,204.0
2025-08-26T18:10:21.138,284.21719098091125,216.0,203.2,28.6,215,8,BAKE-PREHEAT,202.2,204.2,202.2,204.2
2025-08-26T18:10:21.373,284.4518768787384,216.0,203.6,28.6,188,8,BAKE-PREHEAT,202.8,204.5,202.8,204.5
2025-08-26T18:10:21.671,284.74985790252686,216.0,203.9,28.6,203,8,BAKE-PREHEAT,202.8,205.0,202.8,205.0
2025-08-26T18:10:21.905,284.9845299720764,216.0,204.0,28.6,221,8,BAKE-PREHEAT,203.0,205.0,203.0,205.0
2025-08-26T18:10:22.145,285.22396302223206,216.0,204.5,28.7,151,8,BAKE-PREHEAT,203.5,205.5,203.5,205.5
2025-08-26T18:10:22.320,285.39889192581177,216.0,204.4,28.6,253,8,BAKE-PREHEAT,203.5,205.2,203.5,205.2
2025-08-26T18:10:22.605,285.6841959953308,216.0,204.6,28.6,189,8,BAKE-PREHEAT,203.8,205.5,203.8,205.5
2025-08-26T18:10:22.899,285.97793793678284,216.0,205.0,28.7,162,8,BAKE-PREHEAT,204.0,206.0,204.0,206.0
2025-08-26T18:10:23.135,286.21395087242126,216.0,205.5,28.7,132,8,BAKE-PREHEAT,204.5,206.5,204.5,206.5
2025-08-26T18:10:23.365,286.44465589523315,216.0,205.6,28.7,190,8,BAKE-PREHEAT,204.5,206.8,204.5,206.8
2025-08-26T18:10:23.656,286.7347228527069,216.0,205.8,28.7,187,8,BAKE-PREHEAT,204.5,207.0,204.5,207.0
2025-08-26T18:10:23.894,286.97359585762024,216.0,206.0,28.7,163,8,BAKE-PREHEAT,205.0,207.0,205.0,207.0
2025-08-26T18:10:24.131,287.21036100387573,216.0,206.2,28.7,158,8,BAKE-PREHEAT,205.0,207.5,205.0,207.5
2025-08-26T18:10:24.425,287.504252910614,216.0,206.4,28.7,176,8,BAKE-PREHEAT,205.5,207.2,205.5,207.2
2025-08-26T18:10:24.657,287.73628091812134,216.0,206.8,28.7,129,8,BAKE-PREHEAT,205.5,208.0,205.5,208.0
2025-08-26T18:10:24.890,287.96892285346985,216.0,207.1,28.8,122,8,BAKE-PREHEAT,206.0,208.2,206.0,208.2
2025-08-26T18:10:25.125,288.20440101623535,216.0,207.2,28.7,159,8,BAKE-PREHEAT,206.0,208.5,206.0,208.5
2025-08-26T18:10:25.360,288.4393630027771,216.0,207.1,28.7,202,8,BAKE-PREHEAT,206.2,208.0,206.2,208.0
2025-08-26T18:10:25.654,288.7330000400543,216.0,207.5,28.7,114,8,BAKE-PREHEAT,206.5,208.5,206.5,208.5
2025-08-26T18:10:25.890,288.9696509838104,216.0,207.6,28.7,152,8,BAKE-PREHEAT,206.5,208.8,206.5,208.8
2025-08-26T18:10:26.126,289.2054409980774,216.0,208.0,28.7,105,8,BAKE-PREHEAT,207.0,209.0,207.0,209.0
2025-08-26T18:10:26.368,289.44693183898926,216.0,208.4,28.7,98,8,BAKE-PREHEAT,207.0,209.8,207.0,209.8
2025-08-26T18:10:26.605,289.6837668418884,225.0,208.4,28.7,255,8,BAKE-PREHEAT,207.2,209.5,207.2,209.5
2025-08-26T18:10:26.898,289.97745990753174,225.0,208.5,28.8,255,8,BAKE-PREHEAT,207.5,209.5,207.5,209.5
2025-08-26T18:10:27.135,290.2137908935547,225.0,208.8,28.8,255,8,BAKE-PREHEAT,207.5,210.0,207.5,210.0
2025-08-26T18:10:27.432,290.5115399360657,225.0,209.0,28.8,255,8,BAKE-PREHEAT,207.8,210.2,207.8,210.2
2025-08-26T18:10:27.605,290.68381094932556,225.0,209.1,28.8,255,8,BAKE-PREHEAT,208.0,210.2,208.0,210.2
2025-08-26T18:10:27.898,290.97768998146057,225.0,209.2,28.8,255,8,BAKE-PREHEAT,208.0,210.5,208.0,210.5
2025-08-26T18:10:28.136,291.2154848575592,225.0,209.4,28.8,255,8,BAKE-PREHEAT,208.2,210.5,208.2,210.5
2025-08-26T18:10:28.370,291.44891595840454,225.0,209.6,28.8,255,8,BAKE-PREHEAT,208.5,210.8,208.5,210.8
2025-08-26T18:10:28.654,291.7333650588989,225.0,209.8,28.7,255,8,BAKE-PREHEAT,208.5,211.0,208.5,211.0
2025-08-26T18:10:28.890,291.96940994262695,225.0,210.1,28.8,236,8,BAKE-PREHEAT,209.0,211.2,209.0,211.2
2025-08-26T18:10:29.119,292.19853687286377,225.0,210.4,28.8,251,8,BAKE-PREHEAT,209.0,211.8,209.0,211.8
2025-08-26T18:10:29.416,292.4947910308838,225.0,210.4,28.8,255,8,BAKE-PREHEAT,209.2,211.5,209.2,211.5
2025-08-26T18:10:29.652,292.73152804374695,225.0,210.6,28.8,247,8,BAKE-PREHEAT,209.5,211.8,209.5,211.8
2025-08-26T18:10:29.885,292.96407985687256,225.0,211.0,28.8,220,8,BAKE-PREHEAT,209.8,212.2,209.8,212.2
2025-08-26T18:10:30.186,293.2650589942932,225.0,211.2,28.8,235,8,BAKE-PREHEAT,210.0,212.5,210.0,212.5
2025-08-26T18:10:30.357,293.4357998371124,225.0,211.5,28.8,230,8,BAKE-PREHEAT,210.0,213.0,210.0,213.0
2025-08-26T18:10:30.648,293.7272939682007,225.0,211.6,28.8,248,8,BAKE-PREHEAT,210.2,213.0,210.2,213.0
2025-08-26T18:10:30.879,293.9581398963928,225.0,212.0,28.8,201,8,BAKE-PREHEAT,210.5,213.5,210.5,213.5
2025-08-26T18:10:31.116,294.19493794441223,225.0,212.1,28.8,239,8,BAKE-PREHEAT,210.5,213.8,210.5,213.8
2025-08-26T18:10:31.408,294.4873080253601,225.0,212.2,28.8,236,8,BAKE-PREHEAT,210.8,213.8,210.8,213.8
2025-08-26T18:10:31.643,294.72246289253235,225.0,212.5,28.8,211,8,BAKE-PREHEAT,211.0,214.0,211.0,214.0
2025-08-26T18:10:31.879,294.9581949710846,225.0,212.5,28.8,252,8,BAKE-PREHEAT,211.2,213.8,211.2,213.8
2025-08-26T18:10:32.116,295.1950478553772,225.0,212.8,28.8,207,8,BAKE-PREHEAT,211.5,214.0,211.5,214.0
2025-08-26T18:10:32.343,295.42228293418884,225.0,212.8,28.8,247,8,BAKE-PREHEAT,211.5,214.0,211.5,214.0
2025-08-26T18:10:32.635,295.71462392807007,225.0,213.2,28.8,157,8,BAKE-PREHEAT,212.0,214.5,212.0,214.5
2025-08-26T18:10:32.935,296.01470494270325,225.0,213.2,28.8,237,8,BAKE-PREHEAT,212.0,214.5,212.0,214.5
2025-08-26T18:10:33.111,296.19046092033386,225.0,213.8,28.8,148,8,BAKE-PREHEAT,212.5,215.0,212.5,215.0
2025-08-26T18:10:33.405,296.4842269420624,225.0,213.8,28.8,228,8,BAKE-PREHEAT,212.5,215.0,212.5,215.0
2025-08-26T18:10:33.636,296.71536803245544,225.0,214.0,28.8,183,8,BAKE-PREHEAT,212.8,215.2,212.8,215.2
2025-08-26T18:10:33.869,296.94844102859497,225.0,214.2,28.8,179,8,BAKE-PREHEAT,213.0,215.5,213.0,215.5
2025-08-26T18:10:34.164,297.2431240081787,225.0,214.6,28.8,151,8,BAKE-PREHEAT,213.2,216.0,213.2,216.0
2025-08-26T18:10:34.401,297.48021602630615,225.0,214.8,28.8,189,8,BAKE-PREHEAT,213.5,216.0,213.5,216.0
2025-08-26T18:10:34.633,297.71268105506897,225.0,215.0,28.8,164,8,BAKE-PREHEAT,213.8,216.2,213.8,216.2
2025-08-26T18:10:34.866,297.94558596611023,225.0,215.0,28.9,204,8,BAKE-PREHEAT,213.8,216.2,213.8,216.2
2025-08-26T18:10:35.154,298.23351883888245,225.0,215.4,28.8,137,8,BAKE-PREHEAT,214.0,216.8,214.0,216.8
2025-08-26T18:10:35.392,298.47157192230225,225.0,215.5,28.8,175,8,BAKE-PREHEAT,214.2,216.8,214.2,216.8
2025-08-26T18:10:35.629,298.7081558704376,225.0,216.0,28.9,105,8,BAKE-PREHEAT,214.5,217.5,214.5,217.5
2025-08-26T18:10:35.857,298.93620586395264,225.0,216.1,28.8,163,8,BAKE-PREHEAT,214.8,217.5,214.8,217.5
2025-08-26T18:10:36.147,299.2260708808899,225.0,216.2,28.9,161,8,BAKE-PREHEAT,215.0,217.5,215.0,217.5
2025-08-26T18:10:36.391,299.46976804733276,225.0,216.5,28.8,136,8,BAKE-PREHEAT,215.0,218.0,215.0,218.0
2025-08-26T18:10:36.402,299.48139786720276,225.0,216.8,28.9,131,8,BAKE-PREHEAT,215.2,218.2,215.2,218.2
2025-08-26T18:10:36.853,299.93225598335266,211.0,216.8,28.9,0,123,BAKE,215.2,218.2,215.2,218.2
2025-08-26T18:10:37.145,300.22441387176514,211.0,216.8,28.8,0,123,BAKE,215.5,218.0,215.5,218.0
2025-08-26T18:10:37.374,300.4527699947357,211.0,217.0,28.9,0,128,BAKE,215.8,218.2,215.8,218.2
2025-08-26T18:10:37.607,300.6859018802643,211.0,217.1,28.8,0,130,BAKE,215.8,218.5,215.8,218.5
2025-08-26T18:10:37.901,300.9797730445862,211.0,217.4,28.9,0,135,BAKE,216.2,218.5,216.2,218.5
2025-08-26T18:10:38.139,301.21836400032043,211.0,217.8,28.9,0,143,BAKE,216.5,219.0,216.5,219.0
2025-08-26T18:10:38.375,301.4537799358368,211.0,218.8,28.9,0,163,BAKE,217.2,220.2,217.2,220.2
2025-08-26T18:10:38.673,301.75261783599854,211.0,219.4,28.9,0,175,BAKE,217.8,221.0,217.8,221.0
2025-08-26T18:10:38.846,301.9252140522003,211.0,220.8,28.9,0,203,BAKE,219.0,222.5,219.0,222.5
2025-08-26T18:10:39.140,302.2192099094391,211.0,221.1,28.9,0,210,BAKE,220.0,222.2,220.0,222.2
2025-08-26T18:10:39.371,302.4503710269928,211.0,222.0,28.9,0,228,BAKE,221.2,222.8,221.2,222.8
2025-08-26T18:10:39.605,302.68385004997253,211.0,223.2,28.9,0,253,BAKE,222.8,223.8,222.8,223.8
2025-08-26T18:10:39.895,302.97436904907227,211.0,224.5,28.9,0,255,BAKE,224.8,224.2,224.8,224.2
2025-08-26T18:10:40.130,303.2094759941101,211.0,225.2,28.9,0,255,BAKE,227.5,223.0,227.5,223.0
2025-08-26T18:10:40.365,303.4444580078125,211.0,225.1,28.9,0,255,BAKE,228.8,221.5,228.8,221.5
2025-08-26T18:10:40.660,303.73883986473083,211.0,225.5,28.9,0,255,BAKE,231.2,219.8,231.2,219.8
2025-08-26T18:10:40.898,303.9776039123535,211.0,225.2,28.9,0,255,BAKE,233.2,217.2,233.2,217.2
2025-08-26T18:10:41.135,304.2145838737488,211.0,225.4,29.0,0,255,BAKE,236.0,214.8,236.0,214.8
2025-08-26T18:10:41.430,304.5093059539795,211.0,224.6,29.0,0,255,BAKE,237.8,211.5,237.8,211.5
2025-08-26T18:10:41.604,304.68278789520264,211.0,223.4,29.0,0,255,BAKE,238.0,208.8,238.0,208.8
2025-08-26T18:10:41.897,304.9766719341278,211.0,223.0,29.1,0,248,BAKE,238.5,207.5,238.5,207.5
2025-08-26T18:10:42.134,305.21357583999634,211.0,221.9,29.0,0,225,BAKE,239.0,204.8,239.0,204.8
2025-08-26T18:10:42.367,305.4458689689636,211.0,220.5,29.1,0,198,BAKE,240.2,200.8,240.2,200.8
2025-08-26T18:10:42.416,305.4956669807434,211.0,219.6,29.1,0,180,BAKE,241.0,198.2,241.0,198.2
2025-08-26T18:10:42.886,305.96549892425537,211.0,218.1,29.1,0,150,BAKE,241.8,194.5,241.8,194.5
2025-08-26T18:10:43.117,306.1961019039154,211.0,217.2,29.1,0,133,BAKE,241.5,193.0,241.5,193.0
2025-08-26T18:10:43.353,306.43201303482056,211.0,215.8,29.1,0,103,BAKE,241.8,189.8,241.8,189.8
2025-08-26T18:10:43.645,306.72452902793884,211.0,214.2,29.2,0,8,BAKE,241.5,187.0,241.5,187.0
2025-08-26T18:10:43.882,306.9611089229584,211.0,212.6,29.2,0,8,BAKE,241.2,184.0,241.2,184.0
2025-08-26T18:10:44.179,307.2584068775177,211.0,211.5,29.2,0,8,BAKE,241.2,181.8,241.2,181.8
2025-08-26T18:10:44.352,307.43172097206116,211.0,210.2,29.1,0,8,BAKE-PREHEAT,241.2,179.2,241.2,179.2
2025-08-26T18:10:44.647,307.72611784935,211.0,209.8,29.2,0,8,BAKE-PREHEAT,241.5,178.0,241.5,178.0
2025-08-26T18:10:44.884,307.96314907073975,211.0,208.8,29.2,0,8,BAKE-PREHEAT,241.0,176.5,241.0,176.5
2025-08-26T18:10:45.118,308.1976728439331,211.0,207.9,29.2,255,8,BAKE-PREHEAT,240.8,175.0,240.8,175.0
2025-08-26T18:10:45.416,308.4948959350586,211.0,207.2,29.2,171,8,BAKE-PREHEAT,241.0,173.5,241.0,173.5
2025-08-26T18:10:45.651,308.7302360534668,211.0,207.0,29.3,116,8,BAKE-PREHEAT,241.8,172.2,241.8,172.2
2025-08-26T18:10:45.883,308.96223187446594,211.0,206.2,29.2,210,8,BAKE-PREHEAT,241.0,171.5,241.0,171.5
2025-08-26T18:10:46.117,309.1966688632965,211.0,206.5,29.3,45,8,BAKE-PREHEAT,241.5,171.5,241.5,171.5
2025-08-26T18:10:46.175,309.2543590068817,211.0,205.6,29.3,242,8,BAKE-PREHEAT,241.0,170.2,241.0,170.2
2025-08-26T18:10:46.638,309.71681785583496,197.0,205.2,29.3,0,173,BAKE,240.2,170.2,240.2,170.2
2025-08-26T18:10:46.874,309.9529838562012,197.0,204.6,29.3,0,160,BAKE,240.2,169.0,240.2,169.0
2025-08-26T18:10:47.111,310.1902470588684,197.0,204.9,29.4,0,165,BAKE,240.8,169.0,240.8,169.0
2025-08-26T18:10:47.367,310.4461889266968,197.0,204.5,29.3,0,158,BAKE,240.2,168.8,240.2,168.8
2025-08-26T18:10:47.615,310.6938109397888,197.0,204.2,29.3,0,153,BAKE,240.8,167.8,240.8,167.8
2025-08-26T18:10:47.853,310.93241000175476,197.0,204.5,29.4,0,158,BAKE,241.2,167.8,241.2,167.8
2025-08-26T18:10:48.105,311.18448185920715,197.0,204.2,29.4,0,153,BAKE,241.8,166.8,241.8,166.8
2025-08-26T18:10:48.415,311.49378204345703,197.0,203.8,29.4,0,143,BAKE,241.8,165.8,241.8,165.8
2025-08-26T18:10:48.595,311.67433285713196,197.0,202.9,29.4,0,125,BAKE,241.0,164.8,241.0,164.8
2025-08-26T18:10:48.911,311.98999285697937,197.0,202.8,29.4,0,123,BAKE,241.0,164.5,241.0,164.5
2025-08-26T18:10:49.102,312.18125796318054,197.0,202.4,29.4,0,115,BAKE,241.5,163.2,241.5,163.2
2025-08-26T18:10:49.352,312.4314429759979,197.0,201.8,29.4,0,103,BAKE,241.2,162.2,241.2,162.2
2025-08-26T18:10:49.657,312.7361490726471,197.0,201.0,29.5,0,8,BAKE,241.0,161.0,241.0,161.0
2025-08-26T18:10:49.910,312.9888348579407,197.0,200.2,29.5,0,8,BAKE,240.5,160.0,240.5,160.0
2025-08-26T18:10:50.095,313.17418599128723,197.0,199.6,29.5,0,8,BAKE,240.2,159.0,240.2,159.0
2025-08-26T18:10:50.406,313.4856719970703,197.0,199.5,29.5,0,8,BAKE,240.5,158.5,240.5,158.5
2025-08-26T18:10:50.655,313.7344310283661,197.0,199.4,29.5,0,8,BAKE,241.0,157.8,241.0,157.8
2025-08-26T18:10:50.907,313.98625683784485,197.0,198.8,29.5,0,8,BAKE,240.5,157.0,240.5,157.0
2025-08-26T18:10:51.170,314.24932885169983,197.0,198.4,29.5,0,8,BAKE,240.2,156.5,240.2,156.5
2025-08-26T18:10:51.357,314.43630290031433,197.0,198.2,29.5,0,8,BAKE,240.5,156.0,240.5,156.0
2025-08-26T18:10:51.665,314.743775844574,197.0,198.4,29.6,0,8,BAKE,240.8,156.0,240.8,156.0
2025-08-26T18:10:51.923,315.00242495536804,197.0,198.0,29.6,0,8,BAKE,240.5,155.5,240.5,155.5
2025-08-26T18:10:52.111,315.19012093544006,197.0,198.0,29.5,0,8,BAKE,240.8,155.2,240.8,155.2
2025-08-26T18:10:52.165,315.2441189289093,197.0,198.0,29.6,0,8,BAKE,241.0,155.0,241.0,155.0
2025-08-26T18:10:52.641,315.7203269004822,197.0,198.1,29.6,0,8,BAKE,241.5,154.8,241.5,154.8
2025-08-26T18:10:52.896,315.9755189418793,197.0,198.2,29.6,0,8,BAKE,241.5,155.0,241.5,155.0
2025-08-26T18:10:53.159,316.23819398880005,197.0,198.1,29.6,0,8,BAKE,241.2,155.0,241.2,155.0
2025-08-26T18:10:53.420,316.49925684928894,197.0,197.8,29.6,0,8,BAKE,240.5,155.0,240.5,155.0
2025-08-26T18:10:53.605,316.68435192108154,197.0,197.8,29.6,0,8,BAKE,240.8,154.8,240.8,154.8
2025-08-26T18:10:53.921,317.0005750656128,197.0,197.6,29.6,0,8,BAKE,240.8,154.5,240.8,154.5
2025-08-26T18:10:54.111,317.18981099128723,197.0,198.0,29.7,0,8,BAKE,241.0,155.0,241.0,155.0
2025-08-26T18:10:54.364,317.44361686706543,197.0,197.8,29.7,0,8,BAKE,240.5,155.0,240.5,155.0
2025-08-26T18:10:54.607,317.6860818862915,197.0,198.0,29.7,0,8,BAKE,240.8,155.2,240.8,155.2
2025-08-26T18:10:54.852,317.9316499233246,197.0,197.9,29.7,0,8,BAKE,241.0,154.8,241.0,154.8
2025-08-26T18:10:55.103,318.18228697776794,197.0,198.1,29.7,0,8,BAKE,240.8,155.5,240.8,155.5
2025-08-26T18:10:55.422,318.50125002861023,197.0,198.1,29.7,0,8,BAKE,240.5,155.8,240.5,155.8
2025-08-26T18:10:55.611,318.6898250579834,197.0,197.8,29.7,0,8,BAKE,240.0,155.5,240.0,155.5
2025-08-26T18:10:55.854,318.93304204940796,197.0,197.9,29.7,0,8,BAKE,240.0,155.8,240.0,155.8
2025-08-26T18:10:56.101,319.1802840232849,197.0,198.0,29.7,0,8,BAKE,239.8,156.2,239.8,156.2
2025-08-26T18:10:56.890,319.96953892707825,183.0,197.9,29.7,0,255,BAKE,240.0,155.8,240.0,155.8
2025-08-26T18:10:57.146,320.22475385665894,183.0,197.8,29.8,0,255,BAKE,239.8,155.8,239.8,155.8
2025-08-26T18:10:57.406,320.4856638908386,183.0,197.6,29.8,0,255,BAKE,239.8,155.5,239.8,155.5
2025-08-26T18:10:57.657,320.7364468574524,183.0,197.6,29.7,0,255,BAKE,240.2,155.0,240.2,155.0
2025-08-26T18:10:57.911,320.98973083496094,183.0,197.0,29.7,0,255,BAKE,240.0,154.0,240.0,154.0
2025-08-26T18:10:58.173,321.25263500213623,183.0,196.4,29.8,0,255,BAKE,240.0,152.8,240.0,152.8
2025-08-26T18:10:58.362,321.44103503227234,183.0,195.9,29.8,0,255,BAKE,240.0,151.8,240.0,151.8
2025-08-26T18:10:58.609,321.6879699230194,183.0,195.4,29.8,0,255,BAKE,239.8,151.0,239.8,151.0
2025-08-26T18:10:58.856,321.9348168373108,183.0,194.5,29.8,0,238,BAKE,239.0,150.0,239.0,150.0
2025-08-26T18:10:59.101,322.1799249649048,183.0,193.5,29.8,0,218,BAKE,238.2,148.8,238.2,148.8
2025-08-26T18:10:59.424,322.502907037735,183.0,191.9,29.8,0,185,BAKE,236.5,147.2,236.5,147.2
2025-08-26T18:10:59.682,322.76118898391724,183.0,190.5,29.8,0,158,BAKE,235.0,146.0,235.0,146.0
2025-08-26T18:10:59.859,322.93839406967163,183.0,189.2,29.8,0,133,BAKE,234.2,144.2,234.2,144.2
2025-08-26T18:11:00.106,323.1849088668823,183.0,188.5,29.8,0,118,BAKE,233.5,143.5,233.5,143.5
2025-08-26T18:11:00.355,323.43455505371094,183.0,187.0,29.9,0,8,BAKE,232.2,141.8,232.2,141.8
2025-08-26T18:11:00.659,323.7382969856262,183.0,185.9,29.9,0,8,BAKE,231.0,140.8,231.0,140.8
2025-08-26T18:11:00.901,323.9799828529358,183.0,184.6,29.9,0,8,BAKE,230.0,139.2,230.0,139.2
2025-08-26T18:11:01.094,324.1729738712311,183.0,183.4,29.9,0,8,BAKE,229.0,137.8,229.0,137.8
2025-08-26T18:11:01.350,324.4288730621338,183.0,182.8,29.9,0,8,BAKE-PREHEAT,228.2,137.2,228.2,137.2
2025-08-26T18:11:01.601,324.68006896972656,183.0,181.9,29.9,0,8,BAKE-PREHEAT,227.5,136.2,227.5,136.2
2025-08-26T18:11:01.851,324.93017196655273,183.0,181.6,30.0,0,8,BAKE-PREHEAT,227.5,135.8,227.5,135.8
2025-08-26T18:11:02.101,325.1801269054413,183.0,180.9,29.9,0,8,BAKE-PREHEAT,226.5,135.2,226.5,135.2
2025-08-26T18:11:02.411,325.48993492126465,183.0,180.4,29.9,0,8,BAKE-PREHEAT,226.0,134.8,226.0,134.8
2025-08-26T18:11:02.418,325.49704098701477,183.0,179.6,30.0,255,8,BAKE-PREHEAT,225.0,134.2,225.0,134.2
2025-08-26T18:11:02.906,325.9849350452423,183.0,179.6,30.0,64,8,BAKE-PREHEAT,225.0,134.2,225.0,134.2
2025-08-26T18:11:03.165,326.2445459365845,183.0,179.1,30.0,153,8,BAKE-PREHEAT,224.5,133.8,224.5,133.8
2025-08-26T18:11:03.351,326.42997002601624,183.0,178.8,30.0,140,8,BAKE-PREHEAT,224.0,133.5,224.0,133.5
2025-08-26T18:11:03.669,326.74806690216064,183.0,178.6,30.0,103,8,BAKE-PREHEAT,224.2,133.0,224.2,133.0
2025-08-26T18:11:03.916,326.99480986595154,183.0,178.5,30.0,105,8,BAKE-PREHEAT,223.8,133.2,223.8,133.2
2025-08-26T18:11:04.098,327.17748403549194,183.0,178.2,30.0,130,8,BAKE-PREHEAT,223.5,133.0,223.5,133.0
2025-08-26T18:11:04.410,327.4891400337219,183.0,178.2,30.0,90,8,BAKE-PREHEAT,223.5,133.0,223.5,133.0
2025-08-26T18:11:04.600,327.6796770095825,183.0,178.2,30.0,90,8,BAKE-PREHEAT,223.8,132.8,223.8,132.8
2025-08-26T18:11:04.851,327.9297249317169,183.0,177.9,30.1,157,8,BAKE-PREHEAT,222.8,133.0,222.8,133.0
2025-08-26T18:11:05.173,328.252249956131,183.0,177.6,30.1,142,8,BAKE-PREHEAT,222.2,133.0,222.2,133.0
2025-08-26T18:11:05.364,328.44273495674133,183.0,177.1,30.1,191,8,BAKE-PREHEAT,221.5,132.8,221.5,132.8
2025-08-26T18:11:05.611,328.6906478404999,183.0,177.4,30.1,67,8,BAKE-PREHEAT,221.5,133.2,221.5,133.2
2025-08-26T18:11:05.850,328.9296860694885,183.0,177.6,30.1,62,8,BAKE-PREHEAT,221.5,133.8,221.5,133.8
2025-08-26T18:11:06.100,329.1792559623718,183.0,177.9,30.1,57,8,BAKE-PREHEAT,222.2,133.5,222.2,133.5
2025-08-26T18:11:06.414,329.4936828613281,183.0,178.1,30.1,52,8,BAKE-PREHEAT,222.2,134.0,222.2,134.0
2025-08-26T18:11:06.424,329.5028519630432,183.0,178.1,30.1,92,8,BAKE-PREHEAT,222.2,134.0,222.2,134.0
2025-08-26T18:11:06.854,329.9330859184265,169.0,178.0,30.1,0,188,BAKE,221.8,134.2,221.8,134.2
2025-08-26T18:11:07.100,330.17931389808655,169.0,178.1,30.1,0,190,BAKE,221.5,134.8,221.5,134.8
2025-08-26T18:11:07.350,330.42936086654663,169.0,177.9,30.1,0,185,BAKE,221.2,134.5,221.2,134.5
2025-08-26T18:11:07.657,330.73647904396057,169.0,178.0,30.2,0,188,BAKE,221.5,134.5,221.5,134.5
2025-08-26T18:11:07.914,330.99276185035706,169.0,178.1,30.2,0,190,BAKE,221.8,134.5,221.8,134.5
2025-08-26T18:11:08.165,331.24382305145264,169.0,178.0,30.2,0,188,BAKE,221.5,134.5,221.5,134.5
2025-08-26T18:11:08.350,331.42942690849304,169.0,177.8,30.1,0,183,BAKE,221.5,134.0,221.5,134.0
2025-08-26T18:11:08.605,331.68435502052307,169.0,177.4,30.1,0,175,BAKE,220.8,134.0,220.8,134.0
2025-08-26T18:11:08.851,331.92993688583374,169.0,177.0,30.1,0,168,BAKE,220.5,133.5,220.5,133.5
2025-08-26T18:11:09.164,332.2432608604431,169.0,176.6,30.2,0,160,BAKE,220.5,132.8,220.5,132.8
2025-08-26T18:11:09.427,332.50666904449463,169.0,175.9,30.2,0,145,BAKE,219.5,132.2,219.5,132.2
2025-08-26T18:11:09.609,332.68786096572876,169.0,175.5,30.2,0,138,BAKE,219.2,131.8,219.2,131.8
2025-08-26T18:11:09.850,332.92933893203735,169.0,175.2,30.2,0,133,BAKE,219.2,131.2,219.2,131.2
2025-08-26T18:11:10.171,333.250431060791,169.0,174.6,30.2,0,120,BAKE,218.8,130.5,218.8,130.5
2025-08-26T18:11:10.360,333.43910694122314,169.0,174.2,30.2,0,113,BAKE,218.8,129.8,218.8,129.8
2025-08-26T18:11:10.683,333.762277841568,169.0,173.6,30.2,0,100,BAKE,218.0,129.2,218.0,129.2
2025-08-26T18:11:10.858,333.9376950263977,169.0,173.2,30.2,0,93,BAKE,218.2,128.2,218.2,128.2
2025-08-26T18:11:11.099,334.17840790748596,169.0,173.2,30.3,0,93,BAKE,218.2,128.2,218.2,128.2
2025-08-26T18:11:11.350,334.42939496040344,169.0,172.9,30.2,0,8,BAKE,217.8,128.0,217.8,128.0
2025-08-26T18:11:11.666,334.7447860240936,169.0,172.1,30.2,0,8,BAKE,217.0,127.2,217.0,127.2
2025-08-26T18:11:11.850,334.92937207221985,169.0,171.4,30.3,0,8,BAKE,216.2,126.5,216.2,126.5
2025-08-26T18:11:12.172,335.2508180141449,169.0,170.8,30.3,0,8,BAKE,215.2,126.2,215.2,126.2
2025-08-26T18:11:12.358,335.43714594841003,169.0,170.0,30.3,0,8,BAKE,214.0,126.0,214.0,126.0
2025-08-26T18:11:12.365,335.44395685195923,169.0,169.8,30.3,0,8,BAKE,214.0,125.5,214.0,125.5
2025-08-26T18:11:12.866,335.9450628757477,169.0,168.9,30.3,0,8,BAKE-PREHEAT,212.5,125.2,212.5,125.2
2025-08-26T18:11:13.116,336.19492387771606,169.0,168.6,30.3,0,8,BAKE-PREHEAT,212.5,124.8,212.5,124.8
2025-08-26T18:11:13.373,336.45207691192627,169.0,168.5,30.3,0,8,BAKE-PREHEAT,212.2,124.8,212.2,124.8
2025-08-26T18:11:13.692,336.77117800712585,169.0,168.8,30.3,0,8,BAKE-PREHEAT,212.8,124.8,212.8,124.8
2025-08-26T18:11:13.887,336.9664258956909,169.0,168.5,30.3,0,8,BAKE-PREHEAT,212.2,124.8,212.2,124.8
2025-08-26T18:11:14.150,337.2290298938751,169.0,168.1,30.4,0,8,BAKE-PREHEAT,211.5,124.8,211.5,124.8
2025-08-26T18:11:14.412,337.4913330078125,169.0,168.0,30.4,0,8,BAKE-PREHEAT,211.2,124.8,211.2,124.8
2025-08-26T18:11:14.600,337.67907786369324,169.0,168.4,30.3,0,8,BAKE-PREHEAT,211.8,125.0,211.8,125.0
2025-08-26T18:11:14.921,338.0001618862152,169.0,168.4,30.3,0,8,BAKE-PREHEAT,211.8,125.0,211.8,125.0
2025-08-26T18:11:15.106,338.18552803993225,169.0,167.5,30.4,0,8,BAKE-PREHEAT,210.2,124.8,210.2,124.8
2025-08-26T18:11:15.353,338.4320778846741,169.0,167.4,30.4,0,8,BAKE-PREHEAT,209.8,125.0,209.8,125.0
2025-08-26T18:11:15.600,338.6788098812103,169.0,167.0,30.4,0,8,BAKE-PREHEAT,209.2,124.8,209.2,124.8
2025-08-26T18:11:15.850,338.9288909435272,169.0,166.9,30.4,0,8,BAKE-PREHEAT,209.0,124.8,209.0,124.8
2025-08-26T18:11:16.104,339.1832699775696,169.0,167.2,30.4,0,8,BAKE-PREHEAT,209.5,125.0,209.5,125.0
2025-08-26T18:11:16.157,339.2361378669739,169.0,167.0,30.4,0,8,BAKE-PREHEAT,209.5,124.5,209.5,124.5
2025-08-26T18:11:16.598,339.67677998542786,156.0,166.8,30.4,0,223,BAKE,208.5,125.0,208.5,125.0
2025-08-26T18:11:16.850,339.9288568496704,156.0,166.9,30.4,0,225,BAKE,208.8,125.0,208.8,125.0
2025-08-26T18:11:17.164,340.2436890602112,156.0,167.0,30.4,0,228,BAKE,208.8,125.2,208.8,125.2
2025-08-26T18:11:17.350,340.4291410446167,156.0,167.1,30.5,0,230,BAKE,209.0,125.2,209.0,125.2
2025-08-26T18:11:17.671,340.75008392333984,156.0,166.9,30.4,0,225,BAKE,208.8,125.0,208.8,125.0
2025-08-26T18:11:17.849,340.9282350540161,156.0,166.9,30.5,0,225,BAKE,209.0,124.8,209.0,124.8
2025-08-26T18:11:18.099,341.17832803726196,156.0,167.1,30.5,0,230,BAKE,209.2,125.0,209.2,125.0
2025-08-26T18:11:18.353,341.43267488479614,156.0,166.9,30.5,0,225,BAKE,209.0,124.8,209.0,124.8
2025-08-26T18:11:18.599,341.67849493026733,156.0,166.5,30.5,0,218,BAKE,208.8,124.2,208.8,124.2
2025-08-26T18:11:18.854,341.9330539703369,156.0,166.0,30.4,0,208,BAKE,208.8,123.2,208.8,123.2
2025-08-26T18:11:19.170,342.2491478919983,156.0,165.9,30.5,0,205,BAKE,209.0,122.8,209.0,122.8
2025-08-26T18:11:19.359,342.4386749267578,156.0,165.2,30.5,0,193,BAKE,208.2,122.2,208.2,122.2
2025-08-26T18:11:19.605,342.6843719482422,156.0,164.8,30.5,0,183,BAKE,207.8,121.8,207.8,121.8
2025-08-26T18:11:19.854,342.9327518939972,156.0,163.9,30.5,0,165,BAKE,206.8,121.0,206.8,121.0
2025-08-26T18:11:20.099,343.17809891700745,156.0,163.2,30.5,0,153,BAKE,206.0,120.5,206.0,120.5
2025-08-26T18:11:20.422,343.5013110637665,156.0,162.2,30.5,0,133,BAKE,205.2,119.2,205.2,119.2
2025-08-26T18:11:20.607,343.6862199306488,156.0,161.4,30.6,0,115,BAKE,204.0,118.8,204.0,118.8
2025-08-26T18:11:20.854,343.933198928833,156.0,160.8,30.5,0,103,BAKE,203.5,118.0,203.5,118.0
2025-08-26T18:11:21.099,344.1781060695648,156.0,159.9,30.6,0,8,BAKE,202.0,117.8,202.0,117.8
2025-08-26T18:11:21.349,344.42804884910583,156.0,159.0,30.6,0,8,BAKE,201.0,117.0,201.0,117.0
2025-08-26T18:11:21.599,344.6781919002533,156.0,158.4,30.6,0,8,BAKE,200.5,116.2,200.5,116.2
2025-08-26T18:11:21.908,344.98691391944885,156.0,157.9,30.6,0,8,BAKE,199.8,116.0,199.8,116.0
2025-08-26T18:11:22.092,345.17135190963745,156.0,156.9,30.7,0,8,BAKE,198.2,115.5,198.2,115.5
2025-08-26T18:11:22.212,345.2914090156555,156.0,156.5,30.6,0,8,BAKE,198.0,115.0,198.0,115.0
2025-08-26T18:11:22.657,345.73636388778687,156.0,156.0,30.6,0,8,BAKE,197.5,114.5,197.5,114.5
2025-08-26T18:11:22.910,345.9887590408325,156.0,155.6,30.6,0,8,BAKE-PREHEAT,197.2,114.0,197.2,114.0
2025-08-26T18:11:23.164,346.2433919906616,156.0,155.6,30.6,0,8,BAKE-PREHEAT,197.5,113.8,197.5,113.8
2025-08-26T18:11:23.427,346.50631499290466,156.0,155.8,30.7,0,8,BAKE-PREHEAT,198.0,113.5,198.0,113.5
2025-08-26T18:11:23.613,346.6922378540039,156.0,156.0,30.6,0,8,BAKE,198.2,113.8,198.2,113.8
2025-08-26T18:11:23.865,346.94403100013733,156.0,155.8,30.7,0,8,BAKE-PREHEAT,198.0,113.5,198.0,113.5
2025-08-26T18:11:24.114,347.1933870315552,156.0,155.5,30.6,0,8,BAKE-PREHEAT,197.2,113.8,197.2,113.8
2025-08-26T18:11:24.370,347.4495120048523,156.0,155.4,30.7,0,8,BAKE-PREHEAT,196.8,114.0,196.8,114.0
2025-08-26T18:11:24.620,347.6995620727539,156.0,155.1,30.6,0,8,BAKE-PREHEAT,196.8,113.5,196.8,113.5
2025-08-26T18:11:24.869,347.9477798938751,156.0,155.2,30.7,0,8,BAKE-PREHEAT,196.5,114.0,196.5,114.0
2025-08-26T18:11:25.129,348.2087218761444,156.0,155.1,30.7,0,8,BAKE-PREHEAT,196.5,113.8,196.5,113.8
2025-08-26T18:11:25.392,348.4709930419922,156.0,155.0,30.7,0,8,BAKE-PREHEAT,196.2,113.8,196.2,113.8
2025-08-26T18:11:25.648,348.72722005844116,156.0,154.8,30.7,0,8,BAKE-PREHEAT,195.5,114.0,195.5,114.0
2025-08-26T18:11:25.909,348.9886689186096,156.0,154.9,30.7,0,8,BAKE-PREHEAT,195.5,114.2,195.5,114.2
2025-08-26T18:11:26.151,349.2305028438568,156.0,155.1,30.7,0,8,BAKE-PREHEAT,195.8,114.5,195.8,114.5
2025-08-26T18:11:26.339,349.4183359146118,156.0,155.0,30.7,0,8,BAKE-PREHEAT,196.0,114.0,196.0,114.0
2025-08-26T18:11:26.650,349.7287609577179,156.0,155.1,30.7,0,8,BAKE-PREHEAT,196.2,114.0,196.2,114.0
2025-08-26T18:11:26.660,349.7390079498291,156.0,155.4,30.7,0,8,BAKE-PREHEAT,196.5,114.2,196.5,114.2
2025-08-26T18:11:27.163,350.24193000793457,142.0,155.5,30.7,0,255,BAKE,196.8,114.2,196.8,114.2
2025-08-26T18:11:27.416,350.49550890922546,142.0,155.5,30.7,0,255,BAKE,196.5,114.5,196.5,114.5
2025-08-26T18:11:27.605,350.68421506881714,142.0,155.5,30.7,0,255,BAKE,196.2,114.8,196.2,114.8
2025-08-26T18:11:27.850,350.9287679195404,142.0,155.2,30.7,0,255,BAKE,196.0,114.5,196.0,114.5
2025-08-26T18:11:28.165,351.2442479133606,142.0,155.2,30.7,0,255,BAKE,196.2,114.2,196.2,114.2
2025-08-26T18:11:28.351,351.43045687675476,142.0,154.9,30.7,0,255,BAKE,196.0,113.8,196.0,113.8
2025-08-26T18:11:28.598,351.67734599113464,142.0,154.2,30.8,0,253,BAKE,195.2,113.2,195.2,113.2
2025-08-26T18:11:28.921,352.0005600452423,142.0,154.1,30.8,0,250,BAKE,195.5,112.8,195.5,112.8
2025-08-26T18:11:29.107,352.1861479282379,142.0,153.5,30.8,0,238,BAKE,194.8,112.2,194.8,112.2
2025-08-26T18:11:29.351,352.4303710460663,142.0,153.0,30.7,0,228,BAKE,194.2,111.8,194.2,111.8
2025-08-26T18:11:29.598,352.67752504348755,142.0,152.2,30.7,0,213,BAKE,193.5,111.0,193.5,111.0
2025-08-26T18:11:29.915,352.99383187294006,142.0,151.4,30.8,0,195,BAKE,192.5,110.2,192.5,110.2
2025-08-26T18:11:30.103,353.18245100975037,142.0,150.8,30.8,0,183,BAKE,192.0,109.5,192.0,109.5
2025-08-26T18:11:30.422,353.5015959739685,142.0,150.4,30.8,0,175,BAKE,191.8,109.0,191.8,109.0
2025-08-26T18:11:30.609,353.68783688545227,142.0,149.8,30.8,0,163,BAKE,191.0,108.5,191.0,108.5
2025-08-26T18:11:30.863,353.94191002845764,142.0,149.2,30.8,0,153,BAKE,190.5,108.0,190.5,108.0
2025-08-26T18:11:31.110,354.189523935318,142.0,148.1,30.8,0,130,BAKE,189.2,107.0,189.2,107.0
2025-08-26T18:11:31.358,354.43748593330383,142.0,147.4,30.8,0,115,BAKE,188.5,106.2,188.5,106.2
2025-08-26T18:11:31.676,354.75514698028564,142.0,146.5,30.8,0,98,BAKE,187.0,106.0,187.0,106.0
2025-08-26T18:11:31.862,354.9411549568176,142.0,145.4,30.8,0,8,BAKE,186.0,104.8,186.0,104.8
2025-08-26T18:11:32.113,355.1920528411865,142.0,145.4,30.8,0,8,BAKE,186.0,104.8,186.0,104.8
2025-08-26T18:11:32.356,355.4349548816681,142.0,144.9,30.8,0,8,BAKE,185.5,104.2,185.5,104.2
2025-08-26T18:11:32.603,355.6825008392334,142.0,144.4,30.8,0,8,BAKE,185.2,103.5,185.2,103.5
2025-08-26T18:11:32.661,355.7402229309082,142.0,143.9,30.8,0,8,BAKE,184.2,103.5,184.2,103.5
2025-08-26T18:11:33.165,356.2439138889313,142.0,143.2,30.8,0,8,BAKE,183.5,103.0,183.5,103.0
2025-08-26T18:11:33.352,356.4308500289917,142.0,143.0,30.9,0,8,BAKE,183.0,103.0,183.0,103.0
2025-08-26T18:11:33.598,356.67697501182556,142.0,142.6,30.9,0,8,BAKE,182.8,102.5,182.8,102.5
2025-08-26T18:11:33.852,356.9316449165344,142.0,142.4,30.9,0,8,BAKE,182.5,102.2,182.5,102.2
2025-08-26T18:11:34.098,357.1768808364868,142.0,142.4,30.9,0,8,BAKE,182.5,102.2,182.5,102.2
2025-08-26T18:11:34.420,357.4996418952942,142.0,142.1,30.9,0,8,BAKE,181.5,102.8,181.5,102.8
2025-08-26T18:11:34.606,357.6850929260254,142.0,141.8,30.9,0,8,BAKE-PREHEAT,181.0,102.5,181.0,102.5
2025-08-26T18:11:34.853,357.9326639175415,142.0,141.4,30.9,0,8,BAKE-PREHEAT,180.5,102.2,180.5,102.2
2025-08-26T18:11:35.100,358.1788990497589,142.0,141.2,30.9,0,8,BAKE-PREHEAT,180.2,102.2,180.2,102.2
2025-08-26T18:11:35.347,358.4263529777527,142.0,141.1,30.9,0,8,BAKE-PREHEAT,180.0,102.2,180.0,102.2
2025-08-26T18:11:35.598,358.676894903183,142.0,141.4,30.9,0,8,BAKE-PREHEAT,180.2,102.5,180.2,102.5
2025-08-26T18:11:35.910,358.98892188072205,142.0,141.2,30.9,0,8,BAKE-PREHEAT,180.2,102.2,180.2,102.2
2025-08-26T18:11:36.096,359.17499685287476,142.0,141.6,31.0,0,8,BAKE-PREHEAT,180.5,102.8,180.5,102.8
2025-08-26T18:11:36.345,359.4243929386139,142.0,141.5,31.0,0,8,BAKE-PREHEAT,180.5,102.5,180.5,102.5
2025-08-26T18:11:36.401,359.4799790382385,142.0,141.6,31.0,0,8,BAKE-PREHEAT,180.5,102.8,180.5,102.8
2025-08-26T18:11:36.848,359.9267489910126,128.0,141.6,30.9,0,255,BAKE,180.5,102.8,180.5,102.8
2025-08-26T18:11:37.169,360.2487008571625,128.0,141.8,31.0,0,255,BAKE,180.5,103.0,180.5,103.0
2025-08-26T18:11:37.349,360.42851400375366,128.0,142.0,31.0,0,255,BAKE,181.0,103.0,181.0,103.0
2025-08-26T18:11:37.597,360.67660689353943,128.0,142.0,31.0,0,255,BAKE,180.8,103.2,180.8,103.2
2025-08-26T18:11:37.906,360.9854209423065,128.0,141.6,31.0,0,255,BAKE,180.2,103.0,180.2,103.0
2025-08-26T18:11:38.097,361.1766839027405,128.0,141.5,31.1,0,255,BAKE,180.2,102.8,180.2,102.8
2025-08-26T18:11:38.347,361.42624592781067,128.0,141.2,31.0,0,255,BAKE,180.0,102.5,180.0,102.5
2025-08-26T18:11:38.665,361.74390983581543,128.0,140.6,31.0,0,255,BAKE,179.5,101.8,179.5,101.8
2025-08-26T18:11:38.846,361.92570400238037,128.0,140.4,31.0,0,255,BAKE,179.5,101.2,179.5,101.2
2025-08-26T18:11:39.095,362.1747169494629,128.0,140.1,31.1,0,250,BAKE,179.2,101.0,179.2,101.0
2025-08-26T18:11:39.347,362.4261178970337,128.0,139.4,31.0,0,235,BAKE,178.5,100.2,178.5,100.2
2025-08-26T18:11:39.597,362.6761898994446,128.0,138.6,31.0,0,220,BAKE,177.8,99.5,177.8,99.5
2025-08-26T18:11:39.852,362.93093395233154,128.0,138.0,31.1,0,208,BAKE,177.0,99.0,177.0,99.0
2025-08-26T18:11:40.147,363.2258849143982,128.0,137.2,31.1,0,193,BAKE,176.2,98.2,176.2,98.2
2025-08-26T18:11:40.388,363.4670989513397,128.0,136.6,31.1,0,180,BAKE,175.8,97.5,175.8,97.5
2025-08-26T18:11:40.625,363.704097032547,128.0,136.1,31.0,0,170,BAKE,175.2,97.0,175.2,97.0
2025-08-26T18:11:40.862,363.9409148693085,128.0,135.1,31.1,0,150,BAKE,173.8,96.5,173.8,96.5
2025-08-26T18:11:41.148,364.22733902931213,128.0,134.6,31.1,0,140,BAKE,173.0,96.2,173.0,96.2
2025-08-26T18:11:41.391,364.47063183784485,128.0,133.2,31.1,0,113,BAKE,170.8,95.8,170.8,95.8
2025-08-26T18:11:41.623,364.7018029689789,128.0,132.4,31.1,0,95,BAKE,169.5,95.2,169.5,95.2
2025-08-26T18:11:41.851,364.930459022522,128.0,132.0,31.1,0,8,BAKE,169.0,95.0,169.0,95.0
2025-08-26T18:11:42.137,365.2157459259033,128.0,131.4,31.1,0,8,BAKE,168.5,94.2,168.5,94.2
2025-08-26T18:11:42.368,365.44672298431396,128.0,130.8,31.1,0,8,BAKE,167.5,94.0,167.5,94.0
2025-08-26T18:11:42.420,365.4993779659271,128.0,130.2,31.1,0,8,BAKE,167.2,93.2,167.2,93.2
2025-08-26T18:11:42.895,365.9739260673523,128.0,129.8,31.1,0,8,BAKE,166.5,93.0,166.5,93.0
2025-08-26T18:11:43.128,366.2075319290161,128.0,129.5,31.2,0,8,BAKE,166.2,92.8,166.2,92.8
2025-08-26T18:11:43.361,366.4405460357666,128.0,129.4,31.1,0,8,BAKE,166.0,92.8,166.0,92.8
2025-08-26T18:11:43.656,366.73515796661377,128.0,129.2,31.1,0,8,BAKE,165.8,92.8,165.8,92.8
2025-08-26T18:11:43.894,366.97283697128296,128.0,129.0,31.2,0,8,BAKE,165.5,92.5,165.5,92.5
2025-08-26T18:11:44.129,367.2081308364868,128.0,129.2,31.2,0,8,BAKE,165.8,92.8,165.8,92.8
2025-08-26T18:11:44.354,367.4333920478821,128.0,129.0,31.1,0,8,BAKE,165.5,92.5,165.5,92.5
2025-08-26T18:11:44.648,367.72739696502686,128.0,129.1,31.1,0,8,BAKE,165.8,92.5,165.8,92.5
2025-08-26T18:11:44.883,367.9619619846344,128.0,129.4,31.2,0,8,BAKE,166.0,92.8,166.0,92.8
2025-08-26T18:11:45.118,368.1969220638275,128.0,129.2,31.2,0,8,BAKE,165.8,92.8,165.8,92.8
2025-08-26T18:11:45.350,368.4296989440918,128.0,129.2,31.2,0,8,BAKE,165.5,93.0,165.5,93.0
2025-08-26T18:11:45.641,368.720027923584,128.0,129.1,31.2,0,8,BAKE,165.2,93.0,165.2,93.0
2025-08-26T18:11:45.880,368.95947098731995,128.0,129.2,31.2,0,8,BAKE,165.2,93.2,165.2,93.2
2025-08-26T18:11:46.111,369.18979692459106,128.0,129.2,31.2,0,8,BAKE,165.2,93.2,165.2,93.2
2025-08-26T18:11:46.351,369.4302110671997,128.0,129.1,31.2,0,8,BAKE,165.0,93.2,165.0,93.2
2025-08-26T18:11:47.173,370.251806974411,114.0,129.5,31.2,0,255,BAKE,165.5,93.5,165.5,93.5
2025-08-26T18:11:47.347,370.42611503601074,114.0,129.6,31.2,0,255,BAKE,165.8,93.5,165.8,93.5
2025-08-26T18:11:47.641,370.7205698490143,114.0,129.4,31.2,0,255,BAKE,165.5,93.2,165.5,93.2
2025-08-26T18:11:47.878,370.95706701278687,114.0,129.2,31.2,0,255,BAKE,165.0,93.5,165.0,93.5
2025-08-26T18:11:48.112,371.1914789676666,114.0,129.1,31.3,0,255,BAKE,165.0,93.2,165.0,93.2
2025-08-26T18:11:48.409,371.48786902427673,114.0,128.6,31.2,0,255,BAKE,164.5,92.8,164.5,92.8
2025-08-26T18:11:48.648,371.7270200252533,114.0,128.4,31.2,0,255,BAKE,164.2,92.5,164.2,92.5
2025-08-26T18:11:48.887,371.9665219783783,114.0,128.1,31.2,0,255,BAKE,164.2,92.0,164.2,92.0
2025-08-26T18:11:49.117,372.1960530281067,114.0,127.6,31.3,0,255,BAKE,163.5,91.8,163.5,91.8
2025-08-26T18:11:49.348,372.42718386650085,114.0,127.4,31.3,0,255,BAKE,163.5,91.2,163.5,91.2
2025-08-26T18:11:49.642,372.721391916275,114.0,126.5,31.3,0,255,BAKE,162.2,90.8,162.2,90.8
2025-08-26T18:11:49.878,372.95698285102844,114.0,125.8,31.3,0,243,BAKE,161.5,90.0,161.5,90.0
2025-08-26T18:11:50.109,373.18793988227844,114.0,125.1,31.3,0,230,BAKE,161.0,89.2,161.0,89.2
2025-08-26T18:11:50.398,373.4777190685272,114.0,124.9,31.3,0,225,BAKE,161.0,88.8,161.0,88.8
2025-08-26T18:11:50.637,373.71602606773376,114.0,124.5,31.3,0,218,BAKE,160.5,88.5,160.5,88.5
2025-08-26T18:11:50.873,373.9526119232178,114.0,123.5,31.3,0,198,BAKE,159.0,88.0,159.0,88.0
2025-08-26T18:11:51.171,374.2502930164337,114.0,122.9,31.3,0,185,BAKE,158.5,87.2,158.5,87.2
2025-08-26T18:11:51.344,374.4230649471283,114.0,122.4,31.3,0,175,BAKE,157.8,87.0,157.8,87.0
2025-08-26T18:11:51.635,374.71431589126587,114.0,122.0,31.3,0,168,BAKE,157.2,86.8,157.2,86.8
2025-08-26T18:11:51.871,374.9502749443054,114.0,121.5,31.3,0,158,BAKE,156.8,86.2,156.8,86.2
2025-08-26T18:11:52.102,375.18078684806824,114.0,121.0,31.4,0,148,BAKE,156.0,86.0,156.0,86.0
2025-08-26T18:11:52.396,375.4747269153595,114.0,120.5,31.3,0,138,BAKE,155.5,85.5,155.5,85.5
2025-08-26T18:11:52.631,375.7101809978485,114.0,119.9,31.4,0,125,BAKE,154.8,85.0,154.8,85.0
2025-08-26T18:11:52.686,375.7652418613434,114.0,119.4,31.3,0,115,BAKE,154.0,84.8,154.0,84.8
2025-08-26T18:11:53.094,376.17350602149963,114.0,119.1,31.3,0,110,BAKE,153.8,84.5,153.8,84.5
2025-08-26T18:11:53.388,376.4673659801483,114.0,119.1,31.4,0,110,BAKE,153.8,84.5,153.8,84.5
2025-08-26T18:11:53.625,376.7044188976288,114.0,118.8,31.3,0,103,BAKE,153.2,84.2,153.2,84.2
2025-08-26T18:11:53.862,376.94124007225037,114.0,118.5,31.4,0,98,BAKE,153.2,83.8,153.2,83.8
2025-08-26T18:11:54.147,377.22584795951843,114.0,118.2,31.3,0,93,BAKE,152.8,83.8,152.8,83.8
2025-08-26T18:11:54.373,377.45245385169983,114.0,117.5,31.3,0,8,BAKE,151.5,83.5,151.5,83.5
2025-08-26T18:11:54.610,377.6888599395752,114.0,117.1,31.4,0,8,BAKE,150.8,83.5,150.8,83.5
2025-08-26T18:11:54.846,377.9247798919678,114.0,116.8,31.4,0,8,BAKE,150.2,83.2,150.2,83.2
2025-08-26T18:11:55.138,378.2168960571289,114.0,116.4,31.3,0,8,BAKE,149.8,83.0,149.8,83.0
2025-08-26T18:11:55.369,378.4479720592499,114.0,116.1,31.4,0,8,BAKE,149.2,83.0,149.2,83.0
2025-08-26T18:11:55.597,378.676570892334,114.0,115.6,31.4,0,8,BAKE,148.2,83.0,148.2,83.0
2025-08-26T18:11:55.892,378.9712929725647,114.0,115.8,31.4,0,8,BAKE,148.8,82.8,148.8,82.8
2025-08-26T18:11:56.129,379.20784187316895,114.0,116.0,31.4,0,8,BAKE,149.2,82.8,149.2,82.8
2025-08-26T18:11:56.367,379.4459149837494,114.0,116.1,31.4,0,8,BAKE,149.0,83.2,149.0,83.2
2025-08-26T18:11:56.601,379.68008303642273,114.0,116.0,31.4,0,8,BAKE,149.2,82.8,149.2,82.8
2025-08-26T18:11:56.656,379.7351598739624,114.0,116.2,31.4,0,8,BAKE,149.8,82.8,149.8,82.8
2025-08-26T18:12:06.623,389.70189595222473,70.0,102.5,31.6,0,255,BAKE,132.2,72.8,132.2,72.8
2025-08-26T18:12:06.854,389.9328269958496,70.0,101.6,31.6,0,255,BAKE,130.8,72.5,130.8,72.5
2025-08-26T18:12:07.147,390.2260060310364,70.0,101.2,31.6,0,255,BAKE,130.0,72.5,130.0,72.5
2025-08-26T18:12:07.385,390.463800907135,70.0,101.1,31.6,0,255,BAKE,129.8,72.5,129.8,72.5
2025-08-26T18:12:07.618,390.6969759464264,70.0,100.9,31.6,0,255,BAKE,129.8,72.0,129.8,72.0
2025-08-26T18:12:07.853,390.93196988105774,70.0,101.0,31.6,0,255,BAKE,130.0,72.0,130.0,72.0
2025-08-26T18:12:08.145,391.2237899303436,70.0,100.6,31.6,0,255,BAKE,129.5,71.8,129.5,71.8
2025-08-26T18:12:08.371,391.45018196105957,70.0,100.4,31.6,0,255,BAKE,129.0,71.8,129.0,71.8
2025-08-26T18:12:08.608,391.6870720386505,70.0,100.2,31.6,0,255,BAKE,129.2,71.2,129.2,71.2
2025-08-26T18:12:08.902,391.9816348552704,70.0,100.2,31.6,0,255,BAKE,129.2,71.2,129.2,71.2
2025-08-26T18:12:09.138,392.2177119255066,70.0,100.1,31.7,0,255,BAKE,129.0,71.2,129.0,71.2
2025-08-26T18:12:09.376,392.4551739692688,70.0,99.6,31.6,0,255,BAKE,128.2,71.0,128.2,71.0
2025-08-26T18:12:09.603,392.682345867157,70.0,99.5,31.6,0,255,BAKE,128.0,71.0,128.0,71.0
2025-08-26T18:12:09.898,392.97694087028503,70.0,99.2,31.6,0,255,BAKE,128.0,70.5,128.0,70.5
2025-08-26T18:12:10.136,393.21553802490234,70.0,99.0,31.7,0,255,BAKE,127.5,70.5,127.5,70.5
2025-08-26T18:12:10.364,393.442852973938,70.0,98.6,31.6,0,255,BAKE,127.0,70.2,127.0,70.2
2025-08-26T18:12:10.598,393.67749094963074,70.0,98.1,31.7,0,255,BAKE,126.2,70.0,126.2,70.0
2025-08-26T18:12:10.888,393.96738290786743,70.0,98.0,31.7,0,255,BAKE,126.2,69.8,126.2,69.8
2025-08-26T18:12:11.126,394.2056710720062,70.0,97.8,31.7,0,255,BAKE,125.8,69.8,125.8,69.8
2025-08-26T18:12:11.360,394.43883204460144,70.0,97.6,31.7,0,255,BAKE,125.5,69.8,125.5,69.8
2025-08-26T18:12:11.658,394.7372589111328,70.0,97.1,31.7,0,255,BAKE,124.8,69.5,124.8,69.5
2025-08-26T18:12:11.897,394.97660398483276,70.0,97.1,31.7,0,255,BAKE,124.8,69.5,124.8,69.5
2025-08-26T18:12:12.133,395.2120900154114,70.0,96.9,31.7,0,255,BAKE,124.5,69.2,124.5,69.2
2025-08-26T18:12:12.249,395.3279399871826,70.0,96.2,31.7,0,255,BAKE,123.8,68.8,123.8,68.8
2025-08-26T18:12:12.591,395.67046189308167,70.0,96.5,31.7,0,255,BAKE,124.0,69.0,124.0,69.0
2025-08-26T18:12:12.886,395.9651689529419,70.0,96.1,31.7,0,255,BAKE,123.8,68.5,123.8,68.5
2025-08-26T18:12:13.123,396.20226883888245,70.0,96.2,31.7,0,255,BAKE,123.8,68.8,123.8,68.8
2025-08-26T18:12:13.359,396.4383280277252,70.0,96.2,31.8,0,255,BAKE,124.0,68.5,124.0,68.5
2025-08-26T18:12:13.655,396.73399591445923,70.0,95.9,31.7,0,255,BAKE,123.2,68.5,123.2,68.5
2025-08-26T18:12:13.894,396.9735310077667,70.0,95.5,31.7,0,255,BAKE,122.8,68.2,122.8,68.2
2025-08-26T18:12:14.130,397.20946192741394,70.0,95.6,31.7,0,255,BAKE,123.0,68.2,123.0,68.2
2025-08-26T18:12:14.365,397.4446940422058,70.0,95.1,31.7,0,255,BAKE,122.2,68.0,122.2,68.0
2025-08-26T18:12:14.597,397.67580699920654,70.0,95.1,31.7,0,255,BAKE,122.2,68.0,122.2,68.0
2025-08-26T18:12:14.888,397.96680998802185,70.0,94.6,31.7,0,255,BAKE,121.8,67.5,121.8,67.5
2025-08-26T18:12:15.182,398.26167583465576,70.0,94.4,31.7,0,255,BAKE,121.2,67.5,121.2,67.5
2025-08-26T18:12:15.355,398.4342248439789,70.0,94.1,31.7,0,255,BAKE,121.2,67.0,121.2,67.0
2025-08-26T18:12:15.652,398.7309639453888,70.0,94.2,31.7,0,255,BAKE,121.2,67.2,121.2,67.2
2025-08-26T18:12:15.891,398.97047090530396,70.0,93.9,31.7,0,255,BAKE,120.8,67.0,120.8,67.0
2025-08-26T18:12:16.121,399.2002248764038,70.0,93.6,31.7,0,255,BAKE,120.5,66.8,120.5,66.8
2025-08-26T18:12:16.367,399.4463109970093,70.0,93.4,31.8,0,255,BAKE,120.0,66.8,120.0,66.8
2025-08-26T18:12:17.121,400.2001829147339,40.0,92.8,31.8,0,255,BAKE,119.2,66.2,119.2,66.2
2025-08-26T18:12:17.356,400.4354078769684,40.0,92.6,31.8,0,255,BAKE,118.8,66.5,118.8,66.5
2025-08-26T18:12:17.647,400.7264368534088,40.0,92.2,31.8,0,255,BAKE,118.2,66.2,118.2,66.2
2025-08-26T18:12:17.883,400.9624140262604,40.0,92.0,31.8,0,255,BAKE,118.2,65.8,118.2,65.8
2025-08-26T18:12:18.112,401.1916389465332,40.0,91.5,31.8,0,255,BAKE,117.5,65.5,117.5,65.5
2025-08-26T18:12:18.343,401.42261505126953,40.0,91.5,31.8,0,255,BAKE,117.5,65.5,117.5,65.5
2025-08-26T18:12:18.636,401.7154190540314,40.0,91.5,31.8,0,255,BAKE,117.5,65.5,117.5,65.5
2025-08-26T18:12:18.874,401.9528880119324,40.0,91.0,31.8,0,255,BAKE,116.8,65.2,116.8,65.2
2025-08-26T18:12:19.174,402.253634929657,40.0,91.0,31.8,0,255,BAKE,116.8,65.2,116.8,65.2
2025-08-26T18:12:19.349,402.42837595939636,40.0,90.9,31.8,0,255,BAKE,116.8,65.0,116.8,65.0
2025-08-26T18:12:19.642,402.7216169834137,40.0,90.9,31.8,0,255,BAKE,116.8,65.0,116.8,65.0
2025-08-26T18:12:19.882,402.96081495285034,40.0,90.8,31.8,0,255,BAKE,116.8,64.8,116.8,64.8
2025-08-26T18:12:20.112,403.1909899711609,40.0,90.4,31.8,0,255,BAKE,116.2,64.5,116.2,64.5
2025-08-26T18:12:20.346,403.42552495002747,40.0,89.9,31.8,0,255,BAKE,115.2,64.5,115.2,64.5
2025-08-26T18:12:20.638,403.7171678543091,40.0,89.5,31.8,0,255,BAKE,114.5,64.5,114.5,64.5
2025-08-26T18:12:20.866,403.94531893730164,40.0,89.4,31.8,0,255,BAKE,114.5,64.2,114.5,64.2
2025-08-26T18:12:21.102,404.18114495277405,40.0,89.4,31.8,0,255,BAKE,114.5,64.2,114.5,64.2
2025-08-26T18:12:21.392,404.47098684310913,40.0,89.2,31.8,0,255,BAKE,114.2,64.2,114.2,64.2
2025-08-26T18:12:21.630,404.7091999053955,40.0,88.5,31.8,0,255,BAKE,113.2,63.8,113.2,63.8
2025-08-26T18:12:21.867,404.94626784324646,40.0,88.2,31.8,0,255,BAKE,112.8,63.8,112.8,63.8
2025-08-26T18:12:22.151,405.22975993156433,40.0,88.1,31.8,0,255,BAKE,112.5,63.8,112.5,63.8
2025-08-26T18:12:22.388,405.4677059650421,40.0,88.0,31.8,0,255,BAKE,112.2,63.8,112.2,63.8
2025-08-26T18:12:22.623,405.70220494270325,40.0,87.9,31.8,0,255,BAKE,112.2,63.5,112.2,63.5
2025-08-26T18:12:22.627,405.70584893226624,40.0,87.9,31.8,0,255,BAKE,112.2,63.5,112.2,63.5
2025-08-26T18:12:23.093,406.17209100723267,40.0,87.9,31.8,0,255,BAKE,112.2,63.5,112.2,63.5
2025-08-26T18:12:23.382,406.4615559577942,40.0,87.6,31.8,0,255,BAKE,112.0,63.2,112.0,63.2
2025-08-26T18:12:23.618,406.6974320411682,40.0,87.4,31.8,0,255,BAKE,111.5,63.2,111.5,63.2
2025-08-26T18:12:23.854,406.93363094329834,40.0,87.1,31.8,0,255,BAKE,111.2,63.0,111.2,63.0
2025-08-26T18:12:24.144,407.223335981369,40.0,86.8,31.8,0,255,BAKE,110.8,62.8,110.8,62.8
2025-08-26T18:12:24.380,407.45889592170715,40.0,86.6,31.8,0,255,BAKE,110.5,62.8,110.5,62.8
2025-08-26T18:12:24.614,407.6927590370178,40.0,86.5,31.8,0,255,BAKE,110.2,62.8,110.2,62.8
2025-08-26T18:12:24.914,407.99290895462036,40.0,86.4,31.8,0,255,BAKE,110.2,62.5,110.2,62.5
2025-08-26T18:12:25.091,408.170040845871,40.0,86.5,31.8,0,255,BAKE,110.5,62.5,110.5,62.5
2025-08-26T18:12:25.385,408.46433687210083,40.0,86.1,31.8,0,255,BAKE,110.0,62.2,110.0,62.2
2025-08-26T18:12:25.621,408.6999819278717,40.0,86.1,31.8,0,255,BAKE,110.0,62.2,110.0,62.2
2025-08-26T18:12:25.858,408.93725991249084,40.0,86.2,31.8,0,255,BAKE,110.2,62.2,110.2,62.2
2025-08-26T18:12:26.154,409.2336208820343,40.0,86.1,31.9,0,255,BAKE,110.0,62.2,110.0,62.2
2025-08-26T18:12:26.336,409.4149880409241,40.0,85.9,31.8,0,255,BAKE,109.8,62.0,109.8,62.0
2025-08-26T18:12:26.627,409.7058138847351,40.0,85.9,31.9,0,255,BAKE,109.8,62.0,109.8,62.0
2025-08-26T18:12:26.631,409.7097668647766,40.0,85.8,31.9,0,255,BAKE,109.8,61.8,109.8,61.8
