timestamp_iso,t_sec,set_c,actual_c,coldj_c,heat,fan,mode,temp0_c,temp1_c,temp2_c,temp3_c
2025-08-26T17:09:03.553,88.9930830001831,146.0,137.9,29.3,176,8,BAKE-PREHEAT,135.5,140.2,135.5,140.2
2025-08-26T17:09:03.787,89.22748899459839,146.0,138.1,29.3,132,8,BAKE-PREHEAT,135.8,140.5,135.8,140.5
2025-08-26T17:09:04.023,89.46306204795837,146.0,138.8,29.4,60,8,BAKE-PREHEAT,136.5,141.0,136.5,141.0
2025-08-26T17:09:04.316,89.75687313079834,146.0,138.8,29.3,160,8,BAKE-PREHEAT,136.5,141.0,136.5,141.0
2025-08-26T17:09:04.552,89.99295091629028,158.0,139.6,29.4,231,8,BAKE-PREHEAT,137.5,141.8,137.5,141.8
2025-08-26T17:09:04.781,90.22118806838989,158.0,139.4,29.3,255,8,BAKE-PREHEAT,137.0,141.8,137.0,141.8
2025-08-26T17:09:05.016,90.45687198638916,158.0,139.6,29.3,255,8,BAKE-PREHEAT,137.5,141.8,137.5,141.8
2025-08-26T17:09:05.310,90.75027894973755,158.0,140.2,29.4,255,8,BAKE-PREHEAT,138.2,142.2,138.2,142.2
2025-08-26T17:09:05.547,90.98785400390625,158.0,140.0,29.4,255,8,BAKE-PREHEAT,137.8,142.2,137.8,142.2
2025-08-26T17:09:05.843,91.28385400772095,158.0,140.4,29.4,255,8,BAKE-PREHEAT,138.2,142.5,138.2,142.5
2025-08-26T17:09:06.013,91.45328402519226,158.0,140.8,29.3,255,8,BAKE-PREHEAT,138.8,142.8,138.8,142.8
2025-08-26T17:09:06.302,91.74253010749817,158.0,140.9,29.4,255,8,BAKE-PREHEAT,138.5,143.2,138.5,143.2
2025-08-26T17:09:06.538,91.97831606864929,158.0,141.2,29.4,255,8,BAKE-PREHEAT,139.0,143.5,139.0,143.5
2025-08-26T17:09:06.774,92.21427392959595,158.0,141.5,29.4,255,8,BAKE-PREHEAT,139.5,143.5,139.5,143.5
2025-08-26T17:09:07.068,92.50879001617432,158.0,141.8,29.4,255,8,BAKE-PREHEAT,139.5,144.0,139.5,144.0
2025-08-26T17:09:07.302,92.74232912063599,158.0,141.9,29.4,255,8,BAKE-PREHEAT,139.5,144.2,139.5,144.2
2025-08-26T17:09:07.531,92.97193098068237,158.0,142.4,29.4,240,8,BAKE-PREHEAT,140.0,144.8,140.0,144.8
2025-08-26T17:09:07.765,93.20514607429504,158.0,142.5,29.4,255,8,BAKE-PREHEAT,140.5,144.5,140.5,144.5
2025-08-26T17:09:08.053,93.49312901496887,158.0,142.8,29.4,255,8,BAKE-PREHEAT,140.5,145.0,140.5,145.0
2025-08-26T17:09:08.287,93.72714591026306,158.0,143.2,29.4,223,8,BAKE-PREHEAT,141.2,145.2,141.2,145.2
2025-08-26T17:09:08.521,93.96164894104004,158.0,143.5,29.3,255,8,BAKE-PREHEAT,141.5,145.5,141.5,145.5
2025-08-26T17:09:08.812,94.25295805931091,158.0,143.8,29.4,254,8,BAKE-PREHEAT,141.5,146.0,141.5,146.0
2025-08-26T17:09:09.045,94.48499608039856,158.0,143.9,29.4,255,8,BAKE-PREHEAT,141.8,146.0,141.8,146.0
2025-08-26T17:09:09.280,94.72046494483948,158.0,144.4,29.4,202,8,BAKE-PREHEAT,142.2,146.5,142.2,146.5
2025-08-26T17:09:09.516,94.95645713806152,158.0,144.4,29.4,255,8,BAKE-PREHEAT,142.0,146.8,142.0,146.8
2025-08-26T17:09:09.804,95.24481701850891,158.0,144.9,29.4,193,8,BAKE-PREHEAT,143.0,146.8,143.0,146.8
2025-08-26T17:09:10.040,95.48009204864502,158.0,145.4,29.4,183,8,BAKE-PREHEAT,143.2,147.5,143.2,147.5
2025-08-26T17:09:10.268,95.70804190635681,158.0,145.5,29.4,241,8,BAKE-PREHEAT,143.5,147.5,143.5,147.5
2025-08-26T17:09:10.319,95.75968813896179,158.0,145.5,29.4,255,8,BAKE-PREHEAT,143.0,148.0,143.0,148.0
2025-08-26T17:09:10.789,96.22926592826843,158.0,146.0,29.4,171,8,BAKE-PREHEAT,143.8,148.2,143.8,148.2
2025-08-26T17:09:11.020,96.46094012260437,158.0,146.4,29.4,184,8,BAKE-PREHEAT,144.0,148.8,144.0,148.8
2025-08-26T17:09:11.314,96.75479102134705,158.0,146.5,29.4,222,8,BAKE-PREHEAT,144.0,149.0,144.0,149.0
2025-08-26T17:09:11.550,96.99071907997131,158.0,146.6,29.4,220,8,BAKE-PREHEAT,144.0,149.2,144.0,149.2
2025-08-26T17:09:11.779,97.21916699409485,158.0,147.1,29.4,150,8,BAKE-PREHEAT,144.8,149.5,144.8,149.5
2025-08-26T17:09:12.016,97.45622205734253,158.0,147.5,29.4,163,8,BAKE-PREHEAT,145.2,149.8,145.2,149.8
2025-08-26T17:09:12.309,97.74960613250732,158.0,147.8,29.4,178,8,BAKE-PREHEAT,145.5,150.0,145.5,150.0
2025-08-26T17:09:12.547,97.98716306686401,158.0,147.9,29.4,196,8,BAKE-PREHEAT,145.8,150.0,145.8,150.0
2025-08-26T17:09:12.781,98.22140598297119,158.0,148.2,29.4,149,8,BAKE-PREHEAT,145.8,150.8,145.8,150.8
2025-08-26T17:09:13.070,98.51011395454407,158.0,148.4,29.4,186,8,BAKE-PREHEAT,146.0,150.8,146.0,150.8
2025-08-26T17:09:13.307,98.74748396873474,158.0,148.6,29.4,162,8,BAKE-PREHEAT,146.2,151.0,146.2,151.0
2025-08-26T17:09:13.544,98.98397707939148,158.0,149.1,29.4,112,8,BAKE-PREHEAT,146.8,151.5,146.8,151.5
2025-08-26T17:09:13.779,99.21903800964355,158.0,149.2,29.4,170,8,BAKE-PREHEAT,146.8,151.8,146.8,151.8
2025-08-26T17:09:14.072,99.51296997070312,158.0,149.6,29.4,123,8,BAKE-PREHEAT,147.0,152.2,147.0,152.2
2025-08-26T17:09:14.308,99.74802803993225,158.0,149.9,29.4,138,8,BAKE-PREHEAT,147.2,152.5,147.2,152.5
2025-08-26T17:09:14.362,99.802659034729,158.0,150.1,29.4,133,8,BAKE-PREHEAT,148.0,152.2,148.0,152.2
2025-08-26T17:09:14.776,100.21638607978821,170.0,150.2,29.4,255,8,BAKE-PREHEAT,147.8,152.8,147.8,152.8
2025-08-26T17:09:15.070,100.51056408882141,170.0,150.6,29.5,255,8,BAKE-PREHEAT,148.0,153.2,148.0,153.2
2025-08-26T17:09:15.308,100.74850606918335,170.0,151.0,29.4,255,8,BAKE-PREHEAT,148.5,153.5,148.5,153.5
2025-08-26T17:09:15.542,100.98281192779541,170.0,151.1,29.4,255,8,BAKE-PREHEAT,148.5,153.8,148.5,153.8
2025-08-26T17:09:15.843,101.28387498855591,170.0,151.8,29.4,255,8,BAKE-PREHEAT,149.2,154.2,149.2,154.2
2025-08-26T17:09:16.013,101.45381593704224,170.0,151.6,29.5,255,8,BAKE-PREHEAT,149.0,154.2,149.0,154.2
2025-08-26T17:09:16.307,101.74715805053711,170.0,151.8,29.4,255,8,BAKE-PREHEAT,149.0,154.5,149.0,154.5
2025-08-26T17:09:16.543,101.98386001586914,170.0,152.2,29.4,255,8,BAKE-PREHEAT,149.8,154.8,149.8,154.8
2025-08-26T17:09:16.781,102.22148108482361,170.0,152.8,29.5,255,8,BAKE-PREHEAT,150.2,155.2,150.2,155.2
2025-08-26T17:09:17.081,102.52188491821289,170.0,153.0,29.4,255,8,BAKE-PREHEAT,150.5,155.5,150.5,155.5
2025-08-26T17:09:17.315,102.7559540271759,170.0,153.2,29.5,255,8,BAKE-PREHEAT,150.5,156.0,150.5,156.0
2025-08-26T17:09:17.555,102.99531197547913,170.0,153.4,29.4,255,8,BAKE-PREHEAT,150.8,156.0,150.8,156.0
2025-08-26T17:09:17.784,103.22453808784485,170.0,153.6,29.4,255,8,BAKE-PREHEAT,151.0,156.2,151.0,156.2
2025-08-26T17:09:18.018,103.45858502388,170.0,154.1,29.5,246,8,BAKE-PREHEAT,151.2,157.0,151.2,157.0
2025-08-26T17:09:18.312,103.75259494781494,170.0,154.4,29.4,255,8,BAKE-PREHEAT,151.8,157.0,151.8,157.0
2025-08-26T17:09:18.548,103.98816299438477,170.0,154.8,29.5,254,8,BAKE-PREHEAT,152.0,157.5,152.0,157.5
2025-08-26T17:09:18.778,104.21880197525024,170.0,155.0,29.5,255,8,BAKE-PREHEAT,152.2,157.8,152.2,157.8
2025-08-26T17:09:19.073,104.51328802108765,170.0,155.0,29.4,255,8,BAKE-PREHEAT,152.2,157.8,152.2,157.8
2025-08-26T17:09:19.311,104.75193905830383,170.0,155.6,29.4,198,8,BAKE-PREHEAT,152.8,158.5,152.8,158.5
2025-08-26T17:09:19.549,104.98984909057617,170.0,155.8,29.4,255,8,BAKE-PREHEAT,153.0,158.5,153.0,158.5
2025-08-26T17:09:19.785,105.2256429195404,170.0,156.1,29.5,228,8,BAKE-PREHEAT,153.2,159.0,153.2,159.0
2025-08-26T17:09:20.076,105.51605296134949,170.0,156.5,29.4,221,8,BAKE-PREHEAT,153.8,159.2,153.8,159.2
2025-08-26T17:09:20.310,105.75092101097107,170.0,156.8,29.4,237,8,BAKE-PREHEAT,154.0,159.5,154.0,159.5
2025-08-26T17:09:20.365,105.8051381111145,170.0,157.1,29.5,210,8,BAKE-PREHEAT,154.2,160.0,154.2,160.0
2025-08-26T17:09:20.774,106.21437001228333,170.0,157.4,29.5,225,8,BAKE-PREHEAT,154.5,160.2,154.5,160.2
2025-08-26T17:09:21.068,106.50799703598022,170.0,157.6,29.4,220,8,BAKE-PREHEAT,154.8,160.5,154.8,160.5
2025-08-26T17:09:21.295,106.73546600341797,170.0,157.8,29.5,238,8,BAKE-PREHEAT,155.0,160.5,155.0,160.5
2025-08-26T17:09:21.526,106.9664409160614,170.0,158.4,29.4,146,8,BAKE-PREHEAT,155.2,161.5,155.2,161.5
2025-08-26T17:09:21.816,107.256756067276,170.0,158.4,29.5,246,8,BAKE-PREHEAT,155.5,161.2,155.5,161.2
2025-08-26T17:09:22.054,107.49476408958435,170.0,158.6,29.4,201,8,BAKE-PREHEAT,155.8,161.5,155.8,161.5
2025-08-26T17:09:22.285,107.72596096992493,170.0,159.1,29.5,152,8,BAKE-PREHEAT,156.0,162.2,156.0,162.2
2025-08-26T17:09:22.520,107.96005392074585,170.0,159.6,29.5,142,8,BAKE-PREHEAT,156.5,162.8,156.5,162.8
2025-08-26T17:09:22.810,108.2500970363617,170.0,159.8,29.5,200,8,BAKE-PREHEAT,156.8,162.8,156.8,162.8
2025-08-26T17:09:23.038,108.47861003875732,170.0,160.0,29.5,175,8,BAKE-PREHEAT,157.0,163.0,157.0,163.0
2025-08-26T17:09:23.273,108.71337008476257,170.0,160.1,29.4,193,8,BAKE-PREHEAT,157.0,163.2,157.0,163.2
2025-08-26T17:09:23.566,109.00607299804688,170.0,160.4,29.4,168,8,BAKE-PREHEAT,157.2,163.5,157.2,163.5
2025-08-26T17:09:23.804,109.24433398246765,170.0,161.0,29.5,96,8,BAKE-PREHEAT,157.8,164.2,157.8,164.2
2025-08-26T17:09:24.035,109.47565412521362,170.0,161.1,29.5,174,8,BAKE-PREHEAT,158.0,164.2,158.0,164.2
2025-08-26T17:09:24.263,109.7037980556488,170.0,161.5,29.5,127,8,BAKE-PREHEAT,158.2,164.8,158.2,164.8
2025-08-26T17:09:24.430,109.8707389831543,170.0,161.5,29.5,187,8,BAKE-PREHEAT,158.2,164.8,158.2,164.8
2025-08-26T17:09:24.777,110.21737694740295,179.0,161.9,29.5,255,8,BAKE-PREHEAT,158.8,165.0,158.8,165.0
2025-08-26T17:09:25.067,110.50758600234985,179.0,162.0,29.5,255,8,BAKE-PREHEAT,158.8,165.2,158.8,165.2
2025-08-26T17:09:25.302,110.74236607551575,179.0,162.2,29.5,255,8,BAKE-PREHEAT,159.2,165.2,159.2,165.2
2025-08-26T17:09:25.539,110.9796769618988,179.0,162.4,29.5,255,8,BAKE-PREHEAT,159.2,165.5,159.2,165.5
2025-08-26T17:09:25.769,111.20939898490906,179.0,162.9,29.5,252,8,BAKE-PREHEAT,159.8,166.0,159.8,166.0
2025-08-26T17:09:26.062,111.50264811515808,179.0,162.9,29.5,255,8,BAKE-PREHEAT,159.8,166.0,159.8,166.0
2025-08-26T17:09:26.300,111.74079704284668,179.0,163.1,29.5,255,8,BAKE-PREHEAT,160.0,166.2,160.0,166.2
2025-08-26T17:09:26.536,111.97608304023743,179.0,163.6,29.5,238,8,BAKE-PREHEAT,160.2,167.0,160.2,167.0
2025-08-26T17:09:26.836,112.27623701095581,179.0,163.8,29.5,255,8,BAKE-PREHEAT,160.5,167.0,160.5,167.0
2025-08-26T17:09:27.071,112.5113320350647,179.0,164.2,29.5,226,8,BAKE-PREHEAT,161.0,167.5,161.0,167.5
2025-08-26T17:09:27.308,112.74837112426758,179.0,164.4,29.5,255,8,BAKE-PREHEAT,161.0,167.8,161.0,167.8
2025-08-26T17:09:27.545,112.98543310165405,179.0,164.6,29.5,255,8,BAKE-PREHEAT,161.2,168.0,161.2,168.0
2025-08-26T17:09:27.780,113.22039914131165,179.0,164.8,29.5,255,8,BAKE-PREHEAT,161.5,168.0,161.5,168.0
2025-08-26T17:09:28.014,113.45470404624939,179.0,165.2,29.5,207,8,BAKE-PREHEAT,161.8,168.8,161.8,168.8
2025-08-26T17:09:28.301,113.74136996269226,179.0,165.4,29.5,255,8,BAKE-PREHEAT,162.0,168.8,162.0,168.8
2025-08-26T17:09:28.537,113.97795104980469,179.0,165.8,29.5,218,8,BAKE-PREHEAT,162.2,169.2,162.2,169.2
2025-08-26T17:09:28.774,114.21443510055542,179.0,165.9,29.5,255,8,BAKE-PREHEAT,162.5,169.2,162.5,169.2
2025-08-26T17:09:29.065,114.5055820941925,179.0,166.4,29.5,186,8,BAKE-PREHEAT,163.0,169.8,163.0,169.8
2025-08-26T17:09:29.301,114.74141192436218,179.0,166.6,29.5,221,8,BAKE-PREHEAT,163.2,170.0,163.2,170.0
2025-08-26T17:09:29.538,114.97803211212158,179.0,167.0,29.5,194,8,BAKE-PREHEAT,163.5,170.5,163.5,170.5
2025-08-26T17:09:29.831,115.27109909057617,179.0,167.2,29.5,210,8,BAKE-PREHEAT,163.8,170.8,163.8,170.8
2025-08-26T17:09:30.066,115.50624012947083,179.0,167.4,29.5,227,8,BAKE-PREHEAT,164.0,170.8,164.0,170.8
2025-08-26T17:09:30.303,115.74344801902771,179.0,167.6,29.5,203,8,BAKE-PREHEAT,164.0,171.2,164.0,171.2
2025-08-26T17:09:30.481,115.92115497589111,179.0,168.0,29.5,175,8,BAKE-PREHEAT,164.5,171.5,164.5,171.5
2025-08-26T17:09:30.766,116.20652413368225,179.0,168.4,29.6,168,8,BAKE-PREHEAT,165.0,171.8,165.0,171.8
2025-08-26T17:09:31.050,116.49083113670349,179.0,168.6,29.5,184,8,BAKE-PREHEAT,165.0,172.2,165.0,172.2
2025-08-26T17:09:31.282,116.72238111495972,179.0,168.6,29.5,224,8,BAKE-PREHEAT,165.2,172.0,165.2,172.0
2025-08-26T17:09:31.513,116.95396113395691,179.0,169.0,29.5,157,8,BAKE-PREHEAT,165.2,172.8,165.2,172.8
2025-08-26T17:09:31.808,117.24863409996033,179.0,169.1,29.5,194,8,BAKE-PREHEAT,165.5,172.8,165.5,172.8
2025-08-26T17:09:32.038,117.47844696044922,179.0,169.5,29.5,147,8,BAKE-PREHEAT,166.0,173.0,166.0,173.0
2025-08-26T17:09:32.269,117.70942902565002,179.0,169.9,29.5,140,8,BAKE-PREHEAT,166.2,173.5,166.2,173.5
2025-08-26T17:09:32.559,117.99922013282776,179.0,170.0,29.5,178,8,BAKE-PREHEAT,166.5,173.5,166.5,173.5
2025-08-26T17:09:32.797,118.23786401748657,179.0,170.2,29.5,153,8,BAKE-PREHEAT,166.8,173.8,166.8,173.8
2025-08-26T17:09:33.032,118.47221398353577,179.0,170.2,29.6,193,8,BAKE-PREHEAT,167.0,173.5,167.0,173.5
2025-08-26T17:09:33.267,118.70699405670166,179.0,170.6,29.5,126,8,BAKE-PREHEAT,167.2,174.0,167.2,174.0
2025-08-26T17:09:33.561,119.00098013877869,179.0,170.9,29.5,141,8,BAKE-PREHEAT,167.5,174.2,167.5,174.2
2025-08-26T17:09:33.796,119.23634791374207,179.0,171.1,29.6,136,8,BAKE-PREHEAT,167.8,174.5,167.8,174.5
2025-08-26T17:09:34.030,119.47023892402649,179.0,171.2,29.5,154,8,BAKE-PREHEAT,168.0,174.5,168.0,174.5
2025-08-26T17:09:34.322,119.76201796531677,179.0,171.2,29.6,174,8,BAKE-PREHEAT,168.0,174.5,168.0,174.5
2025-08-26T17:09:34.498,119.938805103302,179.0,171.6,29.5,107,8,BAKE-PREHEAT,168.2,175.0,168.2,175.0
2025-08-26T17:09:34.791,120.23195290565491,188.0,171.9,29.6,255,8,BAKE-PREHEAT,168.8,175.0,168.8,175.0
2025-08-26T17:09:35.029,120.46937203407288,188.0,172.0,29.6,255,8,BAKE-PREHEAT,168.8,175.2,168.8,175.2
2025-08-26T17:09:35.320,120.76068091392517,188.0,172.1,29.6,255,8,BAKE-PREHEAT,169.0,175.2,169.0,175.2
2025-08-26T17:09:35.559,120.99971008300781,188.0,172.5,29.5,255,8,BAKE-PREHEAT,169.2,175.8,169.2,175.8
2025-08-26T17:09:35.798,121.23805499076843,188.0,172.8,29.6,255,8,BAKE-PREHEAT,169.5,176.0,169.5,176.0
2025-08-26T17:09:36.028,121.46878790855408,188.0,172.9,29.6,255,8,BAKE-PREHEAT,169.5,176.2,169.5,176.2
2025-08-26T17:09:36.264,121.70402908325195,188.0,173.1,29.6,255,8,BAKE-PREHEAT,170.0,176.2,170.0,176.2
2025-08-26T17:09:36.557,121.99734592437744,188.0,173.4,29.6,255,8,BAKE-PREHEAT,170.2,176.5,170.2,176.5
2025-08-26T17:09:36.857,122.2976770401001,188.0,173.6,29.6,255,8,BAKE-PREHEAT,170.5,176.8,170.5,176.8
2025-08-26T17:09:37.031,122.4712381362915,188.0,173.6,29.5,255,8,BAKE-PREHEAT,170.5,176.8,170.5,176.8
2025-08-26T17:09:37.265,122.70522093772888,188.0,173.9,29.6,255,8,BAKE-PREHEAT,170.8,177.0,170.8,177.0
2025-08-26T17:09:37.558,122.99868106842041,188.0,174.2,29.6,229,8,BAKE-PREHEAT,171.0,177.5,171.0,177.5
2025-08-26T17:09:37.796,123.23684906959534,188.0,174.4,29.6,255,8,BAKE-PREHEAT,171.2,177.5,171.2,177.5
2025-08-26T17:09:38.094,123.53408193588257,188.0,174.5,29.6,255,8,BAKE-PREHEAT,171.5,177.5,171.5,177.5
2025-08-26T17:09:38.263,123.7039361000061,188.0,174.8,29.6,239,8,BAKE-PREHEAT,171.8,177.8,171.8,177.8
2025-08-26T17:09:38.554,123.99404191970825,188.0,175.0,29.6,235,8,BAKE-PREHEAT,171.8,178.2,171.8,178.2
2025-08-26T17:09:38.790,124.23091006278992,188.0,175.4,29.6,208,8,BAKE-PREHEAT,172.2,178.5,172.2,178.5
2025-08-26T17:09:39.017,124.45748209953308,188.0,175.5,29.6,245,8,BAKE-PREHEAT,172.2,178.8,172.2,178.8
2025-08-26T17:09:39.310,124.75054502487183,188.0,175.8,29.6,220,8,BAKE-PREHEAT,172.8,178.8,172.8,178.8
2025-08-26T17:09:39.545,124.98545598983765,188.0,176.1,29.6,193,8,BAKE-PREHEAT,173.0,179.2,173.0,179.2
2025-08-26T17:09:39.767,125.2072639465332,188.0,176.2,29.6,231,8,BAKE-PREHEAT,173.0,179.5,173.0,179.5
2025-08-26T17:09:40.044,125.48472809791565,188.0,176.4,29.6,229,8,BAKE-PREHEAT,173.2,179.5,173.2,179.5
2025-08-26T17:09:40.275,125.71597099304199,188.0,176.6,29.6,204,8,BAKE-PREHEAT,173.5,179.8,173.5,179.8
2025-08-26T17:09:40.501,125.94141006469727,188.0,176.9,29.6,199,8,BAKE-PREHEAT,173.8,180.0,173.8,180.0
2025-08-26T17:09:40.791,126.23159313201904,188.0,177.2,29.7,172,8,BAKE-PREHEAT,174.2,180.2,174.2,180.2
2025-08-26T17:09:41.070,126.51088905334473,188.0,177.5,29.6,187,8,BAKE-PREHEAT,174.5,180.5,174.5,180.5
2025-08-26T17:09:41.304,126.7445719242096,188.0,177.6,29.6,205,8,BAKE-PREHEAT,174.5,180.8,174.5,180.8
2025-08-26T17:09:41.540,126.9807379245758,188.0,177.9,29.6,180,8,BAKE-PREHEAT,174.8,181.0,174.8,181.0
2025-08-26T17:09:41.775,127.21558213233948,188.0,178.1,29.7,176,8,BAKE-PREHEAT,175.0,181.2,175.0,181.2
2025-08-26T17:09:42.065,127.50576496124268,188.0,178.4,29.6,171,8,BAKE-PREHEAT,175.2,181.5,175.2,181.5
2025-08-26T17:09:42.299,127.73954892158508,188.0,178.6,29.6,166,8,BAKE-PREHEAT,175.5,181.8,175.5,181.8
2025-08-26T17:09:42.527,127.96756410598755,188.0,178.9,29.6,162,8,BAKE-PREHEAT,175.8,182.0,175.8,182.0
2025-08-26T17:09:42.763,128.20319890975952,188.0,178.9,29.6,202,8,BAKE-PREHEAT,176.0,181.8,176.0,181.8
2025-08-26T17:09:43.052,128.49256491661072,188.0,179.4,29.6,112,8,BAKE-PREHEAT,176.2,182.5,176.2,182.5
2025-08-26T17:09:43.288,128.72812414169312,188.0,179.4,29.6,192,8,BAKE-PREHEAT,176.2,182.5,176.2,182.5
2025-08-26T17:09:43.585,129.02536511421204,188.0,179.6,29.6,147,8,BAKE-PREHEAT,176.5,182.8,176.5,182.8
2025-08-26T17:09:43.759,129.19964599609375,188.0,179.9,29.6,143,8,BAKE-PREHEAT,176.8,183.0,176.8,183.0
2025-08-26T17:09:44.045,129.4855329990387,188.0,179.8,29.6,205,8,BAKE-PREHEAT,176.8,182.8,176.8,182.8
2025-08-26T17:09:44.274,129.7144639492035,188.0,180.1,29.6,118,8,BAKE-PREHEAT,177.2,183.0,177.2,183.0
2025-08-26T17:09:44.567,130.0077929496765,188.0,180.1,29.6,178,8,BAKE-PREHEAT,177.2,183.0,177.2,183.0
2025-08-26T17:09:44.571,130.011127948761,188.0,180.5,29.6,111,8,BAKE-PREHEAT,177.5,183.5,177.5,183.5
2025-08-26T17:09:45.036,130.47632312774658,198.0,180.8,29.6,255,8,BAKE-PREHEAT,177.8,183.8,177.8,183.8
2025-08-26T17:09:45.266,130.70643305778503,198.0,181.0,29.7,255,8,BAKE-PREHEAT,178.0,184.0,178.0,184.0
2025-08-26T17:09:45.547,130.98751211166382,198.0,181.0,29.6,255,8,BAKE-PREHEAT,178.2,183.8,178.2,183.8
2025-08-26T17:09:45.782,131.22279691696167,198.0,181.2,29.7,255,8,BAKE-PREHEAT,178.2,184.2,178.2,184.2
2025-08-26T17:09:46.013,131.4531750679016,198.0,181.2,29.6,255,8,BAKE-PREHEAT,178.5,184.0,178.5,184.0
2025-08-26T17:09:46.301,131.741534948349,198.0,181.6,29.7,255,8,BAKE-PREHEAT,178.8,184.5,178.8,184.5
2025-08-26T17:09:46.601,132.04181599617004,198.0,181.9,29.7,255,8,BAKE-PREHEAT,179.0,184.8,179.0,184.8
2025-08-26T17:09:46.830,132.27036094665527,198.0,181.9,29.6,255,8,BAKE-PREHEAT,179.0,184.8,179.0,184.8
2025-08-26T17:09:47.023,132.46316695213318,198.0,182.2,29.7,255,8,BAKE-PREHEAT,179.2,185.2,179.2,185.2
2025-08-26T17:09:47.316,132.75667095184326,198.0,182.5,29.7,255,8,BAKE-PREHEAT,179.5,185.5,179.5,185.5
2025-08-26T17:09:47.555,132.9955620765686,198.0,182.5,29.7,255,8,BAKE-PREHEAT,179.8,185.2,179.8,185.2
2025-08-26T17:09:47.791,133.23183298110962,198.0,182.9,29.7,255,8,BAKE-PREHEAT,180.0,185.8,180.0,185.8
2025-08-26T17:09:48.017,133.45698499679565,198.0,182.9,29.7,255,8,BAKE-PREHEAT,180.0,185.8,180.0,185.8
2025-08-26T17:09:48.303,133.74317598342896,198.0,183.0,29.6,255,8,BAKE-PREHEAT,180.0,186.0,180.0,186.0
2025-08-26T17:09:48.534,133.974613904953,198.0,183.2,29.6,255,8,BAKE-PREHEAT,180.2,186.2,180.2,186.2
2025-08-26T17:09:48.770,134.21051597595215,198.0,183.8,29.7,220,8,BAKE-PREHEAT,180.8,186.8,180.8,186.8
2025-08-26T17:09:49.059,134.49925899505615,198.0,183.9,29.7,255,8,BAKE-PREHEAT,180.8,187.0,180.8,187.0
2025-08-26T17:09:49.294,134.73419713974,198.0,184.0,29.7,255,8,BAKE-PREHEAT,181.0,187.0,181.0,187.0
2025-08-26T17:09:49.523,134.96367597579956,198.0,184.5,29.7,206,8,BAKE-PREHEAT,181.2,187.8,181.2,187.8
2025-08-26T17:09:49.821,135.26140904426575,198.0,184.5,29.7,255,8,BAKE-PREHEAT,181.5,187.5,181.5,187.5
2025-08-26T17:09:50.056,135.49602913856506,198.0,184.8,29.7,241,8,BAKE-PREHEAT,181.8,187.8,181.8,187.8
2025-08-26T17:09:50.293,135.7335340976715,198.0,185.0,29.7,236,8,BAKE-PREHEAT,181.8,188.2,181.8,188.2
2025-08-26T17:09:50.528,135.96845293045044,198.0,185.0,29.7,255,8,BAKE-PREHEAT,182.0,188.0,182.0,188.0
2025-08-26T17:09:50.583,136.02357602119446,198.0,185.2,29.7,232,8,BAKE-PREHEAT,182.2,188.2,182.2,188.2
2025-08-26T17:09:51.053,136.49300694465637,198.0,185.5,29.7,227,8,BAKE-PREHEAT,182.5,188.5,182.5,188.5
2025-08-26T17:09:51.286,136.72689414024353,198.0,185.8,29.7,222,8,BAKE-PREHEAT,182.8,188.8,182.8,188.8
2025-08-26T17:09:51.520,136.96004104614258,198.0,186.0,29.7,218,8,BAKE-PREHEAT,182.8,189.2,182.8,189.2
2025-08-26T17:09:51.814,137.25481390953064,198.0,186.2,29.7,213,8,BAKE-PREHEAT,183.0,189.5,183.0,189.5
2025-08-26T17:09:52.048,137.48799109458923,198.0,186.5,29.7,208,8,BAKE-PREHEAT,183.5,189.5,183.5,189.5
2025-08-26T17:09:52.283,137.72364902496338,198.0,186.9,29.7,181,8,BAKE-PREHEAT,183.8,190.0,183.8,190.0
2025-08-26T17:09:52.512,137.9522750377655,198.0,186.8,29.7,255,8,BAKE-PREHEAT,183.5,190.0,183.5,190.0
2025-08-26T17:09:52.803,138.2435450553894,198.0,187.0,29.7,199,8,BAKE-PREHEAT,184.0,190.0,184.0,190.0
2025-08-26T17:09:53.040,138.4805130958557,198.0,187.4,29.7,172,8,BAKE-PREHEAT,184.2,190.5,184.2,190.5
2025-08-26T17:09:53.275,138.7151861190796,198.0,187.5,29.7,209,8,BAKE-PREHEAT,184.5,190.5,184.5,190.5
2025-08-26T17:09:53.566,139.00651097297668,198.0,187.9,29.7,162,8,BAKE-PREHEAT,184.8,191.0,184.8,191.0
2025-08-26T17:09:53.806,139.2461290359497,198.0,188.1,29.7,177,8,BAKE-PREHEAT,185.0,191.2,185.0,191.2
2025-08-26T17:09:54.043,139.4831681251526,198.0,188.2,29.8,195,8,BAKE-PREHEAT,185.0,191.5,185.0,191.5
2025-08-26T17:09:54.277,139.71776795387268,198.0,188.4,29.7,193,8,BAKE-PREHEAT,185.2,191.5,185.2,191.5
2025-08-26T17:09:54.511,139.95184206962585,198.0,188.6,29.7,168,8,BAKE-PREHEAT,185.5,191.8,185.5,191.8
2025-08-26T17:09:54.620,140.06054306030273,198.0,189.0,29.8,141,8,BAKE-PREHEAT,185.8,192.2,185.8,192.2
2025-08-26T17:09:55.031,140.47126603126526,207.0,189.1,29.8,255,8,BAKE-PREHEAT,186.0,192.2,186.0,192.2
2025-08-26T17:09:55.319,140.75992012023926,207.0,189.1,29.7,255,8,BAKE-PREHEAT,186.0,192.2,186.0,192.2
2025-08-26T17:09:55.556,140.99614000320435,207.0,189.4,29.8,255,8,BAKE-PREHEAT,186.2,192.5,186.2,192.5
2025-08-26T17:09:55.793,141.2339630126953,207.0,189.8,29.8,255,8,BAKE-PREHEAT,186.8,192.8,186.8,192.8
2025-08-26T17:09:56.027,141.46732807159424,207.0,189.8,29.8,255,8,BAKE-PREHEAT,186.8,192.8,186.8,192.8
2025-08-26T17:09:56.328,141.7682991027832,207.0,190.1,29.7,255,8,BAKE-PREHEAT,187.0,193.2,187.0,193.2
2025-08-26T17:09:56.565,142.00576090812683,207.0,190.4,29.8,255,8,BAKE-PREHEAT,187.0,193.8,187.0,193.8
2025-08-26T17:09:56.805,142.24529695510864,207.0,190.4,29.8,255,8,BAKE-PREHEAT,187.2,193.5,187.2,193.5
2025-08-26T17:09:57.039,142.47936701774597,207.0,190.8,29.7,255,8,BAKE-PREHEAT,187.5,194.0,187.5,194.0
2025-08-26T17:09:57.274,142.71494007110596,207.0,190.9,29.7,255,8,BAKE-PREHEAT,187.5,194.2,187.5,194.2
2025-08-26T17:09:57.568,143.00885200500488,207.0,191.2,29.8,255,8,BAKE-PREHEAT,188.0,194.5,188.0,194.5
2025-08-26T17:09:57.803,143.24358797073364,207.0,191.4,29.8,255,8,BAKE-PREHEAT,188.0,194.8,188.0,194.8
2025-08-26T17:09:58.033,143.4732210636139,207.0,191.6,29.8,255,8,BAKE-PREHEAT,188.2,195.0,188.2,195.0
2025-08-26T17:09:58.275,143.7149851322174,207.0,191.9,29.8,255,8,BAKE-PREHEAT,188.5,195.2,188.5,195.2
2025-08-26T17:09:58.564,144.00481700897217,207.0,192.0,29.8,255,8,BAKE-PREHEAT,188.5,195.5,188.5,195.5
2025-08-26T17:09:58.804,144.2444770336151,207.0,192.4,29.8,249,8,BAKE-PREHEAT,189.0,195.8,189.0,195.8
2025-08-26T17:09:59.040,144.48078513145447,207.0,192.5,29.8,255,8,BAKE-PREHEAT,189.0,196.0,189.0,196.0
2025-08-26T17:09:59.269,144.7090151309967,207.0,192.8,29.8,255,8,BAKE-PREHEAT,189.2,196.2,189.2,196.2
2025-08-26T17:09:59.561,145.0009789466858,207.0,193.1,29.8,234,8,BAKE-PREHEAT,189.5,196.8,189.5,196.8
2025-08-26T17:09:59.800,145.23999404907227,207.0,193.1,29.8,255,8,BAKE-PREHEAT,189.8,196.5,189.8,196.5
2025-08-26T17:10:00.032,145.47260808944702,207.0,193.4,29.8,250,8,BAKE-PREHEAT,189.8,197.0,189.8,197.0
2025-08-26T17:10:00.265,145.70547008514404,207.0,193.6,29.8,245,8,BAKE-PREHEAT,190.0,197.2,190.0,197.2
2025-08-26T17:10:00.553,145.99384999275208,207.0,194.0,29.7,218,8,BAKE-PREHEAT,190.5,197.5,190.5,197.5
2025-08-26T17:10:00.670,146.11027002334595,207.0,194.2,29.8,233,8,BAKE-PREHEAT,190.8,197.8,190.8,197.8
2025-08-26T17:10:01.018,146.4587540626526,207.0,194.1,29.8,255,8,BAKE-PREHEAT,190.5,197.8,190.5,197.8
2025-08-26T17:10:01.311,146.7510631084442,207.0,194.5,29.8,209,8,BAKE-PREHEAT,191.0,198.0,191.0,198.0
2025-08-26T17:10:01.548,146.9882800579071,207.0,194.8,29.8,224,8,BAKE-PREHEAT,191.2,198.2,191.2,198.2
2025-08-26T17:10:01.784,147.2247440814972,207.0,195.1,29.8,197,8,BAKE-PREHEAT,191.5,198.8,191.5,198.8
2025-08-26T17:10:02.014,147.45404601097107,207.0,195.2,29.8,235,8,BAKE-PREHEAT,191.8,198.8,191.8,198.8
2025-08-26T17:10:02.304,147.7446949481964,207.0,195.4,29.8,232,8,BAKE-PREHEAT,191.8,199.0,191.8,199.0
2025-08-26T17:10:02.536,147.976154088974,207.0,195.6,29.8,207,8,BAKE-PREHEAT,192.0,199.2,192.0,199.2
2025-08-26T17:10:02.772,148.2128450870514,207.0,195.9,29.8,203,8,BAKE-PREHEAT,192.2,199.5,192.2,199.5
2025-08-26T17:10:03.065,148.5057189464569,207.0,196.1,29.8,198,8,BAKE-PREHEAT,192.5,199.8,192.5,199.8
2025-08-26T17:10:03.299,148.73908710479736,207.0,196.4,29.8,193,8,BAKE-PREHEAT,192.8,200.0,192.8,200.0
2025-08-26T17:10:03.531,148.97144412994385,207.0,196.5,29.8,211,8,BAKE-PREHEAT,192.8,200.2,192.8,200.2
2025-08-26T17:10:03.766,149.20673894882202,207.0,196.6,29.8,209,8,BAKE-PREHEAT,193.0,200.2,193.0,200.2
2025-08-26T17:10:04.060,149.50091099739075,207.0,197.0,29.8,162,8,BAKE-PREHEAT,193.2,200.8,193.2,200.8
2025-08-26T17:10:04.175,149.61501097679138,207.0,197.0,29.8,222,8,BAKE-PREHEAT,193.2,200.8,193.2,200.8
2025-08-26T17:10:04.530,149.97010707855225,216.0,197.2,29.8,255,8,BAKE-PREHEAT,193.5,201.0,193.5,201.0
2025-08-26T17:10:04.821,150.26188707351685,216.0,197.6,29.8,255,8,BAKE-PREHEAT,194.0,201.2,194.0,201.2
2025-08-26T17:10:05.055,150.49584197998047,216.0,197.9,29.8,255,8,BAKE-PREHEAT,194.0,201.8,194.0,201.8
2025-08-26T17:10:05.292,150.73221802711487,216.0,198.0,29.8,255,8,BAKE-PREHEAT,194.2,201.8,194.2,201.8
2025-08-26T17:10:05.526,150.96613001823425,216.0,198.0,29.8,255,8,BAKE-PREHEAT,194.2,201.8,194.2,201.8
2025-08-26T17:10:05.761,151.2010760307312,216.0,198.4,29.8,255,8,BAKE-PREHEAT,194.5,202.2,194.5,202.2
2025-08-26T17:10:06.052,151.492201089859,216.0,198.6,29.8,255,8,BAKE-PREHEAT,194.8,202.5,194.8,202.5
2025-08-26T17:10:06.287,151.72726392745972,216.0,198.9,29.8,255,8,BAKE-PREHEAT,195.0,202.8,195.0,202.8
2025-08-26T17:10:06.512,151.95221996307373,216.0,199.0,29.8,255,8,BAKE-PREHEAT,195.0,203.0,195.0,203.0
2025-08-26T17:10:06.806,152.24679613113403,216.0,199.1,29.8,255,8,BAKE-PREHEAT,195.2,203.0,195.2,203.0
2025-08-26T17:10:07.042,152.48267102241516,216.0,199.2,29.8,255,8,BAKE-PREHEAT,195.2,203.2,195.2,203.2
2025-08-26T17:10:07.275,152.7157289981842,216.0,199.8,29.8,255,8,BAKE-PREHEAT,195.8,203.8,195.8,203.8
2025-08-26T17:10:07.562,153.00248908996582,216.0,199.9,29.8,255,8,BAKE-PREHEAT,196.0,203.8,196.0,203.8
2025-08-26T17:10:07.801,153.24192595481873,216.0,200.1,29.8,255,8,BAKE-PREHEAT,196.2,204.0,196.2,204.0
2025-08-26T17:10:08.033,153.47339391708374,216.0,200.1,29.8,255,8,BAKE-PREHEAT,196.2,204.0,196.2,204.0
2025-08-26T17:10:08.266,153.70651507377625,216.0,200.6,29.8,244,8,BAKE-PREHEAT,196.8,204.5,196.8,204.5
2025-08-26T17:10:08.560,154.00043892860413,216.0,200.6,29.9,255,8,BAKE-PREHEAT,196.8,204.5,196.8,204.5
2025-08-26T17:10:08.796,154.23608493804932,216.0,200.9,29.8,255,8,BAKE-PREHEAT,196.8,205.0,196.8,205.0
2025-08-26T17:10:09.031,154.471027135849,216.0,201.2,29.9,253,8,BAKE-PREHEAT,197.2,205.2,197.2,205.2
2025-08-26T17:10:09.260,154.70092797279358,216.0,201.2,29.8,255,8,BAKE-PREHEAT,197.2,205.2,197.2,205.2
2025-08-26T17:10:09.554,154.99494910240173,216.0,201.6,29.9,246,8,BAKE-PREHEAT,197.5,205.8,197.5,205.8
2025-08-26T17:10:09.792,155.232439994812,216.0,201.9,29.8,255,8,BAKE-PREHEAT,197.8,206.0,197.8,206.0
2025-08-26T17:10:10.027,155.46728706359863,216.0,202.0,29.8,255,8,BAKE-PREHEAT,198.0,206.0,198.0,206.0
2025-08-26T17:10:10.205,155.6452820301056,216.0,202.1,29.8,255,8,BAKE-PREHEAT,198.0,206.2,198.0,206.2
2025-08-26T17:10:10.555,155.9959740638733,216.0,202.5,29.8,229,8,BAKE-PREHEAT,198.2,206.8,198.2,206.8
2025-08-26T17:10:10.793,156.23360109329224,216.0,202.6,29.8,255,8,BAKE-PREHEAT,198.5,206.8,198.5,206.8
2025-08-26T17:10:11.028,156.46860194206238,216.0,202.9,29.9,242,8,BAKE-PREHEAT,198.8,207.0,198.8,207.0
2025-08-26T17:10:11.263,156.70343708992004,216.0,203.2,29.9,215,8,BAKE-PREHEAT,199.0,207.5,199.0,207.5
2025-08-26T17:10:11.556,156.99642205238342,216.0,203.2,29.8,255,8,BAKE-PREHEAT,199.2,207.2,199.2,207.2
2025-08-26T17:10:11.792,157.23257112503052,216.0,203.6,29.8,208,8,BAKE-PREHEAT,199.5,207.8,199.5,207.8
2025-08-26T17:10:12.023,157.46369910240173,216.0,203.9,29.9,223,8,BAKE-PREHEAT,199.8,208.0,199.8,208.0
2025-08-26T17:10:12.320,157.76047205924988,216.0,204.0,29.9,241,8,BAKE-PREHEAT,199.8,208.2,199.8,208.2
2025-08-26T17:10:12.558,157.99861907958984,216.0,204.2,29.9,216,8,BAKE-PREHEAT,200.2,208.2,200.2,208.2
2025-08-26T17:10:12.797,158.2370800971985,216.0,204.5,29.8,212,8,BAKE-PREHEAT,200.2,208.8,200.2,208.8
2025-08-26T17:10:13.032,158.47226405143738,216.0,204.9,29.9,184,8,BAKE-PREHEAT,200.5,209.2,200.5,209.2
2025-08-26T17:10:13.260,158.70057106018066,216.0,205.0,29.9,222,8,BAKE-PREHEAT,200.8,209.2,200.8,209.2
2025-08-26T17:10:13.545,158.98536705970764,216.0,205.0,29.9,242,8,BAKE-PREHEAT,200.8,209.2,200.8,209.2
2025-08-26T17:10:13.780,159.2202820777893,216.0,205.4,29.9,175,8,BAKE-PREHEAT,201.0,209.8,201.0,209.8
2025-08-26T17:10:14.015,159.45591402053833,216.0,205.6,29.9,190,8,BAKE-PREHEAT,201.2,210.0,201.2,210.0
2025-08-26T17:10:14.247,159.6877760887146,216.0,205.9,29.9,186,8,BAKE-PREHEAT,201.5,210.2,201.5,210.2
2025-08-26T17:10:14.538,159.97820591926575,225.0,206.0,29.9,255,8,BAKE-PREHEAT,201.8,210.2,201.8,210.2
2025-08-26T17:10:14.768,160.2079770565033,225.0,206.2,29.9,255,8,BAKE-PREHEAT,202.0,210.5,202.0,210.5
2025-08-26T17:10:15.062,160.50260400772095,225.0,206.2,29.8,255,8,BAKE-PREHEAT,202.0,210.5,202.0,210.5
2025-08-26T17:10:15.301,160.7417860031128,225.0,206.6,29.9,255,8,BAKE-PREHEAT,202.2,211.0,202.2,211.0
2025-08-26T17:10:15.533,160.973552942276,225.0,206.8,29.9,255,8,BAKE-PREHEAT,202.5,211.0,202.5,211.0
2025-08-26T17:10:15.830,161.27024698257446,225.0,207.0,29.9,255,8,BAKE-PREHEAT,202.8,211.2,202.8,211.2
2025-08-26T17:10:16.061,161.50171303749084,225.0,207.1,29.9,255,8,BAKE-PREHEAT,203.0,211.2,203.0,211.2
2025-08-26T17:10:16.301,161.741131067276,225.0,207.2,29.9,255,8,BAKE-PREHEAT,203.0,211.5,203.0,211.5
2025-08-26T17:10:16.535,161.97528791427612,225.0,207.6,29.9,255,8,BAKE-PREHEAT,203.2,212.0,203.2,212.0
2025-08-26T17:10:16.771,162.21178793907166,225.0,207.8,29.9,255,8,BAKE-PREHEAT,203.5,212.0,203.5,212.0
2025-08-26T17:10:17.065,162.50518703460693,225.0,208.0,29.9,255,8,BAKE-PREHEAT,203.8,212.2,203.8,212.2
2025-08-26T17:10:17.297,162.73785209655762,225.0,208.2,29.9,255,8,BAKE-PREHEAT,204.0,212.5,204.0,212.5
2025-08-26T17:10:17.529,162.96906208992004,225.0,208.5,29.9,255,8,BAKE-PREHEAT,204.2,212.8,204.2,212.8
2025-08-26T17:10:17.763,163.20389795303345,225.0,208.4,29.9,255,8,BAKE-PREHEAT,204.2,212.5,204.2,212.5
2025-08-26T17:10:18.053,163.49383401870728,225.0,208.6,29.9,255,8,BAKE-PREHEAT,204.5,212.8,204.5,212.8
2025-08-26T17:10:18.291,163.73123598098755,225.0,209.1,29.9,255,8,BAKE-PREHEAT,205.0,213.2,205.0,213.2
2025-08-26T17:10:18.527,163.9677541255951,225.0,209.1,29.9,255,8,BAKE-PREHEAT,205.2,213.0,205.2,213.0
2025-08-26T17:10:18.818,164.25893306732178,225.0,209.5,29.9,255,8,BAKE-PREHEAT,205.5,213.5,205.5,213.5
2025-08-26T17:10:19.058,164.49862504005432,225.0,209.8,29.9,255,8,BAKE-PREHEAT,205.8,213.8,205.8,213.8
2025-08-26T17:10:19.293,164.73393201828003,225.0,209.8,29.9,255,8,BAKE-PREHEAT,205.8,213.8,205.8,213.8
2025-08-26T17:10:19.528,164.96823906898499,225.0,210.0,29.9,255,8,BAKE-PREHEAT,206.0,214.0,206.0,214.0
2025-08-26T17:10:19.762,165.20285606384277,225.0,210.4,29.9,252,8,BAKE-PREHEAT,206.5,214.2,206.5,214.2
2025-08-26T17:10:20.050,165.4905710220337,225.0,210.8,29.9,245,8,BAKE-PREHEAT,206.8,214.8,206.8,214.8
2025-08-26T17:10:20.284,165.72422099113464,225.0,210.6,29.9,255,8,BAKE-PREHEAT,206.8,214.5,206.8,214.5
2025-08-26T17:10:20.511,165.9518699645996,225.0,211.0,29.9,241,8,BAKE-PREHEAT,207.0,215.0,207.0,215.0
2025-08-26T17:10:20.806,166.24600505828857,225.0,211.2,29.9,255,8,BAKE-PREHEAT,207.2,215.2,207.2,215.2
2025-08-26T17:10:21.044,166.4845061302185,225.0,211.4,29.9,255,8,BAKE-PREHEAT,207.5,215.2,207.5,215.2
2025-08-26T17:10:21.281,166.72102308273315,225.0,211.8,29.9,226,8,BAKE-PREHEAT,207.8,215.8,207.8,215.8
2025-08-26T17:10:21.579,167.0193169116974,225.0,211.8,29.9,255,8,BAKE-PREHEAT,207.8,215.8,207.8,215.8
2025-08-26T17:10:21.818,167.25836896896362,225.0,212.1,29.9,219,8,BAKE-PREHEAT,208.2,216.0,208.2,216.0
2025-08-26T17:10:22.056,167.4968719482422,225.0,212.1,29.9,255,8,BAKE-PREHEAT,208.2,216.0,208.2,216.0
2025-08-26T17:10:22.290,167.73006391525269,225.0,212.5,29.9,212,8,BAKE-PREHEAT,208.8,216.2,208.8,216.2
2025-08-26T17:10:22.524,167.96449494361877,225.0,212.6,29.9,250,8,BAKE-PREHEAT,208.8,216.5,208.8,216.5
2025-08-26T17:10:22.824,168.26483607292175,225.0,212.9,29.9,225,8,BAKE-PREHEAT,209.0,216.8,209.0,216.8
2025-08-26T17:10:23.000,168.4406180381775,225.0,213.1,29.9,221,8,BAKE-PREHEAT,209.2,217.0,209.2,217.0
2025-08-26T17:10:23.284,168.72476506233215,225.0,213.2,29.9,238,8,BAKE-PREHEAT,209.2,217.2,209.2,217.2
2025-08-26T17:10:23.515,168.95521712303162,225.0,213.8,30.0,169,8,BAKE-PREHEAT,209.8,217.8,209.8,217.8
2025-08-26T17:10:23.809,169.24986791610718,225.0,213.8,29.9,249,8,BAKE-PREHEAT,210.0,217.5,210.0,217.5
2025-08-26T17:10:24.049,169.48932790756226,225.0,213.9,29.9,226,8,BAKE-PREHEAT,210.0,217.8,210.0,217.8
2025-08-26T17:10:24.280,169.72021007537842,225.0,214.4,30.0,157,8,BAKE-PREHEAT,210.2,218.5,210.2,218.5
2025-08-26T17:10:24.508,169.9485960006714,211.0,214.4,30.0,0,8,BAKE,210.5,218.2,210.5,218.2
2025-08-26T17:10:24.802,170.24250102043152,211.0,214.6,29.9,0,8,BAKE,210.8,218.5,210.8,218.5
2025-08-26T17:10:25.037,170.4771809577942,211.0,214.6,29.9,0,8,BAKE,210.8,218.5,210.8,218.5
2025-08-26T17:10:25.274,170.71470403671265,211.0,215.0,30.0,0,8,BAKE,211.2,218.8,211.2,218.8
2025-08-26T17:10:25.565,171.0059289932251,211.0,215.1,30.0,0,90,BAKE,211.2,219.0,211.2,219.0
2025-08-26T17:10:25.800,171.24097204208374,211.0,215.4,30.0,0,95,BAKE,211.5,219.2,211.5,219.2
2025-08-26T17:10:26.032,171.47201013565063,211.0,215.2,29.9,0,93,BAKE,211.5,219.0,211.5,219.0
2025-08-26T17:10:26.266,171.70659399032593,211.0,215.4,30.0,0,95,BAKE,211.5,219.2,211.5,219.2
2025-08-26T17:10:26.555,171.99582505226135,211.0,215.5,30.0,0,98,BAKE,211.8,219.2,211.8,219.2
2025-08-26T17:10:26.793,172.2336709499359,211.0,215.6,29.9,0,100,BAKE,211.8,219.5,211.8,219.5
2025-08-26T17:10:27.028,172.46875500679016,211.0,215.8,30.0,0,103,BAKE,212.0,219.5,212.0,219.5
2025-08-26T17:10:27.257,172.6971950531006,211.0,216.0,30.0,0,108,BAKE,212.2,219.8,212.2,219.8
2025-08-26T17:10:27.550,172.99078512191772,211.0,216.0,30.0,0,108,BAKE,212.5,219.5,212.5,219.5
2025-08-26T17:10:27.780,173.22009205818176,211.0,216.4,30.0,0,115,BAKE,213.0,219.8,213.0,219.8
2025-08-26T17:10:28.015,173.4559509754181,211.0,216.8,30.0,0,123,BAKE,213.5,220.0,213.5,220.0
2025-08-26T17:10:28.305,173.7459740638733,211.0,216.9,30.0,0,125,BAKE,214.0,219.8,214.0,219.8
2025-08-26T17:10:28.541,173.98108291625977,211.0,217.5,30.0,0,138,BAKE,215.2,219.8,215.2,219.8
2025-08-26T17:10:28.771,174.21186804771423,211.0,218.8,29.9,0,163,BAKE,217.2,220.2,217.2,220.2
2025-08-26T17:10:29.009,174.44919204711914,211.0,219.2,30.0,0,173,BAKE,217.8,220.8,217.8,220.8
2025-08-26T17:10:29.298,174.7388880252838,211.0,219.9,30.0,0,185,BAKE,219.2,220.5,219.2,220.5
2025-08-26T17:10:29.533,174.97336292266846,211.0,220.8,30.0,0,203,BAKE,220.5,221.0,220.5,221.0
2025-08-26T17:10:29.830,175.27056002616882,211.0,221.8,30.0,0,223,BAKE,222.0,221.5,222.0,221.5
2025-08-26T17:10:30.004,175.44410610198975,211.0,222.1,30.1,0,230,BAKE,224.0,220.2,224.0,220.2
2025-08-26T17:10:30.285,175.7254900932312,211.0,222.1,30.0,0,230,BAKE,224.8,219.5,224.8,219.5
2025-08-26T17:10:30.336,175.77688813209534,211.0,222.1,30.0,0,230,BAKE,226.5,217.8,226.5,217.8
2025-08-26T17:10:30.799,176.23992395401,211.0,222.1,30.1,0,230,BAKE,228.8,215.5,228.8,215.5
2025-08-26T17:10:31.036,176.47690200805664,211.0,222.2,30.1,0,233,BAKE,231.2,213.2,231.2,213.2
2025-08-26T17:10:31.336,176.776682138443,211.0,222.1,30.1,0,230,BAKE,232.8,211.5,232.8,211.5
2025-08-26T17:10:31.511,176.95126795768738,211.0,221.4,30.1,0,215,BAKE,234.0,208.8,234.0,208.8
2025-08-26T17:10:31.805,177.24512600898743,211.0,221.4,30.1,0,215,BAKE,235.5,207.2,235.5,207.2
2025-08-26T17:10:32.043,177.48384594917297,211.0,220.9,30.1,0,205,BAKE,237.0,204.8,237.0,204.8
2025-08-26T17:10:32.278,177.71885704994202,211.0,220.4,30.1,0,195,BAKE,238.8,202.0,238.8,202.0
2025-08-26T17:10:32.514,177.95468091964722,211.0,219.4,30.1,0,175,BAKE,239.5,199.2,239.5,199.2
2025-08-26T17:10:32.804,178.2440049648285,211.0,218.8,30.1,0,163,BAKE,240.2,197.2,240.2,197.2
2025-08-26T17:10:33.035,178.47589302062988,211.0,217.5,30.2,0,138,BAKE,241.0,194.0,241.0,194.0
2025-08-26T17:10:33.270,178.71064805984497,211.0,217.1,30.2,0,130,BAKE,241.5,192.8,241.5,192.8
2025-08-26T17:10:33.561,179.0011329650879,211.0,215.8,30.2,0,103,BAKE,241.5,190.0,241.5,190.0
2025-08-26T17:10:33.800,179.23997712135315,211.0,214.9,30.2,0,8,BAKE,242.2,187.5,242.2,187.5
2025-08-26T17:10:34.036,179.47618508338928,211.0,213.9,30.2,0,8,BAKE,242.8,185.0,242.8,185.0
2025-08-26T17:10:34.785,180.22542905807495,197.0,210.6,30.2,0,255,BAKE,241.8,179.5,241.8,179.5
2025-08-26T17:10:35.022,180.46285891532898,197.0,209.8,30.3,0,255,BAKE,242.0,177.5,242.0,177.5
2025-08-26T17:10:35.317,180.7573480606079,197.0,208.2,30.3,0,233,BAKE,241.2,175.2,241.2,175.2
2025-08-26T17:10:35.551,180.9919319152832,197.0,206.9,30.3,0,205,BAKE,241.2,172.5,241.2,172.5
2025-08-26T17:10:35.777,181.2174129486084,197.0,205.5,30.3,0,178,BAKE,240.8,170.2,240.8,170.2
2025-08-26T17:10:36.012,181.4528911113739,197.0,204.8,30.3,0,163,BAKE,240.5,169.0,240.5,169.0
2025-08-26T17:10:36.307,181.74726390838623,197.0,203.5,30.3,0,138,BAKE,240.0,167.0,240.0,167.0
2025-08-26T17:10:36.546,181.9862380027771,197.0,202.1,30.3,0,110,BAKE,239.5,164.8,239.5,164.8
2025-08-26T17:10:36.780,182.22021293640137,197.0,200.9,30.4,0,8,BAKE,239.2,162.5,239.2,162.5
2025-08-26T17:10:37.010,182.4501519203186,197.0,199.6,30.4,0,8,BAKE,238.8,160.5,238.8,160.5
2025-08-26T17:10:37.299,182.73976111412048,197.0,198.9,30.4,0,8,BAKE,238.0,159.8,238.0,159.8
2025-08-26T17:10:37.536,182.9764370918274,197.0,197.6,30.4,0,8,BAKE,237.0,158.2,237.0,158.2
2025-08-26T17:10:37.767,183.20781207084656,197.0,196.6,30.4,0,8,BAKE-PREHEAT,236.2,157.0,236.2,157.0
2025-08-26T17:10:38.061,183.50134301185608,197.0,195.6,30.4,0,8,BAKE-PREHEAT,235.8,155.5,235.8,155.5
2025-08-26T17:10:38.292,183.73293805122375,197.0,195.1,30.5,0,8,BAKE-PREHEAT,235.5,154.8,235.5,154.8
2025-08-26T17:10:38.518,183.9584789276123,197.0,194.5,30.4,0,8,BAKE-PREHEAT,235.5,153.5,235.5,153.5
2025-08-26T17:10:38.810,184.25055408477783,197.0,194.0,30.5,0,8,BAKE-PREHEAT,234.8,153.2,234.8,153.2
2025-08-26T17:10:39.050,184.490070104599,197.0,193.5,30.5,255,8,BAKE-PREHEAT,234.2,152.8,234.2,152.8
2025-08-26T17:10:39.285,184.72527694702148,197.0,192.9,30.5,178,8,BAKE-PREHEAT,233.8,152.0,233.8,152.0
2025-08-26T17:10:39.519,184.95997309684753,197.0,192.6,30.5,123,8,BAKE-PREHEAT,234.2,151.0,234.2,151.0
2025-08-26T17:10:39.806,185.24678707122803,197.0,192.5,30.6,105,8,BAKE-PREHEAT,234.0,151.0,234.0,151.0
2025-08-26T17:10:40.046,185.4864399433136,197.0,192.1,30.5,152,8,BAKE-PREHEAT,234.0,150.2,234.0,150.2
2025-08-26T17:10:40.282,185.7223711013794,197.0,192.1,30.5,92,8,BAKE-PREHEAT,234.2,150.0,234.2,150.0
2025-08-26T17:10:40.337,185.777193069458,197.0,192.0,30.5,115,8,BAKE-PREHEAT,234.2,149.8,234.2,149.8
2025-08-26T17:10:40.804,186.24420595169067,197.0,191.8,30.6,139,8,BAKE-PREHEAT,233.8,149.8,233.8,149.8
2025-08-26T17:10:41.041,186.48109698295593,197.0,191.8,30.5,99,8,BAKE-PREHEAT,233.8,149.8,233.8,149.8
2025-08-26T17:10:41.269,186.70909810066223,197.0,191.5,30.5,144,8,BAKE-PREHEAT,233.5,149.5,233.5,149.5
2025-08-26T17:10:41.566,187.00649404525757,197.0,191.8,30.6,59,8,BAKE-PREHEAT,234.0,149.5,234.0,149.5
2025-08-26T17:10:41.805,187.24525904655457,197.0,191.9,30.6,77,8,BAKE-PREHEAT,234.5,149.2,234.5,149.2
2025-08-26T17:10:42.042,187.48230004310608,197.0,191.6,30.6,142,8,BAKE-PREHEAT,234.5,148.8,234.5,148.8
2025-08-26T17:10:42.275,187.71546602249146,197.0,191.4,30.5,147,8,BAKE-PREHEAT,234.2,148.5,234.2,148.5
2025-08-26T17:10:42.569,188.00987195968628,197.0,191.2,30.6,129,8,BAKE-PREHEAT,233.8,148.8,233.8,148.8
2025-08-26T17:10:42.806,188.24648904800415,197.0,191.2,30.6,109,8,BAKE-PREHEAT,233.8,148.8,233.8,148.8
2025-08-26T17:10:43.045,188.48565006256104,197.0,191.1,30.6,131,8,BAKE-PREHEAT,233.8,148.5,233.8,148.5
2025-08-26T17:10:43.281,188.72161102294922,197.0,191.4,30.6,67,8,BAKE-PREHEAT,233.5,149.2,233.5,149.2
2025-08-26T17:10:43.517,188.95778703689575,197.0,191.4,30.6,107,8,BAKE-PREHEAT,233.5,149.2,233.5,149.2
2025-08-26T17:10:43.811,189.2511169910431,197.0,191.2,30.6,129,8,BAKE-PREHEAT,233.2,149.2,233.2,149.2
2025-08-26T17:10:44.047,189.4878740310669,197.0,191.1,30.6,131,8,BAKE-PREHEAT,233.0,149.2,233.0,149.2
2025-08-26T17:10:44.278,189.718092918396,197.0,191.5,30.6,44,8,BAKE-PREHEAT,233.5,149.5,233.5,149.5
2025-08-26T17:10:44.288,189.72835898399353,197.0,192.1,30.6,0,8,BAKE-PREHEAT,234.2,150.0,234.2,150.0
2025-08-26T17:10:44.797,190.2376561164856,183.0,192.5,30.6,0,198,BAKE,234.8,150.2,234.8,150.2
2025-08-26T17:10:45.032,190.4728240966797,183.0,192.4,30.7,0,195,BAKE,234.5,150.2,234.5,150.2
2025-08-26T17:10:45.332,190.77226901054382,183.0,192.5,30.7,0,198,BAKE,234.5,150.5,234.5,150.5
2025-08-26T17:10:45.505,190.94546914100647,183.0,192.5,30.6,0,198,BAKE,234.8,150.2,234.8,150.2
2025-08-26T17:10:45.796,191.23627591133118,183.0,192.9,30.7,0,205,BAKE,235.0,150.8,235.0,150.8
2025-08-26T17:10:46.031,191.4715759754181,183.0,193.0,30.7,0,208,BAKE,235.8,150.2,235.8,150.2
2025-08-26T17:10:46.266,191.70673894882202,183.0,192.8,30.7,0,203,BAKE,235.5,150.0,235.5,150.0
2025-08-26T17:10:46.559,191.99910807609558,183.0,192.2,30.6,0,193,BAKE,234.8,149.8,234.8,149.8
2025-08-26T17:10:46.792,192.2320249080658,183.0,192.1,30.6,0,190,BAKE,234.8,149.5,234.8,149.5
2025-08-26T17:10:47.022,192.46251702308655,183.0,192.0,30.6,0,188,BAKE,234.8,149.2,234.8,149.2
2025-08-26T17:10:47.257,192.6976420879364,183.0,191.6,30.7,0,180,BAKE,234.2,149.0,234.2,149.0
2025-08-26T17:10:47.548,192.988214969635,183.0,191.0,30.7,0,168,BAKE,234.0,148.0,234.0,148.0
2025-08-26T17:10:47.783,193.223228931427,183.0,190.6,30.7,0,160,BAKE,234.0,147.2,234.0,147.2
2025-08-26T17:10:48.083,193.52335810661316,183.0,189.9,30.7,0,145,BAKE,233.5,146.2,233.5,146.2
2025-08-26T17:10:48.255,193.6950159072876,183.0,188.9,30.7,0,125,BAKE,232.8,145.0,232.8,145.0
2025-08-26T17:10:48.547,193.9870319366455,183.0,188.4,30.7,0,115,BAKE,232.2,144.5,232.2,144.5
2025-08-26T17:10:48.783,194.2230041027069,183.0,188.1,30.8,0,110,BAKE,232.2,144.0,232.2,144.0
2025-08-26T17:10:49.020,194.4601390361786,183.0,187.2,30.8,0,93,BAKE,231.8,142.8,231.8,142.8
2025-08-26T17:10:49.309,194.74910497665405,183.0,186.5,30.8,0,8,BAKE,231.2,141.8,231.2,141.8
2025-08-26T17:10:49.605,195.04585003852844,183.0,185.5,30.8,0,8,BAKE,230.0,141.0,230.0,141.0
2025-08-26T17:10:49.781,195.2216100692749,183.0,184.8,30.8,0,8,BAKE,229.5,140.0,229.5,140.0
2025-08-26T17:10:50.018,195.4585521221161,183.0,184.4,30.8,0,8,BAKE,229.2,139.5,229.2,139.5
2025-08-26T17:10:50.313,195.75309205055237,183.0,183.6,30.8,0,8,BAKE,228.5,138.8,228.5,138.8
2025-08-26T17:10:50.323,195.76355290412903,183.0,183.2,30.8,0,8,BAKE,228.0,138.5,228.0,138.5
2025-08-26T17:10:50.784,196.2248079776764,183.0,182.8,30.8,0,8,BAKE-PREHEAT,227.5,138.0,227.5,138.0
2025-08-26T17:10:51.014,196.45478510856628,183.0,182.5,30.8,0,8,BAKE-PREHEAT,227.0,138.0,227.0,138.0
2025-08-26T17:10:51.309,196.74950003623962,183.0,182.5,30.8,0,8,BAKE-PREHEAT,227.0,138.0,227.0,138.0
2025-08-26T17:10:51.544,196.98478507995605,183.0,181.9,30.8,0,8,BAKE-PREHEAT,226.0,137.8,226.0,137.8
2025-08-26T17:10:51.778,197.21895909309387,183.0,181.1,30.9,0,8,BAKE-PREHEAT,224.8,137.5,224.8,137.5
2025-08-26T17:10:52.018,197.4583580493927,183.0,180.9,30.8,0,8,BAKE-PREHEAT,224.2,137.5,224.2,137.5
2025-08-26T17:10:52.308,197.74878692626953,183.0,180.5,30.8,0,8,BAKE-PREHEAT,223.8,137.2,223.8,137.2
2025-08-26T17:10:52.544,197.98494505882263,183.0,180.0,30.9,0,8,BAKE-PREHEAT,223.2,136.8,223.2,136.8
2025-08-26T17:10:52.780,198.22051095962524,183.0,179.8,30.9,255,8,BAKE-PREHEAT,223.0,136.5,223.0,136.5
2025-08-26T17:10:53.016,198.45693707466125,183.0,179.4,30.8,128,8,BAKE-PREHEAT,222.2,136.5,222.2,136.5
2025-08-26T17:10:53.311,198.7514350414276,183.0,179.4,30.8,68,8,BAKE-PREHEAT,222.2,136.5,222.2,136.5
2025-08-26T17:10:53.545,198.98530793190002,183.0,179.2,30.8,91,8,BAKE-PREHEAT,222.2,136.2,222.2,136.2
2025-08-26T17:10:53.777,199.21744513511658,183.0,179.2,30.9,71,8,BAKE-PREHEAT,222.2,136.2,222.2,136.2
2025-08-26T17:10:54.013,199.45376801490784,183.0,179.1,30.8,93,8,BAKE-PREHEAT,222.0,136.2,222.0,136.2
2025-08-26T17:10:54.308,199.7482259273529,183.0,179.1,30.9,73,8,BAKE-PREHEAT,222.0,136.2,222.0,136.2
2025-08-26T17:10:54.548,199.98808407783508,183.0,179.0,30.8,96,8,BAKE-PREHEAT,221.8,136.2,221.8,136.2
2025-08-26T17:10:54.557,199.99747705459595,183.0,179.0,30.9,76,8,BAKE-PREHEAT,221.8,136.2,221.8,136.2
2025-08-26T17:10:55.085,200.52521800994873,169.0,179.4,30.9,0,215,BAKE,222.2,136.5,222.2,136.5
2025-08-26T17:10:55.255,200.69568610191345,169.0,179.2,30.9,0,213,BAKE,221.8,136.8,221.8,136.8
2025-08-26T17:10:55.544,200.98479413986206,169.0,179.0,30.9,0,208,BAKE,221.5,136.5,221.5,136.5
2025-08-26T17:10:55.779,201.21934294700623,169.0,179.0,30.9,0,208,BAKE,221.5,136.5,221.5,136.5
2025-08-26T17:10:56.025,201.46592712402344,169.0,179.0,30.9,0,208,BAKE,221.5,136.5,221.5,136.5
2025-08-26T17:10:56.322,201.76289010047913,169.0,178.9,30.9,0,205,BAKE,221.5,136.2,221.5,136.2
2025-08-26T17:10:56.495,201.9359381198883,169.0,178.8,30.9,0,203,BAKE,221.8,135.8,221.8,135.8
2025-08-26T17:10:56.781,202.22163009643555,169.0,178.4,31.0,0,195,BAKE,221.5,135.2,221.5,135.2
2025-08-26T17:10:57.018,202.4580569267273,169.0,178.2,30.9,0,193,BAKE,221.5,135.0,221.5,135.0
2025-08-26T17:10:57.311,202.75156211853027,169.0,177.8,30.9,0,183,BAKE,221.2,134.2,221.2,134.2
2025-08-26T17:10:57.550,202.98997497558594,169.0,176.9,31.0,0,165,BAKE,220.0,133.8,220.0,133.8
2025-08-26T17:10:57.785,203.22501611709595,169.0,176.0,31.0,0,148,BAKE,219.2,132.8,219.2,132.8
2025-08-26T17:10:58.014,203.4544129371643,169.0,174.9,30.9,0,125,BAKE,217.8,132.0,217.8,132.0
2025-08-26T17:10:58.315,203.75532412528992,169.0,174.5,31.0,0,118,BAKE,217.5,131.5,217.5,131.5
2025-08-26T17:10:58.550,203.99027490615845,169.0,174.1,31.0,0,110,BAKE,217.5,130.8,217.5,130.8
2025-08-26T17:10:58.785,204.22498202323914,169.0,173.5,31.0,0,98,BAKE,217.0,130.0,217.0,130.0
2025-08-26T17:10:59.021,204.46104407310486,169.0,173.0,31.0,0,8,BAKE,216.5,129.5,216.5,129.5
2025-08-26T17:10:59.311,204.7515721321106,169.0,171.8,31.0,0,8,BAKE,215.2,128.2,215.2,128.2
2025-08-26T17:10:59.549,204.98992800712585,169.0,171.2,31.0,0,8,BAKE,214.5,128.0,214.5,128.0
2025-08-26T17:10:59.787,205.22732710838318,169.0,170.6,31.0,0,8,BAKE,213.8,127.5,213.8,127.5
2025-08-26T17:11:00.021,205.46156811714172,169.0,170.1,31.0,0,8,BAKE,213.0,127.2,213.0,127.2
2025-08-26T17:11:00.256,205.69638895988464,169.0,169.8,31.1,0,8,BAKE,212.8,126.8,212.8,126.8
2025-08-26T17:11:00.547,205.98787808418274,169.0,169.5,31.1,0,8,BAKE,212.5,126.5,212.5,126.5
2025-08-26T17:11:00.557,205.99727606773376,169.0,168.9,31.1,0,8,BAKE-PREHEAT,211.8,126.0,211.8,126.0
2025-08-26T17:11:01.009,206.44943809509277,169.0,168.6,31.0,0,8,BAKE-PREHEAT,211.5,125.8,211.5,125.8
2025-08-26T17:11:01.304,206.743999004364,169.0,169.1,31.1,0,8,BAKE,212.0,126.2,212.0,126.2
2025-08-26T17:11:01.537,206.9777331352234,169.0,169.2,31.1,0,8,BAKE,212.5,126.0,212.5,126.0
2025-08-26T17:11:01.774,207.2144820690155,169.0,169.1,31.1,0,8,BAKE,212.5,125.8,212.5,125.8
2025-08-26T17:11:02.068,207.5080120563507,169.0,169.0,31.1,0,8,BAKE,212.2,125.8,212.2,125.8
2025-08-26T17:11:02.303,207.7436969280243,169.0,168.8,31.1,0,8,BAKE-PREHEAT,212.0,125.5,212.0,125.5
2025-08-26T17:11:02.540,207.9807550907135,169.0,168.9,31.1,0,8,BAKE-PREHEAT,212.0,125.8,212.0,125.8
2025-08-26T17:11:02.770,208.21064710617065,169.0,168.9,31.1,0,8,BAKE-PREHEAT,211.8,126.0,211.8,126.0
2025-08-26T17:11:03.005,208.44559001922607,169.0,168.4,31.1,0,8,BAKE-PREHEAT,210.5,126.2,210.5,126.2
2025-08-26T17:11:03.297,208.7372019290924,169.0,168.4,31.1,0,8,BAKE-PREHEAT,210.8,126.0,210.8,126.0
2025-08-26T17:11:03.534,208.9744291305542,169.0,168.4,31.1,0,8,BAKE-PREHEAT,210.8,126.0,210.8,126.0
2025-08-26T17:11:03.763,209.20352506637573,169.0,168.2,31.2,0,8,BAKE-PREHEAT,210.5,126.0,210.5,126.0
2025-08-26T17:11:04.057,209.49765300750732,169.0,167.9,31.1,0,8,BAKE-PREHEAT,209.8,126.0,209.8,126.0
2025-08-26T17:11:04.304,209.7443389892578,169.0,167.5,31.1,0,8,BAKE-PREHEAT,209.0,126.0,209.0,126.0
2025-08-26T17:11:04.317,209.75734090805054,169.0,167.6,31.1,0,8,BAKE-PREHEAT,208.8,126.5,208.8,126.5
2025-08-26T17:11:04.835,210.27497601509094,156.0,167.9,31.2,0,245,BAKE,209.0,126.8,209.0,126.8
2025-08-26T17:11:05.008,210.44882702827454,156.0,167.9,31.2,0,245,BAKE,209.0,126.8,209.0,126.8
2025-08-26T17:11:05.299,210.73901104927063,156.0,168.2,31.2,0,253,BAKE,209.5,127.0,209.5,127.0
2025-08-26T17:11:05.535,210.97532391548157,156.0,168.0,31.2,0,248,BAKE,209.2,126.8,209.2,126.8
2025-08-26T17:11:05.763,211.20346403121948,156.0,168.0,31.2,0,248,BAKE,209.0,127.0,209.0,127.0
2025-08-26T17:11:06.054,211.49479913711548,156.0,167.5,31.2,0,238,BAKE,208.5,126.5,208.5,126.5
2025-08-26T17:11:06.291,211.7318160533905,156.0,167.5,31.2,0,238,BAKE,208.2,126.8,208.2,126.8
2025-08-26T17:11:06.517,211.9579050540924,156.0,167.2,31.2,0,233,BAKE,208.0,126.5,208.0,126.5
2025-08-26T17:11:06.807,212.24731397628784,156.0,167.1,31.2,0,230,BAKE,208.0,126.2,208.0,126.2
2025-08-26T17:11:07.046,212.48641300201416,156.0,166.6,31.2,0,220,BAKE,207.5,125.8,207.5,125.8
2025-08-26T17:11:07.283,212.72359013557434,156.0,165.9,31.2,0,205,BAKE,207.0,124.8,207.0,124.8
2025-08-26T17:11:07.578,213.0183300971985,156.0,165.5,31.2,0,198,BAKE,206.8,124.2,206.8,124.2
2025-08-26T17:11:07.751,213.19162702560425,156.0,164.6,31.2,0,180,BAKE,205.8,123.5,205.8,123.5
2025-08-26T17:11:08.045,213.48572993278503,156.0,164.2,31.2,0,173,BAKE,205.5,123.0,205.5,123.0
2025-08-26T17:11:08.283,213.7233579158783,156.0,163.9,31.2,0,165,BAKE,205.2,122.5,205.2,122.5
2025-08-26T17:11:08.518,213.95889401435852,156.0,162.9,31.2,0,145,BAKE,204.2,121.5,204.2,121.5
2025-08-26T17:11:08.812,214.2529399394989,156.0,162.0,31.2,0,128,BAKE,203.2,120.8,203.2,120.8
2025-08-26T17:11:09.048,214.4880609512329,156.0,161.1,31.2,0,110,BAKE,202.5,119.8,202.5,119.8
2025-08-26T17:11:09.278,214.71819806098938,156.0,160.6,31.2,0,100,BAKE,202.5,118.8,202.5,118.8
2025-08-26T17:11:09.514,214.95398592948914,156.0,160.4,31.2,0,95,BAKE,202.2,118.5,202.2,118.5
2025-08-26T17:11:09.807,215.24794602394104,156.0,159.4,31.2,0,8,BAKE,201.0,117.8,201.0,117.8
2025-08-26T17:11:10.047,215.4870150089264,156.0,159.0,31.2,0,8,BAKE,200.8,117.2,200.8,117.2
2025-08-26T17:11:10.283,215.7237150669098,156.0,158.2,31.3,0,8,BAKE,200.0,116.5,200.0,116.5
2025-08-26T17:11:10.338,215.77848291397095,156.0,157.6,31.3,0,8,BAKE,199.5,115.8,199.5,115.8
2025-08-26T17:11:10.805,216.24592208862305,156.0,157.5,31.3,0,8,BAKE,199.5,115.5,199.5,115.5
2025-08-26T17:11:11.043,216.48370790481567,156.0,157.1,31.3,0,8,BAKE,199.5,114.8,199.5,114.8
2025-08-26T17:11:11.279,216.71971106529236,156.0,156.8,31.2,0,8,BAKE,199.0,114.5,199.0,114.5
2025-08-26T17:11:11.515,216.9551260471344,156.0,156.6,31.3,0,8,BAKE,198.8,114.5,198.8,114.5
2025-08-26T17:11:11.802,217.2422320842743,156.0,156.4,31.3,0,8,BAKE,198.2,114.5,198.2,114.5
2025-08-26T17:11:12.040,217.4808669090271,156.0,156.1,31.3,0,8,BAKE,198.0,114.2,198.0,114.2
2025-08-26T17:11:12.276,217.71670198440552,156.0,156.0,31.3,0,8,BAKE,198.0,114.0,198.0,114.0
2025-08-26T17:11:12.507,217.94721698760986,156.0,155.6,31.2,0,8,BAKE-PREHEAT,197.5,113.8,197.5,113.8
2025-08-26T17:11:12.800,218.2407660484314,156.0,155.8,31.3,0,8,BAKE-PREHEAT,197.5,114.0,197.5,114.0
2025-08-26T17:11:13.034,218.47483706474304,156.0,155.6,31.4,0,8,BAKE-PREHEAT,197.5,113.8,197.5,113.8
2025-08-26T17:11:13.269,218.70952796936035,156.0,155.6,31.3,0,8,BAKE-PREHEAT,197.5,113.8,197.5,113.8
2025-08-26T17:11:13.563,219.00332498550415,156.0,155.6,31.3,0,8,BAKE-PREHEAT,197.8,113.5,197.8,113.5
2025-08-26T17:11:13.800,219.2404010295868,156.0,155.5,31.3,0,8,BAKE-PREHEAT,197.2,113.8,197.2,113.8
2025-08-26T17:11:14.032,219.47283411026,156.0,155.2,31.3,0,8,BAKE-PREHEAT,197.0,113.5,197.0,113.5
2025-08-26T17:11:14.268,219.70799612998962,156.0,155.1,31.4,0,8,BAKE-PREHEAT,196.8,113.5,196.8,113.5
2025-08-26T17:11:14.279,219.71941804885864,156.0,155.4,31.3,0,8,BAKE-PREHEAT,196.5,114.2,196.5,114.2
2025-08-26T17:11:14.798,220.23866605758667,142.0,155.2,31.3,0,255,BAKE,196.2,114.2,196.2,114.2
2025-08-26T17:11:15.035,220.47582507133484,142.0,155.2,31.3,0,255,BAKE,196.2,114.2,196.2,114.2
2025-08-26T17:11:15.270,220.71050095558167,142.0,155.2,31.3,0,255,BAKE,196.2,114.2,196.2,114.2
2025-08-26T17:11:15.505,220.9452259540558,142.0,155.4,31.4,0,255,BAKE,196.2,114.5,196.2,114.5
2025-08-26T17:11:15.795,221.2355921268463,142.0,154.8,31.3,0,255,BAKE,195.5,114.0,195.5,114.0
2025-08-26T17:11:16.032,221.47254300117493,142.0,154.1,31.4,0,250,BAKE,195.0,113.2,195.0,113.2
2025-08-26T17:11:16.270,221.71018195152283,142.0,153.6,31.4,0,240,BAKE,194.2,113.0,194.2,113.0
2025-08-26T17:11:16.561,222.00152206420898,142.0,153.0,31.4,0,228,BAKE,193.2,112.8,193.2,112.8
2025-08-26T17:11:16.796,222.2364799976349,142.0,152.4,31.4,0,215,BAKE,192.8,112.0,192.8,112.0
2025-08-26T17:11:17.032,222.47210597991943,142.0,151.8,31.4,0,203,BAKE,192.5,111.0,192.5,111.0
2025-08-26T17:11:17.333,222.7730839252472,142.0,151.5,31.4,0,198,BAKE,192.2,110.8,192.2,110.8
2025-08-26T17:11:17.505,222.94534611701965,142.0,150.6,31.4,0,180,BAKE,191.2,110.0,191.2,110.0
2025-08-26T17:11:17.799,223.2394449710846,142.0,150.4,31.4,0,175,BAKE,191.2,109.5,191.2,109.5
2025-08-26T17:11:18.035,223.4756360054016,142.0,149.5,31.4,0,158,BAKE,190.2,108.8,190.2,108.8
2025-08-26T17:11:18.270,223.71015191078186,142.0,149.1,31.4,0,150,BAKE,190.0,108.2,190.0,108.2
2025-08-26T17:11:18.568,224.00887799263,142.0,148.4,31.5,0,135,BAKE,189.5,107.2,189.5,107.2
2025-08-26T17:11:18.802,224.24272513389587,142.0,148.0,31.5,0,128,BAKE,189.5,106.5,189.5,106.5
2025-08-26T17:11:19.041,224.4814579486847,142.0,147.5,31.5,0,118,BAKE,188.8,106.2,188.8,106.2
2025-08-26T17:11:19.276,224.7168481349945,142.0,146.6,31.5,0,100,BAKE,187.5,105.8,187.5,105.8
2025-08-26T17:11:19.512,224.95296812057495,142.0,145.5,31.5,0,8,BAKE,186.2,104.8,186.2,104.8
2025-08-26T17:11:19.804,225.24445009231567,142.0,145.0,31.5,0,8,BAKE,185.8,104.2,185.8,104.2
2025-08-26T17:11:20.040,225.47998690605164,142.0,144.4,31.5,0,8,BAKE,185.0,103.8,185.0,103.8
2025-08-26T17:11:20.269,225.70937609672546,142.0,143.9,31.5,0,8,BAKE,184.5,103.2,184.5,103.2
2025-08-26T17:11:20.281,225.72102403640747,142.0,143.4,31.5,0,8,BAKE,183.8,103.0,183.8,103.0
2025-08-26T17:11:20.791,226.2314829826355,142.0,142.6,31.5,0,8,BAKE,182.8,102.5,182.8,102.5
2025-08-26T17:11:21.027,226.46760296821594,142.0,141.9,31.5,0,8,BAKE-PREHEAT,181.5,102.2,181.5,102.2
2025-08-26T17:11:21.262,226.70277214050293,142.0,141.6,31.5,0,8,BAKE-PREHEAT,181.2,102.0,181.2,102.0
2025-08-26T17:11:21.552,226.9924509525299,142.0,141.2,31.5,0,8,BAKE-PREHEAT,180.8,101.8,180.8,101.8
2025-08-26T17:11:21.787,227.22767400741577,142.0,141.4,31.5,0,8,BAKE-PREHEAT,181.0,101.8,181.0,101.8
2025-08-26T17:11:22.021,227.46131110191345,142.0,141.2,31.5,0,8,BAKE-PREHEAT,180.8,101.8,180.8,101.8
2025-08-26T17:11:22.256,227.69620299339294,142.0,140.8,31.5,0,8,BAKE-PREHEAT,180.0,101.5,180.0,101.5
2025-08-26T17:11:22.545,227.98504996299744,142.0,140.1,31.5,0,8,BAKE-PREHEAT,178.8,101.5,178.8,101.5
2025-08-26T17:11:22.780,228.22079706192017,142.0,140.5,31.5,0,8,BAKE-PREHEAT,179.5,101.5,179.5,101.5
2025-08-26T17:11:23.009,228.4490339756012,142.0,140.4,31.5,0,8,BAKE-PREHEAT,179.2,101.5,179.2,101.5
2025-08-26T17:11:23.303,228.74376702308655,142.0,140.2,31.6,0,8,BAKE-PREHEAT,179.0,101.5,179.0,101.5
2025-08-26T17:11:23.537,228.9771749973297,142.0,140.2,31.6,0,8,BAKE-PREHEAT,178.8,101.8,178.8,101.8
2025-08-26T17:11:23.770,229.2108371257782,142.0,140.2,31.6,0,8,BAKE-PREHEAT,178.8,101.8,178.8,101.8
2025-08-26T17:11:24.068,229.50846791267395,142.0,140.4,31.6,0,8,BAKE-PREHEAT,179.0,101.8,179.0,101.8
2025-08-26T17:11:24.306,229.74600100517273,142.0,140.4,31.6,0,8,BAKE-PREHEAT,178.8,102.0,178.8,102.0
2025-08-26T17:11:24.316,229.75669813156128,142.0,140.4,31.5,0,8,BAKE-PREHEAT,179.0,101.8,179.0,101.8
2025-08-26T17:11:24.769,230.20901107788086,128.0,140.5,31.6,0,255,BAKE,179.2,101.8,179.2,101.8
2025-08-26T17:11:25.068,230.50864601135254,128.0,140.4,31.6,0,255,BAKE,179.0,101.8,179.0,101.8
2025-08-26T17:11:25.308,230.7482590675354,128.0,140.6,31.5,0,255,BAKE,179.2,102.0,179.2,102.0
2025-08-26T17:11:25.540,230.9800989627838,128.0,140.2,31.6,0,253,BAKE,178.8,101.8,178.8,101.8
2025-08-26T17:11:25.771,231.21163892745972,128.0,139.9,31.6,0,245,BAKE,178.2,101.5,178.2,101.5
2025-08-26T17:11:26.006,231.44641304016113,128.0,139.9,31.6,0,245,BAKE,178.5,101.2,178.5,101.2
2025-08-26T17:11:26.301,231.74115014076233,128.0,139.5,31.6,0,238,BAKE,178.0,101.0,178.0,101.0
2025-08-26T17:11:26.538,231.97859811782837,128.0,139.4,31.6,0,235,BAKE,178.0,100.8,178.0,100.8
2025-08-26T17:11:26.773,232.21378707885742,128.0,138.9,31.7,0,225,BAKE,177.5,100.2,177.5,100.2
2025-08-26T17:11:27.071,232.51107597351074,128.0,138.4,31.6,0,215,BAKE,177.0,99.8,177.0,99.8
2025-08-26T17:11:27.246,232.6865689754486,128.0,138.0,31.6,0,208,BAKE,176.5,99.5,176.5,99.5
2025-08-26T17:11:27.542,232.98247504234314,128.0,137.8,31.6,0,203,BAKE,176.2,99.2,176.2,99.2
2025-08-26T17:11:27.780,233.22001910209656,128.0,136.9,31.6,0,185,BAKE,175.2,98.5,175.2,98.5
2025-08-26T17:11:28.016,233.4560809135437,128.0,136.5,31.7,0,178,BAKE,175.0,98.0,175.0,98.0
2025-08-26T17:11:28.310,233.75074291229248,128.0,135.6,31.7,0,160,BAKE,173.8,97.5,173.8,97.5
2025-08-26T17:11:28.542,233.9820830821991,128.0,134.8,31.7,0,143,BAKE,172.8,96.8,172.8,96.8
2025-08-26T17:11:28.772,234.21205592155457,128.0,134.2,31.7,0,133,BAKE,172.0,96.5,172.0,96.5
2025-08-26T17:11:29.004,234.44437098503113,128.0,133.6,31.7,0,120,BAKE,171.2,96.0,171.2,96.0
2025-08-26T17:11:29.299,234.7390580177307,128.0,133.2,31.7,0,113,BAKE,171.0,95.5,171.0,95.5
2025-08-26T17:11:29.535,234.97558999061584,128.0,132.9,31.7,0,105,BAKE,170.8,95.0,170.8,95.0
2025-08-26T17:11:29.832,235.2721939086914,128.0,132.2,31.7,0,93,BAKE,170.0,94.5,170.0,94.5
2025-08-26T17:11:30.000,235.44081091880798,128.0,131.6,31.7,0,8,BAKE,169.2,94.0,169.2,94.0
2025-08-26T17:11:30.295,235.7351689338684,128.0,131.4,31.7,0,8,BAKE,169.0,93.8,169.0,93.8
2025-08-26T17:11:30.348,235.78810906410217,128.0,130.9,31.7,0,8,BAKE,168.5,93.2,168.5,93.2
2025-08-26T17:11:30.759,236.19939804077148,128.0,130.0,31.7,0,8,BAKE,167.0,93.0,167.0,93.0
2025-08-26T17:11:31.053,236.49319410324097,128.0,130.1,31.7,0,8,BAKE,167.2,93.0,167.2,93.0
2025-08-26T17:11:31.289,236.72984313964844,128.0,129.9,31.7,0,8,BAKE,167.0,92.8,167.0,92.8
2025-08-26T17:11:31.518,236.95818710327148,128.0,129.6,31.7,0,8,BAKE,166.8,92.5,166.8,92.5
2025-08-26T17:11:31.753,237.19308710098267,128.0,129.8,31.8,0,8,BAKE,166.8,92.8,166.8,92.8
2025-08-26T17:11:32.046,237.48655796051025,128.0,129.6,31.7,0,8,BAKE,166.8,92.5,166.8,92.5
2025-08-26T17:11:32.284,237.72459197044373,128.0,129.4,31.7,0,8,BAKE,166.5,92.2,166.5,92.2
2025-08-26T17:11:32.580,238.02066802978516,128.0,129.1,31.8,0,8,BAKE,165.5,92.8,165.5,92.8
2025-08-26T17:11:32.755,238.1957700252533,128.0,129.1,31.8,0,8,BAKE,165.8,92.5,165.8,92.5
2025-08-26T17:11:33.046,238.48683500289917,128.0,129.0,31.7,0,8,BAKE,165.5,92.5,165.5,92.5
2025-08-26T17:11:33.281,238.72141814231873,128.0,128.9,31.8,0,8,BAKE,165.2,92.5,165.2,92.5
2025-08-26T17:11:33.518,238.9586079120636,128.0,128.8,31.7,0,8,BAKE,165.0,92.5,165.0,92.5
2025-08-26T17:11:33.753,239.19323706626892,128.0,128.5,31.8,0,8,BAKE,164.5,92.5,164.5,92.5
2025-08-26T17:11:34.044,239.48429703712463,128.0,128.8,31.8,0,8,BAKE,165.0,92.5,165.0,92.5
2025-08-26T17:11:35.046,240.4866271018982,114.0,129.0,31.8,0,255,BAKE,164.8,93.2,164.8,93.2
2025-08-26T17:11:35.282,240.72209906578064,114.0,128.9,31.8,0,255,BAKE,164.8,93.0,164.8,93.0
2025-08-26T17:11:35.582,241.02259993553162,114.0,128.2,31.8,0,255,BAKE,164.0,92.5,164.0,92.5
2025-08-26T17:11:35.756,241.19685101509094,114.0,128.0,31.8,0,255,BAKE,164.0,92.0,164.0,92.0
2025-08-26T17:11:36.050,241.49088501930237,114.0,127.9,31.8,0,255,BAKE,163.8,92.0,163.8,92.0
2025-08-26T17:11:36.287,241.72785091400146,114.0,127.6,31.8,0,255,BAKE,163.8,91.5,163.8,91.5
2025-08-26T17:11:36.518,241.95852994918823,114.0,127.1,31.8,0,255,BAKE,163.2,91.0,163.2,91.0
2025-08-26T17:11:36.818,242.25874304771423,114.0,126.6,31.8,0,255,BAKE,162.8,90.5,162.8,90.5
2025-08-26T17:11:37.057,242.497554063797,114.0,126.1,31.8,0,250,BAKE,162.0,90.2,162.0,90.2
2025-08-26T17:11:37.297,242.7371780872345,114.0,125.5,31.8,0,238,BAKE,161.5,89.5,161.5,89.5
2025-08-26T17:11:37.526,242.96658897399902,114.0,124.9,31.8,0,225,BAKE,160.8,89.0,160.8,89.0
2025-08-26T17:11:37.759,243.1998519897461,114.0,124.0,31.8,0,208,BAKE,159.8,88.2,159.8,88.2
2025-08-26T17:11:38.053,243.49357104301453,114.0,123.8,31.9,0,203,BAKE,159.5,88.0,159.5,88.0
2025-08-26T17:11:38.290,243.7306489944458,114.0,122.9,31.8,0,185,BAKE,158.5,87.2,158.5,87.2
2025-08-26T17:11:38.515,243.95571303367615,114.0,122.1,31.9,0,170,BAKE,157.8,86.5,157.8,86.5
2025-08-26T17:11:38.752,244.19256496429443,114.0,121.8,31.8,0,163,BAKE,157.2,86.2,157.2,86.2
2025-08-26T17:11:39.045,244.4850149154663,114.0,120.9,31.8,0,145,BAKE,155.8,86.0,155.8,86.0
2025-08-26T17:11:39.282,244.72211909294128,114.0,120.0,31.8,0,128,BAKE,154.5,85.5,154.5,85.5
2025-08-26T17:11:39.577,245.017431974411,114.0,119.5,31.9,0,118,BAKE,154.0,85.0,154.0,85.0
2025-08-26T17:11:39.746,245.18665194511414,114.0,119.1,31.9,0,110,BAKE,153.8,84.5,153.8,84.5
2025-08-26T17:11:40.035,245.47505807876587,114.0,118.9,31.9,0,105,BAKE,153.5,84.2,153.5,84.2
2025-08-26T17:11:40.269,245.70991206169128,114.0,118.8,31.8,0,103,BAKE,153.5,84.0,153.5,84.0
2025-08-26T17:11:40.505,245.94554996490479,114.0,118.4,31.9,0,95,BAKE,153.0,83.8,153.0,83.8
2025-08-26T17:11:40.557,245.9974489212036,114.0,118.1,31.9,0,90,BAKE,153.0,83.2,153.0,83.2
2025-08-26T17:11:41.083,246.52326202392578,114.0,117.6,31.9,0,8,BAKE,152.2,83.0,152.2,83.0
2025-08-26T17:11:41.258,246.69890213012695,114.0,117.1,31.9,0,8,BAKE,151.2,83.0,151.2,83.0
2025-08-26T17:11:41.552,246.99249291419983,114.0,116.8,31.9,0,8,BAKE,150.8,82.8,150.8,82.8
2025-08-26T17:11:41.786,247.22684597969055,114.0,116.5,31.9,0,8,BAKE,150.8,82.2,150.8,82.2
2025-08-26T17:11:42.019,247.4595501422882,114.0,116.4,31.9,0,8,BAKE,150.2,82.5,150.2,82.5
2025-08-26T17:11:42.257,247.69788098335266,114.0,116.1,31.9,0,8,BAKE,149.8,82.5,149.8,82.5
2025-08-26T17:11:42.545,247.9852020740509,114.0,115.6,31.9,0,8,BAKE,149.2,82.0,149.2,82.0
2025-08-26T17:11:42.776,248.21635913848877,114.0,115.8,31.9,0,8,BAKE,149.2,82.2,149.2,82.2
2025-08-26T17:11:43.008,248.44886302947998,114.0,115.8,31.9,0,8,BAKE,149.2,82.2,149.2,82.2
2025-08-26T17:11:43.303,248.7434310913086,114.0,115.6,31.9,0,8,BAKE,149.2,82.0,149.2,82.0
2025-08-26T17:11:43.541,248.98112201690674,114.0,115.6,31.9,0,8,BAKE,149.0,82.2,149.0,82.2
2025-08-26T17:11:43.776,249.2162160873413,114.0,115.1,31.9,0,8,BAKE,148.2,82.0,148.2,82.0
2025-08-26T17:11:44.004,249.44481801986694,114.0,115.0,31.9,0,8,BAKE,148.0,82.0,148.0,82.0
2025-08-26T17:11:44.295,249.73523497581482,114.0,115.0,31.9,0,8,BAKE,148.0,82.0,148.0,82.0
2025-08-26T17:11:44.531,249.9712951183319,114.0,115.1,31.9,0,8,BAKE,148.0,82.2,148.0,82.2
2025-08-26T17:11:55.063,260.5034759044647,70.0,99.4,32.0,0,255,BAKE,127.5,71.2,127.5,71.2
2025-08-26T17:11:55.302,260.7426710128784,70.0,98.8,32.0,0,255,BAKE,126.5,71.0,126.5,71.0
2025-08-26T17:11:55.538,260.97803807258606,70.0,98.5,32.1,0,255,BAKE,126.0,71.0,126.0,71.0
2025-08-26T17:11:55.773,261.21301913261414,70.0,97.8,32.0,0,255,BAKE,125.0,70.5,125.0,70.5
2025-08-26T17:11:56.007,261.44774198532104,70.0,97.4,32.0,0,255,BAKE,124.5,70.2,124.5,70.2
2025-08-26T17:11:56.301,261.74191093444824,70.0,97.2,32.0,0,255,BAKE,124.5,70.0,124.5,70.0
2025-08-26T17:11:56.537,261.97721910476685,70.0,97.2,32.1,0,255,BAKE,124.5,70.0,124.5,70.0
2025-08-26T17:11:56.766,262.2066719532013,70.0,96.9,32.1,0,255,BAKE,124.2,69.5,124.2,69.5
2025-08-26T17:11:56.999,262.4390389919281,70.0,96.5,32.0,0,255,BAKE,123.5,69.5,123.5,69.5
2025-08-26T17:11:57.293,262.73317408561707,70.0,96.0,32.1,0,255,BAKE,122.8,69.2,122.8,69.2
2025-08-26T17:11:57.530,262.9705820083618,70.0,96.0,32.0,0,255,BAKE,123.0,69.0,123.0,69.0
2025-08-26T17:11:57.827,263.26762199401855,70.0,95.9,32.0,0,255,BAKE,123.0,68.8,123.0,68.8
2025-08-26T17:11:57.998,263.4382150173187,70.0,95.5,32.0,0,255,BAKE,122.2,68.8,122.2,68.8
2025-08-26T17:11:58.292,263.73234009742737,70.0,95.2,32.0,0,255,BAKE,121.8,68.8,121.8,68.8
2025-08-26T17:11:58.528,263.96825313568115,70.0,95.1,32.0,0,255,BAKE,121.5,68.8,121.5,68.8
2025-08-26T17:11:58.764,264.2049560546875,70.0,95.1,32.1,0,255,BAKE,121.8,68.5,121.8,68.5
2025-08-26T17:11:59.055,264.4954569339752,70.0,94.9,32.0,0,255,BAKE,121.5,68.2,121.5,68.2
2025-08-26T17:11:59.292,264.73237109184265,70.0,94.4,32.0,0,255,BAKE,120.8,68.0,120.8,68.0
2025-08-26T17:11:59.530,264.97010612487793,70.0,94.5,32.1,0,255,BAKE,121.0,68.0,121.0,68.0
2025-08-26T17:11:59.766,265.2063789367676,70.0,94.4,32.1,0,255,BAKE,121.0,67.8,121.0,67.8
2025-08-26T17:12:00.065,265.50546312332153,70.0,94.4,32.1,0,255,BAKE,121.0,67.8,121.0,67.8
2025-08-26T17:12:00.304,265.744588136673,70.0,94.6,32.0,0,255,BAKE,121.5,67.8,121.5,67.8
2025-08-26T17:12:00.540,265.98031401634216,70.0,93.5,32.1,0,255,BAKE,119.8,67.2,119.8,67.2
2025-08-26T17:12:00.655,266.09591007232666,70.0,93.5,32.0,0,255,BAKE,119.8,67.2,119.8,67.2
2025-08-26T17:12:00.998,266.4380979537964,70.0,93.1,32.1,0,255,BAKE,119.2,67.0,119.2,67.0
2025-08-26T17:12:01.292,266.73222613334656,70.0,92.9,32.1,0,255,BAKE,118.8,67.0,118.8,67.0
2025-08-26T17:12:01.531,266.97124791145325,70.0,92.8,32.1,0,255,BAKE,119.0,66.5,119.0,66.5
2025-08-26T17:12:01.765,267.2058711051941,70.0,92.8,32.1,0,255,BAKE,119.0,66.5,119.0,66.5
2025-08-26T17:12:02.059,267.4995539188385,70.0,92.6,32.1,0,255,BAKE,118.5,66.8,118.5,66.8
2025-08-26T17:12:02.298,267.73858404159546,70.0,92.1,32.0,0,255,BAKE,118.0,66.2,118.0,66.2
2025-08-26T17:12:02.536,267.9760980606079,70.0,91.8,32.1,0,255,BAKE,117.5,66.0,117.5,66.0
2025-08-26T17:12:02.770,268.21019291877747,70.0,91.8,32.1,0,255,BAKE,117.5,66.0,117.5,66.0
2025-08-26T17:12:03.001,268.44149804115295,70.0,91.6,32.1,0,255,BAKE,117.5,65.8,117.5,65.8
2025-08-26T17:12:03.295,268.73539304733276,70.0,91.4,32.1,0,255,BAKE,117.2,65.5,117.2,65.5
2025-08-26T17:12:03.595,269.03510212898254,70.0,90.9,32.1,0,255,BAKE,116.2,65.5,116.2,65.5
2025-08-26T17:12:03.765,269.20543599128723,70.0,90.8,32.1,0,255,BAKE,116.2,65.2,116.2,65.2
2025-08-26T17:12:04.000,269.44016194343567,70.0,90.6,32.1,0,255,BAKE,116.0,65.2,116.0,65.2
2025-08-26T17:12:04.294,269.73425698280334,70.0,90.6,32.1,0,255,BAKE,116.2,65.0,116.2,65.0
2025-08-26T17:12:04.530,269.97087812423706,70.0,90.0,32.1,0,255,BAKE,115.0,65.0,115.0,65.0
2025-08-26T17:12:04.540,269.98053097724915,70.0,90.0,32.1,0,255,BAKE,115.2,64.8,115.2,64.8
2025-08-26T17:12:14.998,280.43846106529236,30.0,82.4,32.1,0,255,BAKE,104.8,60.0,104.8,60.0
2025-08-26T17:12:15.293,280.73375511169434,30.0,82.2,32.1,0,255,BAKE,104.8,59.8,104.8,59.8
2025-08-26T17:12:15.531,280.9716351032257,30.0,82.1,32.1,0,255,BAKE,104.5,59.8,104.5,59.8
2025-08-26T17:12:15.766,281.2066969871521,30.0,82.0,32.1,0,255,BAKE,104.2,59.8,104.2,59.8
2025-08-26T17:12:16.066,281.50659108161926,30.0,81.9,32.1,0,255,BAKE,104.2,59.5,104.2,59.5
2025-08-26T17:12:16.239,281.6791830062866,30.0,81.6,32.1,0,255,BAKE,103.8,59.5,103.8,59.5
2025-08-26T17:12:16.532,281.9724841117859,30.0,81.4,32.1,0,255,BAKE,103.2,59.5,103.2,59.5
2025-08-26T17:12:16.765,282.2059359550476,30.0,81.2,32.1,0,255,BAKE,103.2,59.2,103.2,59.2
2025-08-26T17:12:16.999,282.43917512893677,30.0,81.4,32.2,0,255,BAKE,103.5,59.2,103.5,59.2
2025-08-26T17:12:17.289,282.7296140193939,30.0,81.1,32.1,0,255,BAKE,103.2,59.0,103.2,59.0
2025-08-26T17:12:17.590,283.03063893318176,30.0,80.8,32.1,0,255,BAKE,102.5,59.0,102.5,59.0
2025-08-26T17:12:17.761,283.201287984848,30.0,80.8,32.1,0,255,BAKE,102.8,58.8,102.8,58.8
2025-08-26T17:12:17.997,283.43705701828003,30.0,80.4,32.1,0,255,BAKE,102.0,58.8,102.0,58.8
2025-08-26T17:12:18.290,283.73002099990845,30.0,79.9,32.1,0,255,BAKE,101.2,58.5,101.2,58.5
2025-08-26T17:12:18.527,283.96701097488403,30.0,80.0,32.1,0,255,BAKE,101.5,58.5,101.5,58.5
2025-08-26T17:12:18.823,284.26337790489197,30.0,80.0,32.1,0,255,BAKE,101.5,58.5,101.5,58.5
2025-08-26T17:12:18.996,284.4361979961395,30.0,80.1,32.1,0,255,BAKE,102.0,58.2,102.0,58.2
2025-08-26T17:12:19.289,284.7299220561981,30.0,79.8,32.1,0,255,BAKE,101.2,58.2,101.2,58.2
2025-08-26T17:12:19.525,284.96591305732727,30.0,79.6,32.1,0,255,BAKE,101.2,58.0,101.2,58.0
2025-08-26T17:12:19.758,285.1989290714264,30.0,79.6,32.1,0,255,BAKE,101.2,58.0,101.2,58.0
2025-08-26T17:12:20.051,285.4913821220398,30.0,79.6,32.1,0,255,BAKE,101.2,58.0,101.2,58.0
2025-08-26T17:12:20.284,285.7240490913391,30.0,79.4,32.1,0,255,BAKE,101.2,57.5,101.2,57.5
2025-08-26T17:12:20.512,285.95217204093933,30.0,79.4,32.0,0,255,BAKE,101.2,57.5,101.2,57.5
2025-08-26T17:12:20.628,286.0684199333191,30.0,79.5,32.1,0,255,BAKE,101.5,57.5,101.5,57.5
2025-08-26T17:12:21.030,286.47074913978577,30.0,79.1,32.1,0,255,BAKE,100.8,57.5,100.8,57.5
2025-08-26T17:12:21.264,286.70477294921875,30.0,78.8,32.1,0,255,BAKE,100.0,57.5,100.0,57.5
2025-08-26T17:12:21.564,287.0040030479431,30.0,78.6,32.1,0,255,BAKE,100.0,57.2,100.0,57.2
2025-08-26T17:12:21.802,287.2428369522095,30.0,78.2,32.1,0,255,BAKE,99.2,57.2,99.2,57.2
2025-08-26T17:12:22.038,287.47829008102417,30.0,78.2,32.1,0,255,BAKE,99.5,57.0,99.5,57.0
2025-08-26T17:12:22.279,287.71924114227295,30.0,78.2,32.1,0,255,BAKE,99.5,57.0,99.5,57.0
2025-08-26T17:12:22.514,287.95481300354004,30.0,77.9,32.1,0,255,BAKE,98.8,57.0,98.8,57.0
2025-08-26T17:12:22.749,288.18922305107117,30.0,77.5,32.1,0,255,BAKE,98.2,56.8,98.2,56.8
2025-08-26T17:12:23.036,288.47694206237793,30.0,77.4,32.1,0,255,BAKE,98.0,56.8,98.0,56.8
2025-08-26T17:12:23.266,288.7065489292145,30.0,77.2,32.1,0,255,BAKE,98.0,56.5,98.0,56.5
2025-08-26T17:12:23.502,288.94211506843567,30.0,77.0,32.1,0,255,BAKE,97.5,56.5,97.5,56.5
2025-08-26T17:12:23.795,289.23562693595886,30.0,76.8,32.2,0,255,BAKE,97.0,56.5,97.0,56.5
2025-08-26T17:12:24.033,289.473904132843,30.0,76.6,32.1,0,255,BAKE,97.0,56.2,97.0,56.2
2025-08-26T17:12:24.269,289.70927810668945,30.0,76.2,32.1,0,255,BAKE,96.5,56.0,96.5,56.0
2025-08-26T17:12:24.560,290.0003299713135,30.0,76.5,32.1,0,255,BAKE,97.0,56.0,97.0,56.0
2025-08-26T17:12:24.795,290.23537397384644,30.0,76.1,32.2,0,255,BAKE,96.2,56.0,96.2,56.0
2025-08-26T17:12:25.033,290.4737629890442,30.0,76.1,32.2,0,255,BAKE,96.2,56.0,96.2,56.0
2025-08-26T17:12:25.268,290.708801984787,30.0,75.9,32.1,0,255,BAKE,96.0,55.8,96.0,55.8
2025-08-26T17:12:25.504,290.9445080757141,30.0,75.5,32.1,0,255,BAKE,95.5,55.5,95.5,55.5
2025-08-26T17:12:25.795,291.23563504219055,30.0,75.8,32.2,0,255,BAKE,95.8,55.8,95.8,55.8
2025-08-26T17:12:26.034,291.47445011138916,30.0,75.8,32.2,0,255,BAKE,95.8,55.8,95.8,55.8
2025-08-26T17:12:26.267,291.70767998695374,30.0,75.6,32.1,0,255,BAKE,95.8,55.5,95.8,55.5
2025-08-26T17:12:26.502,291.9426920413971,30.0,75.2,32.1,0,255,BAKE,95.2,55.2,95.2,55.2
2025-08-26T17:12:26.797,292.2370641231537,30.0,75.2,32.1,0,255,BAKE,95.2,55.2,95.2,55.2
2025-08-26T17:12:27.034,292.4748589992523,30.0,75.1,32.1,0,255,BAKE,95.0,55.2,95.0,55.2
2025-08-26T17:12:27.332,292.77244210243225,30.0,74.8,32.1,0,255,BAKE,94.5,55.0,94.5,55.0
2025-08-26T17:12:27.507,292.9476521015167,30.0,74.9,32.1,0,255,BAKE,94.8,55.0,94.8,55.0
2025-08-26T17:12:27.796,293.236230134964,30.0,75.0,32.1,0,255,BAKE,94.8,55.2,94.8,55.2
2025-08-26T17:12:28.033,293.473876953125,30.0,74.6,32.2,0,255,BAKE,94.2,55.0,94.2,55.0
2025-08-26T17:12:28.268,293.70846605300903,30.0,74.4,32.1,0,255,BAKE,93.8,55.0,93.8,55.0
2025-08-26T17:12:28.569,294.0093080997467,30.0,74.4,32.1,0,255,BAKE,93.8,55.0,93.8,55.0
2025-08-26T17:12:28.742,294.1829171180725,30.0,73.9,32.1,0,255,BAKE,93.2,54.5,93.2,54.5
2025-08-26T17:12:29.029,294.46898913383484,30.0,74.0,32.2,0,255,BAKE,93.2,54.8,93.2,54.8
2025-08-26T17:12:29.263,294.70319294929504,30.0,73.9,32.1,0,255,BAKE,93.0,54.8,93.0,54.8
2025-08-26T17:12:29.498,294.9381260871887,30.0,73.9,32.2,0,255,BAKE,93.2,54.5,93.2,54.5
2025-08-26T17:12:29.791,295.2313001155853,30.0,73.9,32.1,0,255,BAKE,93.5,54.2,93.5,54.2
2025-08-26T17:12:30.079,295.5190579891205,30.0,73.8,32.2,0,255,BAKE,93.0,54.5,93.0,54.5
2025-08-26T17:12:30.248,295.6882209777832,30.0,73.2,32.1,0,255,BAKE,92.5,54.0,92.5,54.0
2025-08-26T17:12:30.543,295.9830629825592,30.0,73.2,32.1,0,255,BAKE,92.2,54.2,92.2,54.2
2025-08-26T17:12:30.780,296.22073793411255,30.0,72.9,32.1,0,255,BAKE,91.8,54.0,91.8,54.0
2025-08-26T17:12:31.015,296.45543909072876,30.0,72.9,32.2,0,255,BAKE,91.8,54.0,91.8,54.0
2025-08-26T17:12:31.313,296.752986907959,30.0,72.8,32.2,0,255,BAKE,91.5,54.0,91.5,54.0
2025-08-26T17:12:31.550,296.99044704437256,30.0,72.8,32.2,0,255,BAKE,91.5,54.0,91.5,54.0
2025-08-26T17:12:31.783,297.22372102737427,30.0,72.5,32.1,0,255,BAKE,91.2,53.8,91.2,53.8
2025-08-26T17:12:32.017,297.45731592178345,30.0,72.5,32.1,0,255,BAKE,91.2,53.8,91.2,53.8
2025-08-26T17:12:32.251,297.6909840106964,30.0,72.2,32.1,0,255,BAKE,91.0,53.5,91.0,53.5
2025-08-26T17:12:32.545,297.98577094078064,30.0,72.2,32.2,0,255,BAKE,90.8,53.8,90.8,53.8
2025-08-26T17:12:32.781,298.22121596336365,30.0,72.2,32.2,0,255,BAKE,91.0,53.5,91.0,53.5
2025-08-26T17:12:33.016,298.4567520618439,30.0,72.1,32.1,0,255,BAKE,90.8,53.5,90.8,53.5
2025-08-26T17:12:33.250,298.6902940273285,30.0,72.0,32.2,0,255,BAKE,90.8,53.2,90.8,53.2
2025-08-26T17:12:33.542,298.98223400115967,30.0,71.9,32.2,0,255,BAKE,90.5,53.2,90.5,53.2
2025-08-26T17:12:33.777,299.2173390388489,30.0,71.9,32.2,0,255,BAKE,90.5,53.2,90.5,53.2
2025-08-26T17:12:34.008,299.4480879306793,30.0,71.6,32.2,0,255,BAKE,90.2,53.0,90.2,53.0
2025-08-26T17:12:34.298,299.7389669418335,30.0,71.6,32.2,0,255,BAKE,90.2,53.0,90.2,53.0
2025-08-26T17:12:34.538,299.9784700870514,30.0,71.8,32.2,0,255,BAKE,90.5,53.0,90.5,53.0
2025-08-26T17:12:34.775,300.2154109477997,30.0,71.8,32.2,0,255,BAKE,90.5,53.0,90.5,53.0
2025-08-26T17:12:35.006,300.4464409351349,30.0,71.6,32.2,0,255,BAKE,90.5,52.8,90.5,52.8
2025-08-26T17:12:35.300,300.7400109767914,30.0,71.2,32.2,0,255,BAKE,90.0,52.5,90.0,52.5
2025-08-26T17:12:35.534,300.97495102882385,30.0,71.2,32.2,0,255,BAKE,89.8,52.8,89.8,52.8
2025-08-26T17:12:35.769,301.2095630168915,30.0,71.1,32.1,0,255,BAKE,89.8,52.5,89.8,52.5
2025-08-26T17:12:35.997,301.4375829696655,30.0,70.9,32.2,0,255,BAKE,89.0,52.8,89.0,52.8
2025-08-26T17:12:36.291,301.7312910556793,30.0,70.6,32.2,0,255,BAKE,88.8,52.5,88.8,52.5
2025-08-26T17:12:36.529,301.9691231250763,30.0,70.5,32.1,0,255,BAKE,88.8,52.2,88.8,52.2
2025-08-26T17:12:36.763,302.20331501960754,30.0,70.4,32.1,0,255,BAKE,88.5,52.2,88.5,52.2
2025-08-26T17:12:37.063,302.5035500526428,30.0,70.4,32.1,0,255,BAKE,88.5,52.2,88.5,52.2
2025-08-26T17:12:37.239,302.67982506752014,30.0,70.5,32.2,0,255,BAKE,88.8,52.2,88.8,52.2
2025-08-26T17:12:37.533,302.9737660884857,30.0,70.5,32.1,0,255,BAKE,88.8,52.2,88.8,52.2
2025-08-26T17:12:37.768,303.2080030441284,30.0,70.4,32.2,0,255,BAKE,88.8,52.0,88.8,52.0
2025-08-26T17:12:38.003,303.4435169696808,30.0,70.2,32.2,0,255,BAKE,88.5,52.0,88.5,52.0
2025-08-26T17:12:38.297,303.7374610900879,30.0,70.2,32.1,0,255,BAKE,88.5,52.0,88.5,52.0
2025-08-26T17:12:38.534,303.974867105484,30.0,70.1,32.2,0,255,BAKE,88.5,51.8,88.5,51.8
2025-08-26T17:12:38.763,304.20393109321594,30.0,70.1,32.2,0,255,BAKE,88.5,51.8,88.5,51.8
2025-08-26T17:12:38.999,304.43899512290955,30.0,70.1,32.2,0,255,BAKE,88.5,51.8,88.5,51.8
2025-08-26T17:12:39.287,304.72788310050964,30.0,70.0,32.2,0,255,BAKE,88.2,51.8,88.2,51.8
2025-08-26T17:12:39.524,304.96468210220337,30.0,69.6,32.2,0,255,BAKE,87.8,51.5,87.8,51.5
2025-08-26T17:12:39.821,305.2616341114044,30.0,69.4,32.2,0,255,BAKE,87.5,51.2,87.5,51.2
2025-08-26T17:12:39.994,305.4345679283142,30.0,69.0,32.2,0,255,BAKE,86.8,51.2,86.8,51.2
2025-08-26T17:12:40.288,305.7282590866089,30.0,69.0,32.1,0,255,BAKE,86.8,51.2,86.8,51.2
2025-08-26T17:12:40.524,305.96398091316223,30.0,68.8,32.1,0,255,BAKE,86.2,51.2,86.2,51.2
2025-08-26T17:12:40.761,306.20149993896484,30.0,68.6,32.2,0,255,BAKE,86.2,51.0,86.2,51.0
2025-08-26T17:12:41.053,306.49323296546936,30.0,68.8,32.2,0,255,BAKE,86.2,51.2,86.2,51.2
2025-08-26T17:12:41.288,306.72842597961426,30.0,68.9,32.2,0,255,BAKE,86.8,51.0,86.8,51.0
2025-08-26T17:12:41.525,306.9655919075012,30.0,68.8,32.2,0,255,BAKE,86.5,51.0,86.5,51.0
2025-08-26T17:12:41.762,307.20253896713257,30.0,68.6,32.2,0,255,BAKE,86.5,50.8,86.5,50.8
2025-08-26T17:12:42.055,307.4955430030823,30.0,68.5,32.1,0,255,BAKE,86.2,50.8,86.2,50.8
2025-08-26T17:12:42.293,307.7338559627533,30.0,68.4,32.1,0,255,BAKE,86.0,50.8,86.0,50.8
2025-08-26T17:12:42.530,307.9707179069519,30.0,68.2,32.2,0,255,BAKE,85.8,50.8,85.8,50.8
2025-08-26T17:12:42.767,308.2072639465332,30.0,67.9,32.2,0,255,BAKE,85.2,50.5,85.2,50.5
2025-08-26T17:12:42.994,308.434916973114,30.0,67.8,32.2,0,255,BAKE,85.0,50.5,85.0,50.5
2025-08-26T17:12:43.288,308.7289249897003,30.0,67.4,32.1,0,255,BAKE,84.5,50.2,84.5,50.2
2025-08-26T17:12:43.525,308.96586298942566,30.0,67.6,32.2,0,255,BAKE,85.0,50.2,85.0,50.2
2025-08-26T17:12:43.762,309.20218300819397,30.0,67.4,32.1,0,255,BAKE,84.5,50.2,84.5,50.2
2025-08-26T17:12:44.054,309.4943299293518,30.0,67.4,32.1,0,255,BAKE,84.8,50.0,84.8,50.0
2025-08-26T17:12:44.291,309.7310049533844,30.0,67.2,32.2,0,255,BAKE,84.5,50.0,84.5,50.0
2025-08-26T17:12:44.528,309.968542098999,30.0,67.1,32.1,0,255,BAKE,84.2,50.0,84.2,50.0
2025-08-26T17:12:44.762,310.2025671005249,30.0,67.0,32.1,0,255,BAKE,84.2,49.8,84.2,49.8
2025-08-26T17:12:45.057,310.49706506729126,30.0,67.0,32.1,0,255,BAKE,84.2,49.8,84.2,49.8
2025-08-26T17:12:45.294,310.7341320514679,30.0,66.8,32.1,0,255,BAKE,83.8,49.8,83.8,49.8
2025-08-26T17:12:45.595,311.03507113456726,30.0,66.9,32.1,0,255,BAKE,84.0,49.8,84.0,49.8
2025-08-26T17:12:45.766,311.20621609687805,30.0,66.8,32.2,0,255,BAKE,83.8,49.8,83.8,49.8
2025-08-26T17:12:45.996,311.4360921382904,30.0,66.6,32.1,0,255,BAKE,83.8,49.5,83.8,49.5
2025-08-26T17:12:46.290,311.7300729751587,30.0,66.8,32.1,0,255,BAKE,84.0,49.5,84.0,49.5
2025-08-26T17:12:46.527,311.9672739505768,30.0,66.5,32.1,0,255,BAKE,83.8,49.2,83.8,49.2
2025-08-26T17:12:46.764,312.20462799072266,30.0,66.8,32.2,0,255,BAKE,84.0,49.5,84.0,49.5
2025-08-26T17:12:46.994,312.4342129230499,30.0,66.8,32.2,0,255,BAKE,84.0,49.5,84.0,49.5
2025-08-26T17:12:47.283,312.72356510162354,30.0,66.5,32.2,0,255,BAKE,83.8,49.2,83.8,49.2
2025-08-26T17:12:47.517,312.95779299736023,30.0,66.4,32.1,0,255,BAKE,83.5,49.2,83.5,49.2
2025-08-26T17:12:47.753,313.1937870979309,30.0,66.4,32.1,0,255,BAKE,83.5,49.2,83.5,49.2
2025-08-26T17:12:48.047,313.4878559112549,30.0,66.2,32.2,0,255,BAKE,83.2,49.2,83.2,49.2
2025-08-26T17:12:48.284,313.72429609298706,30.0,65.9,32.1,0,255,BAKE,82.8,49.0,82.8,49.0
2025-08-26T17:12:48.512,313.9527859687805,30.0,66.0,32.1,0,255,BAKE,83.0,49.0,83.0,49.0
2025-08-26T17:12:48.747,314.18707513809204,30.0,65.9,32.1,0,255,BAKE,83.0,48.8,83.0,48.8
2025-08-26T17:12:49.041,314.48158407211304,30.0,65.9,32.1,0,255,BAKE,82.8,49.0,82.8,49.0
2025-08-26T17:12:49.277,314.717129945755,30.0,65.8,32.1,0,255,BAKE,82.8,48.8,82.8,48.8
2025-08-26T17:12:49.514,314.95462107658386,30.0,65.6,32.1,0,255,BAKE,82.5,48.8,82.5,48.8
2025-08-26T17:12:49.743,315.1838791370392,30.0,65.5,32.1,0,255,BAKE,82.2,48.8,82.2,48.8
2025-08-26T17:12:50.029,315.46923303604126,30.0,65.2,32.1,0,255,BAKE,82.0,48.5,82.0,48.5
2025-08-26T17:12:50.263,315.7037010192871,30.0,65.1,32.1,0,255,BAKE,81.8,48.5,81.8,48.5
2025-08-26T17:12:50.498,315.9381790161133,30.0,64.9,32.1,0,255,BAKE,81.5,48.2,81.5,48.2
2025-08-26T17:12:50.792,316.23280811309814,30.0,65.0,32.1,0,255,BAKE,81.8,48.2,81.8,48.2
2025-08-26T17:12:51.024,316.4644479751587,30.0,65.0,32.2,0,255,BAKE,81.5,48.5,81.5,48.5
2025-08-26T17:12:51.254,316.69411396980286,30.0,64.9,32.1,0,255,BAKE,81.5,48.2,81.5,48.2
2025-08-26T17:12:51.554,316.9944689273834,30.0,64.9,32.2,0,255,BAKE,81.5,48.2,81.5,48.2
2025-08-26T17:12:51.794,317.2341570854187,30.0,64.9,32.1,0,255,BAKE,81.5,48.2,81.5,48.2
2025-08-26T17:12:52.028,317.46844696998596,30.0,64.9,32.1,0,255,BAKE,81.5,48.2,81.5,48.2
2025-08-26T17:12:52.265,317.7055149078369,30.0,64.9,32.1,0,255,BAKE,81.5,48.2,81.5,48.2
2025-08-26T17:12:52.556,317.99619603157043,30.0,64.5,32.1,0,255,BAKE,81.0,48.0,81.0,48.0
2025-08-26T17:12:52.795,318.2358410358429,30.0,64.5,32.1,0,255,BAKE,81.0,48.0,81.0,48.0
2025-08-26T17:12:53.034,318.4739990234375,30.0,64.6,32.1,0,255,BAKE,81.2,48.0,81.2,48.0
2025-08-26T17:12:53.267,318.70737409591675,30.0,64.4,32.1,0,255,BAKE,80.8,48.0,80.8,48.0
2025-08-26T17:12:53.503,318.9432921409607,30.0,64.4,32.2,0,255,BAKE,80.8,48.0,80.8,48.0
2025-08-26T17:12:53.796,319.236230134964,30.0,64.2,32.1,0,255,BAKE,80.8,47.8,80.8,47.8
2025-08-26T17:12:54.029,319.46929597854614,30.0,64.0,32.1,0,255,BAKE,80.2,47.8,80.2,47.8
2025-08-26T17:12:54.260,319.70068192481995,30.0,64.0,32.1,0,255,BAKE,80.2,47.8,80.2,47.8
2025-08-26T17:12:54.554,319.99478912353516,30.0,63.8,32.1,0,255,BAKE,80.0,47.5,80.0,47.5
2025-08-26T17:12:54.793,320.23363399505615,30.0,63.8,32.1,0,255,BAKE,80.0,47.5,80.0,47.5
2025-08-26T17:12:55.025,320.46530294418335,30.0,63.6,32.1,0,255,BAKE,80.0,47.2,80.0,47.2
2025-08-26T17:12:55.320,320.7605769634247,30.0,63.6,32.1,0,255,BAKE,79.8,47.5,79.8,47.5
2025-08-26T17:12:55.493,320.93320512771606,30.0,63.4,32.1,0,255,BAKE,79.5,47.2,79.5,47.2
2025-08-26T17:12:55.783,321.2233741283417,30.0,63.4,32.1,0,255,BAKE,79.5,47.2,79.5,47.2
2025-08-26T17:12:56.017,321.4577350616455,30.0,63.1,32.1,0,255,BAKE,79.2,47.0,79.2,47.0
2025-08-26T17:12:56.249,321.6892890930176,30.0,63.2,32.1,0,255,BAKE,79.2,47.2,79.2,47.2
2025-08-26T17:12:56.540,321.9802279472351,30.0,63.2,32.1,0,255,BAKE,79.2,47.2,79.2,47.2
2025-08-26T17:12:56.776,322.21617007255554,30.0,62.9,32.1,0,255,BAKE,78.8,47.0,78.8,47.0
2025-08-26T17:12:57.006,322.44675397872925,30.0,62.9,32.1,0,255,BAKE,78.8,47.0,78.8,47.0
2025-08-26T17:12:57.299,322.7395279407501,30.0,62.5,32.1,0,255,BAKE,78.2,46.8,78.2,46.8
2025-08-26T17:12:57.538,322.9784390926361,30.0,62.5,32.1,0,255,BAKE,78.2,46.8,78.2,46.8
2025-08-26T17:12:57.776,323.21606492996216,30.0,62.1,32.1,0,255,BAKE,77.8,46.5,77.8,46.5
2025-08-26T17:12:58.074,323.5140631198883,30.0,62.4,32.1,0,255,BAKE,78.0,46.8,78.0,46.8
2025-08-26T17:12:58.247,323.68760895729065,30.0,62.4,32.1,0,255,BAKE,78.0,46.8,78.0,46.8
2025-08-26T17:12:58.541,323.98113799095154,30.0,62.4,32.1,0,255,BAKE,78.2,46.5,78.2,46.5
2025-08-26T17:12:58.779,324.2193970680237,30.0,62.1,32.1,0,255,BAKE,77.8,46.5,77.8,46.5
2025-08-26T17:12:59.009,324.4492521286011,30.0,61.8,32.1,0,255,BAKE,77.2,46.2,77.2,46.2
2025-08-26T17:12:59.300,324.7405879497528,30.0,61.8,32.1,0,255,BAKE,77.2,46.2,77.2,46.2
2025-08-26T17:12:59.535,324.97503113746643,30.0,61.8,32.1,0,255,BAKE,77.2,46.2,77.2,46.2
2025-08-26T17:12:59.765,325.20579409599304,30.0,61.6,32.1,0,255,BAKE,77.2,46.0,77.2,46.0
2025-08-26T17:13:00.001,325.44182300567627,30.0,61.6,32.0,0,255,BAKE,77.2,46.0,77.2,46.0
2025-08-26T17:13:00.294,325.73408794403076,30.0,61.5,32.1,0,255,BAKE,77.0,46.0,77.0,46.0
2025-08-26T17:13:00.533,325.9738121032715,30.0,61.6,32.0,0,255,BAKE,77.2,46.0,77.2,46.0
2025-08-26T17:13:00.769,326.2096381187439,30.0,61.5,32.1,0,255,BAKE,77.0,46.0,77.0,46.0
2025-08-26T17:13:00.998,326.43889594078064,30.0,61.2,32.1,0,255,BAKE,76.8,45.8,76.8,45.8
2025-08-26T17:13:01.293,326.7330379486084,30.0,61.2,32.0,0,255,BAKE,76.8,45.8,76.8,45.8
2025-08-26T17:13:01.530,326.9701569080353,30.0,61.4,32.1,0,255,BAKE,77.0,45.8,77.0,45.8
2025-08-26T17:13:01.765,327.20560097694397,30.0,61.5,32.1,0,255,BAKE,77.0,46.0,77.0,46.0
2025-08-26T17:13:02.000,327.4401230812073,30.0,61.4,32.0,0,255,BAKE,77.0,45.8,77.0,45.8
2025-08-26T17:13:02.286,327.72642612457275,30.0,61.2,32.0,0,255,BAKE,76.8,45.8,76.8,45.8
2025-08-26T17:13:02.518,327.9586651325226,30.0,61.2,32.1,0,255,BAKE,77.0,45.5,77.0,45.5
2025-08-26T17:13:02.755,328.1951220035553,30.0,61.2,32.0,0,255,BAKE,77.0,45.5,77.0,45.5
2025-08-26T17:13:03.045,328.48594903945923,30.0,61.2,32.1,0,255,BAKE,77.0,45.5,77.0,45.5
2025-08-26T17:13:03.285,328.72524905204773,30.0,61.1,32.0,0,255,BAKE,76.8,45.5,76.8,45.5
2025-08-26T17:13:03.515,328.95569896698,30.0,60.9,32.0,0,255,BAKE,76.2,45.5,76.2,45.5
2025-08-26T17:13:03.745,329.18558406829834,30.0,60.9,32.0,0,255,BAKE,76.5,45.2,76.5,45.2
2025-08-26T17:13:04.030,329.47094893455505,30.0,60.8,32.1,0,255,BAKE,76.2,45.2,76.2,45.2
2025-08-26T17:13:04.265,329.7057480812073,30.0,60.6,32.1,0,255,BAKE,76.0,45.2,76.0,45.2
2025-08-26T17:13:04.498,329.938264131546,30.0,60.6,32.1,0,255,BAKE,75.8,45.5,75.8,45.5
2025-08-26T17:13:04.791,330.231684923172,30.0,60.4,32.1,0,255,BAKE,75.2,45.5,75.2,45.5
2025-08-26T17:13:05.026,330.4667649269104,30.0,60.0,32.1,0,255,BAKE,75.0,45.0,75.0,45.0
2025-08-26T17:13:05.255,330.69515109062195,30.0,59.8,32.1,0,255,BAKE,74.5,45.0,74.5,45.0
2025-08-26T17:13:05.553,330.99309611320496,30.0,60.0,32.1,0,255,BAKE,74.8,45.2,74.8,45.2
2025-08-26T17:13:05.788,331.2286379337311,30.0,59.6,32.0,0,255,BAKE,74.2,45.0,74.2,45.0
2025-08-26T17:13:06.021,331.4616141319275,30.0,59.6,32.0,0,255,BAKE,74.2,45.0,74.2,45.0
2025-08-26T17:13:06.257,331.6975591182709,30.0,59.8,32.0,0,255,BAKE,74.5,45.0,74.5,45.0
2025-08-26T17:13:06.547,331.98784494400024,30.0,59.5,32.0,0,255,BAKE,74.2,44.8,74.2,44.8
2025-08-26T17:13:06.787,332.2273359298706,30.0,59.5,32.1,0,255,BAKE,74.0,45.0,74.0,45.0
2025-08-26T17:13:07.020,332.4600250720978,30.0,59.4,32.0,0,255,BAKE,74.0,44.8,74.0,44.8
2025-08-26T17:13:07.254,332.69458508491516,30.0,59.4,32.0,0,255,BAKE,74.0,44.8,74.0,44.8
2025-08-26T17:13:07.548,332.9883680343628,30.0,59.4,32.0,0,255,BAKE,74.0,44.8,74.0,44.8
2025-08-26T17:13:07.784,333.22398710250854,30.0,59.4,32.0,0,255,BAKE,74.0,44.8,74.0,44.8
2025-08-26T17:13:08.020,333.4601550102234,30.0,59.2,32.1,0,255,BAKE,73.8,44.8,73.8,44.8
2025-08-26T17:13:08.255,333.6953499317169,30.0,59.0,32.0,0,255,BAKE,73.5,44.5,73.5,44.5
2025-08-26T17:13:08.546,333.9868459701538,30.0,59.0,32.1,0,255,BAKE,73.5,44.5,73.5,44.5
2025-08-26T17:13:08.786,334.22637009620667,30.0,58.9,32.1,0,255,BAKE,73.2,44.5,73.2,44.5
2025-08-26T17:13:09.018,334.4585030078888,30.0,58.8,32.0,0,255,BAKE,73.2,44.2,73.2,44.2
2025-08-26T17:13:09.319,334.75918102264404,30.0,58.9,32.0,0,255,BAKE,73.5,44.2,73.5,44.2
2025-08-26T17:13:09.491,334.93168902397156,30.0,58.5,32.0,0,255,BAKE,72.8,44.2,72.8,44.2
2025-08-26T17:13:09.786,335.2262399196625,30.0,58.5,32.0,0,255,BAKE,72.8,44.2,72.8,44.2
2025-08-26T17:13:10.018,335.4588899612427,30.0,58.4,32.0,0,255,BAKE,72.8,44.0,72.8,44.0
2025-08-26T17:13:10.253,335.69327306747437,30.0,58.5,32.0,0,255,BAKE,73.0,44.0,73.0,44.0
2025-08-26T17:13:10.545,335.98574209213257,30.0,58.4,32.0,0,255,BAKE,72.8,44.0,72.8,44.0
2025-08-26T17:13:10.784,336.2241880893707,30.0,58.2,32.0,0,255,BAKE,72.5,44.0,72.5,44.0
2025-08-26T17:13:11.017,336.45737504959106,30.0,58.2,32.1,0,255,BAKE,72.5,44.0,72.5,44.0
2025-08-26T17:13:11.248,336.6880040168762,30.0,58.2,32.0,0,255,BAKE,72.5,44.0,72.5,44.0
2025-08-26T17:13:11.541,336.9817349910736,30.0,58.2,32.1,0,255,BAKE,72.5,44.0,72.5,44.0
2025-08-26T17:13:11.779,337.21914196014404,30.0,58.1,32.0,0,255,BAKE,72.5,43.8,72.5,43.8
2025-08-26T17:13:12.074,337.5148539543152,30.0,58.0,32.0,0,255,BAKE,72.2,43.8,72.2,43.8
2025-08-26T17:13:12.249,337.6899449825287,30.0,58.0,32.0,0,255,BAKE,72.2,43.8,72.2,43.8
2025-08-26T17:13:12.539,337.9790110588074,30.0,58.1,32.0,0,255,BAKE,72.2,44.0,72.2,44.0
2025-08-26T17:13:12.776,338.21636509895325,30.0,57.8,32.0,0,255,BAKE,72.0,43.5,72.0,43.5
2025-08-26T17:13:13.009,338.4493601322174,30.0,57.5,32.0,0,255,BAKE,71.5,43.5,71.5,43.5
2025-08-26T17:13:13.306,338.74691700935364,30.0,57.2,32.0,0,255,BAKE,71.0,43.5,71.0,43.5
2025-08-26T17:13:13.540,338.9801549911499,30.0,57.1,32.0,0,255,BAKE,70.8,43.5,70.8,43.5
2025-08-26T17:13:13.772,339.21223402023315,30.0,56.9,32.0,0,255,BAKE,70.5,43.2,70.5,43.2
2025-08-26T17:13:14.002,339.44289207458496,30.0,56.8,32.0,0,255,BAKE,70.2,43.2,70.2,43.2
2025-08-26T17:13:14.296,339.7361559867859,30.0,56.6,32.0,0,255,BAKE,70.0,43.2,70.0,43.2
2025-08-26T17:13:14.534,339.9749619960785,30.0,56.6,32.0,0,255,BAKE,70.0,43.2,70.0,43.2
2025-08-26T17:13:14.771,340.2113699913025,30.0,56.6,32.0,0,255,BAKE,70.0,43.2,70.0,43.2
2025-08-26T17:13:15.000,340.4408860206604,30.0,56.6,32.0,0,255,BAKE,70.0,43.2,70.0,43.2
2025-08-26T17:13:15.285,340.7258789539337,30.0,56.5,32.0,0,255,BAKE,70.0,43.0,70.0,43.0
2025-08-26T17:13:15.519,340.95939111709595,30.0,56.8,32.0,0,255,BAKE,70.2,43.2,70.2,43.2
2025-08-26T17:13:15.755,341.195081949234,30.0,56.9,32.0,0,255,BAKE,70.2,43.5,70.2,43.5
2025-08-26T17:13:16.046,341.48614501953125,30.0,56.4,32.0,0,255,BAKE,69.8,43.0,69.8,43.0
2025-08-26T17:13:16.282,341.7224590778351,30.0,56.6,32.0,0,255,BAKE,70.0,43.2,70.0,43.2
2025-08-26T17:13:16.511,341.9510691165924,30.0,56.2,32.0,0,255,BAKE,69.5,43.0,69.5,43.0
2025-08-26T17:13:16.745,342.18523693084717,30.0,56.1,32.0,0,255,BAKE,69.2,43.0,69.2,43.0
2025-08-26T17:13:17.041,342.481262922287,30.0,56.1,31.9,0,255,BAKE,69.2,43.0,69.2,43.0
2025-08-26T17:13:17.276,342.7164990901947,30.0,56.2,32.0,0,255,BAKE,69.5,43.0,69.5,43.0
2025-08-26T17:13:17.511,342.95161509513855,30.0,56.2,32.0,0,255,BAKE,69.5,43.0,69.5,43.0
2025-08-26T17:13:17.740,343.180969953537,30.0,56.1,31.9,0,255,BAKE,69.5,42.8,69.5,42.8
2025-08-26T17:13:18.021,343.4619119167328,30.0,56.0,32.0,0,255,BAKE,69.5,42.5,69.5,42.5
2025-08-26T17:13:18.257,343.69738698005676,30.0,56.1,32.0,0,255,BAKE,69.5,42.8,69.5,42.8
2025-08-26T17:13:18.545,343.9852170944214,30.0,56.2,32.0,0,255,BAKE,69.8,42.8,69.8,42.8
2025-08-26T17:13:18.784,344.22402811050415,30.0,55.9,31.9,0,255,BAKE,69.5,42.2,69.5,42.2
2025-08-26T17:13:19.021,344.4613890647888,30.0,55.9,32.0,0,255,BAKE,69.2,42.5,69.2,42.5
2025-08-26T17:13:19.246,344.6862139701843,30.0,55.8,32.0,0,255,BAKE,69.0,42.5,69.0,42.5
2025-08-26T17:13:19.536,344.97666811943054,30.0,55.8,32.0,0,255,BAKE,69.0,42.5,69.0,42.5
2025-08-26T17:13:19.772,345.21268010139465,30.0,55.5,32.0,0,255,BAKE,68.8,42.2,68.8,42.2
2025-08-26T17:13:20.003,345.4433720111847,30.0,55.4,31.9,0,255,BAKE,68.5,42.2,68.5,42.2
2025-08-26T17:13:20.289,345.72934794425964,30.0,55.2,32.0,0,255,BAKE,68.0,42.5,68.0,42.5
2025-08-26T17:13:20.530,345.9703450202942,30.0,55.1,32.0,0,255,BAKE,68.0,42.2,68.0,42.2
2025-08-26T17:13:20.759,346.19995307922363,30.0,55.0,32.0,0,255,BAKE,67.8,42.2,67.8,42.2
2025-08-26T17:13:20.993,346.43351006507874,30.0,55.0,32.0,0,255,BAKE,67.8,42.2,67.8,42.2
2025-08-26T17:13:21.279,346.71943402290344,30.0,55.0,32.0,0,255,BAKE,67.8,42.2,67.8,42.2
2025-08-26T17:13:21.508,346.94857692718506,30.0,55.0,31.9,0,255,BAKE,67.8,42.2,67.8,42.2
2025-08-26T17:13:21.805,347.2454569339752,30.0,54.9,32.0,0,255,BAKE,67.5,42.2,67.5,42.2
2025-08-26T17:13:22.040,347.48028802871704,30.0,54.9,31.9,0,255,BAKE,67.5,42.2,67.5,42.2
2025-08-26T17:13:22.274,347.71412205696106,30.0,54.6,32.0,0,255,BAKE,67.2,42.0,67.2,42.0
2025-08-26T17:13:22.502,347.94280195236206,30.0,54.8,31.9,0,255,BAKE,67.5,42.0,67.5,42.0
2025-08-26T17:13:22.797,348.2374861240387,30.0,54.6,31.9,0,255,BAKE,67.2,42.0,67.2,42.0
2025-08-26T17:13:23.029,348.4695990085602,30.0,54.5,31.9,0,255,BAKE,67.2,41.8,67.2,41.8
2025-08-26T17:13:23.328,348.7683529853821,30.0,54.5,31.9,0,255,BAKE,67.2,41.8,67.2,41.8
2025-08-26T17:13:23.498,348.93834710121155,30.0,54.5,31.9,0,255,BAKE,67.2,41.8,67.2,41.8
2025-08-26T17:13:23.792,349.23280906677246,30.0,54.6,31.9,0,255,BAKE,67.2,42.0,67.2,42.0
2025-08-26T17:13:24.024,349.4645609855652,30.0,54.2,31.9,0,255,BAKE,66.8,41.8,66.8,41.8
2025-08-26T17:13:24.258,349.698224067688,30.0,54.1,31.9,0,255,BAKE,66.5,41.8,66.5,41.8
2025-08-26T17:13:24.557,349.9977009296417,30.0,54.1,31.9,0,255,BAKE,66.5,41.8,66.5,41.8
2025-08-26T17:13:24.734,350.1746060848236,30.0,54.1,31.9,0,255,BAKE,66.8,41.5,66.8,41.5
2025-08-26T17:13:25.022,350.4622631072998,30.0,54.0,32.0,0,255,BAKE,66.2,41.8,66.2,41.8
2025-08-26T17:13:25.258,350.69845509529114,30.0,53.9,31.9,0,255,BAKE,66.2,41.5,66.2,41.5
2025-08-26T17:13:25.492,350.93237709999084,30.0,54.1,31.9,0,255,BAKE,66.5,41.8,66.5,41.8
2025-08-26T17:13:25.786,351.2266390323639,30.0,54.0,32.0,0,255,BAKE,66.2,41.8,66.2,41.8
2025-08-26T17:13:26.020,351.46090507507324,30.0,53.9,31.9,0,255,BAKE,66.2,41.5,66.2,41.5
2025-08-26T17:13:26.251,351.6918029785156,30.0,53.8,31.9,0,255,BAKE,66.0,41.5,66.0,41.5
2025-08-26T17:13:26.550,351.9900779724121,30.0,53.6,31.9,0,255,BAKE,66.0,41.2,66.0,41.2
2025-08-26T17:13:26.789,352.2292671203613,30.0,53.5,31.9,0,255,BAKE,65.8,41.2,65.8,41.2
2025-08-26T17:13:27.027,352.4677109718323,30.0,53.5,31.9,0,255,BAKE,65.8,41.2,65.8,41.2
2025-08-26T17:13:27.261,352.70121693611145,30.0,53.5,31.9,0,255,BAKE,65.8,41.2,65.8,41.2
2025-08-26T17:13:27.547,352.9872031211853,30.0,53.6,31.9,0,255,BAKE,66.0,41.2,66.0,41.2
2025-08-26T17:13:27.789,353.22967004776,30.0,53.5,31.9,0,255,BAKE,66.0,41.0,66.0,41.0
2025-08-26T17:13:28.017,353.4575819969177,30.0,53.5,31.9,0,255,BAKE,65.8,41.2,65.8,41.2
2025-08-26T17:13:28.252,353.6921260356903,30.0,53.2,31.9,0,255,BAKE,65.5,41.0,65.5,41.0
2025-08-26T17:13:28.546,353.986074924469,30.0,53.1,31.9,0,255,BAKE,65.5,40.8,65.5,40.8
2025-08-26T17:13:28.781,354.22164511680603,30.0,53.2,31.9,0,255,BAKE,65.2,41.2,65.2,41.2
2025-08-26T17:13:29.015,354.4554741382599,30.0,53.1,31.9,0,255,BAKE,65.2,41.0,65.2,41.0
2025-08-26T17:13:29.251,354.691556930542,30.0,53.1,31.9,0,255,BAKE,65.2,41.0,65.2,41.0
2025-08-26T17:13:29.545,354.98558807373047,30.0,53.0,31.9,0,255,BAKE,65.0,41.0,65.0,41.0
2025-08-26T17:13:29.784,355.2247531414032,30.0,53.0,31.9,0,255,BAKE,65.0,41.0,65.0,41.0
2025-08-26T17:13:30.019,355.45942997932434,30.0,52.9,31.9,0,255,BAKE,65.0,40.8,65.0,40.8
2025-08-26T17:13:30.317,355.7573399543762,30.0,53.0,31.9,0,255,BAKE,65.2,40.8,65.2,40.8
2025-08-26T17:13:30.489,355.92962408065796,30.0,53.0,31.9,0,255,BAKE,65.2,40.8,65.2,40.8
2025-08-26T17:13:30.784,356.22421503067017,30.0,52.9,31.9,0,255,BAKE,65.0,40.8,65.0,40.8
2025-08-26T17:13:31.015,356.45549511909485,30.0,52.8,31.9,0,255,BAKE,64.8,40.8,64.8,40.8
2025-08-26T17:13:31.250,356.69065594673157,30.0,52.8,31.9,0,255,BAKE,64.8,40.8,64.8,40.8
2025-08-26T17:13:31.536,356.9763820171356,30.0,52.6,31.9,0,255,BAKE,64.5,40.8,64.5,40.8
2025-08-26T17:13:31.771,357.21109414100647,30.0,52.5,31.9,0,255,BAKE,64.5,40.5,64.5,40.5
2025-08-26T17:13:32.001,357.44131803512573,30.0,52.4,31.9,0,255,BAKE,64.2,40.5,64.2,40.5
2025-08-26T17:13:32.290,357.73097109794617,30.0,52.1,31.8,0,255,BAKE,64.0,40.2,64.0,40.2
2025-08-26T17:13:32.523,357.9632980823517,30.0,52.2,31.9,0,255,BAKE,64.0,40.5,64.0,40.5
2025-08-26T17:13:32.757,358.19771099090576,30.0,52.5,31.9,0,255,BAKE,64.2,40.8,64.2,40.8
2025-08-26T17:13:33.055,358.49566197395325,30.0,52.5,31.8,0,255,BAKE,64.8,40.2,64.8,40.2
2025-08-26T17:13:33.288,358.7284119129181,30.0,52.2,31.9,0,255,BAKE,64.0,40.5,64.0,40.5
2025-08-26T17:13:33.526,358.9665369987488,30.0,52.4,31.9,0,255,BAKE,64.2,40.5,64.2,40.5
2025-08-26T17:13:33.757,359.197881937027,30.0,52.2,31.9,0,255,BAKE,64.2,40.2,64.2,40.2
2025-08-26T17:13:34.052,359.49220991134644,30.0,52.2,31.9,0,255,BAKE,64.2,40.2,64.2,40.2
2025-08-26T17:13:34.296,359.7363500595093,30.0,52.1,31.9,0,255,BAKE,64.0,40.2,64.0,40.2
2025-08-26T17:13:34.529,359.96915006637573,30.0,52.1,31.9,0,255,BAKE,64.0,40.2,64.0,40.2
2025-08-26T17:13:34.758,360.19874596595764,30.0,51.9,31.8,0,255,BAKE,63.8,40.0,63.8,40.0
2025-08-26T17:13:34.993,360.4337480068207,30.0,51.8,31.8,0,255,BAKE,63.5,40.0,63.5,40.0
2025-08-26T17:13:35.283,360.723650932312,30.0,51.6,31.8,0,255,BAKE,63.2,40.0,63.2,40.0
2025-08-26T17:13:35.518,360.95819997787476,30.0,51.5,31.9,0,255,BAKE,63.0,40.0,63.0,40.0
2025-08-26T17:13:35.818,361.25861501693726,30.0,51.4,31.8,0,255,BAKE,62.8,40.0,62.8,40.0
2025-08-26T17:13:35.992,361.4322099685669,30.0,51.4,31.9,0,255,BAKE,62.8,40.0,62.8,40.0
2025-08-26T17:13:36.285,361.7255299091339,30.0,51.4,31.8,0,255,BAKE,62.8,40.0,62.8,40.0
2025-08-26T17:13:36.521,361.9616000652313,30.0,51.2,31.8,0,255,BAKE,62.8,39.8,62.8,39.8
2025-08-26T17:13:36.756,362.19654512405396,30.0,51.4,31.8,0,255,BAKE,63.0,39.8,63.0,39.8
2025-08-26T17:13:37.050,362.49033212661743,30.0,51.5,31.9,0,255,BAKE,63.2,39.8,63.2,39.8
2025-08-26T17:13:37.282,362.7221100330353,30.0,51.4,31.8,0,255,BAKE,63.0,39.8,63.0,39.8
2025-08-26T17:13:37.508,362.94824504852295,30.0,51.2,31.8,0,255,BAKE,63.0,39.5,63.0,39.5
2025-08-26T17:13:37.741,363.18134593963623,30.0,51.2,31.8,0,255,BAKE,63.0,39.5,63.0,39.5
2025-08-26T17:13:38.036,363.47604298591614,30.0,51.2,31.8,0,255,BAKE,62.8,39.8,62.8,39.8
2025-08-26T17:13:38.270,363.7103590965271,30.0,51.0,31.8,0,255,BAKE,62.5,39.5,62.5,39.5
2025-08-26T17:13:38.566,364.00666308403015,30.0,51.0,31.9,0,255,BAKE,62.2,39.8,62.2,39.8
2025-08-26T17:13:38.741,364.1809871196747,30.0,51.1,31.9,0,255,BAKE,62.5,39.8,62.5,39.8
2025-08-26T17:13:39.033,364.47319197654724,30.0,51.0,31.8,0,255,BAKE,62.5,39.5,62.5,39.5
2025-08-26T17:13:39.267,364.70712399482727,30.0,51.0,31.9,0,255,BAKE,62.5,39.5,62.5,39.5
2025-08-26T17:13:39.495,364.9357740879059,30.0,51.1,31.9,0,255,BAKE,62.5,39.8,62.5,39.8
2025-08-26T17:13:39.789,365.22982692718506,30.0,50.9,31.8,0,255,BAKE,62.2,39.5,62.2,39.5
2025-08-26T17:13:40.024,365.4646670818329,30.0,50.5,31.8,0,255,BAKE,61.8,39.2,61.8,39.2
2025-08-26T17:13:40.252,365.6922450065613,30.0,50.5,31.9,0,255,BAKE,61.5,39.5,61.5,39.5
2025-08-26T17:13:40.549,365.9893639087677,30.0,50.5,31.8,0,255,BAKE,61.8,39.2,61.8,39.2
2025-08-26T17:13:40.786,366.22669792175293,30.0,50.2,31.8,0,255,BAKE,61.2,39.2,61.2,39.2
2025-08-26T17:13:41.024,366.46476697921753,30.0,50.4,31.8,0,255,BAKE,61.5,39.2,61.5,39.2
2025-08-26T17:13:41.261,366.7015619277954,30.0,50.4,31.8,0,255,BAKE,61.5,39.2,61.5,39.2
2025-08-26T17:13:41.551,366.99165511131287,30.0,50.5,31.9,0,255,BAKE,61.5,39.5,61.5,39.5
2025-08-26T17:13:41.790,367.23070192337036,30.0,50.4,31.8,0,255,BAKE,61.5,39.2,61.5,39.2
2025-08-26T17:13:42.029,367.46973299980164,30.0,50.4,31.8,0,255,BAKE,61.5,39.2,61.5,39.2
2025-08-26T17:13:42.266,367.70603108406067,30.0,50.1,31.8,0,255,BAKE,61.2,39.0,61.2,39.0
2025-08-26T17:13:42.493,367.933296918869,30.0,50.1,31.8,0,255,BAKE,61.2,39.0,61.2,39.0
2025-08-26T17:13:42.786,368.22679805755615,30.0,50.1,31.8,0,255,BAKE,61.0,39.2,61.0,39.2
2025-08-26T17:13:43.022,368.4622459411621,30.0,50.1,31.8,0,255,BAKE,61.0,39.2,61.0,39.2
2025-08-26T17:13:43.255,368.6951789855957,30.0,49.9,31.8,0,255,BAKE,60.8,39.0,60.8,39.0
2025-08-26T17:13:43.549,368.98936796188354,30.0,50.0,31.8,0,255,BAKE,60.8,39.2,60.8,39.2
2025-08-26T17:13:43.788,369.2284691333771,30.0,49.9,31.8,0,255,BAKE,60.8,39.0,60.8,39.0
2025-08-26T17:13:44.026,369.4659790992737,30.0,49.9,31.9,0,255,BAKE,60.8,39.0,60.8,39.0
2025-08-26T17:13:44.324,369.76465106010437,30.0,49.6,31.8,0,255,BAKE,60.5,38.8,60.5,38.8
2025-08-26T17:13:44.495,369.9353771209717,30.0,49.5,31.8,0,255,BAKE,60.2,38.8,60.2,38.8
2025-08-26T17:13:44.789,370.2295010089874,30.0,49.5,31.8,0,255,BAKE,60.2,38.8,60.2,38.8
2025-08-26T17:13:45.025,370.46554708480835,30.0,49.5,31.8,0,255,BAKE,60.2,38.8,60.2,38.8
2025-08-26T17:13:45.257,370.6977369785309,30.0,49.5,31.8,0,255,BAKE,60.2,38.8,60.2,38.8
2025-08-26T17:13:45.560,371.00094199180603,30.0,49.2,31.8,0,255,BAKE,59.8,38.8,59.8,38.8
2025-08-26T17:13:45.732,371.17292499542236,30.0,49.2,31.8,0,255,BAKE,59.8,38.8,59.8,38.8
2025-08-26T17:13:46.016,371.4561860561371,30.0,49.2,31.8,0,255,BAKE,59.8,38.8,59.8,38.8
2025-08-26T17:13:46.252,371.6929531097412,30.0,49.2,31.8,0,255,BAKE,59.8,38.8,59.8,38.8
2025-08-26T17:13:46.537,371.9777190685272,30.0,49.1,31.8,0,255,BAKE,59.8,38.5,59.8,38.5
2025-08-26T17:13:46.762,372.2029330730438,30.0,49.0,31.8,0,255,BAKE,59.5,38.5,59.5,38.5
2025-08-26T17:13:47.060,372.50014209747314,30.0,49.2,31.8,0,255,BAKE,59.8,38.8,59.8,38.8
2025-08-26T17:13:47.233,372.67370104789734,30.0,49.2,31.8,0,255,BAKE,59.8,38.8,59.8,38.8
2025-08-26T17:13:47.520,372.9601809978485,30.0,49.2,31.8,0,255,BAKE,60.0,38.5,60.0,38.5
2025-08-26T17:13:47.755,373.1955449581146,30.0,49.1,31.8,0,255,BAKE,59.8,38.5,59.8,38.5
2025-08-26T17:13:47.990,373.43094396591187,30.0,49.1,31.8,0,255,BAKE,59.8,38.5,59.8,38.5
2025-08-26T17:13:48.282,373.72271513938904,30.0,49.0,31.8,0,255,BAKE,59.8,38.2,59.8,38.2
2025-08-26T17:13:48.582,374.0221071243286,30.0,49.1,31.8,0,255,BAKE,59.8,38.5,59.8,38.5
2025-08-26T17:13:48.756,374.19635009765625,30.0,48.9,31.7,0,255,BAKE,59.2,38.5,59.2,38.5
2025-08-26T17:13:48.991,374.4313941001892,30.0,48.9,31.8,0,255,BAKE,59.5,38.2,59.5,38.2
2025-08-26T17:13:49.281,374.7214810848236,30.0,48.9,31.8,0,255,BAKE,59.5,38.2,59.5,38.2
2025-08-26T17:13:49.512,374.9526400566101,30.0,48.8,31.8,0,255,BAKE,59.2,38.2,59.2,38.2
2025-08-26T17:13:49.810,375.25037598609924,30.0,48.9,31.8,0,255,BAKE,59.2,38.5,59.2,38.5
2025-08-26T17:13:50.046,375.4865200519562,30.0,48.6,31.8,0,255,BAKE,59.0,38.2,59.0,38.2
2025-08-26T17:13:50.279,375.71970796585083,30.0,48.6,31.8,0,255,BAKE,59.0,38.2,59.0,38.2
2025-08-26T17:13:50.514,375.95450091362,30.0,48.6,31.8,0,255,BAKE,59.0,38.2,59.0,38.2
2025-08-26T17:13:50.746,376.18617391586304,30.0,48.5,31.8,0,255,BAKE,58.8,38.2,58.8,38.2
2025-08-26T17:13:51.036,376.47649097442627,30.0,48.4,31.8,0,255,BAKE,58.8,38.0,58.8,38.0
2025-08-26T17:13:51.322,376.76236605644226,30.0,48.4,31.8,0,255,BAKE,58.8,38.0,58.8,38.0
2025-08-26T17:13:51.497,376.93734407424927,30.0,48.2,31.8,0,255,BAKE,58.5,38.0,58.5,38.0
2025-08-26T17:13:51.791,377.2311820983887,30.0,48.4,31.8,0,255,BAKE,58.8,38.0,58.8,38.0
2025-08-26T17:13:52.022,377.4625289440155,30.0,48.1,31.8,0,255,BAKE,58.2,38.0,58.2,38.0
2025-08-26T17:13:52.257,377.69714093208313,30.0,48.2,31.7,0,255,BAKE,58.5,38.0,58.5,38.0
2025-08-26T17:13:52.551,377.9918429851532,30.0,47.9,31.8,0,255,BAKE,58.0,37.8,58.0,37.8
2025-08-26T17:13:52.787,378.22733092308044,30.0,48.0,31.8,0,255,BAKE,58.0,38.0,58.0,38.0
2025-08-26T17:13:53.023,378.46298003196716,30.0,47.9,31.8,0,255,BAKE,58.0,37.8,58.0,37.8
2025-08-26T17:13:53.253,378.69309091567993,30.0,48.0,31.8,0,255,BAKE,58.0,38.0,58.0,38.0
2025-08-26T17:13:53.540,378.9804849624634,30.0,47.6,31.7,0,255,BAKE,57.8,37.5,57.8,37.5
2025-08-26T17:13:53.779,379.21933913230896,30.0,47.8,31.7,0,255,BAKE,57.8,37.8,57.8,37.8
2025-08-26T17:13:54.075,379.5159270763397,30.0,47.9,31.8,0,255,BAKE,58.0,37.8,58.0,37.8
2025-08-26T17:13:54.248,379.68884897232056,30.0,47.8,31.8,0,255,BAKE,57.8,37.8,57.8,37.8
2025-08-26T17:13:54.545,379.9856140613556,30.0,47.6,31.8,0,255,BAKE,57.8,37.5,57.8,37.5
2025-08-26T17:13:54.784,380.2245819568634,30.0,47.5,31.7,0,255,BAKE,57.5,37.5,57.5,37.5
2025-08-26T17:13:55.023,380.46362805366516,30.0,47.5,31.7,0,255,BAKE,57.5,37.5,57.5,37.5
2025-08-26T17:13:55.260,380.70069694519043,30.0,47.4,31.7,0,255,BAKE,57.2,37.5,57.2,37.5
2025-08-26T17:13:55.736,381.1760621070862,30.0,47.6,31.8,0,255,BAKE,57.5,37.8,57.5,37.8
2025-08-26T17:13:55.897,381.337660074234,30.0,47.4,31.7,0,255,BAKE,57.2,37.5,57.2,37.5
2025-08-26T17:13:56.035,381.47527599334717,30.0,47.5,31.7,0,255,BAKE,57.5,37.5,57.5,37.5
2025-08-26T17:13:56.269,381.7098650932312,30.0,47.4,31.7,0,255,BAKE,57.5,37.2,57.5,37.2
2025-08-26T17:13:56.504,381.94414591789246,30.0,47.4,31.7,0,255,BAKE,57.2,37.5,57.2,37.5
2025-08-26T17:13:56.792,382.23280096054077,30.0,47.1,31.7,0,255,BAKE,57.0,37.2,57.0,37.2
2025-08-26T17:13:57.025,382.46506905555725,30.0,47.4,31.7,0,255,BAKE,57.2,37.5,57.2,37.5
2025-08-26T17:13:57.257,382.6970100402832,30.0,47.2,31.7,0,255,BAKE,57.0,37.5,57.0,37.5
2025-08-26T17:13:57.493,382.93377113342285,30.0,47.1,31.7,0,255,BAKE,57.0,37.2,57.0,37.2
2025-08-26T17:13:57.783,383.22357296943665,30.0,47.2,31.7,0,255,BAKE,57.2,37.2,57.2,37.2
2025-08-26T17:13:58.020,383.46031498908997,30.0,47.2,31.8,0,255,BAKE,57.2,37.2,57.2,37.2
2025-08-26T17:13:58.321,383.76112508773804,30.0,47.2,31.7,0,255,BAKE,57.2,37.2,57.2,37.2
2025-08-26T17:13:58.492,383.93289494514465,30.0,47.4,31.7,0,255,BAKE,57.2,37.5,57.2,37.5
2025-08-26T17:13:58.781,384.22110390663147,30.0,47.2,31.8,0,255,BAKE,57.2,37.2,57.2,37.2
2025-08-26T17:13:59.017,384.45720410346985,30.0,47.2,31.7,0,255,BAKE,57.0,37.5,57.0,37.5
2025-08-26T17:13:59.250,384.69068813323975,30.0,47.0,31.8,0,255,BAKE,57.0,37.0,57.0,37.0
2025-08-26T17:13:59.544,384.9841990470886,30.0,47.0,31.7,0,255,BAKE,56.8,37.2,56.8,37.2
2025-08-26T17:13:59.779,385.2195279598236,30.0,47.1,31.7,0,255,BAKE,56.8,37.5,56.8,37.5
2025-08-26T17:14:00.011,385.45107197761536,30.0,47.2,31.7,0,255,BAKE,57.2,37.2,57.2,37.2
2025-08-26T17:14:00.242,385.68294405937195,30.0,46.9,31.7,0,255,BAKE,56.8,37.0,56.8,37.0
2025-08-26T17:14:00.535,385.9759659767151,30.0,47.0,31.7,0,255,BAKE,56.8,37.2,56.8,37.2
2025-08-26T17:14:00.773,386.2137351036072,30.0,46.9,31.7,0,255,BAKE,57.0,36.8,57.0,36.8
2025-08-26T17:14:01.072,386.5125639438629,30.0,46.9,31.7,0,255,BAKE,56.8,37.0,56.8,37.0
2025-08-26T17:14:01.246,386.6866829395294,30.0,47.0,31.7,0,255,BAKE,57.0,37.0,57.0,37.0
2025-08-26T17:14:01.540,386.9805850982666,30.0,46.6,31.7,0,255,BAKE,56.5,36.8,56.5,36.8
2025-08-26T17:14:01.772,387.2126610279083,30.0,46.9,31.7,0,255,BAKE,56.8,37.0,56.8,37.0
2025-08-26T17:14:02.007,387.4470589160919,30.0,46.8,31.6,0,255,BAKE,56.8,36.8,56.8,36.8
2025-08-26T17:14:02.296,387.73656702041626,30.0,47.0,31.7,0,255,BAKE,56.8,37.2,56.8,37.2
2025-08-26T17:14:02.530,387.9706599712372,30.0,46.9,31.7,0,255,BAKE,56.8,37.0,56.8,37.0
2025-08-26T17:14:02.760,388.2007210254669,30.0,46.9,31.6,0,255,BAKE,56.8,37.0,56.8,37.0
2025-08-26T17:14:02.993,388.43313694000244,30.0,46.8,31.6,0,255,BAKE,56.8,36.8,56.8,36.8
2025-08-26T17:14:03.287,388.7275609970093,30.0,46.5,31.7,0,255,BAKE,56.2,36.8,56.2,36.8
2025-08-26T17:14:03.513,388.95318698883057,30.0,46.5,31.7,0,255,BAKE,56.0,37.0,56.0,37.0
2025-08-26T17:14:03.813,389.25343012809753,30.0,46.5,31.6,0,255,BAKE,56.2,36.8,56.2,36.8
2025-08-26T17:14:03.986,389.42661213874817,30.0,46.2,31.6,0,255,BAKE,55.8,36.8,55.8,36.8
2025-08-26T17:14:04.280,389.71999192237854,30.0,46.4,31.7,0,255,BAKE,55.8,37.0,55.8,37.0
2025-08-26T17:14:04.515,389.9553279876709,30.0,46.1,31.6,0,255,BAKE,55.8,36.5,55.8,36.5
2025-08-26T17:14:04.746,390.1866660118103,30.0,46.2,31.7,0,255,BAKE,55.8,36.8,55.8,36.8
2025-08-26T17:14:05.040,390.4809730052948,30.0,46.0,31.6,0,255,BAKE,55.5,36.5,55.5,36.5
2025-08-26T17:14:05.278,390.7182140350342,30.0,46.1,31.6,0,255,BAKE,55.5,36.8,55.5,36.8
2025-08-26T17:14:05.507,390.9472539424896,30.0,46.0,31.6,0,255,BAKE,55.5,36.5,55.5,36.5
2025-08-26T17:14:05.741,391.18164896965027,30.0,46.1,31.7,0,255,BAKE,55.5,36.8,55.5,36.8
2025-08-26T17:14:06.036,391.4762489795685,30.0,46.0,31.6,0,255,BAKE,55.5,36.5,55.5,36.5
2025-08-26T17:14:06.275,391.7155930995941,30.0,45.9,31.6,0,255,BAKE,55.2,36.5,55.2,36.5
2025-08-26T17:14:06.510,391.950590133667,30.0,45.8,31.6,0,255,BAKE,55.2,36.2,55.2,36.2
2025-08-26T17:14:06.735,392.1758279800415,30.0,45.9,31.6,0,255,BAKE,55.5,36.2,55.5,36.2
2025-08-26T17:14:07.024,392.46409797668457,30.0,46.0,31.6,0,255,BAKE,55.5,36.5,55.5,36.5
2025-08-26T17:14:07.254,392.6944320201874,30.0,46.0,31.6,0,255,BAKE,55.5,36.5,55.5,36.5
2025-08-26T17:14:07.547,392.9870219230652,30.0,45.9,31.6,0,255,BAKE,55.5,36.2,55.5,36.2
2025-08-26T17:14:07.785,393.2259340286255,30.0,45.8,31.6,0,255,BAKE,55.5,36.0,55.5,36.0
2025-08-26T17:14:08.020,393.4609179496765,30.0,46.0,31.6,0,255,BAKE,55.5,36.5,55.5,36.5
2025-08-26T17:14:08.249,393.6894021034241,30.0,45.8,31.6,0,255,BAKE,55.2,36.2,55.2,36.2
2025-08-26T17:14:08.487,393.927649974823,30.0,45.8,31.6,0,255,BAKE,55.2,36.2,55.2,36.2
2025-08-26T17:14:08.779,394.219074010849,30.0,45.8,31.6,0,255,BAKE,55.5,36.0,55.5,36.0
2025-08-26T17:14:09.015,394.45595502853394,30.0,45.8,31.6,0,255,BAKE,55.2,36.2,55.2,36.2
2025-08-26T17:14:09.251,394.69110798835754,30.0,45.8,31.6,0,255,BAKE,55.2,36.2,55.2,36.2
2025-08-26T17:14:09.538,394.9787669181824,30.0,45.6,31.6,0,255,BAKE,55.0,36.2,55.0,36.2
2025-08-26T17:14:09.764,395.20402812957764,30.0,45.4,31.6,0,255,BAKE,54.5,36.2,54.5,36.2
2025-08-26T17:14:10.001,395.4413459300995,30.0,45.2,31.6,0,255,BAKE,54.5,36.0,54.5,36.0
2025-08-26T17:14:10.290,395.73022508621216,30.0,45.2,31.6,0,255,BAKE,54.5,36.0,54.5,36.0
2025-08-26T17:14:10.522,395.9626190662384,30.0,45.0,31.6,0,255,BAKE,54.2,35.8,54.2,35.8
2025-08-26T17:14:10.756,396.1965980529785,30.0,45.1,31.6,0,255,BAKE,54.2,36.0,54.2,36.0
2025-08-26T17:14:11.046,396.48648405075073,30.0,45.0,31.5,0,255,BAKE,54.0,36.0,54.0,36.0
2025-08-26T17:14:11.280,396.72065591812134,30.0,45.0,31.6,0,255,BAKE,54.0,36.0,54.0,36.0
2025-08-26T17:14:11.512,396.9527781009674,30.0,45.0,31.6,0,255,BAKE,54.0,36.0,54.0,36.0
2025-08-26T17:14:11.748,397.18895292282104,30.0,44.8,31.6,0,255,BAKE,53.5,36.0,53.5,36.0
2025-08-26T17:14:12.041,397.4817109107971,30.0,44.6,31.5,0,255,BAKE,53.5,35.8,53.5,35.8
2025-08-26T17:14:12.275,397.7153549194336,30.0,44.2,31.5,0,255,BAKE,53.0,35.5,53.0,35.5
2025-08-26T17:14:12.503,397.9438269138336,30.0,44.5,31.5,0,255,BAKE,53.0,36.0,53.0,36.0
2025-08-26T17:14:12.738,398.17800402641296,30.0,44.5,31.6,0,255,BAKE,53.0,36.0,53.0,36.0
2025-08-26T17:14:13.021,398.4613959789276,30.0,44.2,31.6,0,255,BAKE,53.0,35.5,53.0,35.5
2025-08-26T17:14:13.254,398.69425201416016,30.0,44.4,31.5,0,255,BAKE,53.0,35.8,53.0,35.8
2025-08-26T17:14:13.546,398.9863750934601,30.0,44.6,31.5,0,255,BAKE,53.2,36.0,53.2,36.0
2025-08-26T17:14:13.778,399.2188169956207,30.0,44.5,31.5,0,255,BAKE,53.2,35.8,53.2,35.8
2025-08-26T17:14:14.013,399.45298314094543,30.0,44.5,31.6,0,255,BAKE,53.2,35.8,53.2,35.8
2025-08-26T17:14:14.249,399.68965697288513,30.0,44.5,31.6,0,255,BAKE,53.2,35.8,53.2,35.8
2025-08-26T17:14:14.541,399.9813210964203,30.0,44.4,31.6,0,255,BAKE,53.2,35.5,53.2,35.5
2025-08-26T17:14:14.779,400.2191939353943,30.0,44.4,31.5,0,255,BAKE,53.0,35.8,53.0,35.8
2025-08-26T17:14:15.015,400.45594096183777,30.0,44.4,31.5,0,255,BAKE,53.0,35.8,53.0,35.8
2025-08-26T17:14:15.246,400.6863179206848,30.0,44.4,31.6,0,255,BAKE,53.0,35.8,53.0,35.8
2025-08-26T17:14:15.540,400.9809670448303,30.0,44.2,31.5,0,255,BAKE,53.0,35.5,53.0,35.5
2025-08-26T17:14:15.779,401.2193880081177,30.0,44.4,31.5,0,255,BAKE,53.0,35.8,53.0,35.8
2025-08-26T17:14:16.015,401.4554920196533,30.0,44.1,31.5,0,255,BAKE,52.8,35.5,52.8,35.5
2025-08-26T17:14:16.250,401.69039392471313,30.0,44.4,31.6,0,255,BAKE,53.0,35.8,53.0,35.8
2025-08-26T17:14:16.538,401.9783420562744,30.0,44.0,31.5,0,255,BAKE,52.8,35.2,52.8,35.2
2025-08-26T17:14:16.771,402.2109980583191,30.0,44.1,31.5,0,255,BAKE,53.0,35.2,53.0,35.2
2025-08-26T17:14:17.006,402.4461131095886,30.0,44.2,31.6,0,255,BAKE,53.0,35.5,53.0,35.5
2025-08-26T17:14:17.238,402.67810893058777,30.0,44.4,31.6,0,255,BAKE,53.2,35.5,53.2,35.5
2025-08-26T17:14:17.522,402.96252608299255,30.0,44.2,31.5,0,255,BAKE,53.2,35.2,53.2,35.2
2025-08-26T17:14:17.756,403.1968219280243,30.0,44.1,31.6,0,255,BAKE,52.8,35.5,52.8,35.5
2025-08-26T17:14:18.041,403.4819459915161,30.0,44.0,31.5,0,255,BAKE,52.5,35.5,52.5,35.5
2025-08-26T17:14:18.272,403.71266198158264,30.0,44.0,31.5,0,255,BAKE,52.8,35.2,52.8,35.2
2025-08-26T17:14:18.507,403.94769406318665,30.0,43.9,31.5,0,255,BAKE,52.5,35.2,52.5,35.2
2025-08-26T17:14:18.795,404.2354860305786,30.0,43.9,31.5,0,255,BAKE,52.5,35.2,52.5,35.2
2025-08-26T17:14:19.035,404.4751000404358,30.0,44.1,31.5,0,255,BAKE,52.8,35.5,52.8,35.5
2025-08-26T17:14:19.324,404.76478910446167,30.0,43.9,31.5,0,255,BAKE,52.5,35.2,52.5,35.2
2025-08-26T17:14:19.500,404.9408049583435,30.0,43.9,31.6,0,255,BAKE,52.2,35.5,52.2,35.5
2025-08-26T17:14:19.789,405.229779958725,30.0,43.9,31.5,0,255,BAKE,52.2,35.5,52.2,35.5
2025-08-26T17:14:20.028,405.4682800769806,30.0,43.8,31.6,0,255,BAKE,52.0,35.5,52.0,35.5
2025-08-26T17:14:20.265,405.7054281234741,30.0,43.6,31.5,0,255,BAKE,52.2,35.0,52.2,35.0
2025-08-26T17:14:20.560,406.00070095062256,30.0,43.8,31.6,0,255,BAKE,52.0,35.5,52.0,35.5
2025-08-26T17:14:20.729,406.16913890838623,30.0,43.6,31.5,0,255,BAKE,52.0,35.2,52.0,35.2
2025-08-26T17:14:21.017,406.45700097084045,30.0,43.5,31.5,0,255,BAKE,51.8,35.2,51.8,35.2
2025-08-26T17:14:21.253,406.6934440135956,30.0,43.5,31.5,0,255,BAKE,52.0,35.0,52.0,35.0
2025-08-26T17:14:21.487,406.9277980327606,30.0,43.6,31.5,0,255,BAKE,52.0,35.2,52.0,35.2
2025-08-26T17:14:21.776,407.21653008461,30.0,43.6,31.5,0,255,BAKE,52.0,35.2,52.0,35.2
2025-08-26T17:14:22.015,407.4557011127472,30.0,43.5,31.5,0,255,BAKE,52.0,35.0,52.0,35.0
2025-08-26T17:14:22.243,407.6833510398865,30.0,43.4,31.5,0,255,BAKE,51.8,35.0,51.8,35.0
2025-08-26T17:14:22.537,407.9774670600891,30.0,43.5,31.5,0,255,BAKE,51.8,35.2,51.8,35.2
2025-08-26T17:14:22.770,408.2101969718933,30.0,43.2,31.5,0,255,BAKE,51.5,35.0,51.5,35.0
2025-08-26T17:14:23.004,408.4447259902954,30.0,43.2,31.5,0,255,BAKE,51.5,35.0,51.5,35.0
2025-08-26T17:14:23.242,408.6823799610138,30.0,43.1,31.5,0,255,BAKE,51.2,35.0,51.2,35.0
2025-08-26T17:14:23.531,408.9718680381775,30.0,43.2,31.5,0,255,BAKE,51.5,35.0,51.5,35.0
2025-08-26T17:14:23.763,409.2031440734863,30.0,43.2,31.5,0,255,BAKE,51.5,35.0,51.5,35.0
2025-08-26T17:14:24.000,409.44008708000183,30.0,43.2,31.5,0,255,BAKE,51.8,34.8,51.8,34.8
2025-08-26T17:14:24.294,409.7344069480896,30.0,43.2,31.5,0,255,BAKE,51.5,35.0,51.5,35.0
2025-08-26T17:14:24.532,409.9723119735718,30.0,43.1,31.5,0,255,BAKE,51.5,34.8,51.5,34.8
2025-08-26T17:14:24.540,409.98067593574524,30.0,43.0,31.5,0,255,BAKE,51.2,34.8,51.2,34.8
