timestamp_iso,t_sec,set_c,actual_c,coldj_c,heat,fan,mode,temp0_c,temp1_c,temp2_c,temp3_c
2025-08-26T19:59:02.057,126.87788105010986,101.0,108.8,38.3,0,0,BAKE,106.8,110.8,106.8,110.8
2025-08-26T19:59:02.289,127.1097400188446,101.0,108.5,38.4,0,0,BAKE,106.2,110.8,106.2,110.8
2025-08-26T19:59:02.526,127.34643006324768,101.0,108.6,38.4,0,0,BAKE,106.5,110.8,106.5,110.8
2025-08-26T19:59:02.819,127.64022612571716,101.0,108.2,38.4,0,0,BAKE,106.0,110.5,106.0,110.5
2025-08-26T19:59:03.055,127.87562704086304,101.0,108.5,38.4,0,0,BAKE,106.5,110.5,106.5,110.5
2025-08-26T19:59:03.293,128.11363911628723,101.0,108.4,38.4,0,0,BAKE,106.2,110.5,106.2,110.5
2025-08-26T19:59:03.526,128.34679317474365,101.0,108.4,38.3,0,0,BAKE,106.2,110.5,106.2,110.5
2025-08-26T19:59:03.760,128.58051204681396,101.0,108.2,38.3,0,0,BAKE,106.2,110.2,106.2,110.2
2025-08-26T19:59:04.054,128.87442016601562,101.0,108.2,38.4,0,0,BAKE,106.5,110.0,106.5,110.0
2025-08-26T19:59:04.344,129.16522121429443,101.0,108.2,38.4,0,0,BAKE,106.2,110.2,106.2,110.2
2025-08-26T19:59:04.519,129.3400800228119,101.0,108.2,38.3,0,0,BAKE,106.5,110.0,106.5,110.0
2025-08-26T19:59:04.815,129.63603806495667,101.0,108.0,38.4,0,0,BAKE,106.0,110.0,106.0,110.0
2025-08-26T19:59:05.055,129.87562608718872,101.0,108.0,38.3,0,0,BAKE,106.0,110.0,106.0,110.0
2025-08-26T19:59:05.292,130.11234712600708,101.0,108.0,38.3,0,0,BAKE,106.2,109.8,106.2,109.8
2025-08-26T19:59:05.299,130.11977100372314,101.0,107.9,38.3,0,0,BAKE,105.8,110.0,105.8,110.0
2025-08-26T19:59:05.303,130.12394213676453,,107.9,38.3,,,PASSIVE,105.8,110.0,,
2025-08-26T19:59:05.810,130.63109302520752,101.0,107.8,38.3,0,0,BAKE,105.8,109.8,105.8,109.8
2025-08-26T19:59:06.043,130.86429905891418,101.0,108.0,38.4,0,0,BAKE,106.2,109.8,106.2,109.8
2025-08-26T19:59:06.274,131.09473419189453,101.0,107.9,38.4,0,0,BAKE,106.0,109.8,106.0,109.8
2025-08-26T19:59:06.510,131.33078908920288,101.0,107.9,38.3,0,0,BAKE,106.0,109.8,106.0,109.8
2025-08-26T19:59:06.798,131.61926221847534,101.0,107.6,38.3,0,0,BAKE,105.8,109.5,105.8,109.5
2025-08-26T19:59:07.034,131.8551230430603,101.0,107.9,38.4,0,0,BAKE,106.0,109.8,106.0,109.8
2025-08-26T19:59:07.264,132.0844190120697,101.0,107.5,38.3,0,0,BAKE,105.5,109.5,105.5,109.5
2025-08-26T19:59:07.558,132.37902307510376,101.0,107.8,38.3,0,0,BAKE,105.8,109.8,105.8,109.8
2025-08-26T19:59:07.794,132.61523604393005,101.0,107.5,38.4,0,0,BAKE,105.5,109.5,105.5,109.5
2025-08-26T19:59:08.028,132.84859108924866,101.0,107.6,38.4,0,0,BAKE,105.8,109.5,105.8,109.5
2025-08-26T19:59:08.320,133.1411430835724,101.0,107.5,38.3,0,0,BAKE,105.5,109.5,105.5,109.5
2025-08-26T19:59:08.551,133.37213921546936,101.0,107.5,38.4,0,0,BAKE,105.8,109.2,105.8,109.2
2025-08-26T19:59:08.784,133.60435009002686,101.0,107.6,38.4,0,0,BAKE,105.8,109.5,105.8,109.5
2025-08-26T19:59:09.020,133.84106516838074,101.0,107.4,38.3,0,0,BAKE,105.5,109.2,105.5,109.2
2025-08-26T19:59:09.309,134.12958812713623,101.0,107.4,38.4,0,0,BAKE,105.5,109.2,105.5,109.2
2025-08-26T19:59:09.541,134.3615710735321,101.0,107.2,38.3,0,0,BAKE,105.5,109.0,105.5,109.0
2025-08-26T19:59:09.839,134.66002821922302,101.0,107.0,38.3,0,0,BAKE,105.0,109.0,105.0,109.0
2025-08-26T19:59:10.015,134.8358452320099,101.0,107.1,38.4,0,0,BAKE,105.5,108.8,105.5,108.8
2025-08-26T19:59:10.307,135.12786316871643,101.0,106.9,38.3,0,0,BAKE,104.8,109.0,104.8,109.0
2025-08-26T19:59:10.545,135.3660089969635,101.0,107.0,38.4,0,0,BAKE,105.2,108.8,105.2,108.8
2025-08-26T19:59:10.775,135.59551906585693,101.0,107.1,38.3,0,0,BAKE,105.5,108.8,105.5,108.8
2025-08-26T19:59:11.010,135.83040618896484,101.0,107.0,38.4,0,0,BAKE,105.5,108.5,105.5,108.5
2025-08-26T19:59:11.296,136.11675715446472,101.0,106.9,38.3,0,0,BAKE,105.2,108.5,105.2,108.5
2025-08-26T19:59:11.525,136.3462951183319,101.0,106.8,38.4,0,0,BAKE,105.0,108.5,105.0,108.5
2025-08-26T19:59:11.815,136.6357262134552,101.0,106.8,38.4,0,0,BAKE,105.2,108.2,105.2,108.2
2025-08-26T19:59:12.054,136.87491011619568,101.0,106.9,38.3,0,0,BAKE,105.2,108.5,105.2,108.5
2025-08-26T19:59:12.287,137.10744309425354,101.0,106.8,38.3,0,0,BAKE,105.0,108.5,105.0,108.5
2025-08-26T19:59:12.518,137.33896803855896,101.0,106.8,38.4,0,0,BAKE,105.2,108.2,105.2,108.2
2025-08-26T19:59:12.809,137.63023614883423,101.0,106.4,38.3,0,0,BAKE,104.5,108.2,104.5,108.2
2025-08-26T19:59:13.043,137.8634090423584,101.0,106.6,38.4,0,0,BAKE,105.0,108.2,105.0,108.2
2025-08-26T19:59:13.276,138.09675121307373,101.0,106.6,38.4,0,0,BAKE,105.0,108.2,105.0,108.2
2025-08-26T19:59:13.509,138.32997012138367,101.0,106.5,38.3,0,0,BAKE,104.8,108.2,104.8,108.2
2025-08-26T19:59:13.803,138.62358903884888,101.0,106.2,38.3,0,0,BAKE,104.5,108.0,104.5,108.0
2025-08-26T19:59:14.040,138.86066818237305,101.0,106.5,38.3,0,0,BAKE,104.8,108.2,104.8,108.2
2025-08-26T19:59:14.270,139.09044122695923,101.0,106.2,38.3,0,0,BAKE,104.5,108.0,104.5,108.0
2025-08-26T19:59:14.560,139.38037419319153,101.0,106.1,38.3,0,0,BAKE,104.2,108.0,104.2,108.0
2025-08-26T19:59:14.792,139.61309123039246,101.0,106.0,38.3,0,0,BAKE,104.2,107.8,104.2,107.8
2025-08-26T19:59:15.027,139.84817123413086,101.0,106.2,38.4,0,0,BAKE,104.8,107.8,104.8,107.8
2025-08-26T19:59:15.321,140.14179611206055,101.0,106.0,38.3,0,0,BAKE,104.5,107.5,104.5,107.5
2025-08-26T19:59:15.330,140.15074515342712,101.0,106.0,38.3,0,0,BAKE,104.2,107.8,104.2,107.8
2025-08-26T19:59:15.356,140.1770510673523,,106.0,38.3,,,PASSIVE,104.2,107.8,,
2025-08-26T19:59:15.804,140.62449312210083,101.0,105.8,38.3,0,0,BAKE,104.0,107.5,104.0,107.5
2025-08-26T19:59:16.042,140.86244106292725,101.0,106.0,38.4,0,0,BAKE,104.5,107.5,104.5,107.5
2025-08-26T19:59:16.275,141.09543418884277,101.0,105.5,38.3,0,0,BAKE,103.8,107.2,103.8,107.2
2025-08-26T19:59:16.561,141.38179922103882,101.0,105.9,38.3,0,0,BAKE,104.2,107.5,104.2,107.5
2025-08-26T19:59:16.795,141.61604499816895,101.0,105.8,38.4,0,0,BAKE,104.2,107.2,104.2,107.2
2025-08-26T19:59:17.033,141.85377311706543,101.0,105.2,38.3,0,0,BAKE,103.5,107.0,103.5,107.0
2025-08-26T19:59:17.262,142.08285522460938,101.0,105.2,38.3,0,0,BAKE,103.5,107.0,103.5,107.0
2025-08-26T19:59:17.548,142.3689501285553,101.0,105.1,38.3,0,0,BAKE,103.2,107.0,103.2,107.0
2025-08-26T19:59:17.782,142.60325503349304,101.0,105.0,38.3,0,8,BAKE,103.2,106.8,103.2,106.8
2025-08-26T19:59:18.019,142.83998918533325,101.0,105.4,38.4,0,0,BAKE,104.0,106.8,104.0,106.8
2025-08-26T19:59:18.309,143.12960004806519,101.0,105.0,38.3,0,8,BAKE,103.2,106.8,103.2,106.8
2025-08-26T19:59:18.544,143.36512207984924,101.0,105.2,38.4,0,0,BAKE,103.8,106.8,103.8,106.8
2025-08-26T19:59:18.780,143.60047602653503,101.0,104.9,38.3,0,8,BAKE,103.0,106.8,103.0,106.8
2025-08-26T19:59:19.016,143.83643507957458,101.0,104.9,38.4,0,8,BAKE,103.0,106.8,103.0,106.8
2025-08-26T19:59:19.304,144.12436604499817,101.0,105.0,38.3,0,8,BAKE,103.5,106.5,103.5,106.5
2025-08-26T19:59:19.538,144.35917615890503,101.0,104.6,38.3,0,8,BAKE,102.8,106.5,102.8,106.5
2025-08-26T19:59:19.839,144.65932202339172,101.0,104.8,38.3,0,8,BAKE,103.0,106.5,103.0,106.5
2025-08-26T19:59:20.010,144.83127307891846,101.0,104.5,38.3,0,8,BAKE,102.8,106.2,102.8,106.2
2025-08-26T19:59:20.301,145.12208104133606,101.0,104.5,38.3,0,8,BAKE,102.8,106.2,102.8,106.2
2025-08-26T19:59:20.537,145.3577651977539,101.0,104.6,38.4,0,8,BAKE,103.0,106.2,103.0,106.2
2025-08-26T19:59:20.773,145.59378910064697,101.0,104.1,38.3,0,8,BAKE,102.2,106.0,102.2,106.0
2025-08-26T19:59:21.070,145.8910732269287,101.0,104.5,38.3,0,8,BAKE,102.8,106.2,102.8,106.2
2025-08-26T19:59:21.309,146.12970113754272,101.0,104.2,38.3,0,8,BAKE,102.5,106.0,102.5,106.0
2025-08-26T19:59:21.544,146.36496305465698,101.0,104.1,38.3,0,8,BAKE,102.2,106.0,102.2,106.0
2025-08-26T19:59:21.779,146.600093126297,102.0,104.1,38.3,0,8,BAKE,102.2,106.0,102.2,106.0
2025-08-26T19:59:22.015,146.83600401878357,102.0,104.1,38.3,0,8,BAKE,102.5,105.8,102.5,105.8
2025-08-26T19:59:22.305,147.12544918060303,103.0,104.2,38.3,0,8,BAKE,102.8,105.8,102.8,105.8
2025-08-26T19:59:22.418,147.23924708366394,104.0,104.0,38.3,0,8,BAKE,102.2,105.8,102.2,105.8
2025-08-26T19:59:22.762,147.5823380947113,105.0,103.8,38.3,0,8,BAKE,102.0,105.5,102.0,105.5
2025-08-26T19:59:23.054,147.8744351863861,106.0,103.9,38.3,0,8,BAKE,102.2,105.5,102.2,105.5
2025-08-26T19:59:23.292,148.11240410804749,107.0,104.0,38.3,0,8,BAKE,102.2,105.8,102.2,105.8
2025-08-26T19:59:23.401,148.22215700149536,108.0,103.8,38.3,0,8,BAKE,102.0,105.5,102.0,105.5
2025-08-26T19:59:23.803,148.623841047287,109.0,103.8,38.3,99,8,BAKE,102.0,105.5,102.0,105.5
2025-08-26T19:59:24.042,148.86239004135132,109.0,103.5,38.3,144,8,BAKE,101.8,105.2,101.8,105.2
2025-08-26T19:59:24.273,149.09381222724915,109.0,103.5,38.3,104,8,BAKE,101.8,105.2,101.8,105.2
2025-08-26T19:59:24.506,149.32641005516052,111.0,103.5,38.3,142,8,BAKE,101.8,105.2,101.8,105.2
2025-08-26T19:59:24.797,149.61796307563782,114.0,103.6,38.3,177,8,BAKE,102.0,105.2,102.0,105.2
2025-08-26T19:59:24.910,149.73075914382935,122.0,103.5,38.3,255,8,BAKE,102.0,105.0,102.0,105.0
2025-08-26T19:59:25.203,150.02342700958252,130.0,103.4,38.3,255,8,BAKE,101.8,105.0,101.8,105.0
2025-08-26T19:59:25.211,150.03215622901917,,103.4,38.3,,,PASSIVE,101.8,105.0,,
2025-08-26T19:59:25.363,150.18424320220947,140.0,103.2,38.3,255,8,BAKE,101.5,105.0,101.5,105.0
2025-08-26T19:59:25.772,150.5932240486145,152.0,103.4,38.3,255,8,BAKE,101.8,105.0,101.8,105.0
2025-08-26T19:59:26.073,150.8941731452942,153.0,103.2,38.3,255,8,BAKE,101.5,105.0,101.5,105.0
2025-08-26T19:59:26.306,151.12714505195618,153.0,103.2,38.3,255,8,BAKE,101.5,105.0,101.5,105.0
2025-08-26T19:59:26.539,151.35947513580322,153.0,103.4,38.3,255,8,BAKE,101.8,105.0,101.8,105.0
2025-08-26T19:59:26.773,151.59417915344238,153.0,103.1,38.3,255,8,BAKE,101.5,104.8,101.5,104.8
2025-08-26T19:59:27.007,151.8282651901245,152.0,103.1,38.3,255,8,BAKE,101.5,104.8,101.5,104.8
2025-08-26T19:59:27.062,151.88305616378784,152.0,103.2,38.3,255,8,BAKE,101.5,105.0,101.5,105.0
2025-08-26T19:59:27.541,152.36169004440308,151.0,103.1,38.3,255,8,BAKE,101.5,104.8,101.5,104.8
2025-08-26T19:59:27.771,152.591726064682,150.0,103.2,38.3,255,8,BAKE,101.5,105.0,101.5,105.0
2025-08-26T19:59:28.007,152.82795000076294,150.0,103.0,38.3,255,8,BAKE,101.2,104.8,101.2,104.8
2025-08-26T19:59:28.296,153.1171112060547,150.0,103.2,38.3,255,8,BAKE,101.5,105.0,101.5,105.0
2025-08-26T19:59:28.532,153.3526360988617,150.0,103.1,38.3,255,8,BAKE,101.5,104.8,101.5,104.8
2025-08-26T19:59:28.766,153.58660101890564,150.0,103.2,38.3,255,8,BAKE,101.8,104.8,101.8,104.8
2025-08-26T19:59:29.057,153.87755823135376,150.0,103.0,38.2,255,8,BAKE,101.2,104.8,101.2,104.8
2025-08-26T19:59:29.295,154.11590003967285,150.0,103.2,38.3,255,8,BAKE,101.5,105.0,101.5,105.0
2025-08-26T19:59:29.527,154.34821319580078,150.0,103.1,38.3,255,8,BAKE,101.2,105.0,101.2,105.0
2025-08-26T19:59:29.761,154.58226609230042,150.0,103.2,38.3,255,8,BAKE,101.5,105.0,101.5,105.0
2025-08-26T19:59:30.056,154.87679314613342,150.0,103.5,38.3,255,8,BAKE,102.0,105.0,102.0,105.0
2025-08-26T19:59:30.292,155.11234307289124,150.0,103.5,38.3,255,8,BAKE,102.0,105.0,102.0,105.0
2025-08-26T19:59:30.524,155.34500408172607,150.0,103.6,38.3,255,8,BAKE,102.0,105.2,102.0,105.2
2025-08-26T19:59:30.812,155.63263201713562,150.0,103.8,38.3,255,8,BAKE,102.2,105.2,102.2,105.2
2025-08-26T19:59:31.051,155.87179517745972,150.0,103.5,38.2,255,8,BAKE,101.8,105.2,101.8,105.2
2025-08-26T19:59:31.288,156.1090190410614,150.0,104.0,38.3,255,8,BAKE,102.2,105.8,102.2,105.8
2025-08-26T19:59:31.520,156.34057807922363,150.0,103.9,38.3,255,8,BAKE,102.2,105.5,102.2,105.5
2025-08-26T19:59:31.805,156.62596011161804,150.0,103.9,38.3,255,8,BAKE,102.0,105.8,102.0,105.8
2025-08-26T19:59:32.044,156.86513304710388,150.0,104.2,38.3,255,8,BAKE,102.5,106.0,102.5,106.0
2025-08-26T19:59:32.281,157.1016001701355,150.0,104.2,38.3,255,8,BAKE,102.5,106.0,102.5,106.0
2025-08-26T19:59:32.511,157.33149409294128,150.0,104.6,38.3,255,8,BAKE,103.0,106.2,103.0,106.2
2025-08-26T19:59:32.800,157.6211211681366,150.0,104.4,38.2,255,8,BAKE,102.5,106.2,102.5,106.2
2025-08-26T19:59:33.036,157.8567020893097,150.0,104.6,38.2,255,8,BAKE,102.8,106.5,102.8,106.5
2025-08-26T19:59:33.337,158.15749502182007,150.0,104.9,38.3,255,8,BAKE,103.2,106.5,103.2,106.5
2025-08-26T19:59:33.390,158.21043419837952,150.0,105.0,38.3,255,8,BAKE,103.0,107.0,103.0,107.0
2025-08-26T19:59:33.792,158.6126492023468,150.0,105.0,38.3,255,8,BAKE,103.2,106.8,103.2,106.8
2025-08-26T19:59:34.027,158.8477430343628,150.0,105.1,38.3,255,8,BAKE,103.2,107.0,103.2,107.0
2025-08-26T19:59:34.265,159.08571910858154,150.0,105.4,38.2,255,8,BAKE,103.5,107.2,103.5,107.2
2025-08-26T19:59:34.553,159.37372303009033,150.0,105.1,38.2,255,8,BAKE,103.2,107.0,103.2,107.0
2025-08-26T19:59:34.784,159.60464000701904,150.0,105.5,38.3,255,8,BAKE,103.5,107.5,103.5,107.5
2025-08-26T19:59:35.021,159.84152913093567,150.0,106.0,38.3,255,8,BAKE,104.2,107.8,104.2,107.8
2025-08-26T19:59:35.313,160.13392210006714,150.0,106.0,38.2,255,8,BAKE,104.0,108.0,104.0,108.0
2025-08-26T19:59:35.345,160.16598916053772,,106.0,38.2,,,PASSIVE,104.0,108.0,,
2025-08-26T19:59:35.556,160.37728905677795,150.0,106.0,38.2,255,8,BAKE,104.0,108.0,104.0,108.0
2025-08-26T19:59:35.789,160.610178232193,150.0,106.4,38.2,255,8,BAKE,104.5,108.2,104.5,108.2
2025-08-26T19:59:36.088,160.9086720943451,150.0,106.8,38.3,255,8,BAKE,105.0,108.5,105.0,108.5
2025-08-26T19:59:36.263,161.08335208892822,150.0,106.6,38.3,255,8,BAKE,104.8,108.5,104.8,108.5
2025-08-26T19:59:36.553,161.37421107292175,150.0,107.0,38.3,255,8,BAKE,105.0,109.0,105.0,109.0
2025-08-26T19:59:36.785,161.60626006126404,150.0,107.2,38.3,255,8,BAKE,105.5,109.0,105.5,109.0
2025-08-26T19:59:37.021,161.8421061038971,150.0,107.4,38.3,255,8,BAKE,105.5,109.2,105.5,109.2
2025-08-26T19:59:37.320,162.14097023010254,150.0,107.5,38.3,255,8,BAKE,105.5,109.5,105.5,109.5
2025-08-26T19:59:37.557,162.37733817100525,150.0,107.9,38.2,255,8,BAKE,105.8,110.0,105.8,110.0
2025-08-26T19:59:37.795,162.61568307876587,150.0,108.0,38.3,255,8,BAKE,106.2,109.8,106.2,109.8
2025-08-26T19:59:38.031,162.85155415534973,150.0,108.0,38.3,255,8,BAKE,106.0,110.0,106.0,110.0
2025-08-26T19:59:38.268,163.08850121498108,150.0,108.4,38.2,255,8,BAKE,106.2,110.5,106.2,110.5
2025-08-26T19:59:38.562,163.38299107551575,150.0,108.9,38.2,255,8,BAKE,107.0,110.8,107.0,110.8
2025-08-26T19:59:38.795,163.61564111709595,150.0,109.0,38.3,255,8,BAKE,106.8,111.2,106.8,111.2
2025-08-26T19:59:39.025,163.845379114151,150.0,109.1,38.2,255,8,BAKE,107.0,111.2,107.0,111.2
2025-08-26T19:59:39.260,164.08102011680603,150.0,109.4,38.3,255,8,BAKE,107.2,111.5,107.2,111.5
2025-08-26T19:59:39.553,164.37345910072327,150.0,109.8,38.2,255,8,BAKE,107.8,111.8,107.8,111.8
2025-08-26T19:59:39.790,164.61119723320007,150.0,110.0,38.2,255,8,BAKE,108.0,112.0,108.0,112.0
2025-08-26T19:59:40.023,164.84359908103943,150.0,110.2,38.2,255,8,BAKE,108.0,112.5,108.0,112.5
2025-08-26T19:59:40.309,165.13023209571838,150.0,110.5,38.2,255,8,BAKE,108.5,112.5,108.5,112.5
2025-08-26T19:59:40.544,165.36505508422852,150.0,110.9,38.2,255,8,BAKE,108.8,113.0,108.8,113.0
2025-08-26T19:59:40.780,165.60089421272278,150.0,111.0,38.2,255,8,BAKE,108.8,113.2,108.8,113.2
2025-08-26T19:59:41.016,165.83699011802673,150.0,111.2,38.3,255,8,BAKE,109.0,113.5,109.0,113.5
2025-08-26T19:59:41.310,166.1308331489563,150.0,111.8,38.2,255,8,BAKE,109.8,113.8,109.8,113.8
2025-08-26T19:59:41.540,166.3605442047119,150.0,112.0,38.2,255,8,BAKE,110.0,114.0,110.0,114.0
2025-08-26T19:59:41.774,166.5946400165558,150.0,112.1,38.3,255,8,BAKE,109.8,114.5,109.8,114.5
2025-08-26T19:59:42.008,166.82917022705078,150.0,112.4,38.2,255,8,BAKE,110.2,114.5,110.2,114.5
2025-08-26T19:59:42.294,167.11489415168762,150.0,112.8,38.3,255,8,BAKE,110.5,115.0,110.5,115.0
2025-08-26T19:59:42.530,167.35094213485718,150.0,113.1,38.2,255,8,BAKE,111.0,115.2,111.0,115.2
2025-08-26T19:59:42.765,167.58600616455078,150.0,113.5,38.2,255,8,BAKE,111.2,115.8,111.2,115.8
2025-08-26T19:59:43.057,167.87774515151978,150.0,113.9,38.3,255,8,BAKE,111.8,116.0,111.8,116.0
2025-08-26T19:59:43.294,168.11495113372803,150.0,114.2,38.2,255,8,BAKE,112.0,116.5,112.0,116.5
2025-08-26T19:59:43.528,168.34872722625732,150.0,114.4,38.2,255,8,BAKE,112.0,116.8,112.0,116.8
2025-08-26T19:59:43.762,168.58326506614685,150.0,114.6,38.2,255,8,BAKE,112.5,116.8,112.5,116.8
2025-08-26T19:59:44.058,168.87896418571472,150.0,115.1,38.2,255,8,BAKE,112.8,117.5,112.8,117.5
2025-08-26T19:59:44.293,169.1141710281372,150.0,115.4,38.2,255,8,BAKE,113.2,117.5,113.2,117.5
2025-08-26T19:59:44.526,169.34649014472961,150.0,115.8,38.2,255,8,BAKE,113.2,118.2,113.2,118.2
2025-08-26T19:59:44.753,169.5741891860962,150.0,116.0,38.3,255,8,BAKE,113.8,118.2,113.8,118.2
2025-08-26T19:59:45.043,169.86381006240845,150.0,116.4,38.3,255,8,BAKE,114.0,118.8,114.0,118.8
2025-08-26T19:59:45.276,170.09676122665405,150.0,116.8,38.2,255,8,BAKE,114.5,119.0,114.5,119.0
2025-08-26T19:59:45.284,170.10529208183289,150.0,117.1,38.3,255,8,BAKE,114.8,119.5,114.8,119.5
2025-08-26T19:59:45.334,170.15506219863892,,117.15,38.3,,,PASSIVE,114.8,119.5,,
2025-08-26T19:59:45.789,170.60932517051697,150.0,117.5,38.3,255,8,BAKE,115.2,119.8,115.2,119.8
2025-08-26T19:59:46.017,170.83769512176514,150.0,117.8,38.2,255,8,BAKE,115.5,120.0,115.5,120.0
2025-08-26T19:59:46.254,171.07514905929565,150.0,118.2,38.2,255,8,BAKE,115.8,120.8,115.8,120.8
2025-08-26T19:59:46.544,171.3648760318756,150.0,118.5,38.2,255,8,BAKE,116.0,121.0,116.0,121.0
2025-08-26T19:59:46.779,171.59934210777283,150.0,118.9,38.3,255,8,BAKE,116.5,121.2,116.5,121.2
2025-08-26T19:59:47.013,171.83383107185364,150.0,119.4,38.2,255,8,BAKE,117.0,121.8,117.0,121.8
2025-08-26T19:59:47.303,172.12430810928345,150.0,119.6,38.2,255,8,BAKE,117.2,122.0,117.2,122.0
2025-08-26T19:59:47.538,172.3590190410614,150.0,120.2,38.2,255,8,BAKE,117.8,122.8,117.8,122.8
2025-08-26T19:59:47.770,172.5910520553589,150.0,120.2,38.3,255,8,BAKE,117.8,122.8,117.8,122.8
2025-08-26T19:59:48.005,172.82593607902527,150.0,120.8,38.2,255,8,BAKE,118.5,123.0,118.5,123.0
2025-08-26T19:59:48.299,173.11996912956238,150.0,121.1,38.3,255,8,BAKE,118.8,123.5,118.8,123.5
2025-08-26T19:59:48.536,173.3569312095642,150.0,121.6,38.3,255,8,BAKE,119.2,124.0,119.2,124.0
2025-08-26T19:59:48.767,173.5876181125641,150.0,122.1,38.3,255,8,BAKE,119.8,124.5,119.8,124.5
2025-08-26T19:59:49.061,173.88142800331116,150.0,122.1,38.3,255,8,BAKE,119.8,124.5,119.8,124.5
2025-08-26T19:59:49.296,174.11717009544373,150.0,122.8,38.2,255,8,BAKE,120.2,125.2,120.2,125.2
2025-08-26T19:59:49.528,174.34864211082458,150.0,123.0,38.3,255,8,BAKE,120.8,125.2,120.8,125.2
2025-08-26T19:59:49.763,174.58374214172363,150.0,123.6,38.3,255,8,BAKE,121.2,126.0,121.2,126.0
2025-08-26T19:59:50.049,174.86940717697144,150.0,123.9,38.2,255,8,BAKE,121.5,126.2,121.5,126.2
2025-08-26T19:59:50.287,175.1075839996338,150.0,124.2,38.3,255,8,BAKE,122.0,126.5,122.0,126.5
2025-08-26T19:59:50.519,175.34006905555725,150.0,124.8,38.2,255,8,BAKE,122.2,127.2,122.2,127.2
2025-08-26T19:59:50.812,175.6327760219574,150.0,125.0,38.2,255,8,BAKE,122.8,127.2,122.8,127.2
2025-08-26T19:59:51.051,175.87180399894714,150.0,125.6,38.2,255,8,BAKE,123.2,128.0,123.2,128.0
2025-08-26T19:59:51.287,176.1075131893158,150.0,125.9,38.2,255,8,BAKE,123.5,128.2,123.5,128.2
2025-08-26T19:59:51.513,176.33424019813538,150.0,126.4,38.3,255,8,BAKE,124.0,128.8,124.0,128.8
2025-08-26T19:59:51.806,176.62720608711243,150.0,126.5,38.3,255,8,BAKE,124.2,128.8,124.2,128.8
2025-08-26T19:59:52.041,176.86141514778137,150.0,127.0,38.2,255,8,BAKE,124.8,129.2,124.8,129.2
2025-08-26T19:59:52.277,177.09745502471924,150.0,127.5,38.2,255,8,BAKE,125.2,129.8,125.2,129.8
2025-08-26T19:59:52.510,177.3312451839447,150.0,127.9,38.3,255,8,BAKE,125.5,130.2,125.5,130.2
2025-08-26T19:59:52.800,177.62083506584167,150.0,128.4,38.2,255,8,BAKE,125.8,131.0,125.8,131.0
2025-08-26T19:59:53.041,177.86198019981384,150.0,128.8,38.2,255,8,BAKE,126.2,131.2,126.2,131.2
2025-08-26T19:59:53.277,178.0981161594391,150.0,129.0,38.3,255,8,BAKE,126.8,131.2,126.8,131.2
2025-08-26T19:59:53.508,178.32832622528076,150.0,129.4,38.2,255,8,BAKE,127.0,131.8,127.0,131.8
2025-08-26T19:59:53.794,178.6148030757904,150.0,130.0,38.3,255,8,BAKE,127.8,132.2,127.8,132.2
2025-08-26T19:59:54.032,178.85232710838318,150.0,130.4,38.3,255,8,BAKE,128.0,132.8,128.0,132.8
2025-08-26T19:59:54.331,179.151771068573,150.0,130.8,38.2,255,8,BAKE,128.5,133.0,128.5,133.0
2025-08-26T19:59:54.506,179.32642817497253,150.0,131.2,38.2,255,8,BAKE,128.8,133.8,128.8,133.8
2025-08-26T19:59:54.797,179.61759114265442,150.0,131.6,38.2,255,8,BAKE,129.2,134.0,129.2,134.0
2025-08-26T19:59:55.031,179.8518521785736,150.0,132.1,38.3,255,8,BAKE,129.5,134.8,129.5,134.8
2025-08-26T19:59:55.267,180.0878381729126,150.0,132.5,38.3,255,8,BAKE,130.0,135.0,130.0,135.0
2025-08-26T19:59:55.275,180.0957431793213,150.0,133.0,38.2,255,8,BAKE,130.5,135.5,130.5,135.5
2025-08-26T19:59:55.322,180.14286708831787,,133.0,38.2,,,PASSIVE,130.5,135.5,,
2025-08-26T19:59:55.800,180.6210160255432,150.0,133.4,38.2,255,8,BAKE,131.0,135.8,131.0,135.8
2025-08-26T19:59:56.035,180.85571217536926,150.0,133.6,38.3,255,8,BAKE,131.0,136.2,131.0,136.2
2025-08-26T19:59:56.266,181.0868091583252,150.0,134.1,38.3,235,8,BAKE,131.8,136.5,131.8,136.5
2025-08-26T19:59:56.560,181.38125205039978,150.0,134.6,38.3,225,8,BAKE,132.0,137.2,132.0,137.2
2025-08-26T19:59:56.794,181.61488699913025,150.0,135.0,38.2,238,8,BAKE,132.5,137.5,132.5,137.5
2025-08-26T19:59:57.030,181.85096216201782,150.0,135.5,38.3,209,8,BAKE,133.0,138.0,133.0,138.0
2025-08-26T19:59:57.260,182.08080911636353,150.0,135.9,38.2,222,8,BAKE,133.2,138.5,133.2,138.5
2025-08-26T19:59:57.553,182.37414717674255,150.0,136.4,38.2,192,8,BAKE,133.8,139.0,133.8,139.0
2025-08-26T19:59:57.791,182.61151003837585,150.0,136.6,38.2,228,8,BAKE,134.0,139.2,134.0,139.2
2025-08-26T19:59:58.022,182.84279322624207,150.0,137.0,38.3,201,8,BAKE,134.5,139.5,134.5,139.5
2025-08-26T19:59:58.323,183.14379000663757,150.0,137.4,38.2,193,8,BAKE,134.5,140.2,134.5,140.2
2025-08-26T19:59:58.552,183.37266302108765,150.0,138.1,38.3,119,8,BAKE,135.5,140.8,135.5,140.8
2025-08-26T19:59:58.788,183.60851001739502,150.0,138.1,38.2,239,8,BAKE,135.5,140.8,135.5,140.8
2025-08-26T19:59:59.020,183.84035921096802,150.0,138.6,38.3,150,8,BAKE,136.0,141.2,136.0,141.2
2025-08-26T19:59:59.254,184.07501912117004,150.0,139.1,38.3,140,8,BAKE,136.5,141.8,136.5,141.8
2025-08-26T19:59:59.544,184.3649082183838,150.0,139.4,38.2,176,8,BAKE,136.5,142.2,136.5,142.2
2025-08-26T19:59:59.836,184.65709710121155,150.0,140.0,38.2,104,8,BAKE,137.0,143.0,137.0,143.0
2025-08-26T20:00:00.007,184.8275990486145,150.0,140.4,38.2,137,8,BAKE,137.5,143.2,137.5,143.2
2025-08-26T20:00:00.301,185.12227320671082,150.0,140.6,38.3,152,8,BAKE,137.8,143.5,137.8,143.5
2025-08-26T20:00:00.540,185.36085104942322,150.0,140.9,38.3,147,8,BAKE,138.0,143.8,138.0,143.8
2025-08-26T20:00:00.773,185.59356307983398,150.0,141.4,38.3,98,8,BAKE,138.2,144.5,138.2,144.5
2025-08-26T20:00:01.069,185.88933110237122,150.0,141.9,38.2,88,8,BAKE,139.0,144.8,139.0,144.8
2025-08-26T20:00:01.303,186.12418818473816,150.0,142.1,38.2,124,8,BAKE,139.2,145.0,139.2,145.0
2025-08-26T20:00:01.531,186.35199308395386,150.0,142.5,38.2,96,8,BAKE,139.5,145.5,139.5,145.5
2025-08-26T20:00:01.768,186.58891201019287,150.0,142.6,38.3,134,8,BAKE,139.5,145.8,139.5,145.8
2025-08-26T20:00:02.061,186.8818860054016,150.0,143.0,38.2,87,8,BAKE,140.0,146.0,140.0,146.0
2025-08-26T20:00:02.294,187.1148681640625,150.0,143.6,38.3,35,8,BAKE,140.5,146.8,140.5,146.8
2025-08-26T20:00:02.526,187.346342086792,150.0,143.8,38.2,113,8,BAKE,140.8,146.8,140.8,146.8
2025-08-26T20:00:02.754,187.57474422454834,150.0,144.4,38.3,21,8,BAKE,141.2,147.5,141.2,147.5
2025-08-26T20:00:03.048,187.86862707138062,150.0,144.4,38.3,121,8,BAKE,141.2,147.5,141.2,147.5
2025-08-26T20:00:03.284,188.10529708862305,150.0,144.9,38.3,31,8,BAKE,141.8,148.0,141.8,148.0
2025-08-26T20:00:03.519,188.33958411216736,150.0,145.2,38.3,44,8,BAKE,142.0,148.5,142.0,148.5
2025-08-26T20:00:03.820,188.6403272151947,150.0,145.5,38.3,60,8,BAKE,142.2,148.8,142.2,148.8
2025-08-26T20:00:04.049,188.86988711357117,150.0,145.8,38.3,55,8,BAKE,142.5,149.0,142.5,149.0
2025-08-26T20:00:04.287,189.10742807388306,150.0,146.1,38.3,28,8,BAKE,143.0,149.2,143.0,149.2
2025-08-26T20:00:04.521,189.34174418449402,150.0,146.1,38.3,88,8,BAKE,143.0,149.2,143.0,149.2
2025-08-26T20:00:04.819,189.63934206962585,150.0,146.4,38.2,43,8,BAKE,143.0,149.8,143.0,149.8
2025-08-26T20:00:05.053,189.87427020072937,150.0,146.8,38.3,16,8,BAKE,143.5,150.0,143.5,150.0
2025-08-26T20:00:05.289,190.10947513580322,150.0,147.0,38.3,0,8,BAKE,143.8,150.2,143.8,150.2
2025-08-26T20:00:05.321,190.14200711250305,,147.0,38.3,,,PASSIVE,143.8,150.2,,
2025-08-26T20:00:05.531,190.35171103477478,150.0,147.2,38.3,0,8,BAKE,144.0,150.5,144.0,150.5
2025-08-26T20:00:05.766,190.58703422546387,150.0,147.5,38.3,0,8,BAKE,144.2,150.8,144.2,150.8
2025-08-26T20:00:06.003,190.82372403144836,150.0,147.9,38.3,0,8,BAKE,144.5,151.2,144.5,151.2
2025-08-26T20:00:06.298,191.11842012405396,150.0,147.8,38.3,0,8,BAKE,144.5,151.0,144.5,151.0
2025-08-26T20:00:06.534,191.3548002243042,150.0,148.2,38.2,0,8,BAKE,144.8,151.8,144.8,151.8
2025-08-26T20:00:06.824,191.64506816864014,150.0,148.6,38.3,0,8,BAKE,145.2,152.0,145.2,152.0
2025-08-26T20:00:06.996,191.81681609153748,150.0,148.8,38.3,0,8,BAKE,145.5,152.0,145.5,152.0
2025-08-26T20:00:07.290,192.1107201576233,150.0,148.8,38.3,0,8,BAKE,145.5,152.0,145.5,152.0
2025-08-26T20:00:07.523,192.34368801116943,150.0,148.9,38.2,0,8,BAKE,145.5,152.2,145.5,152.2
2025-08-26T20:00:07.757,192.57810616493225,150.0,149.1,38.3,0,8,BAKE,145.8,152.5,145.8,152.5
2025-08-26T20:00:08.051,192.8719642162323,150.0,149.4,38.3,0,8,BAKE,146.0,152.8,146.0,152.8
2025-08-26T20:00:08.352,193.17284417152405,150.0,149.4,38.3,0,8,BAKE,146.0,152.8,146.0,152.8
2025-08-26T20:00:08.527,193.34796714782715,150.0,149.6,38.2,0,8,BAKE,146.2,153.0,146.2,153.0
2025-08-26T20:00:08.762,193.58235120773315,150.0,149.8,38.3,0,8,BAKE,146.5,153.0,146.5,153.0
2025-08-26T20:00:09.052,193.87329602241516,150.0,149.9,38.3,0,8,BAKE,146.5,153.2,146.5,153.2
2025-08-26T20:00:09.292,194.11247611045837,150.0,150.1,38.2,0,8,BAKE,146.8,153.5,146.8,153.5
2025-08-26T20:00:09.524,194.34451723098755,150.0,150.2,38.3,0,8,BAKE,147.0,153.5,147.0,153.5
2025-08-26T20:00:09.752,194.5725769996643,150.0,150.2,38.3,0,8,BAKE,147.0,153.5,147.0,153.5
2025-08-26T20:00:10.046,194.8665850162506,150.0,150.2,38.3,0,8,BAKE,147.0,153.5,147.0,153.5
2025-08-26T20:00:10.282,195.10294008255005,150.0,150.6,38.3,0,8,BAKE,147.2,154.0,147.2,154.0
2025-08-26T20:00:10.519,195.33955717086792,150.0,150.6,38.3,0,8,BAKE,147.5,153.8,147.5,153.8
2025-08-26T20:00:10.813,195.63367319107056,150.0,150.8,38.3,0,8,BAKE,147.5,154.0,147.5,154.0
2025-08-26T20:00:11.047,195.86791014671326,150.0,151.0,38.3,0,8,BAKE,147.8,154.2,147.8,154.2
2025-08-26T20:00:11.286,196.1063539981842,150.0,151.1,38.3,0,8,BAKE,147.8,154.5,147.8,154.5
2025-08-26T20:00:11.518,196.33870911598206,150.0,151.1,38.3,0,8,BAKE,147.8,154.5,147.8,154.5
2025-08-26T20:00:11.811,196.63178610801697,150.0,151.4,38.3,0,8,BAKE,148.0,154.8,148.0,154.8
2025-08-26T20:00:12.050,196.87068009376526,150.0,151.2,38.2,0,8,BAKE,148.0,154.5,148.0,154.5
2025-08-26T20:00:12.286,197.10718512535095,150.0,151.5,38.3,0,8,BAKE,148.2,154.8,148.2,154.8
2025-08-26T20:00:12.522,197.34327507019043,150.0,151.6,38.3,0,8,BAKE,148.2,155.0,148.2,155.0
2025-08-26T20:00:12.750,197.5710232257843,150.0,151.8,38.3,0,8,BAKE,148.5,155.0,148.5,155.0
2025-08-26T20:00:13.044,197.86484813690186,150.0,151.8,38.3,0,8,BAKE,148.5,155.0,148.5,155.0
2025-08-26T20:00:13.281,198.10195803642273,150.0,151.8,38.3,0,8,BAKE,148.5,155.0,148.5,155.0
2025-08-26T20:00:13.517,198.33797121047974,150.0,151.8,38.3,0,8,BAKE,148.5,155.0,148.5,155.0
2025-08-26T20:00:13.808,198.62858414649963,150.0,152.0,38.3,0,8,BAKE,148.8,155.2,148.8,155.2
2025-08-26T20:00:14.047,198.86748218536377,150.0,152.0,38.3,0,8,BAKE,149.0,155.0,149.0,155.0
2025-08-26T20:00:14.285,199.10550713539124,150.0,151.9,38.2,0,8,BAKE,148.8,155.0,148.8,155.0
2025-08-26T20:00:14.518,199.33871006965637,150.0,152.0,38.2,0,8,BAKE,148.8,155.2,148.8,155.2
2025-08-26T20:00:14.753,199.57350516319275,150.0,152.0,38.3,0,8,BAKE,149.0,155.0,149.0,155.0
2025-08-26T20:00:15.046,199.86655712127686,150.0,152.1,38.3,0,8,BAKE,149.0,155.2,149.0,155.2
2025-08-26T20:00:15.280,200.10123300552368,150.0,152.2,38.3,0,8,BAKE,149.0,155.5,149.0,155.5
2025-08-26T20:00:15.335,200.15615320205688,,152.25,38.3,,,PASSIVE,149.0,155.5,,
2025-08-26T20:00:15.509,200.32992219924927,150.0,152.2,38.3,0,8,BAKE,149.0,155.5,149.0,155.5
2025-08-26T20:00:15.808,200.62912917137146,150.0,152.2,38.3,0,8,BAKE,149.2,155.2,149.2,155.2
2025-08-26T20:00:16.042,200.86286807060242,150.0,152.2,38.3,0,8,BAKE,149.2,155.2,149.2,155.2
2025-08-26T20:00:16.279,201.0996241569519,150.0,152.4,38.3,0,8,BAKE,149.2,155.5,149.2,155.5
2025-08-26T20:00:16.575,201.3956561088562,150.0,152.2,38.2,0,8,BAKE,149.2,155.2,149.2,155.2
2025-08-26T20:00:16.811,201.63190603256226,150.0,152.4,38.3,0,8,BAKE,149.5,155.2,149.5,155.2
2025-08-26T20:00:17.050,201.87088012695312,150.0,152.4,38.3,0,8,BAKE,149.5,155.2,149.5,155.2
2025-08-26T20:00:17.288,202.10849404335022,150.0,152.4,38.3,0,8,BAKE,149.5,155.2,149.5,155.2
2025-08-26T20:00:17.521,202.34149503707886,150.0,152.4,38.3,0,8,BAKE,149.5,155.2,149.5,155.2
2025-08-26T20:00:17.757,202.57747602462769,150.0,152.4,38.3,0,8,BAKE,149.5,155.2,149.5,155.2
2025-08-26T20:00:18.045,202.8659040927887,150.0,152.4,38.2,0,8,BAKE,149.5,155.2,149.5,155.2
2025-08-26T20:00:18.283,203.10366702079773,150.0,152.4,38.3,0,8,BAKE,149.8,155.0,149.8,155.0
2025-08-26T20:00:18.518,203.3388431072235,150.0,152.4,38.2,0,8,BAKE,149.5,155.2,149.5,155.2
2025-08-26T20:00:18.813,203.63352417945862,150.0,152.4,38.3,0,8,BAKE,149.5,155.2,149.5,155.2
2025-08-26T20:00:19.052,203.87233209609985,150.0,152.5,38.3,0,8,BAKE,149.8,155.2,149.8,155.2
2025-08-26T20:00:19.286,204.10700821876526,150.0,152.5,38.3,0,8,BAKE,149.8,155.2,149.8,155.2
2025-08-26T20:00:19.522,204.3430461883545,150.0,152.5,38.3,0,8,BAKE,149.8,155.2,149.8,155.2
2025-08-26T20:00:19.750,204.57110023498535,150.0,152.6,38.3,0,8,BAKE,149.8,155.5,149.8,155.5
2025-08-26T20:00:20.044,204.86510705947876,150.0,152.4,38.2,0,8,BAKE,149.5,155.2,149.5,155.2
2025-08-26T20:00:20.281,205.10196018218994,150.0,152.5,38.3,0,8,BAKE,149.8,155.2,149.8,155.2
2025-08-26T20:00:20.518,205.33835101127625,150.0,152.1,38.2,0,8,BAKE,149.5,154.8,149.5,154.8
2025-08-26T20:00:20.818,205.63861107826233,150.0,152.4,38.3,0,8,BAKE,149.5,155.2,149.5,155.2
2025-08-26T20:00:21.054,205.87434315681458,150.0,152.4,38.2,0,8,BAKE,149.8,155.0,149.8,155.0
2025-08-26T20:00:21.293,206.11348009109497,150.0,152.4,38.3,0,8,BAKE,149.8,155.0,149.8,155.0
2025-08-26T20:00:21.530,206.35060119628906,150.0,152.2,38.3,0,8,BAKE,149.8,154.8,149.8,154.8
2025-08-26T20:00:21.766,206.5873031616211,150.0,152.2,38.3,0,8,BAKE,149.8,154.8,149.8,154.8
2025-08-26T20:00:22.064,206.88474202156067,150.0,152.2,38.3,0,8,BAKE,149.8,154.8,149.8,154.8
2025-08-26T20:00:22.300,207.12125515937805,150.0,152.1,38.3,0,8,BAKE,149.5,154.8,149.5,154.8
2025-08-26T20:00:22.534,207.35431504249573,150.0,152.1,38.3,0,8,BAKE,149.8,154.5,149.8,154.5
2025-08-26T20:00:22.768,207.5891032218933,150.0,152.1,38.3,0,8,BAKE,149.8,154.5,149.8,154.5
2025-08-26T20:00:23.001,207.8219211101532,150.0,152.1,38.3,0,8,BAKE,149.8,154.5,149.8,154.5
2025-08-26T20:00:23.295,208.11608600616455,150.0,151.8,38.3,0,8,BAKE,149.5,154.0,149.5,154.0
2025-08-26T20:00:23.533,208.3533980846405,150.0,151.9,38.3,0,8,BAKE,149.8,154.0,149.8,154.0
2025-08-26T20:00:23.762,208.5826292037964,150.0,151.9,38.3,0,8,BAKE,149.8,154.0,149.8,154.0
2025-08-26T20:00:24.052,208.87259221076965,150.0,151.9,38.3,0,8,BAKE,149.8,154.0,149.8,154.0
2025-08-26T20:00:24.290,209.11037921905518,150.0,151.8,38.3,0,8,BAKE,149.8,153.8,149.8,153.8
2025-08-26T20:00:24.526,209.3467960357666,150.0,151.6,38.3,0,8,BAKE,149.8,153.5,149.8,153.5
2025-08-26T20:00:24.756,209.57718706130981,150.0,151.6,38.3,0,8,BAKE,149.8,153.5,149.8,153.5
2025-08-26T20:00:25.039,209.86002612113953,150.0,151.8,38.3,0,8,BAKE,149.8,153.8,149.8,153.8
2025-08-26T20:00:25.270,210.090350151062,150.0,151.6,38.2,0,8,BAKE,149.8,153.5,149.8,153.5
2025-08-26T20:00:25.273,210.0938172340393,150.0,151.5,38.3,0,8,BAKE,149.5,153.5,149.5,153.5
2025-08-26T20:00:25.325,210.145574092865,,151.5,38.3,,,PASSIVE,149.5,153.5,,
2025-08-26T20:00:25.792,210.61232900619507,150.0,151.5,38.3,0,8,BAKE,149.5,153.5,149.5,153.5
2025-08-26T20:00:26.028,210.84897923469543,150.0,151.4,38.2,0,8,BAKE,149.5,153.2,149.5,153.2
2025-08-26T20:00:26.328,211.1491551399231,150.0,151.2,38.3,0,8,BAKE,149.5,153.0,149.5,153.0
2025-08-26T20:00:26.504,211.3244550228119,150.0,151.1,38.3,0,8,BAKE,149.5,152.8,149.5,152.8
2025-08-26T20:00:26.796,211.61709904670715,150.0,151.0,38.3,0,8,BAKE,149.2,152.8,149.2,152.8
2025-08-26T20:00:27.033,211.8536171913147,150.0,151.1,38.3,0,8,BAKE,149.2,153.0,149.2,153.0
2025-08-26T20:00:27.267,212.08788204193115,150.0,151.0,38.3,0,8,BAKE,149.2,152.8,149.2,152.8
2025-08-26T20:00:27.502,212.32252621650696,150.0,150.8,38.2,0,8,BAKE,149.0,152.5,149.0,152.5
2025-08-26T20:00:27.789,212.60934805870056,150.0,150.8,38.3,0,8,BAKE,149.0,152.5,149.0,152.5
2025-08-26T20:00:28.016,212.83656311035156,150.0,150.8,38.3,0,8,BAKE,149.2,152.2,149.2,152.2
2025-08-26T20:00:28.249,213.06937503814697,150.0,150.6,38.2,0,8,BAKE,149.0,152.2,149.0,152.2
2025-08-26T20:00:28.543,213.36363816261292,150.0,150.6,38.3,0,8,BAKE,149.2,152.0,149.2,152.0
2025-08-26T20:00:28.774,213.59526419639587,150.0,150.6,38.3,0,8,BAKE,149.0,152.2,149.0,152.2
2025-08-26T20:00:29.006,213.8267331123352,150.0,150.5,38.3,0,8,BAKE,149.0,152.0,149.0,152.0
2025-08-26T20:00:29.297,214.11752700805664,150.0,150.5,38.3,0,8,BAKE,149.0,152.0,149.0,152.0
2025-08-26T20:00:29.528,214.34842920303345,150.0,150.4,38.3,0,8,BAKE,149.0,151.8,149.0,151.8
2025-08-26T20:00:29.761,214.58135604858398,150.0,150.2,38.3,0,8,BAKE,148.8,151.8,148.8,151.8
2025-08-26T20:00:30.052,214.87282013893127,150.0,150.1,38.3,0,8,BAKE,148.5,151.8,148.5,151.8
2025-08-26T20:00:30.293,215.11418914794922,150.0,150.1,38.3,0,8,BAKE,148.5,151.8,148.5,151.8
2025-08-26T20:00:30.530,215.35112309455872,150.0,149.9,38.3,0,8,BAKE,148.2,151.5,148.2,151.5
2025-08-26T20:00:30.759,215.58010411262512,150.0,149.9,38.3,0,8,BAKE,148.2,151.5,148.2,151.5
2025-08-26T20:00:31.048,215.86910319328308,150.0,150.0,38.3,0,8,BAKE,148.5,151.5,148.5,151.5
2025-08-26T20:00:31.285,216.1060290336609,150.0,149.9,38.3,0,8,BAKE,148.5,151.2,148.5,151.2
2025-08-26T20:00:31.520,216.34092116355896,150.0,149.9,38.3,0,8,BAKE,148.2,151.5,148.2,151.5
2025-08-26T20:00:31.755,216.575688123703,150.0,149.5,38.3,0,8,BAKE,148.0,151.0,148.0,151.0
2025-08-26T20:00:32.043,216.86343908309937,150.0,149.6,38.3,0,8,BAKE,148.0,151.2,148.0,151.2
2025-08-26T20:00:32.280,217.1006441116333,150.0,149.5,38.4,0,8,BAKE,148.0,151.0,148.0,151.0
2025-08-26T20:00:32.516,217.33681106567383,150.0,149.2,38.3,0,8,BAKE,147.8,150.8,147.8,150.8
2025-08-26T20:00:32.750,217.57124018669128,150.0,149.2,38.3,0,8,BAKE,147.8,150.8,147.8,150.8
2025-08-26T20:00:33.041,217.86142420768738,150.0,149.1,38.3,0,8,BAKE,147.5,150.8,147.5,150.8
2025-08-26T20:00:33.276,218.0969521999359,150.0,149.1,38.3,0,8,BAKE,147.5,150.8,147.5,150.8
2025-08-26T20:00:33.507,218.32830500602722,150.0,149.0,38.3,0,8,BAKE,147.5,150.5,147.5,150.5
2025-08-26T20:00:33.801,218.62222909927368,150.0,148.9,38.3,0,8,BAKE,147.5,150.2,147.5,150.2
2025-08-26T20:00:34.039,218.85942816734314,150.0,148.8,38.3,0,8,BAKE,147.5,150.0,147.5,150.0
2025-08-26T20:00:34.274,219.09525799751282,150.0,148.6,38.2,0,8,BAKE,147.2,150.0,147.2,150.0
2025-08-26T20:00:34.511,219.3313660621643,150.0,148.4,38.3,0,8,BAKE,147.0,149.8,147.0,149.8
2025-08-26T20:00:34.800,219.62056517601013,150.0,148.4,38.3,0,8,BAKE,147.0,149.8,147.0,149.8
2025-08-26T20:00:35.039,219.85957717895508,150.0,148.2,38.3,0,8,BAKE,147.0,149.5,147.0,149.5
2025-08-26T20:00:35.274,220.0952332019806,150.0,148.4,38.3,0,8,BAKE,146.8,150.0,146.8,150.0
2025-08-26T20:00:35.277,220.09797406196594,150.0,148.1,38.3,0,8,BAKE,146.8,149.5,146.8,149.5
2025-08-26T20:00:35.293,220.11405110359192,,148.15,38.3,,,PASSIVE,146.8,149.5,,
2025-08-26T20:00:35.798,220.61859107017517,150.0,148.1,38.3,0,8,BAKE,146.8,149.5,146.8,149.5
2025-08-26T20:00:36.033,220.85407400131226,150.0,148.0,38.3,0,8,BAKE,146.8,149.2,146.8,149.2
2025-08-26T20:00:36.334,221.15443921089172,150.0,147.9,38.3,0,8,BAKE,146.5,149.2,146.5,149.2
2025-08-26T20:00:36.509,221.32974100112915,150.0,147.9,38.3,0,8,BAKE,146.5,149.2,146.5,149.2
2025-08-26T20:00:36.803,221.62388920783997,150.0,147.6,38.3,0,8,BAKE,146.5,148.8,146.5,148.8
2025-08-26T20:00:37.042,221.863046169281,150.0,147.6,38.2,0,8,BAKE,146.2,149.0,146.2,149.0
2025-08-26T20:00:37.279,222.09984707832336,150.0,147.4,38.2,0,8,BAKE,146.2,148.5,146.2,148.5
2025-08-26T20:00:37.518,222.33857917785645,150.0,147.5,38.3,0,8,BAKE,146.2,148.8,146.2,148.8
2025-08-26T20:00:37.748,222.56864309310913,150.0,147.1,38.3,0,8,BAKE,145.8,148.5,145.8,148.5
2025-08-26T20:00:38.038,222.85884308815002,150.0,147.1,38.3,0,8,BAKE,145.8,148.5,145.8,148.5
2025-08-26T20:00:38.273,223.0935242176056,150.0,147.1,38.3,0,8,BAKE,146.0,148.2,146.0,148.2
2025-08-26T20:00:38.505,223.32562613487244,150.0,147.0,38.3,0,8,BAKE,146.0,148.0,146.0,148.0
2025-08-26T20:00:38.799,223.6196870803833,150.0,146.6,38.3,84,8,BAKE,145.5,147.8,145.5,147.8
2025-08-26T20:00:39.033,223.85419821739197,150.0,146.9,38.3,19,8,BAKE,145.5,148.2,145.5,148.2
2025-08-26T20:00:39.263,224.08333110809326,150.0,146.8,38.3,81,8,BAKE,145.5,148.0,145.5,148.0
2025-08-26T20:00:39.500,224.32073402404785,150.0,146.5,38.3,106,8,BAKE,145.2,147.8,145.2,147.8
2025-08-26T20:00:39.794,224.61464309692383,150.0,146.6,38.3,44,8,BAKE,145.5,147.8,145.5,147.8
2025-08-26T20:00:40.030,224.85086917877197,150.0,146.2,38.3,131,8,BAKE,145.0,147.5,145.0,147.5
2025-08-26T20:00:40.326,225.14715218544006,150.0,146.5,38.3,26,8,BAKE,145.2,147.8,145.2,147.8
2025-08-26T20:00:40.501,225.32219004631042,150.0,146.1,38.3,133,8,BAKE,145.0,147.2,145.0,147.2
2025-08-26T20:00:40.793,225.61383318901062,150.0,146.1,38.3,73,8,BAKE,145.0,147.2,145.0,147.2
2025-08-26T20:00:41.031,225.85148310661316,150.0,146.0,38.3,96,8,BAKE,144.8,147.2,144.8,147.2
2025-08-26T20:00:41.265,226.08600211143494,150.0,145.9,38.3,98,8,BAKE,144.8,147.0,144.8,147.0
2025-08-26T20:00:41.500,226.32056307792664,150.0,146.0,38.3,56,8,BAKE,144.8,147.2,144.8,147.2
2025-08-26T20:00:41.791,226.61199808120728,150.0,145.8,38.3,120,8,BAKE,144.5,147.0,144.5,147.0
2025-08-26T20:00:42.018,226.83847904205322,150.0,145.9,38.3,58,8,BAKE,144.5,147.2,144.5,147.2
2025-08-26T20:00:42.251,227.07144403457642,150.0,145.6,38.3,123,8,BAKE,144.2,147.0,144.2,147.0
2025-08-26T20:00:42.545,227.36611914634705,150.0,145.8,38.3,60,8,BAKE,144.2,147.2,144.2,147.2
2025-08-26T20:00:42.777,227.5979881286621,150.0,145.5,38.2,125,8,BAKE,144.2,146.8,144.2,146.8
2025-08-26T20:00:43.007,227.82812023162842,150.0,145.5,38.3,85,8,BAKE,144.0,147.0,144.0,147.0
2025-08-26T20:00:43.299,228.1193540096283,150.0,145.5,38.3,85,8,BAKE,144.2,146.8,144.2,146.8
2025-08-26T20:00:43.527,228.34784317016602,150.0,145.4,38.3,108,8,BAKE,144.0,146.8,144.0,146.8
2025-08-26T20:00:43.764,228.5844030380249,150.0,145.2,38.3,110,8,BAKE,143.8,146.8,143.8,146.8
2025-08-26T20:00:44.058,228.8785490989685,150.0,145.1,38.3,112,8,BAKE,143.8,146.5,143.8,146.5
2025-08-26T20:00:44.297,229.11749005317688,150.0,145.1,38.3,92,8,BAKE,143.8,146.5,143.8,146.5
2025-08-26T20:00:44.533,229.35407209396362,150.0,145.1,38.3,92,8,BAKE,144.0,146.2,144.0,146.2
2025-08-26T20:00:44.769,229.58946919441223,150.0,144.8,38.3,160,8,BAKE,143.5,146.0,143.5,146.0
2025-08-26T20:00:45.000,229.82121515274048,150.0,144.9,38.3,77,8,BAKE,143.8,146.0,143.8,146.0
2025-08-26T20:00:45.294,230.11496901512146,150.0,144.9,38.3,97,8,BAKE,143.5,146.2,143.5,146.2
2025-08-26T20:00:45.297,230.11775302886963,,144.85,38.3,,,PASSIVE,143.5,146.2,,
2025-08-26T20:00:45.533,230.35407400131226,150.0,144.6,38.3,142,8,BAKE,143.5,145.8,143.5,145.8
2025-08-26T20:00:45.769,230.59006214141846,150.0,144.6,38.3,102,8,BAKE,143.5,145.8,143.5,145.8
2025-08-26T20:00:46.070,230.89071106910706,150.0,144.8,38.3,80,8,BAKE,143.2,146.2,143.2,146.2
2025-08-26T20:00:46.246,231.06724405288696,150.0,144.8,38.3,100,8,BAKE,143.2,146.2,143.2,146.2
2025-08-26T20:00:46.538,231.35868215560913,150.0,144.6,38.3,122,8,BAKE,143.2,146.0,143.2,146.0
2025-08-26T20:00:46.773,231.59410905838013,150.0,144.5,38.3,124,8,BAKE,143.2,145.8,143.2,145.8
2025-08-26T20:00:47.008,231.8288562297821,150.0,144.5,38.3,104,8,BAKE,143.2,145.8,143.2,145.8
2025-08-26T20:00:47.300,232.1212031841278,150.0,144.4,38.3,127,8,BAKE,143.0,145.8,143.0,145.8
2025-08-26T20:00:47.538,232.35871815681458,150.0,144.4,38.3,107,8,BAKE,143.2,145.5,143.2,145.5
2025-08-26T20:00:47.766,232.58676600456238,150.0,144.2,38.3,129,8,BAKE,143.0,145.5,143.0,145.5
2025-08-26T20:00:48.000,232.82126808166504,150.0,144.2,38.3,109,8,BAKE,143.0,145.5,143.0,145.5
2025-08-26T20:00:48.292,233.11302018165588,150.0,144.1,38.3,132,8,BAKE,143.0,145.2,143.0,145.2
2025-08-26T20:00:48.528,233.3484401702881,150.0,144.1,38.3,112,8,BAKE,143.0,145.2,143.0,145.2
2025-08-26T20:00:48.827,233.6482012271881,150.0,144.0,38.3,134,8,BAKE,143.0,145.0,143.0,145.0
2025-08-26T20:00:49.002,233.8232672214508,150.0,144.1,38.3,92,8,BAKE,143.0,145.2,143.0,145.2
2025-08-26T20:00:49.296,234.1171851158142,150.0,144.1,38.3,112,8,BAKE,143.0,145.2,143.0,145.2
2025-08-26T20:00:49.535,234.3558440208435,150.0,144.1,38.3,112,8,BAKE,143.0,145.2,143.0,145.2
2025-08-26T20:00:49.766,234.58661007881165,150.0,143.9,38.2,157,8,BAKE,142.8,145.0,142.8,145.0
2025-08-26T20:00:50.004,234.82516503334045,150.0,143.9,38.2,117,8,BAKE,142.8,145.0,142.8,145.0
2025-08-26T20:00:50.295,235.11577606201172,150.0,144.0,38.3,94,8,BAKE,143.0,145.0,143.0,145.0
2025-08-26T20:00:50.527,235.3477921485901,150.0,144.0,38.3,114,8,BAKE,143.0,145.0,143.0,145.0
2025-08-26T20:00:50.760,235.58114314079285,150.0,143.9,38.3,137,8,BAKE,142.8,145.0,142.8,145.0
2025-08-26T20:00:51.053,235.87372422218323,150.0,144.0,38.3,94,8,BAKE,142.8,145.2,142.8,145.2
2025-08-26T20:00:51.292,236.1125361919403,150.0,144.0,38.3,114,8,BAKE,143.0,145.0,143.0,145.0
2025-08-26T20:00:51.529,236.3495421409607,150.0,143.9,38.3,137,8,BAKE,142.8,145.0,142.8,145.0
2025-08-26T20:00:51.759,236.58021211624146,150.0,143.9,38.3,117,8,BAKE,143.0,144.8,143.0,144.8
2025-08-26T20:00:52.048,236.86884307861328,150.0,144.0,38.3,94,8,BAKE,143.0,145.0,143.0,145.0
2025-08-26T20:00:52.285,237.10594511032104,150.0,143.9,38.3,137,8,BAKE,142.8,145.0,142.8,145.0
2025-08-26T20:00:52.521,237.3420090675354,150.0,143.9,38.3,117,8,BAKE,142.8,145.0,142.8,145.0
2025-08-26T20:00:52.756,237.57646822929382,150.0,143.9,38.3,117,8,BAKE,142.8,145.0,142.8,145.0
2025-08-26T20:00:53.044,237.86527609825134,150.0,144.0,38.3,94,8,BAKE,143.0,145.0,143.0,145.0
2025-08-26T20:00:53.282,238.10258603096008,150.0,144.1,38.3,92,8,BAKE,142.8,145.5,142.8,145.5
2025-08-26T20:00:53.517,238.3378131389618,150.0,144.0,38.3,134,8,BAKE,143.0,145.0,143.0,145.0
2025-08-26T20:00:53.753,238.5734190940857,150.0,144.2,38.3,70,8,BAKE,143.0,145.5,143.0,145.5
2025-08-26T20:00:54.044,238.86447405815125,150.0,144.0,38.3,154,8,BAKE,142.8,145.2,142.8,145.2
2025-08-26T20:00:54.280,239.10086917877197,150.0,144.1,38.3,92,8,BAKE,143.0,145.2,143.0,145.2
2025-08-26T20:00:54.509,239.32969403266907,150.0,144.2,38.3,90,8,BAKE,143.0,145.5,143.0,145.5
2025-08-26T20:00:54.803,239.62398099899292,150.0,144.2,38.4,110,8,BAKE,143.0,145.5,143.0,145.5
2025-08-26T20:00:55.043,239.86351108551025,150.0,144.4,38.3,87,8,BAKE,143.0,145.8,143.0,145.8
2025-08-26T20:00:55.273,240.09414720535278,150.0,144.2,38.3,130,8,BAKE,142.8,145.8,142.8,145.8
2025-08-26T20:00:55.276,240.09669423103333,150.0,144.1,38.3,132,8,BAKE,142.8,145.5,142.8,145.5
2025-08-26T20:00:55.278,240.09880900382996,,144.15,38.3,,,PASSIVE,142.8,145.5,,
2025-08-26T20:00:55.797,240.61824703216553,150.0,144.2,38.3,90,8,BAKE,143.0,145.5,143.0,145.5
2025-08-26T20:00:56.036,240.85705304145813,150.0,144.5,38.3,65,8,BAKE,143.0,146.0,143.0,146.0
2025-08-26T20:00:56.269,241.08945512771606,150.0,144.4,38.3,127,8,BAKE,143.0,145.8,143.0,145.8
2025-08-26T20:00:56.505,241.32532715797424,150.0,144.5,38.3,85,8,BAKE,143.0,146.0,143.0,146.0
2025-08-26T20:00:56.798,241.6189260482788,150.0,144.6,38.3,83,8,BAKE,143.0,146.2,143.0,146.2
2025-08-26T20:00:57.032,241.85282516479492,150.0,144.5,38.3,125,8,BAKE,143.0,146.0,143.0,146.0
2025-08-26T20:00:57.328,242.14872407913208,150.0,144.6,38.3,83,8,BAKE,143.2,146.0,143.2,146.0
2025-08-26T20:00:57.503,242.32406616210938,150.0,144.6,38.3,103,8,BAKE,143.2,146.0,143.2,146.0
2025-08-26T20:00:57.794,242.61514019966125,150.0,144.8,38.3,80,8,BAKE,143.2,146.2,143.2,146.2
2025-08-26T20:00:58.033,242.85332107543945,150.0,144.8,38.3,100,8,BAKE,143.2,146.2,143.2,146.2
2025-08-26T20:00:58.265,243.08617115020752,150.0,144.9,38.3,78,8,BAKE,143.2,146.5,143.2,146.5
2025-08-26T20:00:58.565,243.38623118400574,150.0,144.9,38.3,98,8,BAKE,143.2,146.5,143.2,146.5
2025-08-26T20:00:58.803,243.62379813194275,150.0,144.8,38.3,121,8,BAKE,143.2,146.2,143.2,146.2
2025-08-26T20:00:59.039,243.86014318466187,150.0,145.0,38.3,56,8,BAKE,143.5,146.5,143.5,146.5
2025-08-26T20:00:59.275,244.09537315368652,150.0,145.0,38.3,96,8,BAKE,143.5,146.5,143.5,146.5
2025-08-26T20:00:59.510,244.33106517791748,150.0,145.0,38.3,96,8,BAKE,143.5,146.5,143.5,146.5
2025-08-26T20:00:59.803,244.6236400604248,150.0,145.0,38.3,96,8,BAKE,143.5,146.5,143.5,146.5
2025-08-26T20:01:00.039,244.86011409759521,150.0,145.0,38.3,96,8,BAKE,143.5,146.5,143.5,146.5
2025-08-26T20:01:00.275,245.09598207473755,150.0,145.0,38.3,96,8,BAKE,143.5,146.5,143.5,146.5
2025-08-26T20:01:00.507,245.3282070159912,150.0,145.1,38.3,73,8,BAKE,143.5,146.8,143.5,146.8
2025-08-26T20:01:00.794,245.6144621372223,150.0,145.2,38.3,71,8,BAKE,143.8,146.8,143.8,146.8
2025-08-26T20:01:01.032,245.85269808769226,150.0,145.2,38.3,91,8,BAKE,143.8,146.8,143.8,146.8
2025-08-26T20:01:01.265,246.0861370563507,150.0,145.4,38.4,69,8,BAKE,144.0,146.8,144.0,146.8
2025-08-26T20:01:01.494,246.31526017189026,150.0,145.4,38.4,89,8,BAKE,144.0,146.8,144.0,146.8
2025-08-26T20:01:01.786,246.6067831516266,150.0,145.5,38.3,66,8,BAKE,144.0,147.0,144.0,147.0
2025-08-26T20:01:02.021,246.8422830104828,150.0,145.5,38.3,86,8,BAKE,144.0,147.0,144.0,147.0
2025-08-26T20:01:02.257,247.07829809188843,150.0,145.6,38.4,64,8,BAKE,144.2,147.0,144.2,147.0
2025-08-26T20:01:02.552,247.37300515174866,150.0,145.5,38.3,106,8,BAKE,144.2,146.8,144.2,146.8
2025-08-26T20:01:02.789,247.61017417907715,150.0,145.5,38.3,86,8,BAKE,144.2,146.8,144.2,146.8
2025-08-26T20:01:03.019,247.83996319770813,150.0,145.6,38.3,64,8,BAKE,144.2,147.0,144.2,147.0
2025-08-26T20:01:03.255,248.07570099830627,150.0,145.8,38.3,62,8,BAKE,144.5,147.0,144.5,147.0
2025-08-26T20:01:03.550,248.37037014961243,150.0,145.8,38.4,82,8,BAKE,144.2,147.2,144.2,147.2
2025-08-26T20:01:03.787,248.60775017738342,150.0,145.8,38.3,82,8,BAKE,144.2,147.2,144.2,147.2
2025-08-26T20:01:04.022,248.84297108650208,150.0,146.0,38.4,37,8,BAKE,144.5,147.5,144.5,147.5
2025-08-26T20:01:04.319,249.13947820663452,150.0,145.8,38.3,122,8,BAKE,144.2,147.2,144.2,147.2
2025-08-26T20:01:04.492,249.31260108947754,150.0,146.0,38.3,37,8,BAKE,144.5,147.5,144.5,147.5
2025-08-26T20:01:04.786,249.60729908943176,150.0,146.1,38.4,55,8,BAKE,144.5,147.8,144.5,147.8
2025-08-26T20:01:05.017,249.83777904510498,150.0,146.1,38.3,75,8,BAKE,144.5,147.8,144.5,147.8
2025-08-26T20:01:05.252,250.07270503044128,150.0,146.0,38.4,97,8,BAKE,144.5,147.5,144.5,147.5
2025-08-26T20:01:05.307,250.12778401374817,150.0,146.2,38.4,32,8,BAKE,144.8,147.8,144.8,147.8
2025-08-26T20:01:05.324,250.14481711387634,,146.3,38.4,,,PASSIVE,144.8,147.8,,
2025-08-26T20:01:05.785,250.60592317581177,150.0,146.2,38.3,72,8,BAKE,144.8,147.8,144.8,147.8
2025-08-26T20:01:06.021,250.8419041633606,150.0,146.4,38.4,50,8,BAKE,144.8,148.0,144.8,148.0
2025-08-26T20:01:06.255,251.07605600357056,150.0,146.5,38.4,48,8,BAKE,144.8,148.2,144.8,148.2
2025-08-26T20:01:06.550,251.37061715126038,150.0,146.4,38.3,90,8,BAKE,145.0,147.8,145.0,147.8
2025-08-26T20:01:06.787,251.60830116271973,150.0,146.5,38.3,48,8,BAKE,145.0,148.0,145.0,148.0
2025-08-26T20:01:07.023,251.84385919570923,150.0,146.5,38.3,68,8,BAKE,145.0,148.0,145.0,148.0
2025-08-26T20:01:07.251,252.07222509384155,150.0,146.6,38.4,45,8,BAKE,145.0,148.2,145.0,148.2
2025-08-26T20:01:07.546,252.36672806739807,150.0,146.5,38.3,88,8,BAKE,145.2,147.8,145.2,147.8
2025-08-26T20:01:07.784,252.604590177536,150.0,146.8,38.4,23,8,BAKE,145.2,148.2,145.2,148.2
2025-08-26T20:01:08.015,252.83603310585022,150.0,146.5,38.3,108,8,BAKE,145.2,147.8,145.2,147.8
2025-08-26T20:01:08.314,253.13497710227966,150.0,146.8,38.3,23,8,BAKE,145.2,148.2,145.2,148.2
2025-08-26T20:01:08.489,253.3093981742859,150.0,146.8,38.3,63,8,BAKE,145.2,148.2,145.2,148.2
2025-08-26T20:01:08.777,253.59779906272888,150.0,146.9,38.3,41,8,BAKE,145.5,148.2,145.5,148.2
2025-08-26T20:01:09.013,253.83337116241455,150.0,146.9,38.4,61,8,BAKE,145.5,148.2,145.5,148.2
2025-08-26T20:01:09.246,254.0672721862793,150.0,146.9,38.3,61,8,BAKE,145.8,148.0,145.8,148.0
2025-08-26T20:01:09.541,254.3616931438446,150.0,146.9,38.3,61,8,BAKE,145.5,148.2,145.5,148.2
2025-08-26T20:01:09.776,254.59643721580505,150.0,147.0,38.3,0,8,BAKE,145.8,148.2,145.8,148.2
2025-08-26T20:01:10.005,254.82568621635437,150.0,147.0,38.3,0,8,BAKE,145.8,148.2,145.8,148.2
2025-08-26T20:01:10.295,255.11537718772888,150.0,146.9,38.3,59,8,BAKE,145.8,148.0,145.8,148.0
2025-08-26T20:01:10.533,255.35383319854736,150.0,147.2,38.4,0,8,BAKE,145.8,148.8,145.8,148.8
2025-08-26T20:01:10.765,255.5857481956482,150.0,147.2,38.3,0,8,BAKE,146.0,148.5,146.0,148.5
2025-08-26T20:01:11.002,255.822820186615,150.0,147.2,38.3,0,8,BAKE,146.0,148.5,146.0,148.5
2025-08-26T20:01:11.289,256.10932421684265,150.0,147.4,38.3,0,8,BAKE,146.0,148.8,146.0,148.8
2025-08-26T20:01:11.519,256.340106010437,150.0,147.4,38.3,0,8,BAKE,145.8,149.0,145.8,149.0
2025-08-26T20:01:11.757,256.578164100647,150.0,147.4,38.3,0,8,BAKE,146.0,148.8,146.0,148.8
2025-08-26T20:01:12.051,256.87178802490234,150.0,147.5,38.3,0,8,BAKE,146.0,149.0,146.0,149.0
2025-08-26T20:01:12.290,257.1106481552124,150.0,147.6,38.3,0,8,BAKE,146.0,149.2,146.0,149.2
2025-08-26T20:01:12.526,257.3473000526428,150.0,147.5,38.3,0,8,BAKE,146.0,149.0,146.0,149.0
2025-08-26T20:01:12.757,257.5777051448822,150.0,147.4,38.3,0,8,BAKE,146.0,148.8,146.0,148.8
2025-08-26T20:01:13.046,257.86657214164734,150.0,147.5,38.4,0,8,BAKE,146.0,149.0,146.0,149.0
2025-08-26T20:01:13.283,258.1041271686554,150.0,147.4,38.3,0,8,BAKE,146.0,148.8,146.0,148.8
2025-08-26T20:01:13.519,258.33984303474426,150.0,147.6,38.4,0,8,BAKE,146.2,149.0,146.2,149.0
2025-08-26T20:01:13.754,258.57433009147644,150.0,147.6,38.3,0,8,BAKE,146.2,149.0,146.2,149.0
2025-08-26T20:01:14.043,258.86428022384644,150.0,147.6,38.4,0,8,BAKE,146.2,149.0,146.2,149.0
2025-08-26T20:01:14.278,259.0983772277832,150.0,147.4,38.4,0,8,BAKE,146.0,148.8,146.0,148.8
2025-08-26T20:01:14.512,259.33254504203796,150.0,147.6,38.4,0,8,BAKE,146.2,149.0,146.2,149.0
2025-08-26T20:01:14.746,259.56697607040405,150.0,147.6,38.4,0,8,BAKE,146.2,149.0,146.2,149.0
2025-08-26T20:01:15.035,259.85543608665466,151.0,147.6,38.3,0,8,BAKE,146.2,149.0,146.2,149.0
2025-08-26T20:01:15.268,260.08930921554565,151.0,147.4,38.3,108,8,BAKE,146.0,148.8,146.0,148.8
2025-08-26T20:01:15.271,260.0922701358795,,147.4,38.3,,,PASSIVE,146.0,148.8,,
2025-08-26T20:01:15.438,260.2583382129669,152.0,147.6,38.4,43,8,BAKE,146.2,149.0,146.2,149.0
2025-08-26T20:01:15.777,260.5976810455322,154.0,147.4,38.4,165,8,BAKE,146.2,148.5,146.2,148.5
2025-08-26T20:01:16.007,260.82761001586914,161.0,147.5,38.4,236,8,BAKE,146.2,148.8,146.2,148.8
2025-08-26T20:01:16.298,261.11834621429443,162.0,147.5,38.4,255,8,BAKE,146.0,149.0,146.0,149.0
2025-08-26T20:01:16.534,261.3548710346222,162.0,147.4,38.3,255,8,BAKE,146.2,148.5,146.2,148.5
2025-08-26T20:01:16.831,261.65203619003296,163.0,147.5,38.4,255,8,BAKE,146.2,148.8,146.2,148.8
2025-08-26T20:01:17.005,261.82556319236755,163.0,147.8,38.4,250,8,BAKE,146.5,149.0,146.5,149.0
2025-08-26T20:01:17.235,262.05627822875977,164.0,147.5,38.4,255,8,BAKE,146.2,148.8,146.2,148.8
2025-08-26T20:01:17.524,262.3445711135864,166.0,147.6,38.4,255,8,BAKE,146.2,149.0,146.2,149.0
2025-08-26T20:01:17.633,262.4540431499481,173.0,147.5,38.3,255,8,BAKE,146.2,148.8,146.2,148.8
2025-08-26T20:01:18.038,262.8588411808014,180.0,147.4,38.3,255,8,BAKE,146.2,148.5,146.2,148.5
2025-08-26T20:01:18.093,262.9137260913849,194.0,147.6,38.4,255,8,BAKE,146.5,148.8,146.5,148.8
2025-08-26T20:01:18.502,263.32269310951233,194.0,147.4,38.3,255,8,BAKE,146.2,148.5,146.2,148.5
2025-08-26T20:01:18.793,263.61428117752075,195.0,147.5,38.4,255,8,BAKE,146.5,148.5,146.5,148.5
2025-08-26T20:01:19.032,263.8527431488037,196.0,147.8,38.4,255,8,BAKE,146.8,148.8,146.8,148.8
2025-08-26T20:01:19.266,264.0872571468353,197.0,147.8,38.3,255,8,BAKE,146.8,148.8,146.8,148.8
2025-08-26T20:01:19.321,264.1423020362854,198.0,147.6,38.4,255,8,BAKE,146.5,148.8,146.5,148.8
2025-08-26T20:01:19.790,264.6111981868744,198.0,147.8,38.4,255,8,BAKE,146.8,148.8,146.8,148.8
2025-08-26T20:01:20.025,264.845703125,199.0,147.9,38.3,255,8,BAKE,146.8,149.0,146.8,149.0
2025-08-26T20:01:20.257,265.0777111053467,199.0,148.1,38.4,255,8,BAKE,147.0,149.2,147.0,149.2
2025-08-26T20:01:20.551,265.37181305885315,200.0,148.1,38.4,255,8,BAKE,147.0,149.2,147.0,149.2
2025-08-26T20:01:20.786,265.6069509983063,200.0,148.2,38.4,255,8,BAKE,147.2,149.2,147.2,149.2
2025-08-26T20:01:21.017,265.8381612300873,200.0,148.4,38.3,255,8,BAKE,147.2,149.5,147.2,149.5
2025-08-26T20:01:21.252,266.07329201698303,200.0,148.2,38.3,255,8,BAKE,147.2,149.2,147.2,149.2
2025-08-26T20:01:21.547,266.36743807792664,200.0,148.4,38.4,255,8,BAKE,147.5,149.2,147.5,149.2
2025-08-26T20:01:21.785,266.605740070343,200.0,148.8,38.3,255,8,BAKE,147.8,149.8,147.8,149.8
2025-08-26T20:01:22.020,266.8404052257538,200.0,148.6,38.4,255,8,BAKE,147.8,149.5,147.8,149.5
2025-08-26T20:01:22.243,267.0638291835785,200.0,148.9,38.3,255,8,BAKE,147.8,150.0,147.8,150.0
2025-08-26T20:01:22.536,267.35698223114014,200.0,149.0,38.4,255,8,BAKE,148.0,150.0,148.0,150.0
2025-08-26T20:01:22.772,267.59312200546265,200.0,149.1,38.4,255,8,BAKE,148.2,150.0,148.2,150.0
2025-08-26T20:01:23.010,267.83031606674194,200.0,149.2,38.4,255,8,BAKE,148.2,150.2,148.2,150.2
2025-08-26T20:01:23.304,268.12460708618164,200.0,149.4,38.4,255,8,BAKE,148.5,150.2,148.5,150.2
2025-08-26T20:01:23.538,268.358873128891,200.0,149.6,38.4,255,8,BAKE,148.8,150.5,148.8,150.5
2025-08-26T20:01:23.776,268.5969750881195,200.0,149.6,38.4,255,8,BAKE,148.8,150.5,148.8,150.5
2025-08-26T20:01:24.011,268.8315601348877,200.0,149.8,38.4,255,8,BAKE,148.8,150.8,148.8,150.8
2025-08-26T20:01:24.249,269.07029819488525,200.0,149.9,38.3,255,8,BAKE,149.0,150.8,149.0,150.8
2025-08-26T20:01:24.540,269.3609240055084,200.0,150.4,38.4,255,8,BAKE,149.2,151.5,149.2,151.5
2025-08-26T20:01:24.778,269.5983521938324,200.0,150.4,38.4,255,8,BAKE,149.8,151.0,149.8,151.0
2025-08-26T20:01:25.006,269.8270790576935,200.0,150.6,38.4,255,8,BAKE,149.8,151.5,149.8,151.5
2025-08-26T20:01:25.299,270.12002420425415,200.0,150.6,38.4,255,8,BAKE,149.8,151.5,149.8,151.5
2025-08-26T20:01:25.302,270.12285900115967,200.0,150.9,38.4,255,8,BAKE,150.0,151.8,150.0,151.8
2025-08-26T20:01:25.304,270.1250891685486,,150.9,38.4,,,PASSIVE,150.0,151.8,,
2025-08-26T20:01:25.777,270.5979540348053,200.0,151.2,38.4,255,8,BAKE,150.2,152.2,150.2,152.2
2025-08-26T20:01:26.012,270.83264207839966,200.0,151.4,38.4,255,8,BAKE,150.5,152.2,150.5,152.2
2025-08-26T20:01:26.308,271.1287851333618,200.0,151.9,38.4,255,8,BAKE,150.8,153.0,150.8,153.0
2025-08-26T20:01:26.547,271.3677861690521,200.0,151.9,38.4,255,8,BAKE,151.0,152.8,151.0,152.8
2025-08-26T20:01:26.787,271.6074800491333,200.0,152.2,38.4,255,8,BAKE,151.2,153.2,151.2,153.2
2025-08-26T20:01:27.020,271.8407311439514,200.0,152.4,38.4,255,8,BAKE,151.5,153.2,151.5,153.2
2025-08-26T20:01:27.252,272.0731930732727,200.0,152.5,38.4,255,8,BAKE,151.8,153.2,151.8,153.2
2025-08-26T20:01:27.544,272.36513805389404,200.0,152.8,38.4,255,8,BAKE,151.8,153.8,151.8,153.8
2025-08-26T20:01:27.782,272.602854013443,200.0,153.0,38.4,255,8,BAKE,152.2,153.8,152.2,153.8
2025-08-26T20:01:28.012,272.83281207084656,200.0,153.2,38.3,255,8,BAKE,152.2,154.2,152.2,154.2
2025-08-26T20:01:28.246,273.06709718704224,200.0,153.5,38.4,255,8,BAKE,152.8,154.2,152.8,154.2
2025-08-26T20:01:28.540,273.3609941005707,200.0,153.6,38.4,255,8,BAKE,153.0,154.2,153.0,154.2
2025-08-26T20:01:28.778,273.5984561443329,200.0,154.0,38.4,255,8,BAKE,153.0,155.0,153.0,155.0
2025-08-26T20:01:29.012,273.83304810523987,200.0,154.2,38.3,255,8,BAKE,153.5,155.0,153.5,155.0
2025-08-26T20:01:29.242,274.0630991458893,200.0,154.9,38.4,255,8,BAKE,153.8,156.0,153.8,156.0
2025-08-26T20:01:29.535,274.355859041214,200.0,154.6,38.4,255,8,BAKE,154.0,155.2,154.0,155.2
2025-08-26T20:01:29.771,274.5916781425476,200.0,155.0,38.4,255,8,BAKE,154.2,155.8,154.2,155.8
2025-08-26T20:01:30.008,274.82879614830017,200.0,155.4,38.4,255,8,BAKE,154.8,156.0,154.8,156.0
2025-08-26T20:01:30.295,275.11613416671753,200.0,155.8,38.4,255,8,BAKE,155.0,156.5,155.0,156.5
2025-08-26T20:01:30.532,275.3524842262268,200.0,155.9,38.4,255,8,BAKE,155.0,156.8,155.0,156.8
2025-08-26T20:01:30.760,275.5811800956726,200.0,156.2,38.4,255,8,BAKE,155.5,157.0,155.5,157.0
2025-08-26T20:01:31.055,275.8755521774292,200.0,156.5,38.4,255,8,BAKE,155.8,157.2,155.8,157.2
2025-08-26T20:01:31.293,276.113872051239,200.0,156.8,38.4,255,8,BAKE,156.0,157.5,156.0,157.5
2025-08-26T20:01:31.525,276.34599900245667,200.0,157.2,38.4,255,8,BAKE,156.5,158.0,156.5,158.0
2025-08-26T20:01:31.763,276.58376812934875,200.0,157.5,38.4,255,8,BAKE,156.8,158.2,156.8,158.2
2025-08-26T20:01:31.992,276.8130671977997,200.0,157.9,38.4,255,8,BAKE,157.2,158.5,157.2,158.5
2025-08-26T20:01:32.283,277.1041831970215,200.0,157.8,38.4,255,8,BAKE,157.2,158.2,157.2,158.2
2025-08-26T20:01:32.519,277.33993005752563,200.0,158.2,38.4,255,8,BAKE,157.5,159.0,157.5,159.0
2025-08-26T20:01:32.756,277.5764100551605,200.0,158.5,38.4,255,8,BAKE,157.8,159.2,157.8,159.2
2025-08-26T20:01:33.050,277.8705711364746,200.0,158.9,38.4,255,8,BAKE,158.0,159.8,158.0,159.8
2025-08-26T20:01:33.287,278.10764503479004,200.0,159.5,38.4,255,8,BAKE,158.5,160.5,158.5,160.5
2025-08-26T20:01:33.513,278.33367013931274,200.0,159.5,38.4,255,8,BAKE,158.8,160.2,158.8,160.2
2025-08-26T20:01:33.748,278.5692870616913,200.0,159.8,38.4,255,8,BAKE,159.0,160.5,159.0,160.5
2025-08-26T20:01:34.038,278.8589811325073,200.0,160.0,38.4,255,8,BAKE,159.2,160.8,159.2,160.8
2025-08-26T20:01:34.276,279.09658217430115,200.0,160.4,38.4,255,8,BAKE,159.5,161.2,159.5,161.2
2025-08-26T20:01:34.507,279.3276631832123,200.0,160.8,38.4,255,8,BAKE,160.0,161.5,160.0,161.5
2025-08-26T20:01:34.797,279.6179141998291,200.0,161.1,38.4,255,8,BAKE,160.5,161.8,160.5,161.8
2025-08-26T20:01:35.037,279.857390165329,200.0,161.6,38.4,255,8,BAKE,160.8,162.5,160.8,162.5
2025-08-26T20:01:35.271,280.09229612350464,200.0,161.6,38.4,255,8,BAKE,160.8,162.5,160.8,162.5
2025-08-26T20:01:35.281,280.10136222839355,200.0,162.1,38.4,255,8,BAKE,161.2,163.0,161.2,163.0
2025-08-26T20:01:35.285,280.10601902008057,,162.1,38.4,,,PASSIVE,161.2,163.0,,
2025-08-26T20:01:35.794,280.61526703834534,200.0,162.4,38.4,255,8,BAKE,161.5,163.2,161.5,163.2
2025-08-26T20:01:36.029,280.8500020503998,200.0,163.0,38.4,255,8,BAKE,162.0,164.0,162.0,164.0
2025-08-26T20:01:36.265,281.0860981941223,200.0,163.4,38.4,255,8,BAKE,162.5,164.2,162.5,164.2
2025-08-26T20:01:36.500,281.3212661743164,200.0,163.1,38.4,255,8,BAKE,162.5,163.8,162.5,163.8
2025-08-26T20:01:36.795,281.615807056427,200.0,163.6,38.4,255,8,BAKE,163.0,164.2,163.0,164.2
2025-08-26T20:01:37.034,281.8548471927643,200.0,164.1,38.4,255,8,BAKE,163.2,165.0,163.2,165.0
2025-08-26T20:01:37.266,282.0864460468292,200.0,164.5,38.4,255,8,BAKE,163.8,165.2,163.8,165.2
2025-08-26T20:01:37.561,282.381902217865,200.0,164.9,38.4,255,8,BAKE,164.0,165.8,164.0,165.8
2025-08-26T20:01:37.800,282.62063121795654,200.0,165.2,38.5,255,8,BAKE,164.5,166.0,164.5,166.0
2025-08-26T20:01:38.039,282.8600661754608,200.0,165.6,38.4,255,8,BAKE,164.8,166.5,164.8,166.5
2025-08-26T20:01:38.275,283.09560108184814,200.0,165.8,38.4,255,8,BAKE,165.0,166.5,165.0,166.5
2025-08-26T20:01:38.508,283.32869720458984,200.0,166.0,38.5,255,8,BAKE,165.2,166.8,165.2,166.8
2025-08-26T20:01:38.809,283.6296272277832,200.0,166.2,38.4,255,8,BAKE,165.5,167.0,165.5,167.0
2025-08-26T20:01:39.041,283.8615050315857,200.0,167.2,38.5,255,8,BAKE,166.2,168.2,166.2,168.2
2025-08-26T20:01:39.276,284.09634709358215,200.0,167.0,38.5,255,8,BAKE,166.2,167.8,166.2,167.8
2025-08-26T20:01:39.508,284.3289051055908,200.0,167.4,38.4,255,8,BAKE,166.5,168.2,166.5,168.2
2025-08-26T20:01:39.799,284.61931109428406,200.0,167.8,38.4,255,8,BAKE,167.0,168.5,167.0,168.5
2025-08-26T20:01:40.035,284.8556230068207,200.0,168.1,38.5,255,8,BAKE,167.2,169.0,167.2,169.0
2025-08-26T20:01:40.271,285.0921280384064,200.0,168.6,38.4,255,8,BAKE,167.5,169.8,167.5,169.8
2025-08-26T20:01:40.501,285.3222122192383,200.0,168.9,38.4,255,8,BAKE,168.0,169.8,168.0,169.8
2025-08-26T20:01:40.802,285.62316513061523,200.0,169.2,38.5,255,8,BAKE,168.2,170.2,168.2,170.2
2025-08-26T20:01:41.039,285.8597002029419,200.0,169.6,38.5,255,8,BAKE,168.5,170.8,168.5,170.8
2025-08-26T20:01:41.276,286.09681606292725,200.0,170.0,38.4,255,8,BAKE,169.0,171.0,169.0,171.0
2025-08-26T20:01:41.512,286.3330411911011,200.0,170.4,38.4,255,8,BAKE,169.5,171.2,169.5,171.2
2025-08-26T20:01:41.803,286.62341022491455,200.0,170.9,38.5,255,8,BAKE,169.8,172.0,169.8,172.0
2025-08-26T20:01:42.039,286.85969400405884,200.0,171.4,38.4,255,8,BAKE,170.0,172.8,170.0,172.8
2025-08-26T20:01:42.275,287.0953640937805,200.0,171.5,38.5,255,8,BAKE,170.5,172.5,170.5,172.5
2025-08-26T20:01:42.504,287.32495522499084,200.0,171.8,38.5,255,8,BAKE,170.8,172.8,170.8,172.8
2025-08-26T20:01:42.799,287.61931920051575,200.0,172.2,38.5,255,8,BAKE,171.2,173.2,171.2,173.2
2025-08-26T20:01:43.032,287.8524751663208,200.0,172.5,38.4,255,8,BAKE,171.5,173.5,171.5,173.5
2025-08-26T20:01:43.267,288.08785915374756,200.0,173.1,38.5,255,8,BAKE,172.0,174.2,172.0,174.2
2025-08-26T20:01:43.499,288.31962418556213,200.0,173.2,38.5,255,8,BAKE,172.2,174.2,172.2,174.2
2025-08-26T20:01:43.794,288.61431407928467,200.0,173.8,38.5,255,8,BAKE,172.5,175.0,172.5,175.0
2025-08-26T20:01:44.033,288.85346603393555,200.0,174.1,38.5,255,8,BAKE,173.0,175.2,173.0,175.2
2025-08-26T20:01:44.266,289.0863211154938,200.0,174.2,38.5,255,8,BAKE,173.2,175.2,173.2,175.2
2025-08-26T20:01:44.566,289.3864960670471,200.0,174.9,38.5,255,8,BAKE,173.8,176.0,173.8,176.0
2025-08-26T20:01:44.740,289.56100702285767,200.0,175.2,38.5,255,8,BAKE,174.2,176.2,174.2,176.2
2025-08-26T20:01:45.027,289.847451210022,200.0,175.5,38.5,255,8,BAKE,174.2,176.8,174.2,176.8
2025-08-26T20:01:45.263,290.0838861465454,200.0,175.9,38.5,255,8,BAKE,174.8,177.0,174.8,177.0
2025-08-26T20:01:45.296,290.11667704582214,,175.9,38.5,,,PASSIVE,174.8,177.0,,
2025-08-26T20:01:45.499,290.32024002075195,200.0,176.1,38.5,255,8,BAKE,175.0,177.2,175.0,177.2
2025-08-26T20:01:45.792,290.6127600669861,200.0,176.6,38.4,255,8,BAKE,175.5,177.8,175.5,177.8
2025-08-26T20:01:46.024,290.84515023231506,200.0,177.2,38.5,255,8,BAKE,176.0,178.5,176.0,178.5
2025-08-26T20:01:46.253,291.0734100341797,200.0,177.1,38.4,255,8,BAKE,176.0,178.2,176.0,178.2
2025-08-26T20:01:46.546,291.36729621887207,200.0,177.6,38.4,255,8,BAKE,176.5,178.8,176.5,178.8
2025-08-26T20:01:46.786,291.6068320274353,200.0,178.2,38.5,255,8,BAKE,177.0,179.5,177.0,179.5
2025-08-26T20:01:47.021,291.84143900871277,200.0,178.4,38.5,255,8,BAKE,177.5,179.2,177.5,179.2
2025-08-26T20:01:47.321,292.1418981552124,200.0,179.0,38.5,255,8,BAKE,177.8,180.2,177.8,180.2
2025-08-26T20:01:47.496,292.3163871765137,200.0,179.4,38.5,255,8,BAKE,178.2,180.5,178.2,180.5
2025-08-26T20:01:47.790,292.6111991405487,200.0,179.5,38.5,255,8,BAKE,178.2,180.8,178.2,180.8
2025-08-26T20:01:48.026,292.8470342159271,200.0,180.1,38.5,255,8,BAKE,178.8,181.5,178.8,181.5
2025-08-26T20:01:48.261,293.0821831226349,200.0,180.4,38.5,255,8,BAKE,179.2,181.5,179.2,181.5
2025-08-26T20:01:48.557,293.3776731491089,200.0,180.9,38.5,255,8,BAKE,179.5,182.2,179.5,182.2
2025-08-26T20:01:48.794,293.61508202552795,200.0,181.0,38.5,255,8,BAKE,179.8,182.2,179.8,182.2
2025-08-26T20:01:49.027,293.847430229187,200.0,181.5,38.5,255,8,BAKE,180.2,182.8,180.2,182.8
2025-08-26T20:01:49.261,294.081689119339,200.0,181.8,38.5,255,8,BAKE,180.5,183.0,180.5,183.0
2025-08-26T20:01:49.492,294.3125891685486,200.0,182.2,38.5,255,8,BAKE,181.0,183.5,181.0,183.5
2025-08-26T20:01:49.786,294.6067440509796,200.0,182.6,38.5,255,8,BAKE,181.2,184.0,181.2,184.0
2025-08-26T20:01:50.022,294.84250020980835,200.0,183.0,38.5,255,8,BAKE,181.8,184.2,181.8,184.2
2025-08-26T20:01:50.252,295.0726511478424,200.0,183.4,38.5,255,8,BAKE,182.0,184.8,182.0,184.8
2025-08-26T20:01:50.543,295.3642330169678,200.0,183.6,38.5,255,8,BAKE,182.2,185.0,182.2,185.0
2025-08-26T20:01:50.781,295.60178208351135,200.0,184.2,38.5,214,8,BAKE,182.8,185.8,182.8,185.8
2025-08-26T20:01:51.017,295.8378050327301,200.0,184.5,38.5,255,8,BAKE,183.0,186.0,183.0,186.0
2025-08-26T20:01:51.249,296.0697100162506,200.0,184.8,38.5,255,8,BAKE,183.2,186.2,183.2,186.2
2025-08-26T20:01:51.539,296.3596110343933,200.0,185.5,38.5,170,8,BAKE,184.0,187.0,184.0,187.0
2025-08-26T20:01:51.778,296.5986771583557,200.0,185.8,38.5,246,8,BAKE,184.2,187.2,184.2,187.2
2025-08-26T20:01:52.013,296.83429408073425,200.0,186.0,38.5,241,8,BAKE,184.5,187.5,184.5,187.5
2025-08-26T20:01:52.303,297.1234540939331,200.0,186.4,38.5,214,8,BAKE,185.0,187.8,185.0,187.8
2025-08-26T20:01:52.538,297.3589971065521,200.0,186.8,38.5,207,8,BAKE,185.2,188.2,185.2,188.2
2025-08-26T20:01:52.776,297.59645104408264,200.0,187.0,38.5,222,8,BAKE,185.5,188.5,185.5,188.5
2025-08-26T20:01:53.001,297.8214590549469,200.0,187.6,38.5,150,8,BAKE,186.0,189.2,186.0,189.2
2025-08-26T20:01:53.294,298.11471605300903,200.0,188.0,38.6,183,8,BAKE,186.2,189.8,186.2,189.8
2025-08-26T20:01:53.532,298.35242319107056,200.0,188.4,38.5,176,8,BAKE,186.8,190.0,186.8,190.0
2025-08-26T20:01:53.768,298.58905601501465,200.0,188.6,38.5,191,8,BAKE,187.0,190.2,187.0,190.2
2025-08-26T20:01:54.005,298.82615900039673,200.0,189.0,38.5,164,8,BAKE,187.5,190.5,187.5,190.5
2025-08-26T20:01:54.293,299.11402916908264,200.0,189.4,38.5,157,8,BAKE,187.8,191.0,187.8,191.0
2025-08-26T20:01:54.532,299.3529272079468,200.0,189.9,38.5,128,8,BAKE,188.2,191.5,188.2,191.5
2025-08-26T20:01:54.769,299.59005403518677,200.0,190.0,38.6,185,8,BAKE,188.2,191.8,188.2,191.8
2025-08-26T20:01:55.007,299.8275511264801,200.0,190.4,38.5,138,8,BAKE,188.8,192.0,188.8,192.0
2025-08-26T20:01:55.298,300.1192650794983,200.0,190.8,38.6,131,8,BAKE,189.0,192.5,189.0,192.5
2025-08-26T20:01:55.307,300.1282150745392,200.0,191.1,38.6,124,8,BAKE,189.5,192.8,189.5,192.8
2025-08-26T20:01:55.334,300.15485405921936,,191.15,38.6,,,PASSIVE,189.5,192.8,,
2025-08-26T20:01:55.780,300.60036301612854,200.0,191.2,38.6,162,8,BAKE,189.8,192.8,189.8,192.8
2025-08-26T20:01:56.009,300.8298740386963,200.0,191.8,38.6,92,8,BAKE,190.2,193.2,190.2,193.2
2025-08-26T20:01:56.244,301.0650990009308,200.0,192.0,38.6,128,8,BAKE,190.2,193.8,190.2,193.8
2025-08-26T20:01:56.530,301.3503260612488,200.0,192.2,38.6,123,8,BAKE,190.8,193.8,190.8,193.8
2025-08-26T20:01:56.765,301.5861220359802,200.0,192.8,38.6,73,8,BAKE,191.0,194.5,191.0,194.5
2025-08-26T20:01:57.059,301.88028216362,200.0,192.8,38.5,153,8,BAKE,191.0,194.5,191.0,194.5
2025-08-26T20:01:57.298,302.1188452243805,200.0,193.1,38.6,86,8,BAKE,191.5,194.8,191.5,194.8
2025-08-26T20:01:57.537,302.3576982021332,200.0,193.1,38.6,146,8,BAKE,191.5,194.8,191.5,194.8
2025-08-26T20:01:57.774,302.59434819221497,200.0,193.4,38.6,102,8,BAKE,191.8,195.0,191.8,195.0
2025-08-26T20:01:58.009,302.8294050693512,200.0,193.9,38.6,52,8,BAKE,192.2,195.5,192.2,195.5
2025-08-26T20:01:58.305,303.1259160041809,200.0,194.1,38.6,87,8,BAKE,192.5,195.8,192.5,195.8
2025-08-26T20:01:58.540,303.3608090877533,200.0,194.5,38.6,60,8,BAKE,193.0,196.0,193.0,196.0
2025-08-26T20:01:58.779,303.5999011993408,200.0,194.6,38.6,98,8,BAKE,193.0,196.2,193.0,196.2
2025-08-26T20:01:59.015,303.8361830711365,200.0,194.8,38.6,95,8,BAKE,193.0,196.5,193.0,196.5
2025-08-26T20:01:59.251,304.07168102264404,200.0,195.0,38.6,71,8,BAKE,193.2,196.8,193.2,196.8
2025-08-26T20:01:59.544,304.3652710914612,200.0,195.2,38.6,66,8,BAKE,193.5,197.0,193.5,197.0
2025-08-26T20:01:59.780,304.600328207016,200.0,195.5,38.6,61,8,BAKE,193.8,197.2,193.8,197.2
2025-08-26T20:02:00.015,304.83604621887207,200.0,195.8,38.6,57,8,BAKE,194.0,197.5,194.0,197.5
2025-08-26T20:02:00.244,305.06514620780945,200.0,195.9,38.6,74,8,BAKE,194.0,197.8,194.0,197.8
2025-08-26T20:02:00.533,305.354040145874,200.0,196.1,38.6,49,8,BAKE,194.2,198.0,194.2,198.0
2025-08-26T20:02:00.770,305.5909881591797,200.0,196.2,38.7,67,8,BAKE,194.5,198.0,194.5,198.0
2025-08-26T20:02:01.006,305.8270800113678,200.0,196.5,38.6,42,8,BAKE,194.5,198.5,194.5,198.5
2025-08-26T20:02:01.298,306.1192011833191,200.0,196.8,38.7,38,8,BAKE,195.0,198.5,195.0,198.5
2025-08-26T20:02:01.536,306.3569860458374,200.0,196.9,38.6,55,8,BAKE,195.0,198.8,195.0,198.8
2025-08-26T20:02:01.774,306.59480023384094,200.0,197.0,38.6,0,8,BAKE,195.0,199.0,195.0,199.0
2025-08-26T20:02:02.009,306.8298261165619,200.0,197.1,38.6,0,8,BAKE,195.2,199.0,195.2,199.0
2025-08-26T20:02:02.244,307.0647530555725,200.0,197.0,38.6,0,8,BAKE,195.2,198.8,195.2,198.8
2025-08-26T20:02:02.538,307.35832810401917,200.0,197.4,38.6,0,8,BAKE,195.8,199.0,195.8,199.0
2025-08-26T20:02:02.838,307.6591200828552,200.0,197.5,38.6,0,8,BAKE,195.8,199.2,195.8,199.2
2025-08-26T20:02:03.014,307.83477210998535,200.0,197.5,38.6,0,8,BAKE,195.8,199.2,195.8,199.2
2025-08-26T20:02:03.249,308.0696542263031,200.0,197.5,38.6,0,8,BAKE,196.0,199.0,196.0,199.0
2025-08-26T20:02:03.538,308.3588240146637,200.0,197.6,38.7,0,8,BAKE,196.0,199.2,196.0,199.2
2025-08-26T20:02:03.776,308.5969932079315,200.0,197.6,38.6,0,8,BAKE,196.0,199.2,196.0,199.2
2025-08-26T20:02:04.011,308.8320782184601,200.0,197.9,38.7,0,8,BAKE,196.2,199.5,196.2,199.5
2025-08-26T20:02:04.239,309.0601830482483,200.0,197.9,38.7,0,8,BAKE,196.2,199.5,196.2,199.5
2025-08-26T20:02:04.534,309.35440015792847,200.0,197.8,38.6,0,8,BAKE,196.2,199.2,196.2,199.2
2025-08-26T20:02:04.770,309.59035205841064,200.0,197.9,38.6,0,8,BAKE,196.2,199.5,196.2,199.5
2025-08-26T20:02:05.006,309.82714319229126,200.0,197.9,38.7,0,8,BAKE,196.2,199.5,196.2,199.5
2025-08-26T20:02:05.304,310.1250422000885,200.0,198.0,38.7,0,8,BAKE,196.5,199.5,196.5,199.5
2025-08-26T20:02:05.312,310.13273215293884,200.0,198.0,38.6,0,8,BAKE,196.5,199.5,196.5,199.5
2025-08-26T20:02:05.317,310.13753604888916,,198.0,38.6,,,PASSIVE,196.5,199.5,,
2025-08-26T20:02:05.772,310.5931260585785,200.0,198.1,38.6,0,8,BAKE,196.2,200.0,196.2,200.0
2025-08-26T20:02:06.007,310.8281672000885,200.0,198.1,38.7,0,8,BAKE,196.5,199.8,196.5,199.8
2025-08-26T20:02:06.304,311.1246440410614,200.0,198.2,38.7,0,8,BAKE,196.8,199.8,196.8,199.8
2025-08-26T20:02:06.538,311.3588991165161,200.0,198.2,38.7,0,8,BAKE,196.5,200.0,196.5,200.0
2025-08-26T20:02:06.775,311.5953960418701,200.0,198.4,38.7,0,8,BAKE,196.5,200.2,196.5,200.2
2025-08-26T20:02:07.011,311.83172702789307,200.0,198.4,38.7,0,8,BAKE,196.8,200.0,196.8,200.0
2025-08-26T20:02:07.239,312.05934405326843,200.0,198.2,38.7,0,8,BAKE,196.8,199.8,196.8,199.8
2025-08-26T20:02:07.525,312.34570503234863,200.0,198.2,38.7,0,8,BAKE,196.5,200.0,196.5,200.0
2025-08-26T20:02:07.755,312.57561707496643,200.0,198.1,38.7,0,8,BAKE,196.5,199.8,196.5,199.8
2025-08-26T20:02:08.051,312.8713541030884,200.0,198.2,38.7,0,8,BAKE,196.8,199.8,196.8,199.8
2025-08-26T20:02:08.284,313.10503220558167,200.0,198.1,38.6,0,8,BAKE,196.5,199.8,196.5,199.8
2025-08-26T20:02:08.523,313.34395813941956,200.0,198.1,38.7,0,8,BAKE,196.5,199.8,196.5,199.8
2025-08-26T20:02:08.758,313.5787091255188,200.0,198.2,38.7,0,8,BAKE,196.8,199.8,196.8,199.8
2025-08-26T20:02:08.993,313.81392121315,200.0,198.0,38.7,0,8,BAKE,196.8,199.2,196.8,199.2
2025-08-26T20:02:09.286,314.1065230369568,200.0,198.0,38.6,0,8,BAKE,196.8,199.2,196.8,199.2
2025-08-26T20:02:09.519,314.33940410614014,200.0,198.1,38.7,0,8,BAKE,196.8,199.5,196.8,199.5
2025-08-26T20:02:09.819,314.6397840976715,200.0,198.1,38.7,0,8,BAKE,196.8,199.5,196.8,199.5
2025-08-26T20:02:09.994,314.81519412994385,200.0,198.0,38.7,0,8,BAKE,196.8,199.2,196.8,199.2
2025-08-26T20:02:10.289,315.10966420173645,200.0,198.0,38.7,0,8,BAKE,196.5,199.5,196.5,199.5
2025-08-26T20:02:10.521,315.34230518341064,200.0,198.1,38.7,0,8,BAKE,196.5,199.8,196.5,199.8
2025-08-26T20:02:10.756,315.5764410495758,200.0,198.1,38.7,0,8,BAKE,196.5,199.8,196.5,199.8
2025-08-26T20:02:11.052,315.8731291294098,200.0,197.9,38.7,0,8,BAKE,196.5,199.2,196.5,199.2
2025-08-26T20:02:11.292,316.1124930381775,200.0,197.8,38.7,0,8,BAKE,196.5,199.0,196.5,199.0
2025-08-26T20:02:11.529,316.34938311576843,200.0,197.9,38.7,0,8,BAKE,196.5,199.2,196.5,199.2
2025-08-26T20:02:11.763,316.5842480659485,200.0,197.9,38.7,0,8,BAKE,196.5,199.2,196.5,199.2
2025-08-26T20:02:11.999,316.8194811344147,200.0,198.0,38.7,0,8,BAKE,196.5,199.5,196.5,199.5
2025-08-26T20:02:12.291,317.11172008514404,200.0,197.9,38.7,0,8,BAKE,196.5,199.2,196.5,199.2
2025-08-26T20:02:12.523,317.34385919570923,200.0,197.4,38.7,0,8,BAKE,196.0,198.8,196.0,198.8
2025-08-26T20:02:12.752,317.573096036911,200.0,197.6,38.7,0,8,BAKE,196.2,199.0,196.2,199.0
2025-08-26T20:02:13.050,317.871178150177,200.0,197.5,38.7,0,8,BAKE,196.0,199.0,196.0,199.0
2025-08-26T20:02:13.282,318.10306310653687,200.0,197.4,38.7,0,8,BAKE,196.0,198.8,196.0,198.8
2025-08-26T20:02:13.518,318.33917808532715,200.0,197.4,38.7,0,8,BAKE,196.2,198.5,196.2,198.5
2025-08-26T20:02:13.819,318.63950204849243,200.0,197.2,38.7,0,8,BAKE,196.0,198.5,196.0,198.5
2025-08-26T20:02:13.994,318.81508922576904,200.0,197.2,38.8,0,8,BAKE,195.8,198.8,195.8,198.8
2025-08-26T20:02:14.287,319.1081690788269,200.0,197.1,38.8,0,8,BAKE,195.8,198.5,195.8,198.5
2025-08-26T20:02:14.520,319.340528011322,200.0,197.1,38.8,0,8,BAKE,195.5,198.8,195.5,198.8
2025-08-26T20:02:14.755,319.57575511932373,200.0,197.1,38.7,0,8,BAKE,195.5,198.8,195.5,198.8
2025-08-26T20:02:14.990,319.81054306030273,200.0,197.0,38.7,0,8,BAKE,195.5,198.5,195.5,198.5
2025-08-26T20:02:15.279,320.09956216812134,200.0,197.0,38.8,0,8,BAKE,195.5,198.5,195.5,198.5
2025-08-26T20:02:15.311,320.131844997406,,197.0,38.8,,,PASSIVE,195.5,198.5,,
2025-08-26T20:02:15.519,320.3396360874176,200.0,196.9,38.7,59,8,BAKE,195.2,198.5,195.2,198.5
2025-08-26T20:02:15.753,320.5736961364746,200.0,196.9,38.8,59,8,BAKE,195.2,198.5,195.2,198.5
2025-08-26T20:02:15.989,320.81024408340454,200.0,196.6,38.8,104,8,BAKE,195.2,198.0,195.2,198.0
2025-08-26T20:02:16.283,321.10353922843933,200.0,196.5,38.7,86,8,BAKE,195.0,198.0,195.0,198.0
2025-08-26T20:02:16.518,321.3383231163025,200.0,196.4,38.7,88,8,BAKE,194.8,198.0,194.8,198.0
2025-08-26T20:02:16.818,321.639267206192,200.0,196.5,38.8,46,8,BAKE,194.8,198.2,194.8,198.2
2025-08-26T20:02:16.994,321.8147602081299,200.0,196.4,38.8,88,8,BAKE,194.8,198.0,194.8,198.0
2025-08-26T20:02:17.286,322.10652899742126,200.0,196.4,38.8,68,8,BAKE,194.8,198.0,194.8,198.0
2025-08-26T20:02:17.524,322.3444471359253,200.0,196.4,38.8,68,8,BAKE,194.8,198.0,194.8,198.0
2025-08-26T20:02:17.758,322.5791480541229,200.0,196.2,38.8,91,8,BAKE,194.5,198.0,194.5,198.0
2025-08-26T20:02:18.059,322.8800950050354,200.0,196.2,38.8,71,8,BAKE,194.5,198.0,194.5,198.0
2025-08-26T20:02:18.237,323.05785608291626,200.0,196.0,38.8,116,8,BAKE,194.2,197.8,194.2,197.8
2025-08-26T20:02:18.527,323.347323179245,200.0,195.9,38.7,98,8,BAKE,194.2,197.5,194.2,197.5
2025-08-26T20:02:18.761,323.58163118362427,200.0,195.6,38.8,123,8,BAKE,194.0,197.2,194.0,197.2
2025-08-26T20:02:18.997,323.81771516799927,200.0,195.6,38.8,83,8,BAKE,194.0,197.2,194.0,197.2
2025-08-26T20:02:19.291,324.1121380329132,200.0,195.6,38.8,83,8,BAKE,193.8,197.5,193.8,197.5
2025-08-26T20:02:19.524,324.34482502937317,200.0,195.5,38.8,105,8,BAKE,193.8,197.2,193.8,197.2
2025-08-26T20:02:19.752,324.5732681751251,200.0,195.6,38.8,63,8,BAKE,193.8,197.5,193.8,197.5
2025-08-26T20:02:19.989,324.8097882270813,200.0,195.4,38.8,128,8,BAKE,193.5,197.2,193.5,197.2
2025-08-26T20:02:20.283,325.10383319854736,200.0,195.6,38.8,43,8,BAKE,193.8,197.5,193.8,197.5
2025-08-26T20:02:20.518,325.33838415145874,200.0,195.2,38.8,150,8,BAKE,193.5,197.0,193.5,197.0
2025-08-26T20:02:20.812,325.6326620578766,200.0,195.2,38.8,90,8,BAKE,193.5,197.0,193.5,197.0
2025-08-26T20:02:20.986,325.8068301677704,200.0,195.1,38.7,112,8,BAKE,193.5,196.8,193.5,196.8
2025-08-26T20:02:21.274,326.0950770378113,200.0,195.1,38.8,92,8,BAKE,193.5,196.8,193.5,196.8
2025-08-26T20:02:21.504,326.32511806488037,200.0,195.1,38.8,92,8,BAKE,193.5,196.8,193.5,196.8
2025-08-26T20:02:21.800,326.6204090118408,200.0,195.2,38.8,70,8,BAKE,193.5,197.0,193.5,197.0
2025-08-26T20:02:22.036,326.8563950061798,200.0,194.9,38.8,157,8,BAKE,193.2,196.5,193.2,196.5
2025-08-26T20:02:22.270,327.09064412117004,200.0,194.9,38.8,97,8,BAKE,193.0,196.8,193.0,196.8
2025-08-26T20:02:22.498,327.31834506988525,200.0,194.9,38.8,97,8,BAKE,193.0,196.8,193.0,196.8
2025-08-26T20:02:22.798,327.6185691356659,200.0,194.9,38.8,97,8,BAKE,193.0,196.8,193.0,196.8
2025-08-26T20:02:23.039,327.8601350784302,200.0,195.0,38.8,75,8,BAKE,193.2,196.8,193.2,196.8
2025-08-26T20:02:23.282,328.1029031276703,200.0,194.9,38.8,117,8,BAKE,193.2,196.5,193.2,196.5
2025-08-26T20:02:23.522,328.3431010246277,200.0,194.6,38.8,142,8,BAKE,193.0,196.2,193.0,196.2
2025-08-26T20:02:23.823,328.6435182094574,200.0,194.5,38.8,124,8,BAKE,193.0,196.0,193.0,196.0
2025-08-26T20:02:23.996,328.81699800491333,200.0,194.6,38.8,82,8,BAKE,193.0,196.2,193.0,196.2
2025-08-26T20:02:24.236,329.057088136673,200.0,194.6,38.8,102,8,BAKE,193.0,196.2,193.0,196.2
2025-08-26T20:02:24.531,329.35153222084045,200.0,194.5,38.8,124,8,BAKE,192.8,196.2,192.8,196.2
2025-08-26T20:02:24.766,329.58717703819275,200.0,194.5,38.8,105,8,BAKE,193.0,196.0,193.0,196.0
2025-08-26T20:02:25.063,329.88429713249207,200.0,194.6,38.8,82,8,BAKE,193.0,196.2,193.0,196.2
2025-08-26T20:02:25.237,330.0573651790619,200.0,194.5,38.8,125,8,BAKE,193.0,196.0,193.0,196.0
2025-08-26T20:02:25.287,330.1074330806732,200.0,194.1,38.8,172,8,BAKE,192.8,195.5,192.8,195.5
2025-08-26T20:02:25.342,330.16318106651306,,194.15,38.8,,,PASSIVE,192.8,195.5,,
2025-08-26T20:02:25.757,330.57763504981995,200.0,194.1,38.8,112,8,BAKE,193.0,195.2,193.0,195.2
2025-08-26T20:02:25.988,330.8089871406555,200.0,194.1,38.8,112,8,BAKE,193.0,195.2,193.0,195.2
2025-08-26T20:02:26.282,331.1031951904297,200.0,194.4,38.8,67,8,BAKE,193.0,195.8,193.0,195.8
2025-08-26T20:02:26.517,331.3379762172699,200.0,194.1,38.9,152,8,BAKE,193.0,195.2,193.0,195.2
2025-08-26T20:02:26.747,331.5677101612091,200.0,194.1,38.8,112,8,BAKE,193.0,195.2,193.0,195.2
2025-08-26T20:02:27.041,331.86230301856995,200.0,194.1,38.8,112,8,BAKE,193.0,195.2,193.0,195.2
2025-08-26T20:02:27.274,332.09523010253906,200.0,194.4,38.8,67,8,BAKE,193.2,195.5,193.2,195.5
2025-08-26T20:02:27.503,332.32399320602417,200.0,194.4,38.8,107,8,BAKE,193.2,195.5,193.2,195.5
2025-08-26T20:02:27.803,332.62422013282776,200.0,194.1,38.8,152,8,BAKE,193.0,195.2,193.0,195.2
2025-08-26T20:02:27.981,332.8016691207886,200.0,194.1,38.8,112,8,BAKE,193.0,195.2,193.0,195.2
2025-08-26T20:02:28.276,333.0966761112213,200.0,194.2,38.8,90,8,BAKE,193.0,195.5,193.0,195.5
2025-08-26T20:02:28.512,333.3327090740204,200.0,194.1,38.8,132,8,BAKE,193.0,195.2,193.0,195.2
2025-08-26T20:02:28.748,333.5685381889343,200.0,194.1,38.8,112,8,BAKE,193.0,195.2,193.0,195.2
2025-08-26T20:02:29.042,333.8631842136383,200.0,194.2,38.8,90,8,BAKE,193.0,195.5,193.0,195.5
2025-08-26T20:02:29.273,334.0939910411835,200.0,194.2,38.8,110,8,BAKE,193.0,195.5,193.0,195.5
2025-08-26T20:02:29.502,334.3231761455536,200.0,194.1,38.8,132,8,BAKE,193.0,195.2,193.0,195.2
2025-08-26T20:02:29.736,334.5568470954895,200.0,194.1,38.8,112,8,BAKE,193.0,195.2,193.0,195.2
2025-08-26T20:02:30.026,334.84706711769104,200.0,194.1,38.8,112,8,BAKE,193.0,195.2,193.0,195.2
2025-08-26T20:02:30.263,335.0835540294647,200.0,194.4,38.8,67,8,BAKE,193.2,195.5,193.2,195.5
2025-08-26T20:02:30.498,335.31838822364807,200.0,194.2,38.8,130,8,BAKE,193.2,195.2,193.2,195.2
2025-08-26T20:02:30.788,335.608952999115,200.0,194.4,38.8,87,8,BAKE,193.2,195.5,193.2,195.5
2025-08-26T20:02:31.021,335.84210205078125,200.0,194.5,38.8,85,8,BAKE,193.2,195.8,193.2,195.8
2025-08-26T20:02:31.256,336.07712507247925,200.0,194.4,38.9,127,8,BAKE,193.2,195.5,193.2,195.5
2025-08-26T20:02:31.491,336.3120491504669,200.0,194.4,38.8,107,8,BAKE,193.2,195.5,193.2,195.5
2025-08-26T20:02:31.785,336.605975151062,200.0,194.2,38.8,130,8,BAKE,193.2,195.2,193.2,195.2
2025-08-26T20:02:32.023,336.84359407424927,200.0,194.2,38.9,110,8,BAKE,193.2,195.2,193.2,195.2
2025-08-26T20:02:32.250,337.07079219818115,200.0,194.1,38.8,132,8,BAKE,193.5,194.8,193.5,194.8
2025-08-26T20:02:32.536,337.3569440841675,200.0,194.0,38.8,135,8,BAKE,193.2,194.8,193.2,194.8
2025-08-26T20:02:32.769,337.5901641845703,200.0,194.2,38.9,70,8,BAKE,193.5,195.0,193.5,195.0
2025-08-26T20:02:33.004,337.8248460292816,200.0,194.1,38.8,132,8,BAKE,193.2,195.0,193.2,195.0
2025-08-26T20:02:33.242,338.06298422813416,200.0,194.6,38.9,23,8,BAKE,193.5,195.8,193.5,195.8
2025-08-26T20:02:33.532,338.35285210609436,200.0,194.6,38.9,103,8,BAKE,193.5,195.8,193.5,195.8
2025-08-26T20:02:33.768,338.5883231163025,200.0,194.6,38.8,103,8,BAKE,193.5,195.8,193.5,195.8
2025-08-26T20:02:34.002,338.823203086853,200.0,194.8,38.8,80,8,BAKE,193.5,196.0,193.5,196.0
2025-08-26T20:02:34.299,339.1200020313263,200.0,194.6,38.8,123,8,BAKE,193.5,195.8,193.5,195.8
2025-08-26T20:02:34.539,339.3594331741333,200.0,194.8,38.8,80,8,BAKE,193.5,196.0,193.5,196.0
2025-08-26T20:02:34.772,339.5924081802368,200.0,194.6,38.9,123,8,BAKE,193.8,195.5,193.8,195.5
2025-08-26T20:02:35.008,339.8291070461273,200.0,194.9,38.9,58,8,BAKE,194.0,195.8,194.0,195.8
2025-08-26T20:02:35.236,340.05681705474854,200.0,194.8,38.8,120,8,BAKE,193.8,195.8,193.8,195.8
2025-08-26T20:02:35.290,340.1106321811676,200.0,194.9,38.9,78,8,BAKE,194.0,195.8,194.0,195.8
2025-08-26T20:02:35.309,340.1296980381012,,194.9,38.9,,,PASSIVE,194.0,195.8,,
2025-08-26T20:02:35.765,340.58564615249634,200.0,194.9,38.9,98,8,BAKE,193.8,196.0,193.8,196.0
2025-08-26T20:02:36.002,340.82284116744995,200.0,195.0,38.9,76,8,BAKE,194.0,196.0,194.0,196.0
2025-08-26T20:02:36.293,341.11376118659973,200.0,194.9,38.9,118,8,BAKE,194.0,195.8,194.0,195.8
2025-08-26T20:02:36.532,341.3532772064209,200.0,194.8,38.9,121,8,BAKE,194.0,195.5,194.0,195.5
2025-08-26T20:02:36.767,341.5882270336151,200.0,194.8,38.9,101,8,BAKE,194.0,195.5,194.0,195.5
2025-08-26T20:02:37.002,341.82307505607605,200.0,195.1,38.9,33,8,BAKE,194.0,196.2,194.0,196.2
2025-08-26T20:02:37.293,342.1139030456543,200.0,195.2,38.9,71,8,BAKE,194.2,196.2,194.2,196.2
2025-08-26T20:02:37.532,342.3530321121216,200.0,194.8,38.9,181,8,BAKE,194.0,195.5,194.0,195.5
2025-08-26T20:02:37.831,342.6515860557556,200.0,195.0,38.9,56,8,BAKE,194.2,195.8,194.2,195.8
2025-08-26T20:02:38.006,342.8265001773834,200.0,195.0,38.9,96,8,BAKE,194.2,195.8,194.2,195.8
2025-08-26T20:02:38.242,343.0623981952667,200.0,194.9,38.9,118,8,BAKE,194.2,195.5,194.2,195.5
2025-08-26T20:02:38.535,343.3561429977417,200.0,194.9,38.9,98,8,BAKE,194.2,195.5,194.2,195.5
2025-08-26T20:02:38.770,343.59093022346497,200.0,195.0,38.9,76,8,BAKE,194.2,195.8,194.2,195.8
2025-08-26T20:02:39.005,343.8258352279663,200.0,195.0,38.9,96,8,BAKE,194.2,195.8,194.2,195.8
2025-08-26T20:02:39.235,344.05552911758423,200.0,195.0,38.9,96,8,BAKE,194.5,195.5,194.5,195.5
2025-08-26T20:02:39.529,344.34984016418457,200.0,195.0,38.9,96,8,BAKE,194.5,195.5,194.5,195.5
2025-08-26T20:02:39.764,344.5844051837921,200.0,194.9,39.0,118,8,BAKE,194.8,195.0,194.8,195.0
2025-08-26T20:02:40.001,344.82164907455444,200.0,194.9,38.9,98,8,BAKE,194.2,195.5,194.2,195.5
2025-08-26T20:02:40.293,345.1137330532074,200.0,195.1,38.9,54,8,BAKE,194.8,195.5,194.8,195.5
2025-08-26T20:02:40.529,345.3496370315552,200.0,195.1,38.9,94,8,BAKE,194.5,195.8,194.5,195.8
2025-08-26T20:02:40.762,345.5825791358948,200.0,195.1,38.9,94,8,BAKE,194.2,196.0,194.2,196.0
2025-08-26T20:02:40.999,345.8193311691284,200.0,195.2,38.9,71,8,BAKE,194.5,196.0,194.5,196.0
2025-08-26T20:02:41.292,346.11313009262085,200.0,195.5,38.9,47,8,BAKE,194.8,196.2,194.8,196.2
2025-08-26T20:02:41.532,346.3526132106781,200.0,195.4,38.9,109,8,BAKE,194.5,196.2,194.5,196.2
2025-08-26T20:02:41.766,346.58646416664124,200.0,195.4,38.9,89,8,BAKE,194.5,196.2,194.5,196.2
2025-08-26T20:02:41.994,346.81515622138977,200.0,195.5,38.9,67,8,BAKE,194.5,196.5,194.5,196.5
2025-08-26T20:02:42.289,347.10935521125793,200.0,195.5,38.9,87,8,BAKE,194.8,196.2,194.8,196.2
2025-08-26T20:02:42.522,347.34274220466614,200.0,195.5,38.9,87,8,BAKE,194.8,196.2,194.8,196.2
2025-08-26T20:02:42.757,347.5779621601105,200.0,195.8,38.9,42,8,BAKE,195.0,196.5,195.0,196.5
2025-08-26T20:02:42.987,347.80787920951843,200.0,195.9,39.0,60,8,BAKE,195.0,196.8,195.0,196.8
2025-08-26T20:02:43.278,348.0983281135559,200.0,195.8,38.9,102,8,BAKE,194.8,196.8,194.8,196.8
2025-08-26T20:02:43.504,348.3247001171112,200.0,195.8,38.9,82,8,BAKE,194.8,196.8,194.8,196.8
2025-08-26T20:02:43.739,348.5596830844879,200.0,196.0,39.0,37,8,BAKE,195.0,197.0,195.0,197.0
2025-08-26T20:02:44.033,348.8541750907898,200.0,195.8,38.9,122,8,BAKE,195.0,196.5,195.0,196.5
2025-08-26T20:02:44.268,349.0888180732727,200.0,196.1,39.0,15,8,BAKE,195.2,197.0,195.2,197.0
2025-08-26T20:02:44.505,349.32580518722534,200.0,196.1,38.9,75,8,BAKE,195.2,197.0,195.2,197.0
2025-08-26T20:02:44.793,349.61412715911865,200.0,196.1,38.9,75,8,BAKE,195.2,197.0,195.2,197.0
2025-08-26T20:02:45.033,349.85358905792236,200.0,196.2,38.9,53,8,BAKE,195.2,197.2,195.2,197.2
2025-08-26T20:02:45.269,350.0896110534668,200.0,196.2,38.9,73,8,BAKE,195.5,197.0,195.5,197.0
2025-08-26T20:02:45.278,350.0989480018616,200.0,196.0,38.9,117,8,BAKE,195.2,196.8,195.2,196.8
2025-08-26T20:02:45.305,350.1257359981537,,196.0,38.9,,,PASSIVE,195.2,196.8,,
2025-08-26T20:02:45.752,350.5724241733551,200.0,195.9,38.9,100,8,BAKE,195.2,196.5,195.2,196.5
2025-08-26T20:02:46.052,350.8732340335846,200.0,196.2,38.9,13,8,BAKE,195.5,197.0,195.5,197.0
2025-08-26T20:02:46.291,351.1116530895233,200.0,196.2,38.9,73,8,BAKE,195.2,197.2,195.2,197.2
2025-08-26T20:02:46.527,351.34773421287537,200.0,196.2,38.9,73,8,BAKE,195.5,197.0,195.5,197.0
2025-08-26T20:02:46.760,351.58043813705444,200.0,196.4,38.9,50,8,BAKE,195.5,197.2,195.5,197.2
2025-08-26T20:02:46.996,351.81651616096497,200.0,196.2,39.0,93,8,BAKE,195.5,197.0,195.5,197.0
2025-08-26T20:02:47.290,352.1111741065979,200.0,196.1,38.9,95,8,BAKE,195.5,196.8,195.5,196.8
2025-08-26T20:02:47.522,352.3427860736847,200.0,196.1,39.0,75,8,BAKE,195.8,196.5,195.8,196.5
2025-08-26T20:02:47.750,352.5704882144928,200.0,196.1,39.0,75,8,BAKE,195.8,196.5,195.8,196.5
2025-08-26T20:02:47.986,352.8063461780548,200.0,196.0,38.9,97,8,BAKE,195.5,196.5,195.5,196.5
2025-08-26T20:02:48.280,353.10108518600464,200.0,195.9,38.9,100,8,BAKE,195.8,196.0,195.8,196.0
2025-08-26T20:02:48.518,353.33882308006287,200.0,196.0,39.0,57,8,BAKE,195.8,196.2,195.8,196.2
2025-08-26T20:02:48.813,353.6342911720276,200.0,195.9,39.0,100,8,BAKE,195.8,196.0,195.8,196.0
2025-08-26T20:02:48.988,353.809278011322,200.0,196.1,39.0,35,8,BAKE,196.0,196.2,196.0,196.2
2025-08-26T20:02:49.281,354.1022090911865,200.0,195.9,38.9,120,8,BAKE,195.8,196.0,195.8,196.0
2025-08-26T20:02:49.519,354.34027004241943,200.0,196.1,39.0,35,8,BAKE,195.8,196.5,195.8,196.5
2025-08-26T20:02:49.751,354.57201409339905,200.0,196.0,39.0,97,8,BAKE,195.8,196.2,195.8,196.2
2025-08-26T20:02:49.985,354.80618715286255,200.0,196.0,39.0,78,8,BAKE,196.0,196.0,196.0,196.0
2025-08-26T20:02:50.278,355.0987391471863,200.0,196.1,39.0,55,8,BAKE,196.0,196.2,196.0,196.2
2025-08-26T20:02:50.504,355.3252432346344,200.0,195.8,39.0,142,8,BAKE,195.8,195.8,195.8,195.8
2025-08-26T20:02:50.736,355.55666518211365,200.0,195.9,38.9,60,8,BAKE,196.0,195.8,196.0,195.8
2025-08-26T20:02:51.027,355.8476541042328,200.0,195.9,39.0,80,8,BAKE,196.0,195.8,196.0,195.8
2025-08-26T20:02:51.264,356.08472514152527,200.0,196.0,39.0,58,8,BAKE,196.0,196.0,196.0,196.0
2025-08-26T20:02:51.500,356.32104110717773,200.0,195.8,39.0,122,8,BAKE,196.0,195.5,196.0,195.5
2025-08-26T20:02:51.788,356.60900712013245,200.0,195.8,39.0,82,8,BAKE,196.0,195.5,196.0,195.5
2025-08-26T20:02:52.025,356.84556818008423,200.0,195.8,39.0,82,8,BAKE,196.0,195.5,196.0,195.5
2025-08-26T20:02:52.261,357.082307100296,200.0,195.8,39.0,82,8,BAKE,196.0,195.5,196.0,195.5
2025-08-26T20:02:52.488,357.3091330528259,200.0,195.8,39.0,82,8,BAKE,196.0,195.5,196.0,195.5
2025-08-26T20:02:52.781,357.6020550727844,200.0,195.8,39.0,82,8,BAKE,196.0,195.5,196.0,195.5
2025-08-26T20:02:53.018,357.83913707733154,200.0,195.8,39.0,82,8,BAKE,196.0,195.5,196.0,195.5
2025-08-26T20:02:53.254,358.07475900650024,200.0,195.8,39.1,82,8,BAKE,196.2,195.2,196.2,195.2
2025-08-26T20:02:53.486,358.306440114975,200.0,195.6,39.0,105,8,BAKE,196.0,195.2,196.0,195.2
2025-08-26T20:02:53.780,358.6004431247711,200.0,195.6,39.0,85,8,BAKE,196.0,195.2,196.0,195.2
2025-08-26T20:02:54.017,358.8380980491638,200.0,195.8,39.0,62,8,BAKE,196.2,195.2,196.2,195.2
2025-08-26T20:02:54.255,359.0756461620331,200.0,195.8,39.0,82,8,BAKE,196.0,195.5,196.0,195.5
2025-08-26T20:02:54.554,359.37478017807007,200.0,195.6,39.0,105,8,BAKE,196.0,195.2,196.0,195.2
2025-08-26T20:02:54.793,359.61370301246643,200.0,195.9,39.0,40,8,BAKE,196.0,195.8,196.0,195.8
2025-08-26T20:02:55.032,359.8527820110321,200.0,195.9,39.0,80,8,BAKE,196.0,195.8,196.0,195.8
2025-08-26T20:02:55.269,360.08964705467224,200.0,195.8,39.0,103,8,BAKE,195.8,195.8,195.8,195.8
2025-08-26T20:02:55.299,360.1202812194824,,195.8,39.0,,,PASSIVE,195.8,195.8,,
2025-08-26T20:02:55.510,360.33032608032227,200.0,196.0,39.0,38,8,BAKE,196.2,195.8,196.2,195.8
2025-08-26T20:02:55.801,360.6217381954193,200.0,196.0,39.0,78,8,BAKE,196.0,196.0,196.0,196.0
2025-08-26T20:02:55.976,360.79715609550476,200.0,196.1,39.0,55,8,BAKE,196.5,195.8,196.5,195.8
2025-08-26T20:02:56.265,361.08548402786255,200.0,196.1,39.0,75,8,BAKE,196.2,196.0,196.2,196.0
2025-08-26T20:02:56.498,361.31908321380615,200.0,195.8,39.0,143,8,BAKE,196.0,195.5,196.0,195.5
2025-08-26T20:02:56.791,361.6118321418762,200.0,195.8,39.0,83,8,BAKE,196.2,195.2,196.2,195.2
2025-08-26T20:02:57.030,361.85089015960693,200.0,195.8,39.0,83,8,BAKE,196.2,195.2,196.2,195.2
2025-08-26T20:02:57.265,362.08595609664917,200.0,195.9,39.0,60,8,BAKE,196.2,195.5,196.2,195.5
2025-08-26T20:02:57.493,362.31426310539246,200.0,195.8,39.0,103,8,BAKE,196.0,195.5,196.0,195.5
2025-08-26T20:02:57.787,362.60807514190674,200.0,195.6,39.0,105,8,BAKE,196.0,195.2,196.0,195.2
2025-08-26T20:02:58.026,362.8471140861511,200.0,195.6,39.1,85,8,BAKE,196.2,195.0,196.2,195.0
2025-08-26T20:02:58.259,363.0798840522766,200.0,195.6,39.0,85,8,BAKE,196.2,195.0,196.2,195.0
2025-08-26T20:02:58.491,363.3115060329437,200.0,195.6,39.1,85,8,BAKE,196.2,195.0,196.2,195.0
2025-08-26T20:02:58.782,363.6025950908661,200.0,195.8,39.0,63,8,BAKE,196.2,195.2,196.2,195.2
2025-08-26T20:02:59.014,363.8344581127167,200.0,195.6,39.1,105,8,BAKE,196.2,195.0,196.2,195.0
2025-08-26T20:02:59.249,364.0700831413269,200.0,195.8,39.1,63,8,BAKE,196.5,195.0,196.5,195.0
2025-08-26T20:02:59.485,364.3054220676422,200.0,195.6,39.0,105,8,BAKE,196.5,194.8,196.5,194.8
2025-08-26T20:02:59.779,364.59950613975525,200.0,195.5,39.0,108,8,BAKE,196.2,194.8,196.2,194.8
2025-08-26T20:03:00.015,364.8362100124359,200.0,195.4,39.1,110,8,BAKE,196.2,194.5,196.2,194.5
2025-08-26T20:03:00.247,365.067312002182,200.0,195.5,39.1,68,8,BAKE,196.2,194.8,196.2,194.8
2025-08-26T20:03:00.537,365.35795521736145,200.0,195.6,39.1,65,8,BAKE,196.2,195.0,196.2,195.0
2025-08-26T20:03:00.770,365.5909991264343,200.0,195.4,39.1,130,8,BAKE,196.2,194.5,196.2,194.5
2025-08-26T20:03:01.005,365.82614302635193,200.0,195.2,39.1,112,8,BAKE,196.2,194.2,196.2,194.2
2025-08-26T20:03:01.240,366.06099820137024,200.0,195.5,39.1,48,8,BAKE,196.2,194.8,196.2,194.8
2025-08-26T20:03:01.530,366.35074520111084,200.0,195.6,39.1,65,8,BAKE,196.5,194.8,196.5,194.8
2025-08-26T20:03:01.768,366.5888481140137,200.0,195.6,39.1,85,8,BAKE,196.2,195.0,196.2,195.0
2025-08-26T20:03:02.003,366.82360100746155,200.0,195.5,39.0,108,8,BAKE,196.2,194.8,196.2,194.8
2025-08-26T20:03:02.299,367.12016010284424,200.0,195.1,39.1,155,8,BAKE,196.2,194.0,196.2,194.0
2025-08-26T20:03:02.535,367.3563001155853,200.0,195.5,39.1,28,8,BAKE,196.5,194.5,196.5,194.5
2025-08-26T20:03:02.770,367.59050822257996,200.0,195.4,39.1,110,8,BAKE,196.5,194.2,196.5,194.2
2025-08-26T20:03:03.007,367.8273751735687,200.0,195.2,39.1,112,8,BAKE,196.5,194.0,196.5,194.0
2025-08-26T20:03:03.232,368.0533092021942,200.0,195.4,39.1,70,8,BAKE,196.5,194.2,196.5,194.2
2025-08-26T20:03:03.527,368.34755301475525,200.0,195.5,39.1,68,8,BAKE,196.5,194.5,196.5,194.5
2025-08-26T20:03:03.764,368.5845320224762,200.0,195.8,39.1,43,8,BAKE,196.8,194.8,196.8,194.8
2025-08-26T20:03:03.999,368.8202631473541,200.0,195.6,39.1,105,8,BAKE,196.5,194.8,196.5,194.8
2025-08-26T20:03:04.300,369.12057399749756,200.0,195.5,39.1,108,8,BAKE,196.5,194.5,196.5,194.5
2025-08-26T20:03:04.536,369.3568150997162,200.0,195.8,39.1,43,8,BAKE,196.8,194.8,196.8,194.8
2025-08-26T20:03:04.775,369.5958631038666,200.0,195.8,39.1,83,8,BAKE,196.8,194.8,196.8,194.8
2025-08-26T20:03:05.012,369.8324110507965,200.0,195.8,39.1,83,8,BAKE,196.5,195.0,196.5,195.0
2025-08-26T20:03:05.248,370.0685861110687,200.0,195.9,39.1,61,8,BAKE,196.5,195.2,196.5,195.2
2025-08-26T20:03:05.257,370.07793521881104,200.0,195.9,39.1,81,8,BAKE,196.5,195.2,196.5,195.2
2025-08-26T20:03:05.306,370.12668108940125,,195.85,39.1,,,PASSIVE,196.5,195.2,,
2025-08-26T20:03:05.780,370.60116314888,200.0,196.1,39.1,36,8,BAKE,196.8,195.5,196.8,195.5
2025-08-26T20:03:06.012,370.8329391479492,200.0,195.9,39.1,121,8,BAKE,196.5,195.2,196.5,195.2
2025-08-26T20:03:06.248,371.0691092014313,200.0,195.9,39.1,81,8,BAKE,196.8,195.0,196.8,195.0
2025-08-26T20:03:06.484,371.3045721054077,200.0,196.0,39.1,58,8,BAKE,196.8,195.2,196.8,195.2
2025-08-26T20:03:06.776,371.59633111953735,200.0,196.1,39.2,56,8,BAKE,197.0,195.2,197.0,195.2
2025-08-26T20:03:07.014,371.8352401256561,200.0,196.1,39.2,76,8,BAKE,197.0,195.2,197.0,195.2
2025-08-26T20:03:07.245,372.0662581920624,200.0,195.9,39.1,121,8,BAKE,196.8,195.0,196.8,195.0
2025-08-26T20:03:07.540,372.36069917678833,200.0,196.0,39.1,58,8,BAKE,197.0,195.0,197.0,195.0
2025-08-26T20:03:07.776,372.5967102050781,200.0,196.1,39.1,56,8,BAKE,197.0,195.2,197.0,195.2
2025-08-26T20:03:08.013,372.83418321609497,200.0,196.1,39.2,76,8,BAKE,197.0,195.2,197.0,195.2
2025-08-26T20:03:08.250,373.0711760520935,200.0,196.4,39.2,31,8,BAKE,197.0,195.8,197.0,195.8
2025-08-26T20:03:08.539,373.35964822769165,200.0,196.2,39.1,94,8,BAKE,197.2,195.2,197.2,195.2
2025-08-26T20:03:08.776,373.59687900543213,200.0,196.1,39.1,96,8,BAKE,197.0,195.2,197.0,195.2
2025-08-26T20:03:09.013,373.8335931301117,200.0,196.4,39.2,31,8,BAKE,197.2,195.5,197.2,195.5
2025-08-26T20:03:09.250,374.07042503356934,200.0,196.5,39.2,49,8,BAKE,197.2,195.8,197.2,195.8
2025-08-26T20:03:09.537,374.3579339981079,200.0,196.2,39.2,114,8,BAKE,197.0,195.5,197.0,195.5
2025-08-26T20:03:09.772,374.59234404563904,200.0,196.0,39.2,119,8,BAKE,197.0,195.0,197.0,195.0
2025-08-26T20:03:10.007,374.82813811302185,200.0,196.1,39.2,56,8,BAKE,197.2,195.0,197.2,195.0
2025-08-26T20:03:10.235,375.0558030605316,200.0,196.1,39.2,76,8,BAKE,197.2,195.0,197.2,195.0
2025-08-26T20:03:10.527,375.34757900238037,200.0,196.0,39.2,99,8,BAKE,197.2,194.8,197.2,194.8
2025-08-26T20:03:10.764,375.58515906333923,200.0,196.0,39.2,79,8,BAKE,197.0,195.0,197.0,195.0
2025-08-26T20:03:10.998,375.81922221183777,200.0,196.0,39.2,79,8,BAKE,197.0,195.0,197.0,195.0
2025-08-26T20:03:11.299,376.1195800304413,200.0,196.2,39.2,34,8,BAKE,197.2,195.2,197.2,195.2
2025-08-26T20:03:11.476,376.29726910591125,200.0,195.9,39.2,141,8,BAKE,197.2,194.5,197.2,194.5
2025-08-26T20:03:11.769,376.5895791053772,200.0,195.8,39.2,103,8,BAKE,197.0,194.5,197.0,194.5
2025-08-26T20:03:11.999,376.8196301460266,200.0,195.8,39.2,83,8,BAKE,197.0,194.5,197.0,194.5
2025-08-26T20:03:12.233,377.0540871620178,200.0,196.0,39.2,39,8,BAKE,197.2,194.8,197.2,194.8
2025-08-26T20:03:12.527,377.347638130188,200.0,196.0,39.2,79,8,BAKE,197.2,194.8,197.2,194.8
2025-08-26T20:03:12.827,377.6480622291565,200.0,196.0,39.2,79,8,BAKE,197.2,194.8,197.2,194.8
2025-08-26T20:03:13.002,377.8229441642761,200.0,195.9,39.2,101,8,BAKE,197.2,194.5,197.2,194.5
2025-08-26T20:03:13.238,378.0588262081146,200.0,196.1,39.2,36,8,BAKE,197.2,195.0,197.2,195.0
2025-08-26T20:03:13.532,378.35328912734985,200.0,196.1,39.2,76,8,BAKE,197.2,195.0,197.2,195.0
2025-08-26T20:03:13.771,378.5922510623932,200.0,196.1,39.2,76,8,BAKE,197.2,195.0,197.2,195.0
2025-08-26T20:03:14.002,378.8227381706238,200.0,196.1,39.2,76,8,BAKE,197.2,195.0,197.2,195.0
2025-08-26T20:03:14.231,379.05162715911865,200.0,196.1,39.2,76,8,BAKE,197.2,195.0,197.2,195.0
2025-08-26T20:03:14.524,379.34449911117554,200.0,196.1,39.2,76,8,BAKE,197.2,195.0,197.2,195.0
2025-08-26T20:03:14.755,379.575453042984,200.0,196.0,39.2,99,8,BAKE,197.2,194.8,197.2,194.8
2025-08-26T20:03:14.987,379.80797815322876,200.0,196.2,39.2,34,8,BAKE,197.2,195.2,197.2,195.2
2025-08-26T20:03:15.281,380.10132217407227,200.0,196.4,39.2,52,8,BAKE,197.2,195.5,197.2,195.5
2025-08-26T20:03:15.289,380.11013317108154,200.0,196.2,39.2,94,8,BAKE,197.2,195.2,197.2,195.2
2025-08-26T20:03:15.316,380.1365611553192,,196.2,39.2,,,PASSIVE,197.2,195.2,,
2025-08-26T20:03:15.747,380.56759119033813,200.0,196.1,39.2,96,8,BAKE,197.2,195.0,197.2,195.0
2025-08-26T20:03:15.982,380.8031151294708,200.0,196.1,39.2,76,8,BAKE,197.2,195.0,197.2,195.0
2025-08-26T20:03:16.277,381.09749007225037,200.0,196.2,39.2,54,8,BAKE,197.2,195.2,197.2,195.2
2025-08-26T20:03:16.512,381.33329010009766,200.0,196.1,39.2,96,8,BAKE,197.2,195.0,197.2,195.0
2025-08-26T20:03:16.751,381.57228207588196,200.0,196.0,39.2,99,8,BAKE,197.2,194.8,197.2,194.8
2025-08-26T20:03:16.980,381.8010411262512,200.0,195.9,39.2,101,8,BAKE,197.2,194.5,197.2,194.5
2025-08-26T20:03:17.269,382.08949303627014,200.0,195.9,39.2,81,8,BAKE,197.2,194.5,197.2,194.5
2025-08-26T20:03:17.501,382.32186102867126,200.0,196.0,39.2,59,8,BAKE,197.2,194.8,197.2,194.8
2025-08-26T20:03:17.735,382.5561830997467,200.0,196.1,39.2,57,8,BAKE,197.2,195.0,197.2,195.0
2025-08-26T20:03:18.029,382.84999418258667,200.0,196.1,39.2,77,8,BAKE,197.2,195.0,197.2,195.0
2025-08-26T20:03:18.264,383.0852861404419,200.0,196.2,39.2,54,8,BAKE,197.2,195.2,197.2,195.2
2025-08-26T20:03:18.493,383.3136901855469,200.0,196.2,39.2,74,8,BAKE,197.5,195.0,197.5,195.0
2025-08-26T20:03:18.731,383.55225801467896,200.0,196.1,39.2,97,8,BAKE,197.5,194.8,197.5,194.8
2025-08-26T20:03:19.025,383.84599113464355,200.0,196.1,39.2,77,8,BAKE,197.5,194.8,197.5,194.8
2025-08-26T20:03:19.262,384.08264803886414,200.0,196.0,39.2,99,8,BAKE,197.2,194.8,197.2,194.8
2025-08-26T20:03:19.498,384.31925106048584,200.0,196.1,39.2,57,8,BAKE,197.2,195.0,197.2,195.0
2025-08-26T20:03:19.785,384.60627007484436,200.0,196.1,39.2,77,8,BAKE,197.2,195.0,197.2,195.0
2025-08-26T20:03:20.020,384.84050703048706,200.0,196.2,39.3,54,8,BAKE,197.2,195.2,197.2,195.2
2025-08-26T20:03:20.256,385.07681107521057,200.0,196.2,39.2,74,8,BAKE,197.2,195.2,197.2,195.2
2025-08-26T20:03:20.490,385.3112111091614,200.0,196.2,39.3,74,8,BAKE,197.2,195.2,197.2,195.2
2025-08-26T20:03:20.780,385.60080313682556,200.0,196.2,39.2,74,8,BAKE,197.2,195.2,197.2,195.2
2025-08-26T20:03:21.015,385.8359820842743,200.0,196.2,39.2,74,8,BAKE,197.2,195.2,197.2,195.2
2025-08-26T20:03:21.251,386.0713770389557,200.0,196.1,39.3,97,8,BAKE,197.2,195.0,197.2,195.0
2025-08-26T20:03:21.484,386.30512619018555,200.0,196.2,39.2,54,8,BAKE,197.2,195.2,197.2,195.2
2025-08-26T20:03:21.776,386.5968761444092,200.0,196.2,39.2,74,8,BAKE,197.2,195.2,197.2,195.2
2025-08-26T20:03:22.008,386.8285810947418,200.0,196.2,39.2,74,8,BAKE,197.2,195.2,197.2,195.2
2025-08-26T20:03:22.243,387.0642352104187,200.0,196.2,39.2,74,8,BAKE,197.2,195.2,197.2,195.2
2025-08-26T20:03:22.535,387.35549902915955,200.0,196.1,39.3,97,8,BAKE,197.5,194.8,197.5,194.8
2025-08-26T20:03:22.769,387.58988213539124,200.0,196.4,39.3,32,8,BAKE,197.2,195.5,197.2,195.5
2025-08-26T20:03:23.002,387.8226671218872,200.0,196.5,39.3,50,8,BAKE,197.5,195.5,197.5,195.5
2025-08-26T20:03:23.237,388.0573720932007,200.0,196.4,39.2,92,8,BAKE,197.2,195.5,197.2,195.5
2025-08-26T20:03:23.526,388.34687900543213,200.0,196.2,39.3,94,8,BAKE,197.2,195.2,197.2,195.2
2025-08-26T20:03:23.763,388.5836400985718,200.0,196.2,39.2,74,8,BAKE,197.2,195.2,197.2,195.2
2025-08-26T20:03:23.991,388.81138706207275,200.0,196.4,39.3,52,8,BAKE,197.5,195.2,197.5,195.2
2025-08-26T20:03:24.285,389.10600304603577,200.0,196.1,39.3,117,8,BAKE,197.2,195.0,197.2,195.0
2025-08-26T20:03:24.521,389.34199023246765,200.0,195.9,39.3,122,8,BAKE,197.2,194.5,197.2,194.5
2025-08-26T20:03:24.755,389.5758810043335,200.0,195.9,39.3,82,8,BAKE,197.2,194.5,197.2,194.5
2025-08-26T20:03:24.988,389.8091540336609,200.0,196.0,39.3,59,8,BAKE,197.2,194.8,197.2,194.8
2025-08-26T20:03:25.281,390.1013422012329,200.0,196.0,39.2,79,8,BAKE,197.2,194.8,197.2,194.8
2025-08-26T20:03:25.316,390.13698410987854,,196.0,39.2,,,PASSIVE,197.2,194.8,,
2025-08-26T20:03:25.526,390.34678316116333,200.0,195.8,39.3,124,8,BAKE,197.2,194.2,197.2,194.2
2025-08-26T20:03:25.763,390.58404302597046,200.0,195.8,39.3,84,8,BAKE,197.2,194.2,197.2,194.2
2025-08-26T20:03:25.997,390.81803703308105,200.0,195.6,39.3,106,8,BAKE,197.2,194.0,197.2,194.0
2025-08-26T20:03:26.232,391.0524830818176,200.0,195.6,39.2,86,8,BAKE,197.2,194.0,197.2,194.0
2025-08-26T20:03:26.525,391.3462851047516,200.0,195.6,39.3,86,8,BAKE,197.5,193.8,197.5,193.8
2025-08-26T20:03:26.826,391.64711022377014,200.0,195.5,39.3,109,8,BAKE,197.5,193.5,197.5,193.5
2025-08-26T20:03:27.001,391.8218731880188,200.0,195.5,39.3,89,8,BAKE,197.5,193.5,197.5,193.5
2025-08-26T20:03:27.237,392.05767011642456,200.0,195.2,39.2,134,8,BAKE,197.2,193.2,197.2,193.2
2025-08-26T20:03:27.527,392.3475160598755,200.0,195.6,39.3,26,8,BAKE,197.5,193.8,197.5,193.8
2025-08-26T20:03:27.765,392.58561515808105,200.0,195.2,39.3,154,8,BAKE,197.2,193.2,197.2,193.2
2025-08-26T20:03:27.999,392.82016801834106,200.0,195.4,39.3,71,8,BAKE,197.2,193.5,197.2,193.5
2025-08-26T20:03:28.229,393.04971718788147,200.0,195.2,39.3,114,8,BAKE,197.2,193.2,197.2,193.2
2025-08-26T20:03:28.524,393.34433603286743,200.0,195.5,39.3,49,8,BAKE,197.5,193.5,197.5,193.5
2025-08-26T20:03:28.755,393.5755171775818,200.0,195.5,39.3,89,8,BAKE,197.5,193.5,197.5,193.5
2025-08-26T20:03:28.990,393.8105700016022,200.0,195.2,39.3,134,8,BAKE,197.2,193.2,197.2,193.2
2025-08-26T20:03:29.284,394.10522723197937,200.0,195.2,39.3,94,8,BAKE,197.2,193.2,197.2,193.2
2025-08-26T20:03:29.522,394.3426601886749,200.0,195.2,39.4,94,8,BAKE,197.5,193.0,197.5,193.0
2025-08-26T20:03:29.751,394.5720520019531,200.0,195.4,39.3,71,8,BAKE,197.2,193.5,197.2,193.5
2025-08-26T20:03:29.986,394.80701518058777,200.0,195.5,39.4,69,8,BAKE,197.5,193.5,197.5,193.5
2025-08-26T20:03:30.281,395.1016311645508,200.0,195.4,39.3,111,8,BAKE,197.5,193.2,197.5,193.2
2025-08-26T20:03:30.519,395.33963108062744,200.0,195.1,39.3,136,8,BAKE,197.5,192.8,197.5,192.8
2025-08-26T20:03:30.752,395.5727880001068,200.0,194.9,39.3,141,8,BAKE,197.2,192.5,197.2,192.5
2025-08-26T20:03:30.976,395.79705119132996,200.0,194.8,39.3,123,8,BAKE,197.2,192.2,197.2,192.2
2025-08-26T20:03:31.267,396.0875642299652,200.0,194.8,39.3,103,8,BAKE,197.2,192.2,197.2,192.2
2025-08-26T20:03:31.498,396.31892919540405,200.0,194.8,39.4,103,8,BAKE,197.2,192.2,197.2,192.2
2025-08-26T20:03:31.733,396.5537531375885,200.0,195.1,39.3,36,8,BAKE,197.5,192.8,197.5,192.8
2025-08-26T20:03:32.027,396.84747219085693,200.0,195.1,39.4,96,8,BAKE,197.5,192.8,197.5,192.8
2025-08-26T20:03:32.261,397.0821771621704,200.0,195.2,39.3,74,8,BAKE,197.2,193.2,197.2,193.2
2025-08-26T20:03:32.490,397.3104610443115,200.0,195.2,39.3,94,8,BAKE,197.5,193.0,197.5,193.0
2025-08-26T20:03:32.785,397.606076002121,200.0,195.4,39.4,72,8,BAKE,197.8,193.0,197.8,193.0
2025-08-26T20:03:33.019,397.83997416496277,200.0,195.1,39.3,136,8,BAKE,197.5,192.8,197.5,192.8
2025-08-26T20:03:33.255,398.0761480331421,200.0,195.2,39.4,74,8,BAKE,197.8,192.8,197.8,192.8
2025-08-26T20:03:33.488,398.30831503868103,200.0,195.4,39.4,72,8,BAKE,197.8,193.0,197.8,193.0
2025-08-26T20:03:33.775,398.5959441661835,200.0,195.4,39.4,92,8,BAKE,197.5,193.2,197.5,193.2
2025-08-26T20:03:34.006,398.8270092010498,200.0,195.5,39.3,69,8,BAKE,197.5,193.5,197.5,193.5
2025-08-26T20:03:34.240,399.06044912338257,200.0,195.6,39.4,67,8,BAKE,197.5,193.8,197.5,193.8
2025-08-26T20:03:34.527,399.34744000434875,200.0,195.5,39.4,109,8,BAKE,197.2,193.8,197.2,193.8
2025-08-26T20:03:34.759,399.57963609695435,200.0,195.9,39.4,22,8,BAKE,197.5,194.2,197.5,194.2
2025-08-26T20:03:35.057,399.877473115921,200.0,195.9,39.4,82,8,BAKE,197.5,194.2,197.5,194.2
2025-08-26T20:03:35.230,400.0505111217499,200.0,196.0,39.3,60,8,BAKE,197.5,194.5,197.5,194.5
2025-08-26T20:03:35.281,400.1015410423279,200.0,196.1,39.4,57,8,BAKE,197.8,194.5,197.8,194.5
2025-08-26T20:03:35.337,400.1576430797577,,196.15,39.4,,,PASSIVE,197.8,194.5,,
2025-08-26T20:03:35.746,400.5668411254883,200.0,196.0,39.4,100,8,BAKE,197.8,194.2,197.8,194.2
2025-08-26T20:03:36.040,400.86092710494995,200.0,195.9,39.4,102,8,BAKE,197.5,194.2,197.5,194.2
2025-08-26T20:03:36.279,401.10006618499756,200.0,195.8,39.4,105,8,BAKE,197.5,194.0,197.5,194.0
2025-08-26T20:03:36.515,401.33614110946655,200.0,195.9,39.4,62,8,BAKE,197.8,194.0,197.8,194.0
2025-08-26T20:03:36.744,401.56500720977783,200.0,196.0,39.4,60,8,BAKE,197.8,194.2,197.8,194.2
2025-08-26T20:03:36.980,401.800822019577,200.0,196.0,39.4,80,8,BAKE,197.8,194.2,197.8,194.2
2025-08-26T20:03:37.274,402.09460520744324,200.0,196.0,39.4,80,8,BAKE,197.8,194.2,197.8,194.2
2025-08-26T20:03:37.509,402.33006405830383,200.0,195.6,39.4,147,8,BAKE,197.5,193.8,197.5,193.8
2025-08-26T20:03:37.807,402.6276490688324,200.0,195.9,39.4,42,8,BAKE,197.8,194.0,197.8,194.0
2025-08-26T20:03:37.977,402.7981882095337,200.0,196.0,39.4,60,8,BAKE,197.5,194.5,197.5,194.5
2025-08-26T20:03:38.272,403.09231901168823,200.0,196.0,39.4,80,8,BAKE,197.8,194.2,197.8,194.2
2025-08-26T20:03:38.509,403.32934522628784,200.0,195.9,39.4,102,8,BAKE,197.5,194.2,197.5,194.2
2025-08-26T20:03:38.740,403.56116008758545,200.0,196.1,39.4,38,8,BAKE,197.5,194.8,197.5,194.8
2025-08-26T20:03:39.031,403.8518052101135,200.0,196.0,39.4,100,8,BAKE,197.5,194.5,197.5,194.5
2025-08-26T20:03:39.266,404.08714413642883,200.0,196.0,39.4,80,8,BAKE,197.8,194.2,197.8,194.2
2025-08-26T20:03:39.496,404.31682419776917,200.0,196.0,39.4,80,8,BAKE,197.8,194.2,197.8,194.2
2025-08-26T20:03:39.731,404.5514671802521,200.0,196.0,39.4,80,8,BAKE,197.8,194.2,197.8,194.2
2025-08-26T20:03:40.025,404.8457751274109,200.0,196.2,39.4,35,8,BAKE,198.0,194.5,198.0,194.5
2025-08-26T20:03:40.262,405.0832350254059,200.0,196.1,39.4,98,8,BAKE,197.8,194.5,197.8,194.5
2025-08-26T20:03:40.498,405.3193061351776,200.0,196.0,39.4,100,8,BAKE,197.8,194.2,197.8,194.2
2025-08-26T20:03:40.789,405.6093671321869,200.0,195.8,39.4,125,8,BAKE,197.8,193.8,197.8,193.8
2025-08-26T20:03:41.022,405.84323501586914,200.0,195.8,39.5,85,8,BAKE,197.8,193.8,197.8,193.8
2025-08-26T20:03:41.260,406.0804371833801,200.0,195.9,39.4,62,8,BAKE,198.0,193.8,198.0,193.8
2025-08-26T20:03:41.496,406.31668519973755,200.0,195.9,39.4,82,8,BAKE,197.8,194.0,197.8,194.0
2025-08-26T20:03:41.730,406.5509841442108,200.0,195.6,39.4,127,8,BAKE,197.8,193.5,197.8,193.5
2025-08-26T20:03:42.015,406.83585500717163,200.0,195.5,39.4,110,8,BAKE,197.8,193.2,197.8,193.2
2025-08-26T20:03:42.250,407.0712170600891,200.0,195.8,39.4,45,8,BAKE,197.8,193.8,197.8,193.8
2025-08-26T20:03:42.486,407.3070330619812,200.0,195.6,39.4,107,8,BAKE,197.8,193.5,197.8,193.5
2025-08-26T20:03:42.779,407.5994071960449,200.0,196.0,39.5,20,8,BAKE,197.8,194.2,197.8,194.2
2025-08-26T20:03:43.011,407.8315100669861,200.0,196.0,39.4,80,8,BAKE,198.0,194.0,198.0,194.0
2025-08-26T20:03:43.247,408.0682590007782,200.0,195.9,39.5,103,8,BAKE,197.8,194.0,197.8,194.0
2025-08-26T20:03:43.533,408.3535921573639,200.0,195.8,39.4,105,8,BAKE,197.8,193.8,197.8,193.8
2025-08-26T20:03:43.766,408.5870921611786,200.0,195.6,39.4,107,8,BAKE,197.8,193.5,197.8,193.5
2025-08-26T20:03:43.998,408.8187232017517,200.0,195.9,39.5,43,8,BAKE,197.8,194.0,197.8,194.0
2025-08-26T20:03:44.234,409.0546681880951,200.0,195.8,39.5,105,8,BAKE,198.0,193.5,198.0,193.5
2025-08-26T20:03:44.526,409.34668922424316,200.0,195.8,39.4,85,8,BAKE,197.8,193.8,197.8,193.8
2025-08-26T20:03:44.763,409.58334016799927,200.0,195.9,39.5,63,8,BAKE,198.0,193.8,198.0,193.8
2025-08-26T20:03:44.991,409.81179022789,200.0,195.8,39.4,105,8,BAKE,197.8,193.8,197.8,193.8
2025-08-26T20:03:45.285,410.10595417022705,200.0,196.0,39.5,40,8,BAKE,198.0,194.0,198.0,194.0
2025-08-26T20:03:45.290,410.1108901500702,200.0,196.1,39.5,58,8,BAKE,198.0,194.2,198.0,194.2
2025-08-26T20:03:45.312,410.13330721855164,,196.1,39.5,,,PASSIVE,198.0,194.2,,
2025-08-26T20:03:45.762,410.58240008354187,200.0,196.4,39.5,33,8,BAKE,198.0,194.8,198.0,194.8
2025-08-26T20:03:45.993,410.81426906585693,200.0,196.4,39.4,73,8,BAKE,197.8,195.0,197.8,195.0
2025-08-26T20:03:46.285,411.1056661605835,200.0,196.5,39.5,51,8,BAKE,198.0,195.0,198.0,195.0
2025-08-26T20:03:46.524,411.3444151878357,200.0,196.5,39.5,71,8,BAKE,198.0,195.0,198.0,195.0
2025-08-26T20:03:46.756,411.57701802253723,200.0,196.5,39.5,71,8,BAKE,198.2,194.8,198.2,194.8
2025-08-26T20:03:46.993,411.8137791156769,200.0,196.6,39.5,48,8,BAKE,198.0,195.2,198.0,195.2
2025-08-26T20:03:47.287,412.1078360080719,200.0,196.6,39.5,68,8,BAKE,198.2,195.0,198.2,195.0
2025-08-26T20:03:47.526,412.3465690612793,200.0,196.6,39.5,68,8,BAKE,198.2,195.0,198.2,195.0
2025-08-26T20:03:47.816,412.63700699806213,200.0,196.8,39.5,46,8,BAKE,198.2,195.2,198.2,195.2
2025-08-26T20:03:47.989,412.8095450401306,200.0,196.9,39.5,44,8,BAKE,198.2,195.5,198.2,195.5
2025-08-26T20:03:48.285,413.1053261756897,200.0,196.8,39.5,86,8,BAKE,198.2,195.2,198.2,195.2
2025-08-26T20:03:48.524,413.3449110984802,200.0,196.9,39.5,44,8,BAKE,198.2,195.5,198.2,195.5
2025-08-26T20:03:48.758,413.57831716537476,200.0,196.8,39.5,86,8,BAKE,198.2,195.2,198.2,195.2
2025-08-26T20:03:49.057,413.87756419181824,200.0,196.8,39.5,66,8,BAKE,198.2,195.2,198.2,195.2
2025-08-26T20:03:49.227,414.0475890636444,200.0,197.0,39.5,0,8,BAKE,198.2,195.8,198.2,195.8
2025-08-26T20:03:49.521,414.3422360420227,200.0,197.0,39.5,0,8,BAKE,198.5,195.5,198.5,195.5
2025-08-26T20:03:49.755,414.575599193573,200.0,197.0,39.5,0,8,BAKE,198.2,195.8,198.2,195.8
2025-08-26T20:03:49.990,414.81118607521057,200.0,196.9,39.5,39,8,BAKE,198.2,195.5,198.2,195.5
2025-08-26T20:03:50.284,415.10527300834656,200.0,196.8,39.5,81,8,BAKE,198.2,195.2,198.2,195.2
2025-08-26T20:03:50.521,415.3413710594177,200.0,196.9,39.5,39,8,BAKE,198.2,195.5,198.2,195.5
2025-08-26T20:03:50.756,415.576327085495,200.0,196.6,39.5,104,8,BAKE,198.0,195.2,198.0,195.2
2025-08-26T20:03:50.992,415.8126211166382,200.0,196.8,39.5,41,8,BAKE,198.2,195.2,198.2,195.2
2025-08-26T20:03:51.281,416.10189509391785,200.0,196.6,39.5,84,8,BAKE,198.2,195.0,198.2,195.0
2025-08-26T20:03:51.521,416.3414680957794,200.0,196.8,39.5,41,8,BAKE,198.2,195.2,198.2,195.2
2025-08-26T20:03:51.757,416.5778841972351,200.0,196.6,39.5,84,8,BAKE,198.5,194.8,198.5,194.8
2025-08-26T20:03:51.986,416.8071701526642,200.0,196.4,39.5,108,8,BAKE,198.2,194.5,198.2,194.5
2025-08-26T20:03:52.279,417.10015416145325,200.0,196.4,39.6,68,8,BAKE,198.2,194.5,198.2,194.5
2025-08-26T20:03:52.519,417.33967304229736,200.0,196.0,39.6,136,8,BAKE,198.2,193.8,198.2,193.8
2025-08-26T20:03:52.760,417.5805170536041,200.0,196.2,39.5,31,8,BAKE,198.2,194.2,198.2,194.2
2025-08-26T20:03:52.994,417.8148891925812,200.0,196.4,39.6,49,8,BAKE,198.5,194.2,198.5,194.2
2025-08-26T20:03:53.280,418.10120606422424,200.0,196.2,39.5,91,8,BAKE,198.2,194.2,198.2,194.2
2025-08-26T20:03:53.519,418.3393552303314,200.0,196.0,39.5,116,8,BAKE,198.0,194.0,198.0,194.0
2025-08-26T20:03:53.753,418.5737841129303,200.0,196.0,39.6,76,8,BAKE,198.0,194.0,198.0,194.0
2025-08-26T20:03:53.989,418.8101592063904,200.0,196.1,39.5,53,8,BAKE,198.2,194.0,198.2,194.0
2025-08-26T20:03:54.280,419.1010332107544,200.0,196.0,39.6,96,8,BAKE,198.0,194.0,198.0,194.0
2025-08-26T20:03:54.517,419.3375141620636,200.0,195.9,39.5,98,8,BAKE,198.0,193.8,198.0,193.8
