timestamp_iso,t_sec,set_c,actual_c,coldj_c,heat,fan,mode,temp0_c,temp1_c,temp2_c,temp3_c
2025-08-26T14:54:04.041,120.1974458694458,152.0,142.2,28.4,99,8,BAKE-PREHEAT,139.8,144.8,139.8,144.8
2025-08-26T14:54:04.341,120.49760699272156,152.0,142.4,28.3,157,8,BAKE-PREHEAT,140.0,144.8,140.0,144.8
2025-08-26T14:54:04.516,120.67296409606934,152.0,142.4,28.3,177,8,BAKE-PREHEAT,140.0,144.8,140.0,144.8
2025-08-26T14:54:04.753,120.910001039505,152.0,142.6,28.3,133,8,BAKE-PREHEAT,140.2,145.0,140.2,145.0
2025-08-26T14:54:05.043,121.19952392578125,152.0,142.8,28.3,150,8,BAKE-PREHEAT,140.2,145.2,140.2,145.2
2025-08-26T14:54:05.274,121.43084001541138,152.0,143.2,28.4,82,8,BAKE-PREHEAT,140.8,145.8,140.8,145.8
2025-08-26T14:54:05.575,121.73156690597534,152.0,143.5,28.4,117,8,BAKE-PREHEAT,141.0,146.0,141.0,146.0
2025-08-26T14:54:05.751,121.9076099395752,152.0,143.8,28.4,113,8,BAKE-PREHEAT,141.2,146.2,141.2,146.2
2025-08-26T14:54:06.040,122.19708800315857,152.0,143.8,28.4,153,8,BAKE-PREHEAT,141.2,146.2,141.2,146.2
2025-08-26T14:54:06.272,122.42838907241821,152.0,144.0,28.4,108,8,BAKE-PREHEAT,141.5,146.5,141.5,146.5
2025-08-26T14:54:06.506,122.6631350517273,152.0,144.1,28.4,126,8,BAKE-PREHEAT,141.5,146.8,141.5,146.8
2025-08-26T14:54:06.800,122.95695900917053,152.0,144.4,28.4,101,8,BAKE-PREHEAT,141.8,147.0,141.8,147.0
2025-08-26T14:54:07.036,123.19302606582642,152.0,144.5,28.3,119,8,BAKE-PREHEAT,142.0,147.0,142.0,147.0
2025-08-26T14:54:07.261,123.41808986663818,152.0,144.9,28.4,72,8,BAKE-PREHEAT,142.2,147.5,142.2,147.5
2025-08-26T14:54:07.555,123.71196603775024,152.0,145.0,28.3,110,8,BAKE-PREHEAT,142.2,147.8,142.2,147.8
2025-08-26T14:54:07.795,123.95145106315613,152.0,145.1,28.3,108,8,BAKE-PREHEAT,142.5,147.8,142.5,147.8
2025-08-26T14:54:08.028,124.18455696105957,152.0,145.4,28.4,84,8,BAKE-PREHEAT,142.5,148.2,142.5,148.2
2025-08-26T14:54:08.325,124.48146796226501,152.0,145.6,28.4,79,8,BAKE-PREHEAT,143.0,148.2,143.0,148.2
2025-08-26T14:54:08.560,124.71705389022827,152.0,145.8,28.4,97,8,BAKE-PREHEAT,143.0,148.5,143.0,148.5
2025-08-26T14:54:08.800,124.95679306983948,152.0,146.0,28.3,72,8,BAKE-PREHEAT,143.2,148.8,143.2,148.8
2025-08-26T14:54:09.038,125.19534993171692,152.0,146.0,28.4,112,8,BAKE-PREHEAT,143.2,148.8,143.2,148.8
2025-08-26T14:54:09.272,125.42924189567566,152.0,146.2,28.3,68,8,BAKE-PREHEAT,143.5,149.0,143.5,149.0
2025-08-26T14:54:09.511,125.66794395446777,152.0,146.4,28.4,86,8,BAKE-PREHEAT,143.8,149.0,143.8,149.0
2025-08-26T14:54:09.802,125.95927906036377,152.0,146.5,28.3,83,8,BAKE-PREHEAT,144.0,149.0,144.0,149.0
2025-08-26T14:54:10.041,126.19834494590759,152.0,146.6,28.3,81,8,BAKE-PREHEAT,144.0,149.2,144.0,149.2
2025-08-26T14:54:10.270,126.4264760017395,152.0,146.9,28.3,57,8,BAKE-PREHEAT,144.2,149.5,144.2,149.5
2025-08-26T14:54:10.506,126.66332697868347,152.0,147.1,28.4,52,8,BAKE-PREHEAT,144.5,149.8,144.5,149.8
2025-08-26T14:54:10.798,126.95473289489746,152.0,147.1,28.3,92,8,BAKE-PREHEAT,144.2,150.0,144.2,150.0
2025-08-26T14:54:11.031,127.18740797042847,152.0,147.2,28.4,70,8,BAKE-PREHEAT,144.5,150.0,144.5,150.0
2025-08-26T14:54:11.259,127.41564989089966,152.0,147.2,28.4,90,8,BAKE-PREHEAT,144.5,150.0,144.5,150.0
2025-08-26T14:54:11.548,127.70522499084473,152.0,147.5,28.4,45,8,BAKE-PREHEAT,144.8,150.2,144.8,150.2
2025-08-26T14:54:11.787,127.94367504119873,152.0,147.6,28.4,63,8,BAKE-PREHEAT,144.8,150.5,144.8,150.5
2025-08-26T14:54:12.020,128.17671489715576,152.0,147.9,28.4,39,8,BAKE-PREHEAT,145.0,150.8,145.0,150.8
2025-08-26T14:54:12.254,128.41086292266846,152.0,148.0,28.4,0,8,BAKE-PREHEAT,145.2,150.8,145.2,150.8
2025-08-26T14:54:12.544,128.70073986053467,152.0,148.1,28.4,0,8,BAKE-PREHEAT,145.2,151.0,145.2,151.0
2025-08-26T14:54:12.783,128.93964385986328,152.0,148.2,28.4,0,8,BAKE-PREHEAT,145.5,151.0,145.5,151.0
2025-08-26T14:54:13.017,129.17412686347961,152.0,148.1,28.4,0,8,BAKE-PREHEAT,145.2,151.0,145.2,151.0
2025-08-26T14:54:13.310,129.4665379524231,152.0,148.4,28.4,0,8,BAKE-PREHEAT,145.8,151.0,145.8,151.0
2025-08-26T14:54:13.546,129.7032549381256,152.0,148.6,28.5,0,8,BAKE-PREHEAT,146.0,151.2,146.0,151.2
2025-08-26T14:54:13.550,129.70712089538574,152.0,148.5,28.4,0,8,BAKE-PREHEAT,145.8,151.2,145.8,151.2
2025-08-26T14:54:14.082,130.2390320301056,155.0,148.5,28.4,17,8,BAKE-PREHEAT,145.8,151.2,145.8,151.2
2025-08-26T14:54:14.253,130.40981101989746,155.0,148.5,28.4,117,8,BAKE-PREHEAT,145.8,151.2,145.8,151.2
2025-08-26T14:54:14.543,130.70016193389893,155.0,148.8,28.4,72,8,BAKE-PREHEAT,146.0,151.5,146.0,151.5
2025-08-26T14:54:14.780,130.937273979187,155.0,148.8,28.4,112,8,BAKE-PREHEAT,146.0,151.5,146.0,151.5
2025-08-26T14:54:15.014,131.17064690589905,155.0,148.9,28.4,90,8,BAKE-PREHEAT,146.0,151.8,146.0,151.8
2025-08-26T14:54:15.304,131.46057105064392,155.0,148.8,28.4,132,8,BAKE-PREHEAT,146.0,151.5,146.0,151.5
2025-08-26T14:54:15.538,131.6946849822998,155.0,149.1,28.5,45,8,BAKE-PREHEAT,146.5,151.8,146.5,151.8
2025-08-26T14:54:15.767,131.9238998889923,155.0,149.2,28.4,83,8,BAKE-PREHEAT,146.5,152.0,146.5,152.0
2025-08-26T14:54:16.002,132.15873408317566,155.0,149.0,28.4,148,8,BAKE-PREHEAT,146.2,151.8,146.2,151.8
2025-08-26T14:54:16.295,132.45167303085327,155.0,149.2,28.5,63,8,BAKE-PREHEAT,146.5,152.0,146.5,152.0
2025-08-26T14:54:16.526,132.68270993232727,155.0,149.2,28.4,103,8,BAKE-PREHEAT,146.5,152.0,146.5,152.0
2025-08-26T14:54:16.822,132.97870802879333,155.0,149.4,28.4,81,8,BAKE-PREHEAT,146.8,152.0,146.8,152.0
2025-08-26T14:54:16.997,133.15421390533447,155.0,149.4,28.4,101,8,BAKE-PREHEAT,146.5,152.2,146.5,152.2
2025-08-26T14:54:17.292,133.4484589099884,155.0,149.5,28.4,79,8,BAKE-PREHEAT,146.8,152.2,146.8,152.2
2025-08-26T14:54:17.528,133.68450903892517,155.0,149.4,28.4,121,8,BAKE-PREHEAT,146.5,152.2,146.5,152.2
2025-08-26T14:54:17.765,133.9217529296875,155.0,149.4,28.4,101,8,BAKE-PREHEAT,146.5,152.2,146.5,152.2
2025-08-26T14:54:18.059,134.2160770893097,155.0,149.6,28.4,57,8,BAKE-PREHEAT,146.8,152.5,146.8,152.5
2025-08-26T14:54:18.295,134.45167589187622,155.0,149.6,28.4,97,8,BAKE-PREHEAT,146.8,152.5,146.8,152.5
2025-08-26T14:54:18.524,134.68117594718933,155.0,149.6,28.5,97,8,BAKE-PREHEAT,146.8,152.5,146.8,152.5
2025-08-26T14:54:18.759,134.91620588302612,155.0,149.8,28.4,74,8,BAKE-PREHEAT,147.0,152.5,147.0,152.5
2025-08-26T14:54:19.052,135.2088599205017,155.0,149.6,28.4,117,8,BAKE-PREHEAT,146.8,152.5,146.8,152.5
2025-08-26T14:54:19.291,135.4482879638672,155.0,149.9,28.5,52,8,BAKE-PREHEAT,147.0,152.8,147.0,152.8
2025-08-26T14:54:19.527,135.68338203430176,155.0,149.9,28.4,92,8,BAKE-PREHEAT,147.0,152.8,147.0,152.8
2025-08-26T14:54:19.582,135.7384169101715,155.0,149.9,28.4,92,8,BAKE-PREHEAT,147.0,152.8,147.0,152.8
2025-08-26T14:54:20.047,136.20398092269897,155.0,150.0,28.5,70,8,BAKE-PREHEAT,147.0,153.0,147.0,153.0
2025-08-26T14:54:20.281,136.43775987625122,155.0,149.9,28.4,112,8,BAKE-PREHEAT,147.0,152.8,147.0,152.8
2025-08-26T14:54:20.513,136.67011308670044,155.0,150.0,28.4,70,8,BAKE-PREHEAT,147.2,152.8,147.2,152.8
2025-08-26T14:54:20.808,136.96459293365479,155.0,149.9,28.5,112,8,BAKE-PREHEAT,147.0,152.8,147.0,152.8
2025-08-26T14:54:21.043,137.19939303398132,155.0,150.0,28.5,70,8,BAKE-PREHEAT,147.0,153.0,147.0,153.0
2025-08-26T14:54:21.276,137.43277597427368,155.0,150.0,28.4,90,8,BAKE-PREHEAT,147.2,152.8,147.2,152.8
2025-08-26T14:54:21.512,137.66876006126404,155.0,150.0,28.5,90,8,BAKE-PREHEAT,147.2,152.8,147.2,152.8
2025-08-26T14:54:21.807,137.96339201927185,155.0,150.0,28.5,90,8,BAKE-PREHEAT,147.2,152.8,147.2,152.8
2025-08-26T14:54:22.045,138.2016680240631,155.0,150.1,28.4,68,8,BAKE-PREHEAT,147.2,153.0,147.2,153.0
2025-08-26T14:54:22.278,138.43448901176453,155.0,150.0,28.5,110,8,BAKE-PREHEAT,147.2,152.8,147.2,152.8
2025-08-26T14:54:22.505,138.6616849899292,155.0,150.0,28.4,90,8,BAKE-PREHEAT,147.2,152.8,147.2,152.8
2025-08-26T14:54:22.793,138.94956398010254,155.0,150.1,28.5,68,8,BAKE-PREHEAT,147.2,153.0,147.2,153.0
2025-08-26T14:54:23.026,139.1828498840332,155.0,150.0,28.4,110,8,BAKE-PREHEAT,147.2,152.8,147.2,152.8
2025-08-26T14:54:23.258,139.41529393196106,155.0,150.1,28.5,68,8,BAKE-PREHEAT,147.5,152.8,147.5,152.8
2025-08-26T14:54:23.552,139.70907497406006,155.0,150.1,28.5,88,8,BAKE-PREHEAT,147.2,153.0,147.2,153.0
2025-08-26T14:54:23.602,139.75925588607788,155.0,150.1,28.5,88,8,BAKE-PREHEAT,147.5,152.8,147.5,152.8
2025-08-26T14:54:23.999,140.15564489364624,158.0,150.2,28.4,120,8,BAKE-PREHEAT,147.5,153.0,147.5,153.0
2025-08-26T14:54:24.288,140.4446439743042,158.0,150.1,28.5,162,8,BAKE-PREHEAT,147.5,152.8,147.5,152.8
2025-08-26T14:54:24.520,140.67669296264648,158.0,150.2,28.5,120,8,BAKE-PREHEAT,147.5,153.0,147.5,153.0
2025-08-26T14:54:24.755,140.91220998764038,158.0,150.1,28.4,162,8,BAKE-PREHEAT,147.5,152.8,147.5,152.8
2025-08-26T14:54:25.045,141.20221304893494,158.0,150.4,28.5,98,8,BAKE-PREHEAT,147.5,153.2,147.5,153.2
2025-08-26T14:54:25.341,141.49759197235107,158.0,150.2,28.5,160,8,BAKE-PREHEAT,147.5,153.0,147.5,153.0
2025-08-26T14:54:25.514,141.6708688735962,158.0,150.2,28.5,140,8,BAKE-PREHEAT,147.5,153.0,147.5,153.0
2025-08-26T14:54:25.751,141.90803289413452,158.0,150.4,28.5,118,8,BAKE-PREHEAT,147.5,153.2,147.5,153.2
2025-08-26T14:54:26.045,142.20174098014832,158.0,150.4,28.5,138,8,BAKE-PREHEAT,147.8,153.0,147.8,153.0
2025-08-26T14:54:26.276,142.4329149723053,158.0,150.5,28.5,115,8,BAKE-PREHEAT,147.8,153.2,147.8,153.2
2025-08-26T14:54:26.576,142.73307609558105,158.0,150.4,28.4,158,8,BAKE-PREHEAT,147.8,153.0,147.8,153.0
2025-08-26T14:54:26.749,142.90630292892456,158.0,150.4,28.5,138,8,BAKE-PREHEAT,147.8,153.0,147.8,153.0
2025-08-26T14:54:27.039,143.19566297531128,158.0,150.8,28.5,71,8,BAKE-PREHEAT,148.0,153.5,148.0,153.5
2025-08-26T14:54:27.275,143.43170404434204,158.0,150.5,28.5,175,8,BAKE-PREHEAT,148.0,153.0,148.0,153.0
2025-08-26T14:54:27.505,143.66210508346558,158.0,150.6,28.5,113,8,BAKE-PREHEAT,148.0,153.2,148.0,153.2
2025-08-26T14:54:27.800,143.95688891410828,158.0,150.5,28.5,156,8,BAKE-PREHEAT,147.8,153.2,147.8,153.2
2025-08-26T14:54:28.031,144.18784403800964,158.0,150.8,28.6,91,8,BAKE-PREHEAT,148.0,153.5,148.0,153.5
2025-08-26T14:54:28.262,144.41847395896912,158.0,150.8,28.5,131,8,BAKE-PREHEAT,148.0,153.5,148.0,153.5
2025-08-26T14:54:28.556,144.7123920917511,158.0,150.9,28.6,109,8,BAKE-PREHEAT,148.2,153.5,148.2,153.5
2025-08-26T14:54:28.795,144.95200109481812,158.0,150.9,28.5,129,8,BAKE-PREHEAT,148.2,153.5,148.2,153.5
2025-08-26T14:54:29.028,145.18499207496643,158.0,150.9,28.5,129,8,BAKE-PREHEAT,148.2,153.5,148.2,153.5
2025-08-26T14:54:29.264,145.42045307159424,158.0,151.0,28.5,107,8,BAKE-PREHEAT,148.5,153.5,148.5,153.5
2025-08-26T14:54:29.553,145.70973706245422,158.0,151.1,28.5,104,8,BAKE-PREHEAT,148.2,154.0,148.2,154.0
2025-08-26T14:54:29.669,145.82626295089722,158.0,151.1,28.6,124,8,BAKE-PREHEAT,148.5,153.8,148.5,153.8
2025-08-26T14:54:30.018,146.1752200126648,158.0,151.1,28.5,124,8,BAKE-PREHEAT,148.5,153.8,148.5,153.8
2025-08-26T14:54:30.253,146.41014099121094,158.0,151.1,28.6,124,8,BAKE-PREHEAT,148.5,153.8,148.5,153.8
2025-08-26T14:54:30.547,146.70377707481384,158.0,151.2,28.5,102,8,BAKE-PREHEAT,148.5,154.0,148.5,154.0
2025-08-26T14:54:30.784,146.94072794914246,158.0,151.2,28.5,122,8,BAKE-PREHEAT,148.5,154.0,148.5,154.0
2025-08-26T14:54:31.012,147.16886186599731,158.0,151.2,28.5,122,8,BAKE-PREHEAT,148.8,153.8,148.8,153.8
2025-08-26T14:54:31.251,147.4074170589447,158.0,151.5,28.6,78,8,BAKE-PREHEAT,149.0,154.0,149.0,154.0
2025-08-26T14:54:31.544,147.70131397247314,158.0,151.4,28.5,140,8,BAKE-PREHEAT,148.8,154.0,148.8,154.0
2025-08-26T14:54:31.779,147.93599891662598,158.0,151.2,28.5,142,8,BAKE-PREHEAT,148.8,153.8,148.8,153.8
2025-08-26T14:54:32.014,148.17111706733704,158.0,151.5,28.5,78,8,BAKE-PREHEAT,148.8,154.2,148.8,154.2
2025-08-26T14:54:32.305,148.46196699142456,158.0,151.8,28.5,73,8,BAKE-PREHEAT,149.2,154.2,149.2,154.2
2025-08-26T14:54:32.543,148.69984889030457,158.0,151.8,28.5,113,8,BAKE-PREHEAT,149.0,154.5,149.0,154.5
2025-08-26T14:54:32.780,148.9370460510254,158.0,151.8,28.5,113,8,BAKE-PREHEAT,149.0,154.5,149.0,154.5
2025-08-26T14:54:33.009,149.1660599708557,158.0,151.8,28.6,113,8,BAKE-PREHEAT,149.0,154.5,149.0,154.5
2025-08-26T14:54:33.179,149.33570790290833,158.0,151.8,28.5,113,8,BAKE-PREHEAT,149.0,154.5,149.0,154.5
2025-08-26T14:54:33.529,149.68620586395264,160.0,151.6,28.5,172,8,BAKE-PREHEAT,149.2,154.0,149.2,154.0
2025-08-26T14:54:33.759,149.91563892364502,160.0,152.0,28.5,85,8,BAKE-PREHEAT,149.2,154.8,149.2,154.8
2025-08-26T14:54:34.052,150.20848608016968,160.0,152.0,28.6,145,8,BAKE-PREHEAT,149.2,154.8,149.2,154.8
2025-08-26T14:54:34.283,150.44031691551208,160.0,152.0,28.6,145,8,BAKE-PREHEAT,149.5,154.5,149.5,154.5
2025-08-26T14:54:34.517,150.6740460395813,160.0,152.1,28.5,123,8,BAKE-PREHEAT,149.5,154.8,149.5,154.8
2025-08-26T14:54:34.754,150.91072702407837,160.0,152.1,28.6,143,8,BAKE-PREHEAT,149.5,154.8,149.5,154.8
2025-08-26T14:54:35.041,151.19806289672852,160.0,152.1,28.5,143,8,BAKE-PREHEAT,149.5,154.8,149.5,154.8
2025-08-26T14:54:35.279,151.43561506271362,160.0,152.1,28.6,143,8,BAKE-PREHEAT,149.5,154.8,149.5,154.8
2025-08-26T14:54:35.514,151.6707649230957,160.0,152.1,28.6,143,8,BAKE-PREHEAT,149.5,154.8,149.5,154.8
2025-08-26T14:54:35.809,151.96555590629578,160.0,152.2,28.5,121,8,BAKE-PREHEAT,149.8,154.8,149.8,154.8
2025-08-26T14:54:36.043,152.1996350288391,160.0,152.2,28.6,141,8,BAKE-PREHEAT,149.8,154.8,149.8,154.8
2025-08-26T14:54:36.278,152.43536901474,160.0,152.5,28.6,96,8,BAKE-PREHEAT,149.8,155.2,149.8,155.2
2025-08-26T14:54:36.510,152.6669728755951,160.0,152.4,28.7,159,8,BAKE-PREHEAT,149.8,155.0,149.8,155.0
2025-08-26T14:54:36.800,152.95657300949097,160.0,152.5,28.6,116,8,BAKE-PREHEAT,149.8,155.2,149.8,155.2
2025-08-26T14:54:37.030,153.18706107139587,160.0,152.5,28.5,136,8,BAKE-PREHEAT,150.0,155.0,150.0,155.0
2025-08-26T14:54:37.265,153.42143487930298,160.0,152.6,28.6,114,8,BAKE-PREHEAT,150.0,155.2,150.0,155.2
2025-08-26T14:54:37.556,153.71333599090576,160.0,152.8,28.6,112,8,BAKE-PREHEAT,150.2,155.2,150.2,155.2
2025-08-26T14:54:37.792,153.9487910270691,160.0,152.5,28.6,176,8,BAKE-PREHEAT,150.2,154.8,150.2,154.8
2025-08-26T14:54:38.027,154.1843159198761,160.0,152.6,28.6,114,8,BAKE-PREHEAT,150.0,155.2,150.0,155.2
2025-08-26T14:54:38.259,154.41616487503052,160.0,152.6,28.6,134,8,BAKE-PREHEAT,150.2,155.0,150.2,155.0
2025-08-26T14:54:38.553,154.71008801460266,160.0,152.8,28.5,112,8,BAKE-PREHEAT,150.2,155.2,150.2,155.2
2025-08-26T14:54:38.789,154.9457609653473,160.0,152.9,28.6,110,8,BAKE-PREHEAT,150.2,155.5,150.2,155.5
2025-08-26T14:54:39.025,155.18167304992676,160.0,152.8,28.6,152,8,BAKE-PREHEAT,150.2,155.2,150.2,155.2
2025-08-26T14:54:39.196,155.35333895683289,160.0,153.0,28.6,88,8,BAKE-PREHEAT,150.8,155.2,150.8,155.2
2025-08-26T14:54:39.547,155.7039098739624,160.0,152.9,28.6,150,8,BAKE-PREHEAT,150.2,155.5,150.2,155.5
2025-08-26T14:54:39.786,155.9425790309906,160.0,153.0,28.6,108,8,BAKE-PREHEAT,150.5,155.5,150.5,155.5
2025-08-26T14:54:40.021,156.1780960559845,160.0,153.0,28.6,128,8,BAKE-PREHEAT,150.5,155.5,150.5,155.5
2025-08-26T14:54:40.250,156.40708589553833,160.0,153.0,28.6,128,8,BAKE-PREHEAT,150.5,155.5,150.5,155.5
2025-08-26T14:54:40.541,156.69763088226318,160.0,153.1,28.6,105,8,BAKE-PREHEAT,150.5,155.8,150.5,155.8
2025-08-26T14:54:40.778,156.93524289131165,160.0,153.2,28.7,103,8,BAKE-PREHEAT,150.8,155.8,150.8,155.8
2025-08-26T14:54:41.007,157.16426801681519,160.0,153.4,28.6,101,8,BAKE-PREHEAT,150.8,156.0,150.8,156.0
2025-08-26T14:54:41.299,157.455579996109,160.0,153.4,28.6,121,8,BAKE-PREHEAT,150.8,156.0,150.8,156.0
2025-08-26T14:54:41.536,157.6926109790802,160.0,153.5,28.7,99,8,BAKE-PREHEAT,150.8,156.2,150.8,156.2
2025-08-26T14:54:41.771,157.92753195762634,160.0,153.5,28.6,119,8,BAKE-PREHEAT,151.2,155.8,151.2,155.8
2025-08-26T14:54:42.071,158.22833609580994,160.0,153.5,28.6,119,8,BAKE-PREHEAT,150.8,156.2,150.8,156.2
2025-08-26T14:54:42.247,158.40418696403503,160.0,153.6,28.6,97,8,BAKE-PREHEAT,151.0,156.2,151.0,156.2
2025-08-26T14:54:42.540,158.6969759464264,160.0,153.5,28.6,139,8,BAKE-PREHEAT,151.0,156.0,151.0,156.0
2025-08-26T14:54:42.777,158.93394708633423,160.0,153.6,28.5,97,8,BAKE-PREHEAT,151.0,156.2,151.0,156.2
2025-08-26T14:54:43.015,159.17139387130737,160.0,153.8,28.7,94,8,BAKE-PREHEAT,151.2,156.2,151.2,156.2
2025-08-26T14:54:43.243,159.39949798583984,160.0,154.0,28.6,70,8,BAKE-PREHEAT,151.5,156.5,151.5,156.5
2025-08-26T14:54:43.531,159.6880099773407,158.0,153.9,28.6,96,8,BAKE-PREHEAT,151.2,156.5,151.2,156.5
2025-08-26T14:54:43.762,159.91840291023254,158.0,153.9,28.7,76,8,BAKE-PREHEAT,151.2,156.5,151.2,156.5
2025-08-26T14:54:44.055,160.2121090888977,158.0,154.0,28.6,0,8,BAKE-PREHEAT,151.2,156.8,151.2,156.8
2025-08-26T14:54:44.295,160.45149493217468,158.0,154.0,28.6,0,8,BAKE-PREHEAT,151.5,156.5,151.5,156.5
2025-08-26T14:54:44.532,160.68893694877625,158.0,154.2,28.7,0,8,BAKE-PREHEAT,151.5,157.0,151.5,157.0
2025-08-26T14:54:44.770,160.92727708816528,158.0,154.1,28.6,0,8,BAKE-PREHEAT,151.8,156.5,151.8,156.5
2025-08-26T14:54:44.999,161.15605688095093,158.0,154.2,28.7,0,8,BAKE-PREHEAT,151.8,156.8,151.8,156.8
2025-08-26T14:54:45.293,161.4496340751648,158.0,154.1,28.6,0,8,BAKE-PREHEAT,151.5,156.8,151.5,156.8
2025-08-26T14:54:45.530,161.68670296669006,158.0,154.1,28.7,0,8,BAKE-PREHEAT,151.8,156.5,151.8,156.5
2025-08-26T14:54:45.764,161.92083597183228,158.0,154.2,28.6,0,8,BAKE-PREHEAT,151.8,156.8,151.8,156.8
2025-08-26T14:54:46.062,162.21845698356628,158.0,154.2,28.6,0,8,BAKE-PREHEAT,151.5,157.0,151.5,157.0
2025-08-26T14:54:46.293,162.45036697387695,158.0,154.2,28.6,0,8,BAKE-PREHEAT,151.5,157.0,151.5,157.0
2025-08-26T14:54:46.518,162.6744499206543,158.0,154.4,28.6,0,8,BAKE-PREHEAT,151.8,157.0,151.8,157.0
2025-08-26T14:54:46.752,162.90920901298523,158.0,154.1,28.6,0,8,BAKE-PREHEAT,151.5,156.8,151.5,156.8
2025-08-26T14:54:47.042,163.19917392730713,158.0,154.2,28.7,0,8,BAKE-PREHEAT,151.8,156.8,151.8,156.8
2025-08-26T14:54:47.283,163.4395580291748,158.0,154.4,28.7,0,8,BAKE-PREHEAT,151.8,157.0,151.8,157.0
2025-08-26T14:54:47.517,163.67379808425903,158.0,154.2,28.7,0,8,BAKE-PREHEAT,151.8,156.8,151.8,156.8
2025-08-26T14:54:47.746,163.90310907363892,158.0,154.4,28.7,0,8,BAKE-PREHEAT,151.8,157.0,151.8,157.0
2025-08-26T14:54:48.033,164.19034004211426,158.0,154.4,28.7,0,8,BAKE-PREHEAT,151.8,157.0,151.8,157.0
2025-08-26T14:54:48.264,164.42114305496216,158.0,154.4,28.6,0,8,BAKE-PREHEAT,151.8,157.0,151.8,157.0
2025-08-26T14:54:48.557,164.71417999267578,158.0,154.4,28.7,0,8,BAKE-PREHEAT,151.5,157.2,151.5,157.2
2025-08-26T14:54:48.796,164.95334386825562,158.0,154.4,28.7,0,8,BAKE-PREHEAT,151.8,157.0,151.8,157.0
2025-08-26T14:54:49.032,165.18910193443298,158.0,154.4,28.7,0,8,BAKE-PREHEAT,151.8,157.0,151.8,157.0
2025-08-26T14:54:49.261,165.4175419807434,158.0,154.1,28.7,0,8,BAKE-PREHEAT,151.5,156.8,151.5,156.8
2025-08-26T14:54:49.498,165.65505290031433,158.0,154.1,28.7,0,8,BAKE-PREHEAT,151.8,156.5,151.8,156.5
2025-08-26T14:54:49.792,165.94917106628418,158.0,154.1,28.7,0,8,BAKE-PREHEAT,151.8,156.5,151.8,156.5
2025-08-26T14:54:50.030,166.18694686889648,158.0,154.1,28.6,0,8,BAKE-PREHEAT,151.8,156.5,151.8,156.5
2025-08-26T14:54:50.266,166.4232439994812,158.0,154.0,28.7,0,8,BAKE-PREHEAT,151.5,156.5,151.5,156.5
2025-08-26T14:54:50.495,166.6521098613739,158.0,154.0,28.7,0,8,BAKE-PREHEAT,151.5,156.5,151.5,156.5
2025-08-26T14:54:50.786,166.9433159828186,158.0,154.0,28.7,0,8,BAKE-PREHEAT,151.8,156.2,151.8,156.2
2025-08-26T14:54:51.021,167.17804098129272,158.0,153.9,28.7,74,8,BAKE-PREHEAT,151.5,156.2,151.5,156.2
2025-08-26T14:54:51.257,167.41405200958252,158.0,154.0,28.7,0,8,BAKE-PREHEAT,151.8,156.2,151.8,156.2
2025-08-26T14:54:51.550,167.70692992210388,158.0,153.8,28.7,96,8,BAKE-PREHEAT,151.2,156.2,151.2,156.2
2025-08-26T14:54:51.786,167.94315695762634,158.0,153.8,28.7,76,8,BAKE-PREHEAT,151.5,156.0,151.5,156.0
2025-08-26T14:54:52.016,168.17324805259705,158.0,153.8,28.7,76,8,BAKE-PREHEAT,151.5,156.0,151.5,156.0
2025-08-26T14:54:52.247,168.4037790298462,158.0,153.8,28.7,76,8,BAKE-PREHEAT,151.2,156.2,151.2,156.2
2025-08-26T14:54:52.539,168.69633507728577,158.0,153.6,28.7,98,8,BAKE-PREHEAT,151.5,155.8,151.5,155.8
2025-08-26T14:54:52.776,168.93291997909546,158.0,153.5,28.7,101,8,BAKE-PREHEAT,151.2,155.8,151.2,155.8
2025-08-26T14:54:53.011,169.1678650379181,158.0,153.5,28.7,81,8,BAKE-PREHEAT,151.2,155.8,151.2,155.8
2025-08-26T14:54:53.302,169.4586079120636,158.0,153.4,28.7,103,8,BAKE-PREHEAT,151.0,155.8,151.0,155.8
2025-08-26T14:54:53.534,169.69071698188782,155.0,153.5,28.7,0,8,BAKE-PREHEAT,151.2,155.8,151.2,155.8
2025-08-26T14:54:53.770,169.92639994621277,155.0,153.4,28.7,0,8,BAKE-PREHEAT,151.0,155.8,151.0,155.8
2025-08-26T14:54:54.006,170.16248393058777,155.0,153.1,28.7,0,8,BAKE-PREHEAT,150.8,155.5,150.8,155.5
2025-08-26T14:54:54.300,170.45678305625916,155.0,153.2,28.7,0,8,BAKE-PREHEAT,151.0,155.5,151.0,155.5
2025-08-26T14:54:54.535,170.69181203842163,155.0,153.4,28.8,0,8,BAKE-PREHEAT,151.0,155.8,151.0,155.8
2025-08-26T14:54:54.767,170.92360401153564,155.0,153.1,28.7,0,8,BAKE-PREHEAT,151.0,155.2,151.0,155.2
2025-08-26T14:54:54.995,171.15211987495422,155.0,153.1,28.7,0,8,BAKE-PREHEAT,151.0,155.2,151.0,155.2
2025-08-26T14:54:55.290,171.44658493995667,155.0,153.1,28.8,0,8,BAKE-PREHEAT,150.8,155.5,150.8,155.5
2025-08-26T14:54:55.523,171.67990803718567,155.0,153.0,28.7,0,8,BAKE-PREHEAT,151.0,155.0,151.0,155.0
2025-08-26T14:54:55.761,171.91781497001648,155.0,153.0,28.8,0,8,BAKE-PREHEAT,151.0,155.0,151.0,155.0
2025-08-26T14:54:56.052,172.2091999053955,155.0,152.8,28.7,0,8,BAKE-PREHEAT,150.8,154.8,150.8,154.8
2025-08-26T14:54:56.291,172.44767308235168,155.0,152.5,28.7,0,8,BAKE-PREHEAT,150.5,154.5,150.5,154.5
2025-08-26T14:54:56.526,172.68325209617615,155.0,152.6,28.7,0,8,BAKE-PREHEAT,150.5,154.8,150.5,154.8
2025-08-26T14:54:56.763,172.92008304595947,155.0,152.6,28.7,0,8,BAKE-PREHEAT,150.5,154.8,150.5,154.8
2025-08-26T14:54:56.998,173.15471196174622,155.0,152.6,28.7,0,8,BAKE-PREHEAT,150.5,154.8,150.5,154.8
2025-08-26T14:54:57.285,173.4415249824524,155.0,152.5,28.8,0,8,BAKE-PREHEAT,150.2,154.8,150.2,154.8
2025-08-26T14:54:57.578,173.7346088886261,155.0,152.5,28.8,0,8,BAKE-PREHEAT,150.2,154.8,150.2,154.8
2025-08-26T14:54:57.752,173.90932703018188,155.0,152.2,28.8,0,8,BAKE-PREHEAT,150.0,154.5,150.0,154.5
2025-08-26T14:54:58.045,174.20183396339417,155.0,152.2,28.7,0,8,BAKE-PREHEAT,150.2,154.2,150.2,154.2
2025-08-26T14:54:58.281,174.43755197525024,155.0,152.1,28.7,0,8,BAKE-PREHEAT,149.8,154.5,149.8,154.5
2025-08-26T14:54:58.514,174.67044401168823,155.0,152.1,28.8,0,8,BAKE-PREHEAT,150.0,154.2,150.0,154.2
2025-08-26T14:54:58.812,174.96908903121948,155.0,152.1,28.7,0,8,BAKE-PREHEAT,150.0,154.2,150.0,154.2
2025-08-26T14:54:59.052,175.2087459564209,155.0,152.0,28.8,0,8,BAKE-PREHEAT,149.8,154.2,149.8,154.2
2025-08-26T14:54:59.288,175.4449920654297,155.0,151.9,28.8,0,8,BAKE-PREHEAT,149.5,154.2,149.5,154.2
2025-08-26T14:54:59.297,175.4540569782257,155.0,151.9,28.8,0,8,BAKE-PREHEAT,149.5,154.2,149.5,154.2
2025-08-26T14:54:59.760,175.9172670841217,155.0,151.8,28.7,0,8,BAKE-PREHEAT,149.5,154.0,149.5,154.0
2025-08-26T14:55:00.055,176.21211886405945,155.0,151.6,28.7,0,8,BAKE-PREHEAT,149.5,153.8,149.5,153.8
2025-08-26T14:55:00.292,176.44904088974,155.0,151.6,28.8,0,8,BAKE-PREHEAT,149.5,153.8,149.5,153.8
2025-08-26T14:55:00.522,176.67930388450623,155.0,151.5,28.8,0,8,BAKE-PREHEAT,149.2,153.8,149.2,153.8
2025-08-26T14:55:00.758,176.91520190238953,155.0,151.5,28.8,0,8,BAKE-PREHEAT,149.2,153.8,149.2,153.8
2025-08-26T14:55:01.050,177.20712399482727,155.0,151.4,28.8,0,8,BAKE-PREHEAT,149.2,153.5,149.2,153.5
2025-08-26T14:55:01.283,177.43948006629944,155.0,151.2,28.7,0,8,BAKE-PREHEAT,149.0,153.5,149.0,153.5
2025-08-26T14:55:01.516,177.6731629371643,155.0,151.1,28.7,0,8,BAKE-PREHEAT,149.0,153.2,149.0,153.2
2025-08-26T14:55:01.745,177.90177488327026,155.0,151.0,28.8,0,8,BAKE-PREHEAT,149.0,153.0,149.0,153.0
2025-08-26T14:55:02.035,178.1915590763092,155.0,151.1,28.8,0,8,BAKE-PREHEAT,149.0,153.2,149.0,153.2
2025-08-26T14:55:02.271,178.42742896080017,155.0,150.8,28.8,255,8,BAKE-PREHEAT,148.8,152.8,148.8,152.8
2025-08-26T14:55:02.505,178.66228699684143,155.0,150.9,28.8,54,8,BAKE-PREHEAT,148.8,153.0,148.8,153.0
2025-08-26T14:55:02.799,178.95618987083435,155.0,150.4,28.8,163,8,BAKE-PREHEAT,148.5,152.2,148.5,152.2
2025-08-26T14:55:03.035,179.1920509338379,155.0,150.5,28.8,61,8,BAKE-PREHEAT,148.2,152.8,148.2,152.8
2025-08-26T14:55:03.264,179.42085695266724,155.0,150.1,28.8,147,8,BAKE-PREHEAT,148.2,152.0,148.2,152.0
2025-08-26T14:55:03.377,179.5341989994049,155.0,150.1,28.7,87,8,BAKE-PREHEAT,148.2,152.0,148.2,152.0
2025-08-26T14:55:03.797,179.95352602005005,152.0,150.0,28.8,0,8,BAKE-PREHEAT,148.0,152.0,148.0,152.0
2025-08-26T14:55:04.034,180.19042301177979,152.0,149.8,28.8,0,8,BAKE-PREHEAT,147.8,151.8,147.8,151.8
2025-08-26T14:55:04.270,180.4267270565033,152.0,149.9,28.8,0,8,BAKE-PREHEAT,148.0,151.8,148.0,151.8
2025-08-26T14:55:04.499,180.6563708782196,152.0,149.6,28.7,0,8,BAKE-PREHEAT,147.8,151.5,147.8,151.5
2025-08-26T14:55:04.789,180.94568586349487,152.0,149.6,28.8,0,8,BAKE-PREHEAT,147.8,151.5,147.8,151.5
2025-08-26T14:55:05.026,181.18297386169434,152.0,149.6,28.8,0,8,BAKE-PREHEAT,147.8,151.5,147.8,151.5
2025-08-26T14:55:05.258,181.4153070449829,152.0,149.5,28.8,0,8,BAKE-PREHEAT,147.5,151.5,147.5,151.5
2025-08-26T14:55:05.550,181.70708107948303,152.0,149.4,28.8,0,8,BAKE-PREHEAT,147.2,151.5,147.2,151.5
2025-08-26T14:55:05.784,181.9411060810089,152.0,149.2,28.8,0,8,BAKE-PREHEAT,147.2,151.2,147.2,151.2
2025-08-26T14:55:06.021,182.17798900604248,152.0,149.0,28.8,0,8,BAKE-PREHEAT,147.0,151.0,147.0,151.0
2025-08-26T14:55:06.258,182.41438388824463,152.0,149.1,28.8,0,8,BAKE-PREHEAT,147.2,151.0,147.2,151.0
2025-08-26T14:55:06.549,182.70608496665955,152.0,149.1,28.8,0,8,BAKE-PREHEAT,147.2,151.0,147.2,151.0
2025-08-26T14:55:06.787,182.94345688819885,152.0,149.0,28.8,0,8,BAKE-PREHEAT,147.0,151.0,147.0,151.0
2025-08-26T14:55:07.023,183.1796748638153,152.0,148.9,28.8,0,8,BAKE-PREHEAT,147.0,150.8,147.0,150.8
2025-08-26T14:55:07.320,183.47723507881165,152.0,148.6,28.8,0,8,BAKE-PREHEAT,146.5,150.8,146.5,150.8
2025-08-26T14:55:07.495,183.6517059803009,152.0,148.6,28.8,0,8,BAKE-PREHEAT,146.8,150.5,146.8,150.5
2025-08-26T14:55:07.788,183.94493198394775,152.0,148.5,28.8,0,8,BAKE-PREHEAT,146.5,150.5,146.5,150.5
2025-08-26T14:55:08.024,184.18093705177307,152.0,148.4,28.8,0,8,BAKE-PREHEAT,146.5,150.2,146.5,150.2
2025-08-26T14:55:08.261,184.41811108589172,152.0,148.4,28.8,0,8,BAKE-PREHEAT,146.5,150.2,146.5,150.2
2025-08-26T14:55:08.554,184.71080088615417,152.0,148.2,28.8,0,8,BAKE-PREHEAT,146.5,150.0,146.5,150.0
2025-08-26T14:55:08.791,184.94769287109375,152.0,148.0,28.8,0,8,BAKE-PREHEAT,146.2,149.8,146.2,149.8
2025-08-26T14:55:09.021,185.17768502235413,152.0,147.9,28.8,255,8,BAKE-PREHEAT,146.0,149.8,146.0,149.8
2025-08-26T14:55:09.257,185.4141149520874,152.0,147.9,28.8,74,8,BAKE-PREHEAT,146.0,149.8,146.0,149.8
2025-08-26T14:55:09.363,185.52018404006958,152.0,147.6,28.8,118,8,BAKE-PREHEAT,146.0,149.2,146.0,149.2
2025-08-26T14:55:09.778,185.93474698066711,152.0,147.6,28.8,78,8,BAKE-PREHEAT,145.8,149.5,145.8,149.5
2025-08-26T14:55:10.076,186.2331099510193,152.0,147.5,28.8,101,8,BAKE-PREHEAT,145.8,149.2,145.8,149.2
2025-08-26T14:55:10.250,186.407329082489,152.0,147.6,28.8,58,8,BAKE-PREHEAT,146.0,149.2,146.0,149.2
2025-08-26T14:55:10.545,186.70189905166626,152.0,147.2,28.8,145,8,BAKE-PREHEAT,145.8,148.8,145.8,148.8
2025-08-26T14:55:10.782,186.93897986412048,152.0,147.4,28.8,63,8,BAKE-PREHEAT,145.8,149.0,145.8,149.0
2025-08-26T14:55:11.017,187.1738018989563,152.0,147.1,28.8,127,8,BAKE-PREHEAT,145.5,148.8,145.5,148.8
2025-08-26T14:55:11.318,187.47455501556396,152.0,147.1,28.8,87,8,BAKE-PREHEAT,145.5,148.8,145.5,148.8
2025-08-26T14:55:11.553,187.71027398109436,152.0,146.9,28.8,132,8,BAKE-PREHEAT,145.2,148.5,145.2,148.5
2025-08-26T14:55:11.792,187.94901704788208,152.0,146.9,28.8,92,8,BAKE-PREHEAT,145.2,148.5,145.2,148.5
2025-08-26T14:55:12.030,188.18689489364624,152.0,146.9,28.9,92,8,BAKE-PREHEAT,145.2,148.5,145.2,148.5
2025-08-26T14:55:12.262,188.41919898986816,152.0,146.6,28.8,136,8,BAKE-PREHEAT,145.0,148.2,145.0,148.2
2025-08-26T14:55:12.496,188.65319204330444,152.0,146.8,28.8,74,8,BAKE-PREHEAT,145.2,148.2,145.2,148.2
2025-08-26T14:55:12.784,188.94046807289124,152.0,146.8,28.8,94,8,BAKE-PREHEAT,145.2,148.2,145.2,148.2
2025-08-26T14:55:13.021,189.1777219772339,152.0,146.5,28.8,139,8,BAKE-PREHEAT,145.0,148.0,145.0,148.0
2025-08-26T14:55:13.250,189.40684008598328,152.0,146.5,28.9,99,8,BAKE-PREHEAT,145.0,148.0,145.0,148.0
2025-08-26T14:55:13.417,189.5736858844757,152.0,146.5,28.9,99,8,BAKE-PREHEAT,145.0,148.0,145.0,148.0
2025-08-26T14:55:13.755,189.91223406791687,150.0,146.4,28.8,0,8,BAKE-PREHEAT,145.0,147.8,145.0,147.8
2025-08-26T14:55:14.050,190.20706987380981,150.0,146.1,28.8,0,8,BAKE-PREHEAT,144.8,147.5,144.8,147.5
2025-08-26T14:55:14.286,190.44298696517944,150.0,146.2,28.8,0,8,BAKE-PREHEAT,144.8,147.8,144.8,147.8
2025-08-26T14:55:14.515,190.6721169948578,150.0,146.2,28.9,0,8,BAKE-PREHEAT,144.8,147.8,144.8,147.8
2025-08-26T14:55:14.746,190.90246391296387,150.0,145.9,28.8,174,8,BAKE-PREHEAT,144.5,147.2,144.5,147.2
2025-08-26T14:55:15.039,191.19547486305237,150.0,145.9,28.8,74,8,BAKE-PREHEAT,144.5,147.2,144.5,147.2
2025-08-26T14:55:15.273,191.4299440383911,150.0,145.9,28.8,74,8,BAKE-PREHEAT,144.5,147.2,144.5,147.2
2025-08-26T14:55:15.569,191.7257580757141,150.0,145.9,28.9,74,8,BAKE-PREHEAT,144.5,147.2,144.5,147.2
2025-08-26T14:55:15.743,191.90024995803833,150.0,145.6,28.8,118,8,BAKE-PREHEAT,144.2,147.0,144.2,147.0
2025-08-26T14:55:16.033,192.18950486183167,150.0,145.9,28.9,34,8,BAKE-PREHEAT,144.5,147.2,144.5,147.2
2025-08-26T14:55:16.263,192.41976690292358,150.0,145.6,28.9,118,8,BAKE-PREHEAT,144.2,147.0,144.2,147.0
2025-08-26T14:55:16.496,192.65271496772766,150.0,145.6,28.9,78,8,BAKE-PREHEAT,144.2,147.0,144.2,147.0
2025-08-26T14:55:16.790,192.94655990600586,150.0,145.4,28.8,123,8,BAKE-PREHEAT,144.0,146.8,144.0,146.8
2025-08-26T14:55:17.022,193.17873692512512,150.0,145.2,28.8,105,8,BAKE-PREHEAT,144.0,146.5,144.0,146.5
2025-08-26T14:55:17.250,193.40713596343994,150.0,145.1,28.8,107,8,BAKE-PREHEAT,144.0,146.2,144.0,146.2
2025-08-26T14:55:17.541,193.69773697853088,150.0,145.4,28.9,43,8,BAKE-PREHEAT,144.0,146.8,144.0,146.8
2025-08-26T14:55:17.778,193.934916973114,150.0,145.4,28.9,83,8,BAKE-PREHEAT,144.2,146.5,144.2,146.5
2025-08-26T14:55:18.013,194.1697859764099,150.0,145.2,28.9,105,8,BAKE-PREHEAT,144.0,146.5,144.0,146.5
2025-08-26T14:55:18.310,194.46642804145813,150.0,145.1,28.9,107,8,BAKE-PREHEAT,143.8,146.5,143.8,146.5
2025-08-26T14:55:18.546,194.70302987098694,150.0,145.0,28.9,110,8,BAKE-PREHEAT,143.8,146.2,143.8,146.2
2025-08-26T14:55:18.777,194.93395495414734,150.0,145.1,28.8,67,8,BAKE-PREHEAT,144.0,146.2,144.0,146.2
2025-08-26T14:55:19.012,195.16882395744324,150.0,145.1,28.9,87,8,BAKE-PREHEAT,143.8,146.5,143.8,146.5
2025-08-26T14:55:19.246,195.40335702896118,150.0,145.0,28.9,110,8,BAKE-PREHEAT,143.8,146.2,143.8,146.2
2025-08-26T14:55:19.476,195.63313603401184,150.0,144.9,28.8,112,8,BAKE-PREHEAT,143.5,146.2,143.5,146.2
2025-08-26T14:55:19.767,195.9238679409027,150.0,144.9,28.8,92,8,BAKE-PREHEAT,143.8,146.0,143.8,146.0
2025-08-26T14:55:19.996,196.1531150341034,150.0,144.9,28.8,92,8,BAKE-PREHEAT,143.5,146.2,143.5,146.2
2025-08-26T14:55:20.291,196.44765186309814,150.0,144.9,28.9,92,8,BAKE-PREHEAT,143.5,146.2,143.5,146.2
2025-08-26T14:55:20.527,196.68418502807617,150.0,144.9,28.9,92,8,BAKE-PREHEAT,143.5,146.2,143.5,146.2
2025-08-26T14:55:20.762,196.91838788986206,150.0,145.0,28.9,70,8,BAKE-PREHEAT,143.8,146.2,143.8,146.2
2025-08-26T14:55:21.001,197.15760803222656,150.0,144.8,28.9,134,8,BAKE-PREHEAT,143.5,146.0,143.5,146.0
2025-08-26T14:55:21.293,197.45008206367493,150.0,144.8,28.9,94,8,BAKE-PREHEAT,143.5,146.0,143.5,146.0
2025-08-26T14:55:21.528,197.6844539642334,150.0,144.8,28.9,94,8,BAKE-PREHEAT,143.5,146.0,143.5,146.0
2025-08-26T14:55:21.761,197.9180920124054,150.0,144.8,28.9,94,8,BAKE-PREHEAT,143.5,146.0,143.5,146.0
2025-08-26T14:55:21.996,198.15242099761963,150.0,144.9,28.9,72,8,BAKE-PREHEAT,143.5,146.2,143.5,146.2
2025-08-26T14:55:22.284,198.4404489994049,150.0,144.9,28.9,92,8,BAKE-PREHEAT,143.5,146.2,143.5,146.2
2025-08-26T14:55:22.517,198.67383790016174,150.0,144.8,28.9,114,8,BAKE-PREHEAT,143.5,146.0,143.5,146.0
2025-08-26T14:55:22.745,198.90189695358276,150.0,144.6,28.9,117,8,BAKE-PREHEAT,143.2,146.0,143.2,146.0
2025-08-26T14:55:23.036,199.1929578781128,150.0,144.9,28.9,52,8,BAKE-PREHEAT,143.5,146.2,143.5,146.2
2025-08-26T14:55:23.271,199.42767906188965,150.0,144.6,28.9,137,8,BAKE-PREHEAT,143.2,146.0,143.2,146.0
2025-08-26T14:55:23.508,199.66455507278442,150.0,144.6,28.9,97,8,BAKE-PREHEAT,143.2,146.0,143.2,146.0
2025-08-26T14:55:23.801,199.958349943161,148.0,144.6,28.9,0,8,BAKE-PREHEAT,143.2,146.0,143.2,146.0
2025-08-26T14:55:24.036,200.19333696365356,148.0,144.8,28.9,0,8,BAKE-PREHEAT,143.5,146.0,143.5,146.0
2025-08-26T14:55:24.274,200.43072700500488,148.0,144.5,28.9,0,8,BAKE-PREHEAT,143.2,145.8,143.2,145.8
2025-08-26T14:55:24.511,200.6679310798645,148.0,144.6,28.9,0,8,BAKE-PREHEAT,143.2,146.0,143.2,146.0
2025-08-26T14:55:24.805,200.9613869190216,148.0,144.5,28.9,0,8,BAKE-PREHEAT,143.2,145.8,143.2,145.8
2025-08-26T14:55:25.044,201.20099902153015,148.0,144.6,28.9,0,8,BAKE-PREHEAT,143.5,145.8,143.5,145.8
2025-08-26T14:55:25.278,201.4343810081482,148.0,144.4,28.9,0,8,BAKE-PREHEAT,143.0,145.8,143.0,145.8
2025-08-26T14:55:25.511,201.66797494888306,148.0,144.5,28.9,0,8,BAKE-PREHEAT,143.2,145.8,143.2,145.8
2025-08-26T14:55:25.804,201.96092104911804,148.0,144.4,28.9,0,8,BAKE-PREHEAT,143.0,145.8,143.0,145.8
2025-08-26T14:55:26.044,202.2005488872528,148.0,144.5,28.9,0,8,BAKE-PREHEAT,143.2,145.8,143.2,145.8
2025-08-26T14:55:26.281,202.4377670288086,148.0,144.4,28.9,0,8,BAKE-PREHEAT,143.0,145.8,143.0,145.8
2025-08-26T14:55:26.513,202.67007207870483,148.0,144.2,28.9,0,8,BAKE-PREHEAT,143.0,145.5,143.0,145.5
2025-08-26T14:55:26.804,202.96087098121643,148.0,144.4,28.9,0,8,BAKE-PREHEAT,143.0,145.8,143.0,145.8
2025-08-26T14:55:27.041,203.19763803482056,148.0,144.4,28.9,0,8,BAKE-PREHEAT,143.2,145.5,143.2,145.5
2025-08-26T14:55:27.271,203.42783999443054,148.0,144.2,28.9,0,8,BAKE-PREHEAT,143.0,145.5,143.0,145.5
2025-08-26T14:55:27.507,203.66422700881958,148.0,144.4,28.9,0,8,BAKE-PREHEAT,143.0,145.8,143.0,145.8
2025-08-26T14:55:27.796,203.95331287384033,148.0,144.1,28.9,0,8,BAKE-PREHEAT,142.8,145.5,142.8,145.5
2025-08-26T14:55:28.033,204.18974494934082,148.0,144.2,29.0,0,8,BAKE-PREHEAT,143.0,145.5,143.0,145.5
2025-08-26T14:55:28.268,204.4248878955841,148.0,144.2,28.9,0,8,BAKE-PREHEAT,143.0,145.5,143.0,145.5
2025-08-26T14:55:28.496,204.65328693389893,148.0,144.1,29.0,0,8,BAKE-PREHEAT,142.8,145.5,142.8,145.5
2025-08-26T14:55:28.790,204.94725394248962,148.0,144.1,29.0,0,8,BAKE-PREHEAT,142.8,145.5,142.8,145.5
2025-08-26T14:55:29.026,205.18312096595764,148.0,144.1,28.9,0,8,BAKE-PREHEAT,143.0,145.2,143.0,145.2
2025-08-26T14:55:29.259,205.41537404060364,148.0,144.0,28.9,0,8,BAKE-PREHEAT,142.8,145.2,142.8,145.2
2025-08-26T14:55:29.484,205.64046907424927,148.0,144.0,29.0,0,8,BAKE-PREHEAT,142.8,145.2,142.8,145.2
2025-08-26T14:55:29.766,205.92334294319153,148.0,143.9,28.9,194,8,BAKE-PREHEAT,142.8,145.0,142.8,145.0
2025-08-26T14:55:30.003,206.15971207618713,148.0,144.0,28.9,0,8,BAKE-PREHEAT,142.8,145.2,142.8,145.2
2025-08-26T14:55:30.295,206.45196986198425,148.0,143.9,28.9,74,8,BAKE-PREHEAT,142.8,145.0,142.8,145.0
2025-08-26T14:55:30.533,206.6897258758545,148.0,143.8,28.9,96,8,BAKE-PREHEAT,142.5,145.0,142.5,145.0
2025-08-26T14:55:30.765,206.9213879108429,148.0,143.6,28.9,98,8,BAKE-PREHEAT,142.2,145.0,142.2,145.0
2025-08-26T14:55:31.064,207.22115302085876,148.0,143.9,28.9,34,8,BAKE-PREHEAT,142.5,145.2,142.5,145.2
2025-08-26T14:55:31.237,207.3936688899994,148.0,143.9,29.0,74,8,BAKE-PREHEAT,142.5,145.2,142.5,145.2
2025-08-26T14:55:31.531,207.68747901916504,148.0,143.8,28.9,96,8,BAKE-PREHEAT,142.5,145.0,142.5,145.0
2025-08-26T14:55:31.761,207.91738104820251,148.0,143.6,29.0,98,8,BAKE-PREHEAT,142.2,145.0,142.2,145.0
2025-08-26T14:55:31.995,208.1515669822693,148.0,143.6,28.9,78,8,BAKE-PREHEAT,142.2,145.0,142.2,145.0
2025-08-26T14:55:32.285,208.44151306152344,148.0,143.8,28.9,56,8,BAKE-PREHEAT,142.5,145.0,142.5,145.0
2025-08-26T14:55:32.520,208.67704105377197,148.0,143.5,29.0,121,8,BAKE-PREHEAT,142.2,144.8,142.2,144.8
2025-08-26T14:55:32.749,208.90556406974792,148.0,143.8,29.0,36,8,BAKE-PREHEAT,142.5,145.0,142.5,145.0
2025-08-26T14:55:33.043,209.19997596740723,148.0,143.5,28.9,121,8,BAKE-PREHEAT,142.2,144.8,142.2,144.8
2025-08-26T14:55:33.285,209.44193196296692,148.0,143.6,28.9,58,8,BAKE-PREHEAT,142.2,145.0,142.2,145.0
2025-08-26T14:55:33.522,209.67863607406616,148.0,143.5,28.9,101,8,BAKE-PREHEAT,142.2,144.8,142.2,144.8
2025-08-26T14:55:33.577,209.73344492912292,148.0,143.5,29.0,81,8,BAKE-PREHEAT,142.0,145.0,142.0,145.0
2025-08-26T14:55:33.993,210.14978504180908,146.0,143.5,28.9,0,8,BAKE-PREHEAT,142.2,144.8,142.2,144.8
2025-08-26T14:55:34.289,210.44551587104797,146.0,143.5,29.0,0,8,BAKE-PREHEAT,142.2,144.8,142.2,144.8
2025-08-26T14:55:34.525,210.68166208267212,146.0,143.4,29.0,0,8,BAKE-PREHEAT,142.0,144.8,142.0,144.8
2025-08-26T14:55:34.758,210.9145269393921,146.0,143.4,29.0,0,8,BAKE-PREHEAT,142.0,144.8,142.0,144.8
2025-08-26T14:55:35.052,211.20909595489502,146.0,143.2,28.9,0,8,BAKE-PREHEAT,142.0,144.5,142.0,144.5
2025-08-26T14:55:35.289,211.44605493545532,146.0,143.4,29.0,0,8,BAKE-PREHEAT,142.0,144.8,142.0,144.8
2025-08-26T14:55:35.519,211.67608308792114,146.0,143.4,29.0,0,8,BAKE-PREHEAT,142.0,144.8,142.0,144.8
2025-08-26T14:55:35.751,211.90811800956726,146.0,143.5,29.0,0,8,BAKE-PREHEAT,142.2,144.8,142.2,144.8
2025-08-26T14:55:36.046,212.20268893241882,146.0,143.4,29.0,0,8,BAKE-PREHEAT,142.0,144.8,142.0,144.8
2025-08-26T14:55:36.276,212.43315601348877,146.0,143.1,29.0,0,8,BAKE-PREHEAT,141.8,144.5,141.8,144.5
2025-08-26T14:55:36.574,212.73098397254944,146.0,143.2,29.0,0,8,BAKE-PREHEAT,141.8,144.8,141.8,144.8
2025-08-26T14:55:36.744,212.90106892585754,146.0,143.2,29.0,0,8,BAKE-PREHEAT,142.0,144.5,142.0,144.5
2025-08-26T14:55:37.035,213.19203901290894,146.0,143.2,29.1,0,8,BAKE-PREHEAT,141.8,144.8,141.8,144.8
2025-08-26T14:55:37.270,213.42721486091614,146.0,143.0,29.0,0,8,BAKE-PREHEAT,141.5,144.5,141.5,144.5
2025-08-26T14:55:37.501,213.65781903266907,146.0,143.1,29.0,0,8,BAKE-PREHEAT,141.8,144.5,141.8,144.5
2025-08-26T14:55:37.792,213.94849395751953,146.0,143.0,29.0,0,8,BAKE-PREHEAT,141.8,144.2,141.8,144.2
2025-08-26T14:55:38.027,214.18346691131592,146.0,142.9,29.0,0,8,BAKE-PREHEAT,141.5,144.2,141.5,144.2
2025-08-26T14:55:38.257,214.41371893882751,146.0,142.8,28.9,0,8,BAKE-PREHEAT,141.5,144.0,141.5,144.0
2025-08-26T14:55:38.494,214.65072894096375,146.0,142.9,29.0,0,8,BAKE-PREHEAT,141.5,144.2,141.5,144.2
2025-08-26T14:55:38.783,214.93949007987976,146.0,142.8,29.0,0,8,BAKE-PREHEAT,141.5,144.0,141.5,144.0
2025-08-26T14:55:39.019,215.1754629611969,146.0,142.8,29.0,0,8,BAKE-PREHEAT,141.5,144.0,141.5,144.0
2025-08-26T14:55:39.311,215.46809196472168,146.0,142.8,29.0,0,8,BAKE-PREHEAT,141.5,144.0,141.5,144.0
2025-08-26T14:55:39.545,215.7021200656891,146.0,142.5,29.0,0,8,BAKE-PREHEAT,141.0,144.0,141.0,144.0
2025-08-26T14:55:39.600,215.75699186325073,146.0,142.6,29.0,0,8,BAKE-PREHEAT,141.5,143.8,141.5,143.8
2025-08-26T14:55:40.012,216.1685528755188,146.0,142.2,29.0,0,8,BAKE-PREHEAT,141.0,143.5,141.0,143.5
2025-08-26T14:55:40.247,216.4038360118866,146.0,142.5,29.1,0,8,BAKE-PREHEAT,141.2,143.8,141.2,143.8
2025-08-26T14:55:40.541,216.69836592674255,146.0,142.4,29.0,0,8,BAKE-PREHEAT,141.2,143.5,141.2,143.5
2025-08-26T14:55:40.776,216.93331289291382,146.0,142.1,29.0,0,8,BAKE-PREHEAT,140.8,143.5,140.8,143.5
2025-08-26T14:55:41.005,217.16153287887573,146.0,142.2,29.0,0,8,BAKE-PREHEAT,141.0,143.5,141.0,143.5
2025-08-26T14:55:41.244,217.40040588378906,146.0,142.1,29.0,0,8,BAKE-PREHEAT,141.0,143.2,141.0,143.2
2025-08-26T14:55:41.534,217.69050192832947,146.0,142.0,29.0,0,8,BAKE-PREHEAT,140.8,143.2,140.8,143.2
2025-08-26T14:55:41.770,217.9268980026245,146.0,142.1,29.1,0,8,BAKE-PREHEAT,141.0,143.2,141.0,143.2
2025-08-26T14:55:42.004,218.161150932312,146.0,142.0,29.0,0,8,BAKE-PREHEAT,140.8,143.2,140.8,143.2
2025-08-26T14:55:42.291,218.44807291030884,146.0,141.8,29.0,255,8,BAKE-PREHEAT,140.5,143.0,140.5,143.0
2025-08-26T14:55:42.529,218.6856620311737,146.0,141.9,29.1,54,8,BAKE-PREHEAT,140.8,143.0,140.8,143.0
2025-08-26T14:55:42.762,218.91877698898315,146.0,141.8,29.0,96,8,BAKE-PREHEAT,140.5,143.0,140.5,143.0
2025-08-26T14:55:42.997,219.15352988243103,146.0,141.6,29.0,98,8,BAKE-PREHEAT,140.5,142.8,140.5,142.8
2025-08-26T14:55:43.103,219.25972986221313,146.0,141.6,29.0,78,8,BAKE-PREHEAT,140.5,142.8,140.5,142.8
2025-08-26T14:55:43.567,219.72390699386597,144.0,141.4,29.1,0,8,BAKE-PREHEAT,140.2,142.5,140.2,142.5
2025-08-26T14:55:43.741,219.8979790210724,144.0,141.4,29.0,0,8,BAKE-PREHEAT,140.2,142.5,140.2,142.5
2025-08-26T14:55:44.030,220.18694806098938,144.0,141.5,29.1,0,8,BAKE-PREHEAT,140.5,142.5,140.5,142.5
2025-08-26T14:55:44.266,220.42300486564636,144.0,141.4,29.1,0,8,BAKE-PREHEAT,140.2,142.5,140.2,142.5
2025-08-26T14:55:44.497,220.65372586250305,144.0,141.4,29.1,0,8,BAKE-PREHEAT,140.2,142.5,140.2,142.5
2025-08-26T14:55:44.787,220.94414591789246,144.0,141.2,29.0,0,8,BAKE-PREHEAT,140.2,142.2,140.2,142.2
2025-08-26T14:55:45.022,221.17902398109436,144.0,141.2,29.1,0,8,BAKE-PREHEAT,140.5,142.0,140.5,142.0
2025-08-26T14:55:45.253,221.40966391563416,144.0,141.1,29.1,0,8,BAKE-PREHEAT,140.2,142.0,140.2,142.0
2025-08-26T14:55:45.545,221.7020299434662,144.0,141.1,29.0,0,8,BAKE-PREHEAT,140.0,142.2,140.0,142.2
2025-08-26T14:55:45.783,221.93974995613098,144.0,140.9,29.0,0,8,BAKE-PREHEAT,139.8,142.0,139.8,142.0
2025-08-26T14:55:46.019,222.1759090423584,144.0,140.9,29.0,0,8,BAKE-PREHEAT,139.8,142.0,139.8,142.0
2025-08-26T14:55:46.256,222.41310691833496,144.0,140.8,29.1,0,8,BAKE-PREHEAT,139.8,141.8,139.8,141.8
2025-08-26T14:55:46.543,222.70014595985413,144.0,140.9,29.1,0,8,BAKE-PREHEAT,139.8,142.0,139.8,142.0
2025-08-26T14:55:46.781,222.9374098777771,144.0,141.0,29.1,0,8,BAKE-PREHEAT,140.0,142.0,140.0,142.0
2025-08-26T14:55:47.017,223.1738018989563,144.0,140.5,29.0,0,8,BAKE-PREHEAT,139.2,141.8,139.2,141.8
2025-08-26T14:55:47.254,223.41054701805115,144.0,140.6,29.0,0,8,BAKE-PREHEAT,139.8,141.5,139.8,141.5
2025-08-26T14:55:47.548,223.7050268650055,144.0,140.8,29.1,0,8,BAKE-PREHEAT,139.8,141.8,139.8,141.8
2025-08-26T14:55:47.779,223.93572688102722,144.0,140.5,29.0,0,8,BAKE-PREHEAT,139.8,141.2,139.8,141.2
2025-08-26T14:55:48.007,224.16410088539124,144.0,140.4,29.1,0,8,BAKE-PREHEAT,139.5,141.2,139.5,141.2
2025-08-26T14:55:48.243,224.3995270729065,144.0,140.2,29.0,0,8,BAKE-PREHEAT,139.2,141.2,139.2,141.2
2025-08-26T14:55:48.534,224.69052004814148,144.0,140.2,29.1,0,8,BAKE-PREHEAT,139.2,141.2,139.2,141.2
2025-08-26T14:55:48.770,224.92734694480896,144.0,140.4,29.1,0,8,BAKE-PREHEAT,139.5,141.2,139.5,141.2
2025-08-26T14:55:49.005,225.1615960597992,144.0,140.1,29.1,0,8,BAKE-PREHEAT,139.0,141.2,139.0,141.2
2025-08-26T14:55:49.113,225.2696030139923,144.0,140.2,29.1,0,8,BAKE-PREHEAT,139.2,141.2,139.2,141.2
2025-08-26T14:55:49.524,225.68040895462036,144.0,140.1,29.1,0,8,BAKE-PREHEAT,139.0,141.2,139.0,141.2
2025-08-26T14:55:49.758,225.9145588874817,144.0,140.0,29.0,0,8,BAKE-PREHEAT,139.0,141.0,139.0,141.0
2025-08-26T14:55:50.052,226.20846104621887,144.0,139.9,29.1,255,8,BAKE-PREHEAT,138.8,141.0,138.8,141.0
2025-08-26T14:55:50.291,226.44810700416565,144.0,140.0,29.1,0,8,BAKE-PREHEAT,139.0,141.0,139.0,141.0
2025-08-26T14:55:50.527,226.68419909477234,144.0,139.9,29.1,74,8,BAKE-PREHEAT,138.8,141.0,138.8,141.0
2025-08-26T14:55:50.757,226.9143409729004,144.0,139.9,29.0,74,8,BAKE-PREHEAT,138.8,141.0,138.8,141.0
2025-08-26T14:55:50.992,227.149080991745,144.0,139.8,29.1,96,8,BAKE-PREHEAT,138.5,141.0,138.5,141.0
2025-08-26T14:55:51.284,227.44058990478516,144.0,139.8,29.1,76,8,BAKE-PREHEAT,138.8,140.8,138.8,140.8
2025-08-26T14:55:51.521,227.6774709224701,144.0,139.8,29.0,76,8,BAKE-PREHEAT,138.8,140.8,138.8,140.8
2025-08-26T14:55:51.756,227.91238594055176,144.0,139.6,29.1,98,8,BAKE-PREHEAT,138.5,140.8,138.5,140.8
2025-08-26T14:55:52.046,228.20246386528015,144.0,139.6,29.1,78,8,BAKE-PREHEAT,138.8,140.5,138.8,140.5
2025-08-26T14:55:52.281,228.4383499622345,144.0,139.5,29.1,101,8,BAKE-PREHEAT,138.5,140.5,138.5,140.5
2025-08-26T14:55:52.514,228.67077088356018,144.0,139.5,29.1,81,8,BAKE-PREHEAT,138.5,140.5,138.5,140.5
2025-08-26T14:55:52.746,228.90256595611572,144.0,139.4,29.1,103,8,BAKE-PREHEAT,138.5,140.2,138.5,140.2
2025-08-26T14:55:53.039,229.19636797904968,144.0,139.5,29.2,61,8,BAKE-PREHEAT,138.5,140.5,138.5,140.5
2025-08-26T14:55:53.157,229.31391501426697,144.0,139.1,29.1,147,8,BAKE-PREHEAT,138.0,140.2,138.0,140.2
2025-08-26T14:55:53.555,229.71188807487488,142.0,139.1,29.1,0,8,BAKE-PREHEAT,138.0,140.2,138.0,140.2
2025-08-26T14:55:53.794,229.9505090713501,142.0,139.1,29.0,0,8,BAKE-PREHEAT,138.2,140.0,138.2,140.0
2025-08-26T14:55:54.027,230.18408799171448,142.0,139.1,29.1,0,8,BAKE-PREHEAT,138.0,140.2,138.0,140.2
2025-08-26T14:55:54.263,230.4197690486908,142.0,139.2,29.1,0,8,BAKE-PREHEAT,138.2,140.2,138.2,140.2
2025-08-26T14:55:54.497,230.65341186523438,142.0,139.0,29.1,0,8,BAKE-PREHEAT,138.0,140.0,138.0,140.0
2025-08-26T14:55:54.787,230.94407391548157,142.0,138.9,29.1,0,8,BAKE-PREHEAT,137.8,140.0,137.8,140.0
2025-08-26T14:55:55.024,231.1810920238495,142.0,138.9,29.1,0,8,BAKE-PREHEAT,137.8,140.0,137.8,140.0
2025-08-26T14:55:55.259,231.4161820411682,142.0,138.8,29.1,0,8,BAKE-PREHEAT,137.8,139.8,137.8,139.8
2025-08-26T14:55:55.493,231.6503598690033,142.0,138.8,29.1,0,8,BAKE-PREHEAT,137.5,140.0,137.5,140.0
2025-08-26T14:55:55.787,231.94385409355164,142.0,138.6,29.1,0,8,BAKE-PREHEAT,137.5,139.8,137.5,139.8
2025-08-26T14:55:56.021,232.17836904525757,142.0,138.4,29.1,0,8,BAKE-PREHEAT,137.2,139.5,137.2,139.5
2025-08-26T14:55:56.321,232.4780330657959,142.0,138.6,29.1,0,8,BAKE-PREHEAT,137.5,139.8,137.5,139.8
2025-08-26T14:55:56.495,232.65205907821655,142.0,138.4,29.1,0,8,BAKE-PREHEAT,137.2,139.5,137.2,139.5
2025-08-26T14:55:56.790,232.94654989242554,142.0,138.6,29.2,0,8,BAKE-PREHEAT,137.5,139.8,137.5,139.8
2025-08-26T14:55:57.025,233.18144702911377,142.0,138.5,29.1,0,8,BAKE-PREHEAT,137.5,139.5,137.5,139.5
2025-08-26T14:55:57.259,233.41583800315857,142.0,138.5,29.1,0,8,BAKE-PREHEAT,137.8,139.2,137.8,139.2
2025-08-26T14:55:57.560,233.71640706062317,142.0,138.2,29.1,0,8,BAKE-PREHEAT,137.2,139.2,137.2,139.2
2025-08-26T14:55:57.795,233.95149207115173,142.0,138.1,29.1,0,8,BAKE-PREHEAT,137.2,139.0,137.2,139.0
2025-08-26T14:55:58.030,234.1872968673706,142.0,138.1,29.1,0,8,BAKE-PREHEAT,137.0,139.2,137.0,139.2
2025-08-26T14:55:58.267,234.42377495765686,142.0,138.0,29.1,0,8,BAKE-PREHEAT,137.0,139.0,137.0,139.0
2025-08-26T14:55:58.500,234.65717005729675,142.0,137.9,29.1,255,8,BAKE-PREHEAT,137.0,138.8,137.0,138.8
2025-08-26T14:55:58.795,234.95170307159424,142.0,137.9,29.2,74,8,BAKE-PREHEAT,136.8,139.0,136.8,139.0
2025-08-26T14:55:59.032,235.18850302696228,142.0,137.9,29.2,74,8,BAKE-PREHEAT,137.0,138.8,137.0,138.8
2025-08-26T14:55:59.203,235.36009407043457,142.0,138.0,29.1,0,8,BAKE-PREHEAT,137.5,138.5,137.5,138.5
2025-08-26T14:55:59.491,235.6483509540558,142.0,137.8,29.1,96,8,BAKE-PREHEAT,136.8,138.8,136.8,138.8
2025-08-26T14:55:59.785,235.94237303733826,142.0,138.0,29.1,0,8,BAKE-PREHEAT,137.2,138.8,137.2,138.8
2025-08-26T14:56:00.022,236.17915987968445,142.0,137.9,29.2,54,8,BAKE-PREHEAT,136.8,139.0,136.8,139.0
2025-08-26T14:56:00.257,236.4142119884491,142.0,137.6,29.1,118,8,BAKE-PREHEAT,136.5,138.8,136.5,138.8
2025-08-26T14:56:00.548,236.70474004745483,142.0,137.6,29.1,78,8,BAKE-PREHEAT,136.8,138.5,136.8,138.5
2025-08-26T14:56:00.785,236.9413878917694,142.0,137.6,29.2,78,8,BAKE-PREHEAT,136.8,138.5,136.8,138.5
2025-08-26T14:56:01.021,237.178209066391,142.0,137.4,29.1,123,8,BAKE-PREHEAT,136.2,138.5,136.2,138.5
2025-08-26T14:56:01.257,237.41344094276428,142.0,137.5,29.1,61,8,BAKE-PREHEAT,136.8,138.2,136.8,138.2
2025-08-26T14:56:01.552,237.7092740535736,142.0,137.4,29.1,103,8,BAKE-PREHEAT,136.5,138.2,136.5,138.2
2025-08-26T14:56:01.784,237.94064903259277,142.0,137.1,29.1,127,8,BAKE-PREHEAT,136.2,138.0,136.2,138.0
2025-08-26T14:56:02.017,238.1737780570984,142.0,137.1,29.1,87,8,BAKE-PREHEAT,136.2,138.0,136.2,138.0
2025-08-26T14:56:02.253,238.4096269607544,142.0,137.1,29.1,87,8,BAKE-PREHEAT,136.2,138.0,136.2,138.0
2025-08-26T14:56:02.547,238.70414805412292,142.0,137.1,29.1,87,8,BAKE-PREHEAT,136.2,138.0,136.2,138.0
2025-08-26T14:56:02.784,238.9411380290985,142.0,137.1,29.1,87,8,BAKE-PREHEAT,136.2,138.0,136.2,138.0
2025-08-26T14:56:03.018,239.17518091201782,142.0,137.2,29.1,65,8,BAKE-PREHEAT,136.2,138.2,136.2,138.2
2025-08-26T14:56:03.256,239.4132058620453,142.0,137.1,29.1,107,8,BAKE-PREHEAT,136.5,137.8,136.5,137.8
2025-08-26T14:56:03.484,239.6412079334259,140.0,136.9,29.2,0,8,BAKE-PREHEAT,135.8,138.0,135.8,138.0
2025-08-26T14:56:03.776,239.93324995040894,140.0,137.2,29.2,0,8,BAKE-PREHEAT,136.5,138.0,136.5,138.0
2025-08-26T14:56:04.007,240.16356301307678,140.0,136.8,29.2,0,8,BAKE-PREHEAT,135.8,137.8,135.8,137.8
2025-08-26T14:56:04.241,240.39830803871155,140.0,137.0,29.1,0,8,BAKE-PREHEAT,136.0,138.0,136.0,138.0
2025-08-26T14:56:04.532,240.68877696990967,140.0,137.0,29.2,0,8,BAKE-PREHEAT,136.0,138.0,136.0,138.0
2025-08-26T14:56:04.766,240.92246103286743,140.0,137.0,29.2,0,8,BAKE-PREHEAT,136.0,138.0,136.0,138.0
2025-08-26T14:56:04.991,241.14768505096436,140.0,136.9,29.2,0,8,BAKE-PREHEAT,135.8,138.0,135.8,138.0
2025-08-26T14:56:05.286,241.4423749446869,140.0,137.0,29.2,0,8,BAKE-PREHEAT,136.0,138.0,136.0,138.0
2025-08-26T14:56:05.523,241.6801199913025,140.0,136.5,29.2,0,8,BAKE-PREHEAT,135.5,137.5,135.5,137.5
2025-08-26T14:56:05.760,241.91724300384521,140.0,136.8,29.1,0,8,BAKE-PREHEAT,135.8,137.8,135.8,137.8
2025-08-26T14:56:06.049,242.20551800727844,140.0,136.8,29.2,0,8,BAKE-PREHEAT,135.5,138.0,135.5,138.0
2025-08-26T14:56:06.288,242.44512009620667,140.0,136.8,29.1,0,8,BAKE-PREHEAT,136.0,137.5,136.0,137.5
2025-08-26T14:56:06.527,242.6836450099945,140.0,136.2,29.2,0,8,BAKE-PREHEAT,135.0,137.5,135.0,137.5
2025-08-26T14:56:06.764,242.92120885849,140.0,136.2,29.2,0,8,BAKE-PREHEAT,135.0,137.5,135.0,137.5
2025-08-26T14:56:06.997,243.1534230709076,140.0,136.5,29.1,0,8,BAKE-PREHEAT,135.8,137.2,135.8,137.2
2025-08-26T14:56:07.289,243.44611191749573,140.0,136.4,29.2,0,8,BAKE-PREHEAT,135.2,137.5,135.2,137.5
2025-08-26T14:56:07.524,243.6809949874878,140.0,136.1,29.1,0,8,BAKE-PREHEAT,135.2,137.0,135.2,137.0
2025-08-26T14:56:07.754,243.91117906570435,140.0,136.2,29.2,0,8,BAKE-PREHEAT,135.2,137.2,135.2,137.2
2025-08-26T14:56:07.990,244.14703607559204,140.0,136.2,29.2,0,8,BAKE-PREHEAT,135.2,137.2,135.2,137.2
2025-08-26T14:56:08.285,244.4417119026184,140.0,136.1,29.1,0,8,BAKE-PREHEAT,135.2,137.0,135.2,137.0
2025-08-26T14:56:08.520,244.67715692520142,140.0,136.5,29.2,0,8,BAKE-PREHEAT,135.8,137.2,135.8,137.2
2025-08-26T14:56:08.817,244.97400093078613,140.0,136.4,29.2,0,8,BAKE-PREHEAT,135.8,137.0,135.8,137.0
2025-08-26T14:56:08.991,245.14795398712158,140.0,136.2,29.2,0,8,BAKE-PREHEAT,135.5,137.0,135.5,137.0
2025-08-26T14:56:09.282,245.4392409324646,140.0,136.0,29.2,0,8,BAKE-PREHEAT,135.0,137.0,135.0,137.0
2025-08-26T14:56:09.293,245.44973993301392,140.0,136.2,29.2,0,8,BAKE-PREHEAT,135.8,136.8,135.8,136.8
2025-08-26T14:56:09.756,245.91283202171326,140.0,136.0,29.2,0,8,BAKE-PREHEAT,135.0,137.0,135.0,137.0
2025-08-26T14:56:10.054,246.21122908592224,140.0,136.1,29.1,0,8,BAKE-PREHEAT,135.5,136.8,135.5,136.8
2025-08-26T14:56:10.291,246.44790887832642,140.0,136.0,29.2,0,8,BAKE-PREHEAT,135.2,136.8,135.2,136.8
2025-08-26T14:56:10.524,246.6808478832245,140.0,135.8,29.1,255,8,BAKE-PREHEAT,135.0,136.5,135.0,136.5
2025-08-26T14:56:10.755,246.91220688819885,140.0,135.8,29.2,76,8,BAKE-PREHEAT,134.8,136.8,134.8,136.8
2025-08-26T14:56:10.990,247.14694595336914,140.0,135.6,29.2,98,8,BAKE-PREHEAT,134.8,136.5,134.8,136.5
2025-08-26T14:56:11.284,247.44048404693604,140.0,135.6,29.2,78,8,BAKE-PREHEAT,134.5,136.8,134.5,136.8
2025-08-26T14:56:11.520,247.67645597457886,140.0,135.6,29.2,78,8,BAKE-PREHEAT,134.8,136.5,134.8,136.5
2025-08-26T14:56:11.747,247.90356588363647,140.0,135.9,29.2,34,8,BAKE-PREHEAT,135.2,136.5,135.2,136.5
2025-08-26T14:56:12.040,248.19720602035522,140.0,135.5,29.2,141,8,BAKE-PREHEAT,134.8,136.2,134.8,136.2
2025-08-26T14:56:12.280,248.43644309043884,140.0,135.6,29.2,58,8,BAKE-PREHEAT,134.8,136.5,134.8,136.5
2025-08-26T14:56:12.509,248.66609287261963,140.0,135.4,29.2,123,8,BAKE-PREHEAT,134.5,136.2,134.5,136.2
2025-08-26T14:56:12.744,248.90069603919983,140.0,135.5,29.2,61,8,BAKE-PREHEAT,135.0,136.0,135.0,136.0
2025-08-26T14:56:13.033,249.19033789634705,140.0,135.8,29.2,36,8,BAKE-PREHEAT,135.2,136.2,135.2,136.2
2025-08-26T14:56:13.267,249.42409801483154,140.0,135.5,29.2,121,8,BAKE-PREHEAT,134.8,136.2,134.8,136.2
2025-08-26T14:56:13.321,249.47777700424194,140.0,135.6,29.2,58,8,BAKE-PREHEAT,134.8,136.5,134.8,136.5
2025-08-26T14:56:13.778,249.93504309654236,142.0,135.2,29.2,181,8,BAKE-PREHEAT,134.2,136.2,134.2,136.2
2025-08-26T14:56:14.013,250.1696150302887,142.0,135.2,29.3,121,8,BAKE-PREHEAT,134.2,136.2,134.2,136.2
2025-08-26T14:56:14.252,250.408695936203,142.0,135.4,29.2,99,8,BAKE-PREHEAT,134.8,136.0,134.8,136.0
2025-08-26T14:56:14.540,250.69730401039124,142.0,135.4,29.2,119,8,BAKE-PREHEAT,134.5,136.2,134.5,136.2
2025-08-26T14:56:14.776,250.933345079422,142.0,135.4,29.2,119,8,BAKE-PREHEAT,134.8,136.0,134.8,136.0
2025-08-26T14:56:15.007,251.16414499282837,142.0,135.4,29.2,119,8,BAKE-PREHEAT,134.8,136.0,134.8,136.0
2025-08-26T14:56:15.242,251.39893507957458,142.0,135.0,29.2,186,8,BAKE-PREHEAT,134.2,135.8,134.2,135.8
2025-08-26T14:56:15.534,251.69066786766052,142.0,135.4,29.2,59,8,BAKE-PREHEAT,135.0,135.8,135.0,135.8
2025-08-26T14:56:15.770,251.9266939163208,142.0,135.0,29.2,186,8,BAKE-PREHEAT,134.2,135.8,134.2,135.8
2025-08-26T14:56:16.000,252.15702605247498,142.0,135.5,29.2,37,8,BAKE-PREHEAT,135.0,136.0,135.0,136.0
2025-08-26T14:56:16.295,252.4517900943756,142.0,135.2,29.2,161,8,BAKE-PREHEAT,134.8,135.8,134.8,135.8
2025-08-26T14:56:16.534,252.69104599952698,142.0,135.1,29.2,144,8,BAKE-PREHEAT,134.5,135.8,134.5,135.8
2025-08-26T14:56:16.771,252.92800903320312,142.0,135.0,29.2,146,8,BAKE-PREHEAT,134.2,135.8,134.2,135.8
2025-08-26T14:56:17.008,253.16447591781616,142.0,135.0,29.2,126,8,BAKE-PREHEAT,134.2,135.8,134.2,135.8
2025-08-26T14:56:17.300,253.4565188884735,142.0,135.1,29.2,104,8,BAKE-PREHEAT,134.8,135.5,134.8,135.5
2025-08-26T14:56:17.534,253.69070291519165,142.0,134.9,29.2,168,8,BAKE-PREHEAT,134.2,135.5,134.2,135.5
2025-08-26T14:56:17.767,253.92346906661987,142.0,135.1,29.3,84,8,BAKE-PREHEAT,134.8,135.5,134.8,135.5
2025-08-26T14:56:17.998,254.15527391433716,142.0,135.2,29.3,102,8,BAKE-PREHEAT,134.8,135.8,134.8,135.8
2025-08-26T14:56:18.291,254.44804692268372,142.0,135.4,29.2,99,8,BAKE-PREHEAT,134.8,136.0,134.8,136.0
2025-08-26T14:56:18.526,254.6833460330963,142.0,135.0,29.2,186,8,BAKE-PREHEAT,134.5,135.5,134.5,135.5
2025-08-26T14:56:18.761,254.9178910255432,142.0,135.0,29.2,126,8,BAKE-PREHEAT,134.2,135.8,134.2,135.8
2025-08-26T14:56:18.989,255.14606595039368,142.0,135.2,29.2,82,8,BAKE-PREHEAT,134.8,135.8,134.8,135.8
2025-08-26T14:56:19.284,255.44066500663757,142.0,135.4,29.2,99,8,BAKE-PREHEAT,135.0,135.8,135.0,135.8
2025-08-26T14:56:19.334,255.4913399219513,142.0,134.9,29.2,208,8,BAKE-PREHEAT,134.2,135.5,134.2,135.5
2025-08-26T14:56:19.744,255.90044808387756,142.0,135.4,29.2,39,8,BAKE-PREHEAT,134.8,136.0,134.8,136.0
2025-08-26T14:56:20.033,256.1898338794708,142.0,135.2,29.2,142,8,BAKE-PREHEAT,134.8,135.8,134.8,135.8
2025-08-26T14:56:20.271,256.42792892456055,142.0,135.4,29.3,99,8,BAKE-PREHEAT,134.8,136.0,134.8,136.0
2025-08-26T14:56:20.506,256.66242599487305,142.0,135.2,29.2,142,8,BAKE-PREHEAT,134.5,136.0,134.5,136.0
2025-08-26T14:56:20.740,256.8968439102173,142.0,135.4,29.3,100,8,BAKE-PREHEAT,134.8,136.0,134.8,136.0
2025-08-26T14:56:21.030,257.1870470046997,142.0,135.4,29.3,120,8,BAKE-PREHEAT,134.8,136.0,134.8,136.0
2025-08-26T14:56:21.267,257.42418789863586,142.0,135.5,29.2,97,8,BAKE-PREHEAT,135.0,136.0,135.0,136.0
2025-08-26T14:56:21.497,257.65340399742126,142.0,135.5,29.3,117,8,BAKE-PREHEAT,135.0,136.0,135.0,136.0
2025-08-26T14:56:21.784,257.9406740665436,142.0,135.5,29.3,117,8,BAKE-PREHEAT,134.8,136.2,134.8,136.2
2025-08-26T14:56:22.021,258.17791390419006,142.0,135.2,29.3,162,8,BAKE-PREHEAT,134.5,136.0,134.5,136.0
2025-08-26T14:56:22.255,258.41223406791687,142.0,135.4,29.2,100,8,BAKE-PREHEAT,135.0,135.8,135.0,135.8
2025-08-26T14:56:22.490,258.6469259262085,142.0,135.5,29.3,97,8,BAKE-PREHEAT,135.2,135.8,135.2,135.8
2025-08-26T14:56:22.779,258.9362139701843,142.0,135.4,29.2,140,8,BAKE-PREHEAT,134.5,136.2,134.5,136.2
2025-08-26T14:56:23.012,259.1684229373932,142.0,135.5,29.2,97,8,BAKE-PREHEAT,134.8,136.2,134.8,136.2
2025-08-26T14:56:23.247,259.404217004776,142.0,135.8,29.2,73,8,BAKE-PREHEAT,135.2,136.2,135.2,136.2
2025-08-26T14:56:23.353,259.5100839138031,142.0,135.9,29.3,91,8,BAKE-PREHEAT,135.2,136.5,135.2,136.5
2025-08-26T14:56:23.755,259.91166400909424,144.0,135.8,29.2,169,8,BAKE-PREHEAT,135.2,136.2,135.2,136.2
2025-08-26T14:56:24.054,260.2109320163727,144.0,135.6,29.2,171,8,BAKE-PREHEAT,135.0,136.2,135.0,136.2
2025-08-26T14:56:24.289,260.4455108642578,144.0,135.6,29.3,151,8,BAKE-PREHEAT,134.8,136.5,134.8,136.5
2025-08-26T14:56:24.523,260.6800079345703,144.0,136.1,29.3,62,8,BAKE-PREHEAT,135.5,136.8,135.5,136.8
2025-08-26T14:56:24.755,260.91211795806885,144.0,135.9,29.3,187,8,BAKE-PREHEAT,135.0,136.8,135.0,136.8
2025-08-26T14:56:24.989,261.14592695236206,144.0,136.0,29.3,125,8,BAKE-PREHEAT,135.2,136.8,135.2,136.8
2025-08-26T14:56:25.280,261.43655586242676,144.0,136.0,29.2,145,8,BAKE-PREHEAT,135.2,136.8,135.2,136.8
2025-08-26T14:56:25.517,261.6735119819641,144.0,136.1,29.3,122,8,BAKE-PREHEAT,135.5,136.8,135.5,136.8
2025-08-26T14:56:25.747,261.9033920764923,144.0,136.1,29.2,142,8,BAKE-PREHEAT,135.2,137.0,135.2,137.0
2025-08-26T14:56:26.036,262.1930739879608,144.0,136.1,29.2,142,8,BAKE-PREHEAT,135.2,137.0,135.2,137.0
2025-08-26T14:56:26.274,262.4310688972473,144.0,136.2,29.3,120,8,BAKE-PREHEAT,135.5,137.0,135.5,137.0
2025-08-26T14:56:26.510,262.6664159297943,144.0,136.5,29.3,96,8,BAKE-PREHEAT,135.5,137.5,135.5,137.5
2025-08-26T14:56:26.744,262.9005479812622,144.0,136.6,29.3,114,8,BAKE-PREHEAT,136.0,137.2,136.0,137.2
2025-08-26T14:56:27.033,263.19035601615906,144.0,136.8,29.2,111,8,BAKE-PREHEAT,136.2,137.2,136.2,137.2
2025-08-26T14:56:27.271,263.4283540248871,144.0,136.9,29.3,109,8,BAKE-PREHEAT,136.0,137.8,136.0,137.8
2025-08-26T14:56:27.507,263.6633780002594,144.0,136.8,29.3,151,8,BAKE-PREHEAT,136.2,137.2,136.2,137.2
2025-08-26T14:56:27.741,263.89829301834106,144.0,136.6,29.3,154,8,BAKE-PREHEAT,135.8,137.5,135.8,137.5
2025-08-26T14:56:28.035,264.1923050880432,144.0,137.0,29.4,67,8,BAKE-PREHEAT,136.2,137.8,136.2,137.8
2025-08-26T14:56:28.271,264.4280409812927,144.0,136.9,29.3,149,8,BAKE-PREHEAT,136.2,137.5,136.2,137.5
2025-08-26T14:56:28.508,264.6645460128784,144.0,137.0,29.4,107,8,BAKE-PREHEAT,136.2,137.8,136.2,137.8
2025-08-26T14:56:28.739,264.89572405815125,144.0,137.1,29.3,105,8,BAKE-PREHEAT,136.2,138.0,136.2,138.0
2025-08-26T14:56:29.028,265.18504095077515,144.0,137.2,29.3,102,8,BAKE-PREHEAT,136.5,138.0,136.5,138.0
2025-08-26T14:56:29.264,265.4211609363556,144.0,137.2,29.3,122,8,BAKE-PREHEAT,136.5,138.0,136.5,138.0
2025-08-26T14:56:29.378,265.53511786460876,144.0,137.6,29.3,56,8,BAKE-PREHEAT,137.0,138.2,137.0,138.2
2025-08-26T14:56:29.789,265.94612407684326,144.0,137.5,29.3,138,8,BAKE-PREHEAT,136.8,138.2,136.8,138.2
2025-08-26T14:56:30.026,266.18325090408325,144.0,137.4,29.3,140,8,BAKE-PREHEAT,136.8,138.0,136.8,138.0
2025-08-26T14:56:30.262,266.41882395744324,144.0,137.4,29.3,120,8,BAKE-PREHEAT,136.5,138.2,136.5,138.2
2025-08-26T14:56:30.499,266.6554229259491,144.0,137.5,29.3,98,8,BAKE-PREHEAT,136.8,138.2,136.8,138.2
2025-08-26T14:56:30.793,266.94988489151,144.0,137.8,29.3,74,8,BAKE-PREHEAT,137.2,138.2,137.2,138.2
2025-08-26T14:56:31.029,267.18636989593506,144.0,137.6,29.3,136,8,BAKE-PREHEAT,137.0,138.2,137.0,138.2
2025-08-26T14:56:31.330,267.48718786239624,144.0,137.8,29.3,94,8,BAKE-PREHEAT,137.0,138.5,137.0,138.5
2025-08-26T14:56:31.503,267.660129070282,144.0,138.1,29.3,47,8,BAKE-PREHEAT,137.5,138.8,137.5,138.8
2025-08-26T14:56:31.738,267.8952329158783,144.0,138.0,29.3,129,8,BAKE-PREHEAT,137.2,138.8,137.2,138.8
2025-08-26T14:56:32.032,268.1892399787903,144.0,138.1,29.4,87,8,BAKE-PREHEAT,137.5,138.8,137.5,138.8
2025-08-26T14:56:32.270,268.4265139102936,144.0,138.1,29.3,107,8,BAKE-PREHEAT,137.5,138.8,137.5,138.8
2025-08-26T14:56:32.507,268.66401195526123,144.0,138.1,29.3,107,8,BAKE-PREHEAT,137.8,138.5,137.8,138.5
2025-08-26T14:56:32.736,268.8932008743286,144.0,138.5,29.4,40,8,BAKE-PREHEAT,138.0,139.0,138.0,139.0
2025-08-26T14:56:33.025,269.1821610927582,144.0,138.5,29.4,100,8,BAKE-PREHEAT,138.0,139.0,138.0,139.0
2025-08-26T14:56:33.261,269.4178750514984,144.0,138.4,29.3,123,8,BAKE-PREHEAT,137.8,139.0,137.8,139.0
2025-08-26T14:56:33.434,269.5913710594177,144.0,138.8,29.3,36,8,BAKE-PREHEAT,138.2,139.2,138.2,139.2
2025-08-26T14:56:33.775,269.9319760799408,146.0,138.6,29.3,154,8,BAKE-PREHEAT,138.0,139.2,138.0,139.2
2025-08-26T14:56:34.013,270.1693980693817,146.0,139.0,29.3,67,8,BAKE-PREHEAT,138.5,139.5,138.5,139.5
2025-08-26T14:56:34.245,270.40144085884094,146.0,138.8,29.4,172,8,BAKE-PREHEAT,138.0,139.5,138.0,139.5
2025-08-26T14:56:34.534,270.6907410621643,146.0,138.9,29.3,110,8,BAKE-PREHEAT,138.2,139.5,138.2,139.5
2025-08-26T14:56:34.771,270.9276418685913,146.0,138.8,29.3,152,8,BAKE-PREHEAT,138.0,139.5,138.0,139.5
2025-08-26T14:56:35.004,271.1607508659363,146.0,139.0,29.4,87,8,BAKE-PREHEAT,138.5,139.5,138.5,139.5
2025-08-26T14:56:35.303,271.4599940776825,146.0,139.0,29.3,127,8,BAKE-PREHEAT,138.2,139.8,138.2,139.8
2025-08-26T14:56:35.539,271.69578409194946,146.0,139.1,29.4,105,8,BAKE-PREHEAT,138.5,139.8,138.5,139.8
2025-08-26T14:56:35.774,271.93086194992065,146.0,139.1,29.4,125,8,BAKE-PREHEAT,138.5,139.8,138.5,139.8
2025-08-26T14:56:36.010,272.16638588905334,146.0,139.4,29.4,81,8,BAKE-PREHEAT,138.8,140.0,138.8,140.0
2025-08-26T14:56:36.241,272.39792704582214,146.0,139.2,29.4,143,8,BAKE-PREHEAT,138.5,140.0,138.5,140.0
2025-08-26T14:56:36.529,272.68546986579895,146.0,139.4,29.3,101,8,BAKE-PREHEAT,139.0,139.8,139.0,139.8
2025-08-26T14:56:36.763,272.9201009273529,146.0,139.5,29.4,99,8,BAKE-PREHEAT,139.0,140.0,139.0,140.0
2025-08-26T14:56:36.993,273.1500129699707,146.0,139.6,29.4,96,8,BAKE-PREHEAT,139.2,140.0,139.2,140.0
2025-08-26T14:56:37.287,273.44391798973083,146.0,139.5,29.3,139,8,BAKE-PREHEAT,139.0,140.0,139.0,140.0
2025-08-26T14:56:37.526,273.6829469203949,146.0,139.6,29.4,96,8,BAKE-PREHEAT,139.0,140.2,139.0,140.2
2025-08-26T14:56:37.762,273.91911697387695,146.0,139.9,29.4,72,8,BAKE-PREHEAT,139.2,140.5,139.2,140.5
2025-08-26T14:56:37.996,274.1527259349823,146.0,140.0,29.4,90,8,BAKE-PREHEAT,139.2,140.8,139.2,140.8
2025-08-26T14:56:38.286,274.4425718784332,146.0,140.1,29.4,87,8,BAKE-PREHEAT,139.5,140.8,139.5,140.8
2025-08-26T14:56:38.525,274.68144702911377,146.0,140.2,29.4,85,8,BAKE-PREHEAT,139.5,141.0,139.5,141.0
2025-08-26T14:56:38.760,274.9170069694519,146.0,140.2,29.4,105,8,BAKE-PREHEAT,139.5,141.0,139.5,141.0
2025-08-26T14:56:38.993,275.15001606941223,146.0,140.1,29.4,127,8,BAKE-PREHEAT,139.5,140.8,139.5,140.8
2025-08-26T14:56:39.287,275.4439449310303,146.0,140.4,29.4,63,8,BAKE-PREHEAT,139.8,141.0,139.8,141.0
2025-08-26T14:56:39.464,275.6208610534668,146.0,140.2,29.4,125,8,BAKE-PREHEAT,139.8,140.8,139.8,140.8
2025-08-26T14:56:39.743,275.90003204345703,146.0,140.4,29.4,83,8,BAKE-PREHEAT,139.8,141.0,139.8,141.0
2025-08-26T14:56:40.027,276.1833939552307,146.0,140.5,29.4,81,8,BAKE-PREHEAT,139.8,141.2,139.8,141.2
2025-08-26T14:56:40.260,276.4166820049286,146.0,140.6,29.4,79,8,BAKE-PREHEAT,139.8,141.5,139.8,141.5
2025-08-26T14:56:40.496,276.6523849964142,146.0,140.8,29.5,76,8,BAKE-PREHEAT,140.0,141.5,140.0,141.5
2025-08-26T14:56:40.785,276.94198203086853,146.0,140.8,29.4,96,8,BAKE-PREHEAT,140.2,141.2,140.2,141.2
2025-08-26T14:56:41.016,277.1733388900757,146.0,140.8,29.5,96,8,BAKE-PREHEAT,140.0,141.5,140.0,141.5
2025-08-26T14:56:41.246,277.40302896499634,146.0,140.6,29.4,119,8,BAKE-PREHEAT,140.2,141.0,140.2,141.0
2025-08-26T14:56:41.534,277.69079995155334,146.0,141.0,29.4,32,8,BAKE-PREHEAT,140.5,141.5,140.5,141.5
2025-08-26T14:56:41.766,277.9232540130615,146.0,141.1,29.5,70,8,BAKE-PREHEAT,140.5,141.8,140.5,141.8
2025-08-26T14:56:42.000,278.1566059589386,146.0,141.1,29.5,90,8,BAKE-PREHEAT,140.5,141.8,140.5,141.8
2025-08-26T14:56:42.289,278.44552302360535,146.0,141.2,29.4,67,8,BAKE-PREHEAT,140.8,141.8,140.8,141.8
2025-08-26T14:56:42.522,278.6791799068451,146.0,141.5,29.5,43,8,BAKE-PREHEAT,141.0,142.0,141.0,142.0
2025-08-26T14:56:42.753,278.91002798080444,146.0,141.4,29.4,105,8,BAKE-PREHEAT,140.8,142.0,140.8,142.0
2025-08-26T14:56:42.987,279.1443030834198,146.0,141.5,29.5,63,8,BAKE-PREHEAT,141.2,141.8,141.2,141.8
2025-08-26T14:56:43.281,279.43816804885864,146.0,141.5,29.4,83,8,BAKE-PREHEAT,141.0,142.0,141.0,142.0
2025-08-26T14:56:43.518,279.67487502098083,146.0,141.6,29.5,61,8,BAKE-PREHEAT,141.2,142.0,141.2,142.0
2025-08-26T14:56:43.815,279.97184586524963,148.0,141.8,29.5,95,8,BAKE-PREHEAT,141.2,142.2,141.2,142.2
2025-08-26T14:56:43.985,280.14237093925476,148.0,141.8,29.4,115,8,BAKE-PREHEAT,141.2,142.2,141.2,142.2
2025-08-26T14:56:44.277,280.433974981308,148.0,141.8,29.4,115,8,BAKE-PREHEAT,141.2,142.2,141.2,142.2
2025-08-26T14:56:44.513,280.6703689098358,148.0,142.0,29.5,70,8,BAKE-PREHEAT,141.5,142.5,141.5,142.5
2025-08-26T14:56:44.747,280.90427589416504,148.0,142.0,29.5,110,8,BAKE-PREHEAT,141.5,142.5,141.5,142.5
2025-08-26T14:56:45.039,281.1961929798126,148.0,142.2,29.5,66,8,BAKE-PREHEAT,141.8,142.8,141.8,142.8
2025-08-26T14:56:45.272,281.42935395240784,148.0,142.0,29.4,150,8,BAKE-PREHEAT,141.8,142.2,141.8,142.2
2025-08-26T14:56:45.508,281.66490387916565,148.0,142.2,29.5,66,8,BAKE-PREHEAT,141.8,142.8,141.8,142.8
2025-08-26T14:56:45.739,281.89601707458496,148.0,142.1,29.5,128,8,BAKE-PREHEAT,141.8,142.5,141.8,142.5
2025-08-26T14:56:46.032,282.1884489059448,148.0,142.2,29.5,86,8,BAKE-PREHEAT,142.0,142.5,142.0,142.5
2025-08-26T14:56:46.265,282.4218339920044,148.0,142.2,29.5,106,8,BAKE-PREHEAT,141.8,142.8,141.8,142.8
2025-08-26T14:56:46.560,282.71682691574097,148.0,142.5,29.5,61,8,BAKE-PREHEAT,142.2,142.8,142.2,142.8
2025-08-26T14:56:46.734,282.8905220031738,148.0,142.5,29.4,101,8,BAKE-PREHEAT,142.2,142.8,142.2,142.8
2025-08-26T14:56:47.028,283.1851119995117,148.0,142.5,29.5,101,8,BAKE-PREHEAT,142.2,142.8,142.2,142.8
2025-08-26T14:56:47.265,283.4214549064636,148.0,142.6,29.5,79,8,BAKE-PREHEAT,142.2,143.0,142.2,143.0
2025-08-26T14:56:47.501,283.65749406814575,148.0,142.8,29.5,77,8,BAKE-PREHEAT,142.5,143.0,142.5,143.0
2025-08-26T14:56:47.795,283.9519009590149,148.0,142.6,29.4,119,8,BAKE-PREHEAT,142.2,143.0,142.2,143.0
2025-08-26T14:56:48.026,284.18305706977844,148.0,142.8,29.4,77,8,BAKE-PREHEAT,142.5,143.0,142.5,143.0
2025-08-26T14:56:48.256,284.41323590278625,148.0,142.9,29.4,75,8,BAKE-PREHEAT,142.5,143.2,142.5,143.2
2025-08-26T14:56:48.493,284.64970803260803,148.0,143.0,29.5,72,8,BAKE-PREHEAT,142.8,143.2,142.8,143.2
2025-08-26T14:56:48.785,284.94185400009155,148.0,142.9,29.5,115,8,BAKE-PREHEAT,142.5,143.2,142.5,143.2
2025-08-26T14:56:49.021,285.17800188064575,148.0,143.0,29.4,72,8,BAKE-PREHEAT,142.8,143.2,142.8,143.2
2025-08-26T14:56:49.250,285.40720891952515,148.0,143.1,29.4,70,8,BAKE-PREHEAT,142.8,143.5,142.8,143.5
2025-08-26T14:56:49.543,285.6996819972992,148.0,143.4,29.5,46,8,BAKE-PREHEAT,143.0,143.8,143.0,143.8
2025-08-26T14:56:49.712,285.86882495880127,148.0,143.4,29.5,86,8,BAKE-PREHEAT,143.0,143.8,143.0,143.8
2025-08-26T14:56:50.001,286.1574149131775,148.0,143.5,29.5,63,8,BAKE-PREHEAT,143.0,144.0,143.0,144.0
2025-08-26T14:56:50.294,286.4513649940491,148.0,143.6,29.6,61,8,BAKE-PREHEAT,143.2,144.0,143.2,144.0
2025-08-26T14:56:50.534,286.6908628940582,148.0,143.6,29.5,81,8,BAKE-PREHEAT,143.2,144.0,143.2,144.0
2025-08-26T14:56:50.769,286.9256730079651,148.0,143.5,29.5,103,8,BAKE-PREHEAT,143.0,144.0,143.0,144.0
2025-08-26T14:56:51.000,287.1565089225769,148.0,143.8,29.5,39,8,BAKE-PREHEAT,143.2,144.2,143.2,144.2
2025-08-26T14:56:51.236,287.3929719924927,148.0,143.9,29.5,57,8,BAKE-PREHEAT,143.2,144.5,143.2,144.5
2025-08-26T14:56:51.531,287.6876618862152,148.0,143.8,29.5,99,8,BAKE-PREHEAT,143.2,144.2,143.2,144.2
2025-08-26T14:56:51.764,287.92089200019836,148.0,143.9,29.5,57,8,BAKE-PREHEAT,143.2,144.5,143.2,144.5
2025-08-26T14:56:51.999,288.15627789497375,148.0,144.0,29.5,0,8,BAKE-PREHEAT,143.5,144.5,143.5,144.5
2025-08-26T14:56:52.288,288.4451479911804,148.0,144.0,29.5,0,8,BAKE-PREHEAT,143.5,144.5,143.5,144.5
2025-08-26T14:56:52.528,288.68482208251953,148.0,144.2,29.6,0,8,BAKE-PREHEAT,143.8,144.8,143.8,144.8
2025-08-26T14:56:52.760,288.91689705848694,148.0,144.1,29.5,0,8,BAKE-PREHEAT,143.8,144.5,143.8,144.5
2025-08-26T14:56:52.991,289.1479890346527,148.0,144.1,29.5,0,8,BAKE-PREHEAT,143.5,144.8,143.5,144.8
2025-08-26T14:56:53.285,289.4419219493866,148.0,144.1,29.5,0,8,BAKE-PREHEAT,143.5,144.8,143.5,144.8
2025-08-26T14:56:53.523,289.67950105667114,148.0,144.4,29.5,0,8,BAKE-PREHEAT,143.8,145.0,143.8,145.0
2025-08-26T14:56:53.575,289.73211002349854,148.0,144.4,29.5,0,8,BAKE-PREHEAT,144.0,144.8,144.0,144.8
2025-08-26T14:56:54.041,290.1981010437012,150.0,144.4,29.5,21,8,BAKE-PREHEAT,143.8,145.0,143.8,145.0
2025-08-26T14:56:54.276,290.43316292762756,150.0,144.6,29.5,56,8,BAKE-PREHEAT,144.0,145.2,144.0,145.2
2025-08-26T14:56:54.513,290.6701228618622,150.0,144.8,29.5,74,8,BAKE-PREHEAT,144.2,145.2,144.2,145.2
2025-08-26T14:56:54.747,290.9034249782562,150.0,144.8,29.6,94,8,BAKE-PREHEAT,144.2,145.2,144.2,145.2
2025-08-26T14:56:55.036,291.19336795806885,150.0,144.6,29.6,116,8,BAKE-PREHEAT,144.2,145.0,144.2,145.0
2025-08-26T14:56:55.275,291.4321949481964,150.0,144.8,29.5,74,8,BAKE-PREHEAT,144.5,145.0,144.5,145.0
2025-08-26T14:56:55.512,291.66893005371094,150.0,144.8,29.5,94,8,BAKE-PREHEAT,144.2,145.2,144.2,145.2
2025-08-26T14:56:55.745,291.90155386924744,150.0,144.8,29.5,94,8,BAKE-PREHEAT,144.0,145.5,144.0,145.5
2025-08-26T14:56:56.038,292.1949210166931,150.0,145.0,29.6,50,8,BAKE-PREHEAT,144.5,145.5,144.5,145.5
2025-08-26T14:56:56.271,292.42781591415405,150.0,145.0,29.6,90,8,BAKE-PREHEAT,144.2,145.8,144.2,145.8
2025-08-26T14:56:56.508,292.66478395462036,150.0,145.0,29.5,90,8,BAKE-PREHEAT,144.5,145.5,144.5,145.5
2025-08-26T14:56:56.736,292.8933389186859,150.0,145.0,29.6,90,8,BAKE-PREHEAT,144.2,145.8,144.2,145.8
2025-08-26T14:56:57.028,293.1844789981842,150.0,145.1,29.6,67,8,BAKE-PREHEAT,144.5,145.8,144.5,145.8
2025-08-26T14:56:57.259,293.4158020019531,150.0,145.0,29.5,110,8,BAKE-PREHEAT,144.5,145.5,144.5,145.5
2025-08-26T14:56:57.495,293.65195989608765,150.0,145.2,29.5,45,8,BAKE-PREHEAT,144.8,145.8,144.8,145.8
2025-08-26T14:56:57.784,293.9408369064331,150.0,145.1,29.6,107,8,BAKE-PREHEAT,144.5,145.8,144.5,145.8
2025-08-26T14:56:58.014,294.17056798934937,150.0,145.1,29.6,88,8,BAKE-PREHEAT,144.5,145.8,144.5,145.8
2025-08-26T14:56:58.251,294.4074969291687,150.0,145.4,29.6,43,8,BAKE-PREHEAT,144.8,146.0,144.8,146.0
2025-08-26T14:56:58.545,294.70227789878845,150.0,145.2,29.6,105,8,BAKE-PREHEAT,144.8,145.8,144.8,145.8
2025-08-26T14:56:58.784,294.94096398353577,150.0,145.4,29.5,63,8,BAKE-PREHEAT,144.8,146.0,144.8,146.0
2025-08-26T14:56:59.020,295.1767690181732,150.0,145.2,29.6,105,8,BAKE-PREHEAT,144.8,145.8,144.8,145.8
2025-08-26T14:56:59.318,295.47459292411804,150.0,145.4,29.6,63,8,BAKE-PREHEAT,144.8,146.0,144.8,146.0
2025-08-26T14:56:59.492,295.6493430137634,150.0,145.6,29.6,39,8,BAKE-PREHEAT,145.0,146.2,145.0,146.2
2025-08-26T14:56:59.603,295.75949597358704,150.0,145.6,29.6,79,8,BAKE-PREHEAT,145.0,146.2,145.0,146.2
2025-08-26T14:57:00.009,296.16563987731934,150.0,145.6,29.6,79,8,BAKE-PREHEAT,145.0,146.2,145.0,146.2
2025-08-26T14:57:00.243,296.3998010158539,150.0,145.6,29.6,79,8,BAKE-PREHEAT,145.0,146.2,145.0,146.2
2025-08-26T14:57:00.534,296.69084095954895,150.0,145.6,29.6,79,8,BAKE-PREHEAT,145.0,146.2,145.0,146.2
2025-08-26T14:57:00.767,296.92417788505554,150.0,145.8,29.6,56,8,BAKE-PREHEAT,145.2,146.2,145.2,146.2
2025-08-26T14:57:01.002,297.1586060523987,150.0,145.8,29.6,76,8,BAKE-PREHEAT,145.2,146.2,145.2,146.2
2025-08-26T14:57:01.236,297.39255690574646,150.0,145.9,29.6,54,8,BAKE-PREHEAT,145.2,146.5,145.2,146.5
2025-08-26T14:57:01.530,297.68657207489014,150.0,145.8,29.6,96,8,BAKE-PREHEAT,145.2,146.2,145.2,146.2
2025-08-26T14:57:01.763,297.9195258617401,150.0,145.6,29.6,99,8,BAKE-PREHEAT,145.2,146.0,145.2,146.0
2025-08-26T14:57:02.059,298.21581196784973,150.0,145.9,29.7,34,8,BAKE-PREHEAT,145.2,146.5,145.2,146.5
2025-08-26T14:57:02.233,298.3897430896759,150.0,145.9,29.6,74,8,BAKE-PREHEAT,145.5,146.2,145.5,146.2
2025-08-26T14:57:02.528,298.6843740940094,150.0,145.9,29.6,74,8,BAKE-PREHEAT,145.2,146.5,145.2,146.5
2025-08-26T14:57:02.759,298.91571497917175,150.0,146.0,29.7,0,8,BAKE-PREHEAT,145.5,146.5,145.5,146.5
2025-08-26T14:57:02.995,299.1519510746002,150.0,145.9,29.6,74,8,BAKE-PREHEAT,145.5,146.2,145.5,146.2
2025-08-26T14:57:03.160,299.31640887260437,150.0,145.9,29.6,74,8,BAKE-PREHEAT,145.5,146.2,145.5,146.2
2025-08-26T14:57:03.507,299.66419506073,148.0,145.9,29.6,0,8,BAKE-PREHEAT,145.2,146.5,145.2,146.5
2025-08-26T14:57:03.735,299.89203691482544,148.0,146.2,29.7,0,8,BAKE-PREHEAT,145.8,146.8,145.8,146.8
2025-08-26T14:57:04.027,300.18348693847656,148.0,146.1,29.7,0,8,BAKE-PREHEAT,145.5,146.8,145.5,146.8
2025-08-26T14:57:04.258,300.41439390182495,148.0,146.1,29.6,0,8,BAKE-PREHEAT,145.5,146.8,145.5,146.8
2025-08-26T14:57:04.494,300.65056800842285,148.0,146.2,29.7,0,8,BAKE-PREHEAT,145.8,146.8,145.8,146.8
2025-08-26T14:57:04.786,300.94250297546387,148.0,146.2,29.6,0,8,BAKE-PREHEAT,145.8,146.8,145.8,146.8
2025-08-26T14:57:05.022,301.17904686927795,148.0,146.2,29.7,0,8,BAKE-PREHEAT,145.8,146.8,145.8,146.8
2025-08-26T14:57:05.257,301.41365909576416,148.0,146.2,29.7,0,8,BAKE-PREHEAT,145.8,146.8,145.8,146.8
2025-08-26T14:57:05.493,301.6495680809021,148.0,146.2,29.7,0,8,BAKE-PREHEAT,145.8,146.8,145.8,146.8
2025-08-26T14:57:05.784,301.9406089782715,148.0,146.2,29.7,0,8,BAKE-PREHEAT,145.8,146.8,145.8,146.8
2025-08-26T14:57:06.020,302.1769058704376,148.0,146.4,29.6,0,8,BAKE-PREHEAT,146.0,146.8,146.0,146.8
2025-08-26T14:57:06.320,302.4764919281006,148.0,146.1,29.6,0,8,BAKE-PREHEAT,145.8,146.5,145.8,146.5
2025-08-26T14:57:06.495,302.65183997154236,148.0,146.4,29.7,0,8,BAKE-PREHEAT,146.0,146.8,146.0,146.8
2025-08-26T14:57:06.789,302.94594502449036,148.0,146.2,29.7,0,8,BAKE-PREHEAT,145.8,146.8,145.8,146.8
2025-08-26T14:57:07.028,303.1852660179138,148.0,146.2,29.7,0,8,BAKE-PREHEAT,145.8,146.8,145.8,146.8
2025-08-26T14:57:07.264,303.42044401168823,148.0,146.2,29.6,0,8,BAKE-PREHEAT,145.8,146.8,145.8,146.8
2025-08-26T14:57:07.565,303.72145986557007,148.0,146.5,29.7,0,8,BAKE-PREHEAT,146.0,147.0,146.0,147.0
2025-08-26T14:57:07.736,303.8924400806427,148.0,146.4,29.6,0,8,BAKE-PREHEAT,146.0,146.8,146.0,146.8
2025-08-26T14:57:08.026,304.18311285972595,148.0,146.2,29.7,0,8,BAKE-PREHEAT,145.8,146.8,145.8,146.8
2025-08-26T14:57:08.263,304.41954493522644,148.0,146.2,29.6,0,8,BAKE-PREHEAT,145.8,146.8,145.8,146.8
2025-08-26T14:57:08.500,304.65707898139954,148.0,146.2,29.7,0,8,BAKE-PREHEAT,145.8,146.8,145.8,146.8
2025-08-26T14:57:08.793,304.95013403892517,148.0,146.2,29.6,0,8,BAKE-PREHEAT,145.8,146.8,145.8,146.8
2025-08-26T14:57:09.027,305.1834809780121,148.0,146.2,29.6,0,8,BAKE-PREHEAT,145.8,146.8,145.8,146.8
2025-08-26T14:57:09.142,305.2987449169159,148.0,146.4,29.6,0,8,BAKE-PREHEAT,145.8,147.0,145.8,147.0
2025-08-26T14:57:09.487,305.6436278820038,148.0,146.4,29.7,0,8,BAKE-PREHEAT,145.8,147.0,145.8,147.0
2025-08-26T14:57:09.777,305.93371200561523,148.0,146.4,29.7,0,8,BAKE-PREHEAT,145.8,147.0,145.8,147.0
2025-08-26T14:57:10.014,306.17087602615356,148.0,146.5,29.7,0,8,BAKE-PREHEAT,145.8,147.2,145.8,147.2
2025-08-26T14:57:10.310,306.46715807914734,148.0,146.5,29.7,0,8,BAKE-PREHEAT,145.8,147.2,145.8,147.2
2025-08-26T14:57:10.546,306.7031910419464,148.0,146.4,29.7,0,8,BAKE-PREHEAT,145.8,147.0,145.8,147.0
2025-08-26T14:57:10.782,306.93936109542847,148.0,146.4,29.7,0,8,BAKE-PREHEAT,145.8,147.0,145.8,147.0
2025-08-26T14:57:11.010,307.16673493385315,148.0,146.4,29.7,0,8,BAKE-PREHEAT,145.8,147.0,145.8,147.0
2025-08-26T14:57:11.243,307.39960289001465,148.0,146.2,29.7,0,8,BAKE-PREHEAT,145.8,146.8,145.8,146.8
2025-08-26T14:57:11.537,307.6942689418793,148.0,146.2,29.7,0,8,BAKE-PREHEAT,145.5,147.0,145.5,147.0
2025-08-26T14:57:11.774,307.9308729171753,148.0,146.2,29.7,0,8,BAKE-PREHEAT,145.8,146.8,145.8,146.8
2025-08-26T14:57:12.008,308.16450786590576,148.0,146.2,29.7,0,8,BAKE-PREHEAT,145.8,146.8,145.8,146.8
2025-08-26T14:57:12.243,308.40022706985474,148.0,146.1,29.7,0,8,BAKE-PREHEAT,145.5,146.8,145.5,146.8
2025-08-26T14:57:12.538,308.6947638988495,148.0,146.2,29.7,0,8,BAKE-PREHEAT,145.5,147.0,145.5,147.0
2025-08-26T14:57:12.766,308.92336988449097,148.0,146.2,29.7,0,8,BAKE-PREHEAT,145.8,146.8,145.8,146.8
2025-08-26T14:57:13.002,309.158784866333,148.0,146.2,29.7,0,8,BAKE-PREHEAT,145.5,147.0,145.5,147.0
2025-08-26T14:57:13.171,309.3274869918823,148.0,146.1,29.7,0,8,BAKE-PREHEAT,145.5,146.8,145.5,146.8
2025-08-26T14:57:13.507,309.6638820171356,145.0,146.0,29.7,0,8,BAKE,145.2,146.8,145.2,146.8
2025-08-26T14:57:13.743,309.90014386177063,145.0,146.2,29.7,0,8,BAKE,145.5,147.0,145.5,147.0
2025-08-26T14:57:14.034,310.1908779144287,145.0,146.0,29.7,0,8,BAKE,145.5,146.5,145.5,146.5
2025-08-26T14:57:14.272,310.42921209335327,145.0,146.0,29.7,0,8,BAKE,145.5,146.5,145.5,146.5
2025-08-26T14:57:14.507,310.6637580394745,145.0,146.1,29.8,0,8,BAKE,145.5,146.8,145.5,146.8
2025-08-26T14:57:14.735,310.8922109603882,145.0,146.1,29.7,0,8,BAKE,145.8,146.5,145.8,146.5
2025-08-26T14:57:15.027,311.1835060119629,145.0,145.9,29.7,0,8,BAKE,145.5,146.2,145.5,146.2
2025-08-26T14:57:15.262,311.4188630580902,145.0,145.8,29.7,0,8,BAKE,145.5,146.0,145.5,146.0
2025-08-26T14:57:15.499,311.6559569835663,145.0,145.6,29.7,0,8,BAKE,145.2,146.0,145.2,146.0
2025-08-26T14:57:15.793,311.9501769542694,145.0,145.5,29.7,0,8,BAKE,145.2,145.8,145.2,145.8
2025-08-26T14:57:16.027,312.183944940567,145.0,145.6,29.7,0,8,BAKE,145.2,146.0,145.2,146.0
2025-08-26T14:57:16.263,312.4195809364319,145.0,145.6,29.7,0,8,BAKE,145.2,146.0,145.2,146.0
2025-08-26T14:57:16.499,312.6563060283661,145.0,145.5,29.7,0,8,BAKE,145.2,145.8,145.2,145.8
2025-08-26T14:57:16.799,312.95633697509766,145.0,145.5,29.7,0,8,BAKE,145.2,145.8,145.2,145.8
2025-08-26T14:57:17.039,313.19553303718567,145.0,145.5,29.8,0,8,BAKE,145.2,145.8,145.2,145.8
2025-08-26T14:57:17.293,313.4501690864563,145.0,145.2,29.7,0,8,BAKE,145.0,145.5,145.0,145.5
2025-08-26T14:57:17.481,313.63795590400696,145.0,145.0,29.7,0,8,BAKE,144.8,145.2,144.8,145.2
2025-08-26T14:57:17.791,313.9479169845581,145.0,145.1,29.7,0,8,BAKE,144.8,145.5,144.8,145.5
2025-08-26T14:57:18.033,314.1898670196533,145.0,145.0,29.7,0,8,BAKE,144.8,145.2,144.8,145.2
2025-08-26T14:57:18.286,314.44278287887573,145.0,145.1,29.7,0,8,BAKE,145.0,145.2,145.0,145.2
2025-08-26T14:57:18.549,314.7059769630432,145.0,145.1,29.7,0,8,BAKE,144.8,145.5,144.8,145.5
2025-08-26T14:57:18.801,314.9574918746948,145.0,144.9,29.8,0,8,BAKE-PREHEAT,144.5,145.2,144.5,145.2
2025-08-26T14:57:18.985,315.1416800022125,145.0,145.0,29.8,0,8,BAKE,144.8,145.2,144.8,145.2
2025-08-26T14:57:19.229,315.3857169151306,145.0,144.9,29.8,0,8,BAKE-PREHEAT,144.5,145.2,144.5,145.2
2025-08-26T14:57:19.483,315.64024901390076,145.0,144.9,29.7,0,8,BAKE-PREHEAT,144.5,145.2,144.5,145.2
2025-08-26T14:57:19.733,315.89022397994995,145.0,144.8,29.8,0,8,BAKE-PREHEAT,144.2,145.2,144.2,145.2
2025-08-26T14:57:20.052,316.2091689109802,145.0,144.6,29.7,0,8,BAKE-PREHEAT,144.5,144.8,144.5,144.8
2025-08-26T14:57:20.238,316.39445400238037,145.0,144.5,29.8,0,8,BAKE-PREHEAT,144.0,145.0,144.0,145.0
2025-08-26T14:57:20.483,316.6400249004364,145.0,144.8,29.8,0,8,BAKE-PREHEAT,144.2,145.2,144.2,145.2
2025-08-26T14:57:20.801,316.9578640460968,145.0,144.6,29.8,0,8,BAKE-PREHEAT,144.2,145.0,144.2,145.0
2025-08-26T14:57:20.988,317.1445469856262,145.0,144.5,29.8,0,8,BAKE-PREHEAT,144.0,145.0,144.0,145.0
2025-08-26T14:57:21.234,317.3906559944153,145.0,144.5,29.8,0,8,BAKE-PREHEAT,144.0,145.0,144.0,145.0
2025-08-26T14:57:21.556,317.7133638858795,145.0,144.4,29.8,0,8,BAKE-PREHEAT,144.0,144.8,144.0,144.8
2025-08-26T14:57:21.742,317.89916801452637,145.0,144.4,29.8,0,8,BAKE-PREHEAT,144.0,144.8,144.0,144.8
2025-08-26T14:57:21.985,318.1419448852539,145.0,144.2,29.8,0,8,BAKE-PREHEAT,143.8,144.8,143.8,144.8
2025-08-26T14:57:22.234,318.39045000076294,145.0,144.1,29.8,0,8,BAKE-PREHEAT,143.5,144.8,143.5,144.8
2025-08-26T14:57:22.483,318.6397759914398,145.0,144.2,29.8,0,8,BAKE-PREHEAT,143.8,144.8,143.8,144.8
2025-08-26T14:57:22.738,318.8948030471802,145.0,144.2,29.8,0,8,BAKE-PREHEAT,143.8,144.8,143.8,144.8
2025-08-26T14:57:23.048,319.20458698272705,145.0,143.9,29.8,0,8,BAKE-PREHEAT,143.2,144.5,143.2,144.5
2025-08-26T14:57:23.225,319.38143491744995,145.0,144.0,29.8,0,8,BAKE-PREHEAT,143.8,144.2,143.8,144.2
2025-08-26T14:57:23.543,319.69942688941956,145.0,143.9,29.8,0,8,BAKE-PREHEAT,143.5,144.2,143.5,144.2
2025-08-26T14:57:23.549,319.70629692077637,145.0,143.9,29.8,0,8,BAKE-PREHEAT,143.5,144.2,143.5,144.2
2025-08-26T14:57:24.042,320.1992609500885,142.0,143.8,29.8,0,8,BAKE,143.5,144.0,143.5,144.0
2025-08-26T14:57:24.301,320.4581949710846,142.0,143.6,29.8,0,8,BAKE,143.2,144.0,143.2,144.0
2025-08-26T14:57:24.491,320.6479959487915,142.0,143.5,29.8,0,8,BAKE,143.2,143.8,143.2,143.8
2025-08-26T14:57:24.738,320.89504504203796,142.0,143.5,29.8,0,8,BAKE,143.2,143.8,143.2,143.8
2025-08-26T14:57:25.045,321.20185899734497,142.0,143.5,29.8,0,8,BAKE,143.2,143.8,143.2,143.8
2025-08-26T14:57:25.234,321.3904368877411,142.0,143.2,29.8,0,8,BAKE,143.0,143.5,143.0,143.5
2025-08-26T14:57:25.483,321.63964796066284,142.0,143.1,29.8,0,8,BAKE,142.8,143.5,142.8,143.5
2025-08-26T14:57:25.796,321.95313596725464,142.0,143.2,29.8,0,8,BAKE,143.0,143.5,143.0,143.5
2025-08-26T14:57:25.985,322.14145588874817,142.0,143.1,29.8,0,8,BAKE,143.0,143.2,143.0,143.2
2025-08-26T14:57:26.231,322.3882510662079,142.0,143.1,29.8,0,8,BAKE,143.0,143.2,143.0,143.2
2025-08-26T14:57:26.483,322.63960099220276,142.0,143.1,29.8,0,8,BAKE,142.8,143.5,142.8,143.5
2025-08-26T14:57:26.733,322.88994002342224,142.0,143.0,29.8,0,8,BAKE,142.8,143.2,142.8,143.2
2025-08-26T14:57:27.051,323.20831298828125,142.0,142.8,29.8,0,8,BAKE,142.2,143.2,142.2,143.2
2025-08-26T14:57:27.311,323.4676978588104,142.0,142.8,29.8,0,8,BAKE,142.2,143.2,142.2,143.2
2025-08-26T14:57:27.492,323.64887595176697,142.0,142.8,29.8,0,8,BAKE,142.2,143.2,142.2,143.2
2025-08-26T14:57:27.748,323.9044270515442,142.0,142.6,29.8,0,8,BAKE,142.0,143.2,142.0,143.2
2025-08-26T14:57:27.987,324.14386796951294,142.0,142.6,29.8,0,8,BAKE,142.0,143.2,142.0,143.2
2025-08-26T14:57:28.233,324.3900079727173,142.0,142.5,29.8,0,8,BAKE,142.0,143.0,142.0,143.0
2025-08-26T14:57:28.553,324.70985198020935,142.0,142.4,29.8,0,8,BAKE,142.0,142.8,142.0,142.8
2025-08-26T14:57:28.731,324.88749599456787,142.0,142.2,29.8,0,8,BAKE,141.8,142.8,141.8,142.8
2025-08-26T14:57:29.045,325.20232605934143,142.0,142.4,29.8,0,8,BAKE,142.0,142.8,142.0,142.8
2025-08-26T14:57:29.302,325.4590539932251,142.0,142.2,29.8,0,8,BAKE,141.8,142.8,141.8,142.8
2025-08-26T14:57:29.488,325.6451780796051,142.0,142.0,29.8,0,8,BAKE,141.5,142.5,141.5,142.5
2025-08-26T14:57:29.546,325.7025589942932,142.0,142.1,29.8,0,8,BAKE,141.8,142.5,141.8,142.5
2025-08-26T14:57:30.059,326.2154130935669,142.0,141.8,29.8,0,8,BAKE-PREHEAT,141.2,142.2,141.2,142.2
2025-08-26T14:57:30.238,326.3949739933014,142.0,141.8,29.8,0,8,BAKE-PREHEAT,141.2,142.2,141.2,142.2
2025-08-26T14:57:30.484,326.64048886299133,142.0,141.9,29.8,0,8,BAKE-PREHEAT,141.5,142.2,141.5,142.2
2025-08-26T14:57:30.733,326.88962292671204,142.0,141.6,29.8,0,8,BAKE-PREHEAT,141.2,142.0,141.2,142.0
2025-08-26T14:57:31.045,327.20204401016235,142.0,141.6,29.8,0,8,BAKE-PREHEAT,141.5,141.8,141.5,141.8
2025-08-26T14:57:31.294,327.4512960910797,142.0,141.5,29.8,0,8,BAKE-PREHEAT,141.0,142.0,141.0,142.0
2025-08-26T14:57:31.475,327.6316468715668,142.0,141.4,29.8,0,8,BAKE-PREHEAT,140.8,142.0,140.8,142.0
2025-08-26T14:57:31.788,327.94535088539124,142.0,141.1,29.8,0,8,BAKE-PREHEAT,140.5,141.8,140.5,141.8
2025-08-26T14:57:32.050,328.2065179347992,142.0,141.4,29.8,0,8,BAKE-PREHEAT,141.0,141.8,141.0,141.8
2025-08-26T14:57:32.233,328.3894090652466,142.0,141.4,29.9,0,8,BAKE-PREHEAT,141.0,141.8,141.0,141.8
2025-08-26T14:57:32.482,328.6389470100403,142.0,141.1,29.8,0,8,BAKE-PREHEAT,141.0,141.2,141.0,141.2
2025-08-26T14:57:32.802,328.9587469100952,142.0,140.9,29.8,0,8,BAKE-PREHEAT,140.5,141.2,140.5,141.2
2025-08-26T14:57:32.991,329.1478750705719,142.0,140.6,29.8,0,8,BAKE-PREHEAT,140.2,141.0,140.2,141.0
2025-08-26T14:57:33.244,329.40118288993835,142.0,140.9,29.8,0,8,BAKE-PREHEAT,140.8,141.0,140.8,141.0
2025-08-26T14:57:33.304,329.4610559940338,142.0,140.8,29.8,0,8,BAKE-PREHEAT,140.5,141.0,140.5,141.0
2025-08-26T14:57:33.733,329.8894028663635,140.0,140.6,29.8,0,8,BAKE,140.2,141.0,140.2,141.0
2025-08-26T14:57:34.056,330.21255898475647,140.0,140.6,29.8,0,8,BAKE,140.5,140.8,140.5,140.8
2025-08-26T14:57:34.244,330.4010019302368,140.0,140.5,29.8,0,8,BAKE,140.2,140.8,140.2,140.8
2025-08-26T14:57:34.493,330.6497440338135,140.0,140.4,29.8,0,8,BAKE,140.2,140.5,140.2,140.5
2025-08-26T14:57:34.742,330.8985378742218,140.0,140.5,29.8,0,8,BAKE,140.2,140.8,140.2,140.8
2025-08-26T14:57:34.990,331.1466028690338,140.0,140.5,29.8,0,8,BAKE,140.2,140.8,140.2,140.8
2025-08-26T14:57:35.233,331.3902108669281,140.0,140.4,29.8,0,8,BAKE,140.0,140.8,140.0,140.8
2025-08-26T14:57:35.554,331.71070194244385,140.0,140.2,29.9,0,8,BAKE,140.0,140.5,140.0,140.5
2025-08-26T14:57:35.741,331.8974120616913,140.0,140.0,29.9,0,8,BAKE,139.5,140.5,139.5,140.5
2025-08-26T14:57:35.994,332.151123046875,140.0,140.1,29.8,0,8,BAKE,140.0,140.2,140.0,140.2
2025-08-26T14:57:36.232,332.38878202438354,140.0,140.0,29.8,0,8,BAKE,139.8,140.2,139.8,140.2
2025-08-26T14:57:36.482,332.63885498046875,140.0,139.9,29.9,0,8,BAKE-PREHEAT,139.8,140.0,139.8,140.0
2025-08-26T14:57:36.736,332.89282989501953,140.0,139.9,29.8,0,8,BAKE-PREHEAT,139.8,140.0,139.8,140.0
2025-08-26T14:57:37.058,333.21487498283386,140.0,139.5,29.9,0,8,BAKE-PREHEAT,139.2,139.8,139.2,139.8
2025-08-26T14:57:37.245,333.4018609523773,140.0,139.5,29.9,0,8,BAKE-PREHEAT,139.2,139.8,139.2,139.8
2025-08-26T14:57:37.492,333.6493570804596,140.0,139.2,29.8,0,8,BAKE-PREHEAT,139.0,139.5,139.0,139.5
2025-08-26T14:57:37.741,333.8978579044342,140.0,139.2,29.9,0,8,BAKE-PREHEAT,139.0,139.5,139.0,139.5
2025-08-26T14:57:37.985,334.14173197746277,140.0,139.1,29.8,0,8,BAKE-PREHEAT,139.0,139.2,139.0,139.2
2025-08-26T14:57:38.302,334.45867896080017,140.0,139.4,29.9,0,8,BAKE-PREHEAT,139.2,139.5,139.2,139.5
2025-08-26T14:57:38.485,334.6421959400177,140.0,139.1,29.9,0,8,BAKE-PREHEAT,139.0,139.2,139.0,139.2
2025-08-26T14:57:38.732,334.888573884964,140.0,139.1,29.8,0,8,BAKE-PREHEAT,139.2,139.0,139.2,139.0
2025-08-26T14:57:39.045,335.2014079093933,140.0,139.1,29.9,0,8,BAKE-PREHEAT,139.2,139.0,139.2,139.0
2025-08-26T14:57:39.232,335.38871693611145,140.0,138.9,29.9,0,8,BAKE-PREHEAT,138.8,139.0,138.8,139.0
2025-08-26T14:57:39.283,335.4396278858185,140.0,138.9,29.9,0,8,BAKE-PREHEAT,139.0,138.8,139.0,138.8
2025-08-26T14:57:39.808,335.96495604515076,140.0,138.9,29.9,0,8,BAKE-PREHEAT,138.8,139.0,138.8,139.0
2025-08-26T14:57:39.995,336.1522240638733,140.0,138.8,29.9,0,8,BAKE-PREHEAT,138.8,138.8,138.8,138.8
2025-08-26T14:57:40.243,336.39994597435,140.0,138.6,29.9,0,8,BAKE-PREHEAT,138.5,138.8,138.5,138.8
2025-08-26T14:57:40.482,336.63937187194824,140.0,138.6,29.9,0,8,BAKE-PREHEAT,138.8,138.5,138.8,138.5
2025-08-26T14:57:40.731,336.8880889415741,140.0,138.4,29.9,0,8,BAKE-PREHEAT,138.5,138.2,138.5,138.2
2025-08-26T14:57:41.056,337.2127380371094,140.0,138.1,29.9,0,8,BAKE-PREHEAT,138.0,138.2,138.0,138.2
2025-08-26T14:57:41.236,337.3924660682678,140.0,138.1,29.9,0,8,BAKE-PREHEAT,138.0,138.2,138.0,138.2
2025-08-26T14:57:41.537,337.69364404678345,140.0,138.1,29.9,0,8,BAKE-PREHEAT,138.0,138.2,138.0,138.2
2025-08-26T14:57:41.731,337.8879990577698,140.0,138.4,29.9,0,8,BAKE-PREHEAT,138.5,138.2,138.5,138.2
2025-08-26T14:57:41.982,338.1384699344635,140.0,137.9,29.9,0,8,BAKE-PREHEAT,137.5,138.2,137.5,138.2
2025-08-26T14:57:42.303,338.4595160484314,140.0,137.9,29.9,0,8,BAKE-PREHEAT,137.5,138.2,137.5,138.2
2025-08-26T14:57:42.554,338.71129989624023,140.0,138.0,29.9,0,8,BAKE-PREHEAT,137.8,138.2,137.8,138.2
2025-08-26T14:57:42.744,338.900887966156,140.0,137.8,29.9,0,8,BAKE-PREHEAT,137.5,138.0,137.5,138.0
2025-08-26T14:57:42.997,339.1542420387268,140.0,137.6,29.9,0,8,BAKE-PREHEAT,137.2,138.0,137.2,138.0
2025-08-26T14:57:43.252,339.40848994255066,140.0,138.0,29.9,0,8,BAKE-PREHEAT,138.0,138.0,138.0,138.0
2025-08-26T14:57:43.264,339.42100405693054,140.0,137.6,29.9,0,8,BAKE-PREHEAT,137.5,137.8,137.5,137.8
2025-08-26T14:57:43.750,339.90668988227844,138.0,137.5,29.9,0,8,BAKE-PREHEAT,137.2,137.8,137.2,137.8
2025-08-26T14:57:43.999,340.155396938324,138.0,137.5,29.9,0,8,BAKE-PREHEAT,137.2,137.8,137.2,137.8
2025-08-26T14:57:44.244,340.40127086639404,138.0,137.6,29.9,0,8,BAKE-PREHEAT,137.5,137.8,137.5,137.8
2025-08-26T14:57:44.494,340.6508369445801,138.0,137.4,29.9,0,8,BAKE-PREHEAT,137.2,137.5,137.2,137.5
2025-08-26T14:57:44.743,340.9002718925476,138.0,137.4,29.9,0,8,BAKE-PREHEAT,137.2,137.5,137.2,137.5
2025-08-26T14:57:44.987,341.1441910266876,138.0,137.2,29.9,0,8,BAKE-PREHEAT,137.0,137.5,137.0,137.5
2025-08-26T14:57:45.302,341.458860874176,138.0,136.8,29.9,0,8,BAKE-PREHEAT,136.2,137.2,136.2,137.2
2025-08-26T14:57:45.480,341.6368598937988,138.0,136.8,29.9,0,8,BAKE-PREHEAT,136.5,137.0,136.5,137.0
2025-08-26T14:57:45.729,341.8859360218048,138.0,136.9,29.9,0,8,BAKE-PREHEAT,136.8,137.0,136.8,137.0
2025-08-26T14:57:46.042,342.1993479728699,138.0,136.6,29.9,0,8,BAKE-PREHEAT,136.2,137.0,136.2,137.0
2025-08-26T14:57:46.231,342.38796496391296,138.0,136.8,29.9,0,8,BAKE-PREHEAT,136.8,136.8,136.8,136.8
2025-08-26T14:57:46.486,342.64277601242065,138.0,136.8,29.9,0,8,BAKE-PREHEAT,136.5,137.0,136.5,137.0
2025-08-26T14:57:46.800,342.95670795440674,138.0,136.2,29.9,0,8,BAKE-PREHEAT,136.0,136.5,136.0,136.5
2025-08-26T14:57:46.989,343.14636301994324,138.0,136.6,29.9,0,8,BAKE-PREHEAT,136.8,136.5,136.8,136.5
2025-08-26T14:57:47.236,343.39247608184814,138.0,136.1,29.9,0,8,BAKE-PREHEAT,135.8,136.5,135.8,136.5
2025-08-26T14:57:47.481,343.6380500793457,138.0,136.2,29.9,0,8,BAKE-PREHEAT,136.0,136.5,136.0,136.5
2025-08-26T14:57:47.731,343.88758993148804,138.0,136.4,30.0,0,8,BAKE-PREHEAT,136.2,136.5,136.2,136.5
2025-08-26T14:57:48.044,344.2013659477234,138.0,136.2,29.9,0,8,BAKE-PREHEAT,136.2,136.2,136.2,136.2
2025-08-26T14:57:48.305,344.4618420600891,138.0,135.9,29.9,0,8,BAKE-PREHEAT,135.5,136.2,135.5,136.2
2025-08-26T14:57:48.488,344.6443910598755,138.0,135.9,29.9,0,8,BAKE-PREHEAT,135.5,136.2,135.5,136.2
2025-08-26T14:57:48.730,344.88736605644226,138.0,135.9,29.9,0,8,BAKE-PREHEAT,135.5,136.2,135.5,136.2
2025-08-26T14:57:48.981,345.13772988319397,138.0,136.1,29.9,0,8,BAKE-PREHEAT,136.0,136.2,136.0,136.2
2025-08-26T14:57:49.295,345.4513750076294,138.0,135.6,29.9,0,8,BAKE-PREHEAT,135.2,136.0,135.2,136.0
2025-08-26T14:57:49.304,345.46100902557373,138.0,136.0,29.9,0,8,BAKE-PREHEAT,136.0,136.0,136.0,136.0
2025-08-26T14:57:49.734,345.8913378715515,138.0,135.8,29.9,0,8,BAKE-PREHEAT,135.5,136.0,135.5,136.0
2025-08-26T14:57:49.981,346.1376359462738,138.0,135.5,30.0,0,8,BAKE-PREHEAT,135.2,135.8,135.2,135.8
2025-08-26T14:57:50.231,346.3874878883362,138.0,135.5,30.0,0,8,BAKE-PREHEAT,135.2,135.8,135.2,135.8
2025-08-26T14:57:50.481,346.63764786720276,138.0,135.4,29.9,0,8,BAKE-PREHEAT,135.2,135.5,135.2,135.5
2025-08-26T14:57:50.803,346.96028995513916,138.0,135.2,29.9,0,8,BAKE-PREHEAT,135.2,135.2,135.2,135.2
2025-08-26T14:57:51.061,347.2179820537567,138.0,135.5,29.9,0,8,BAKE-PREHEAT,135.8,135.2,135.8,135.2
2025-08-26T14:57:51.244,347.4005329608917,138.0,135.1,29.9,0,8,BAKE-PREHEAT,135.2,135.0,135.2,135.0
2025-08-26T14:57:51.497,347.653470993042,138.0,135.1,30.0,0,8,BAKE-PREHEAT,135.2,135.0,135.2,135.0
2025-08-26T14:57:51.735,347.8920578956604,138.0,134.8,29.9,0,8,BAKE-PREHEAT,134.5,135.0,134.5,135.0
2025-08-26T14:57:51.980,348.1373429298401,138.0,135.1,29.9,0,8,BAKE-PREHEAT,135.2,135.0,135.2,135.0
2025-08-26T14:57:52.291,348.4480700492859,138.0,134.5,30.0,0,8,BAKE-PREHEAT,134.2,134.8,134.2,134.8
2025-08-26T14:57:52.476,348.6327180862427,138.0,134.6,30.0,0,8,BAKE-PREHEAT,134.8,134.5,134.8,134.5
2025-08-26T14:57:52.730,348.8869459629059,138.0,134.6,30.0,0,8,BAKE-PREHEAT,134.5,134.8,134.5,134.8
2025-08-26T14:57:53.039,349.19590401649475,138.0,134.4,29.9,0,8,BAKE-PREHEAT,134.2,134.5,134.2,134.5
2025-08-26T14:57:53.294,349.4513008594513,138.0,134.6,30.0,0,8,BAKE-PREHEAT,134.8,134.5,134.8,134.5
2025-08-26T14:57:53.305,349.4614450931549,138.0,134.8,30.0,0,8,BAKE-PREHEAT,134.8,134.8,134.8,134.8
2025-08-26T14:57:53.810,349.96720790863037,135.0,134.6,30.0,0,8,BAKE-PREHEAT,134.5,134.8,134.5,134.8
2025-08-26T14:57:53.997,350.15393590927124,135.0,134.5,30.0,0,8,BAKE-PREHEAT,134.2,134.8,134.2,134.8
2025-08-26T14:57:54.251,350.4074549674988,135.0,134.5,30.0,0,8,BAKE-PREHEAT,134.2,134.8,134.2,134.8
2025-08-26T14:57:54.496,350.65290808677673,135.0,134.8,30.0,0,8,BAKE-PREHEAT,134.5,135.0,134.5,135.0
2025-08-26T14:57:54.745,350.90178894996643,135.0,134.4,30.0,0,8,BAKE-PREHEAT,134.0,134.8,134.0,134.8
2025-08-26T14:57:54.999,351.15585494041443,135.0,134.4,30.0,0,8,BAKE-PREHEAT,134.2,134.5,134.2,134.5
2025-08-26T14:57:55.246,351.4029130935669,135.0,134.2,30.0,0,8,BAKE-PREHEAT,134.0,134.5,134.0,134.5
2025-08-26T14:57:55.487,351.6440989971161,135.0,134.4,30.0,0,8,BAKE-PREHEAT,134.2,134.5,134.2,134.5
2025-08-26T14:57:55.733,351.89020705223083,135.0,134.2,29.9,0,8,BAKE-PREHEAT,134.0,134.5,134.0,134.5
2025-08-26T14:57:55.980,352.1371600627899,135.0,134.4,30.0,0,8,BAKE-PREHEAT,134.2,134.5,134.2,134.5
2025-08-26T14:57:56.232,352.3885290622711,135.0,134.0,30.0,0,8,BAKE-PREHEAT,133.8,134.2,133.8,134.2
2025-08-26T14:57:56.541,352.6983458995819,135.0,133.5,30.0,0,8,BAKE-PREHEAT,133.0,134.0,133.0,134.0
2025-08-26T14:57:56.727,352.8835480213165,135.0,133.8,30.0,0,8,BAKE-PREHEAT,133.8,133.8,133.8,133.8
2025-08-26T14:57:57.040,353.19695496559143,135.0,133.4,30.0,0,8,BAKE-PREHEAT,132.8,134.0,132.8,134.0
2025-08-26T14:57:57.230,353.38703203201294,135.0,133.5,30.0,0,8,BAKE-PREHEAT,133.2,133.8,133.2,133.8
2025-08-26T14:57:57.545,353.70209193229675,135.0,133.6,30.0,0,8,BAKE-PREHEAT,133.5,133.8,133.5,133.8
2025-08-26T14:57:57.804,353.9611659049988,135.0,133.5,29.9,0,8,BAKE-PREHEAT,133.5,133.5,133.5,133.5
2025-08-26T14:57:58.068,354.22445487976074,135.0,133.5,30.1,0,8,BAKE-PREHEAT,133.2,133.8,133.2,133.8
2025-08-26T14:57:58.252,354.40870904922485,135.0,133.4,30.0,0,8,BAKE-PREHEAT,133.2,133.5,133.2,133.5
2025-08-26T14:57:58.505,354.66167187690735,135.0,133.4,30.0,0,8,BAKE-PREHEAT,133.2,133.5,133.2,133.5
2025-08-26T14:57:58.758,354.91450595855713,135.0,133.2,30.0,0,8,BAKE-PREHEAT,133.0,133.5,133.0,133.5
2025-08-26T14:57:59.011,355.16807198524475,135.0,133.5,30.1,0,8,BAKE-PREHEAT,133.0,134.0,133.0,134.0
2025-08-26T14:57:59.264,355.4209198951721,135.0,133.2,30.0,0,8,BAKE-PREHEAT,133.0,133.5,133.0,133.5
2025-08-26T14:57:59.380,355.53653597831726,135.0,133.0,30.0,0,8,BAKE-PREHEAT,132.2,133.8,132.2,133.8
2025-08-26T14:57:59.756,355.91282296180725,135.0,132.9,30.1,0,8,BAKE-PREHEAT,132.2,133.5,132.2,133.5
2025-08-26T14:58:00.016,356.1733229160309,135.0,132.9,30.0,0,8,BAKE-PREHEAT,132.0,133.8,132.0,133.8
2025-08-26T14:58:00.272,356.42897391319275,135.0,132.9,30.0,0,8,BAKE-PREHEAT,132.5,133.2,132.5,133.2
2025-08-26T14:58:00.535,356.69197487831116,135.0,133.0,30.0,0,8,BAKE-PREHEAT,132.8,133.2,132.8,133.2
2025-08-26T14:58:00.794,356.95108294487,135.0,133.1,30.0,0,8,BAKE-PREHEAT,132.8,133.5,132.8,133.5
2025-08-26T14:58:00.981,357.13769602775574,135.0,132.4,30.1,0,8,BAKE-PREHEAT,131.8,133.0,131.8,133.0
2025-08-26T14:58:01.230,357.3868899345398,135.0,132.5,30.1,0,8,BAKE-PREHEAT,132.0,133.0,132.0,133.0
2025-08-26T14:58:01.480,357.63665103912354,135.0,132.5,30.1,0,8,BAKE-PREHEAT,132.0,133.0,132.0,133.0
2025-08-26T14:58:01.729,357.8862988948822,135.0,132.2,30.0,0,8,BAKE-PREHEAT,131.5,133.0,131.5,133.0
2025-08-26T14:58:02.049,358.20607900619507,135.0,132.1,30.0,0,8,BAKE-PREHEAT,131.5,132.8,131.5,132.8
2025-08-26T14:58:02.234,358.390429019928,135.0,132.4,30.0,0,8,BAKE-PREHEAT,132.2,132.5,132.2,132.5
2025-08-26T14:58:02.535,358.69206404685974,135.0,132.4,30.1,0,8,BAKE-PREHEAT,132.2,132.5,132.2,132.5
2025-08-26T14:58:02.729,358.886127948761,135.0,132.1,30.0,0,8,BAKE-PREHEAT,131.8,132.5,131.8,132.5
2025-08-26T14:58:02.979,359.13626408576965,135.0,132.2,30.0,0,8,BAKE-PREHEAT,132.0,132.5,132.0,132.5
2025-08-26T14:58:03.230,359.38642501831055,135.0,131.9,30.0,0,8,BAKE-PREHEAT,131.5,132.2,131.5,132.2
2025-08-26T14:58:03.418,359.5744159221649,135.0,132.0,30.0,0,8,BAKE-PREHEAT,131.8,132.2,131.8,132.2
2025-08-26T14:58:03.727,359.8837740421295,132.0,132.0,30.0,0,8,BAKE,131.8,132.2,131.8,132.2
2025-08-26T14:58:03.979,360.136048078537,132.0,131.5,30.1,0,8,BAKE-PREHEAT,131.0,132.0,131.0,132.0
2025-08-26T14:58:04.296,360.4524099826813,132.0,131.6,30.1,0,8,BAKE-PREHEAT,131.0,132.2,131.0,132.2
2025-08-26T14:58:04.479,360.6361360549927,132.0,131.6,30.1,0,8,BAKE-PREHEAT,131.0,132.2,131.0,132.2
2025-08-26T14:58:04.793,360.9496350288391,132.0,131.5,30.1,0,8,BAKE-PREHEAT,131.2,131.8,131.2,131.8
2025-08-26T14:58:05.055,361.212238073349,132.0,131.4,30.0,0,8,BAKE-PREHEAT,130.8,132.0,130.8,132.0
2025-08-26T14:58:05.243,361.3993740081787,132.0,131.4,30.1,0,8,BAKE-PREHEAT,130.8,132.0,130.8,132.0
2025-08-26T14:58:05.489,361.6454908847809,132.0,131.4,30.1,0,8,BAKE-PREHEAT,131.2,131.5,131.2,131.5
2025-08-26T14:58:05.734,361.89042806625366,132.0,131.1,30.0,0,8,BAKE-PREHEAT,130.8,131.5,130.8,131.5
2025-08-26T14:58:05.979,362.1356930732727,132.0,131.1,30.1,0,8,BAKE-PREHEAT,130.5,131.8,130.5,131.8
2025-08-26T14:58:06.302,362.45876598358154,132.0,131.4,30.1,0,8,BAKE-PREHEAT,131.2,131.5,131.2,131.5
2025-08-26T14:58:06.490,362.6471199989319,132.0,131.1,30.1,0,8,BAKE-PREHEAT,130.5,131.8,130.5,131.8
2025-08-26T14:58:06.736,362.8929340839386,132.0,131.0,30.1,0,8,BAKE-PREHEAT,130.5,131.5,130.5,131.5
2025-08-26T14:58:06.983,363.13951992988586,132.0,130.9,30.1,0,8,BAKE-PREHEAT,130.2,131.5,130.2,131.5
2025-08-26T14:58:07.230,363.386745929718,132.0,131.0,30.1,0,8,BAKE-PREHEAT,130.8,131.2,130.8,131.2
2025-08-26T14:58:07.484,363.6403920650482,132.0,131.1,30.1,0,8,BAKE-PREHEAT,130.8,131.5,130.8,131.5
2025-08-26T14:58:07.795,363.9514739513397,132.0,130.8,30.1,0,8,BAKE-PREHEAT,130.0,131.5,130.0,131.5
2025-08-26T14:58:07.982,364.13839197158813,132.0,130.6,30.0,0,8,BAKE-PREHEAT,130.0,131.2,130.0,131.2
2025-08-26T14:58:08.295,364.4521908760071,132.0,130.5,30.1,0,8,BAKE-PREHEAT,129.8,131.2,129.8,131.2
2025-08-26T14:58:08.496,364.6524488925934,132.0,130.6,30.1,0,8,BAKE-PREHEAT,130.0,131.2,130.0,131.2
2025-08-26T14:58:08.774,364.9312798976898,132.0,130.9,30.1,0,8,BAKE-PREHEAT,130.5,131.2,130.5,131.2
2025-08-26T14:58:09.009,365.16553807258606,132.0,130.5,30.1,0,8,BAKE-PREHEAT,129.8,131.2,129.8,131.2
2025-08-26T14:58:09.245,365.40194296836853,132.0,130.4,30.1,0,8,BAKE-PREHEAT,129.8,131.0,129.8,131.0
2025-08-26T14:58:09.415,365.57227396965027,132.0,130.5,30.1,0,8,BAKE-PREHEAT,130.0,131.0,130.0,131.0
2025-08-26T14:58:09.769,365.92604398727417,132.0,130.0,30.1,0,8,BAKE-PREHEAT,129.2,130.8,129.2,130.8
2025-08-26T14:58:10.006,366.16237902641296,132.0,129.9,30.1,0,8,BAKE-PREHEAT,129.0,130.8,129.0,130.8
2025-08-26T14:58:10.242,366.3988080024719,132.0,130.2,30.1,0,8,BAKE-PREHEAT,129.5,131.0,129.5,131.0
2025-08-26T14:58:10.534,366.69071102142334,132.0,130.0,30.1,0,8,BAKE-PREHEAT,129.2,130.8,129.2,130.8
2025-08-26T14:58:10.771,366.9277470111847,132.0,130.0,30.1,0,8,BAKE-PREHEAT,129.0,131.0,129.0,131.0
2025-08-26T14:58:11.012,367.1689009666443,132.0,130.2,30.1,0,8,BAKE-PREHEAT,129.8,130.8,129.8,130.8
2025-08-26T14:58:11.244,367.40116000175476,132.0,130.2,30.1,0,8,BAKE-PREHEAT,129.8,130.8,129.8,130.8
2025-08-26T14:58:11.479,367.6363089084625,132.0,130.0,30.1,0,8,BAKE-PREHEAT,129.5,130.5,129.5,130.5
2025-08-26T14:58:11.768,367.9252440929413,132.0,129.9,30.1,0,8,BAKE-PREHEAT,129.2,130.5,129.2,130.5
2025-08-26T14:58:12.005,368.1619908809662,132.0,129.6,30.1,0,8,BAKE-PREHEAT,129.0,130.2,129.0,130.2
2025-08-26T14:58:12.231,368.3879599571228,132.0,129.6,30.1,0,8,BAKE-PREHEAT,129.0,130.2,129.0,130.2
2025-08-26T14:58:12.517,368.6743280887604,132.0,129.4,30.1,0,8,BAKE-PREHEAT,128.5,130.2,128.5,130.2
2025-08-26T14:58:12.752,368.90909790992737,132.0,129.4,30.1,0,8,BAKE-PREHEAT,128.8,130.0,128.8,130.0
2025-08-26T14:58:12.987,369.1440348625183,132.0,129.5,30.1,0,8,BAKE-PREHEAT,129.0,130.0,129.0,130.0
2025-08-26T14:58:13.279,369.43584990501404,132.0,129.4,30.1,0,8,BAKE-PREHEAT,129.0,129.8,129.0,129.8
2025-08-26T14:58:13.290,369.4464988708496,132.0,129.1,30.1,0,8,BAKE-PREHEAT,128.5,129.8,128.5,129.8
2025-08-26T14:58:13.745,369.9016320705414,130.0,129.4,30.1,0,8,BAKE-PREHEAT,129.0,129.8,129.0,129.8
2025-08-26T14:58:13.979,370.13565492630005,130.0,129.1,30.2,0,8,BAKE-PREHEAT,128.5,129.8,128.5,129.8
2025-08-26T14:58:14.271,370.42793798446655,130.0,129.0,30.2,0,8,BAKE-PREHEAT,128.2,129.8,128.2,129.8
2025-08-26T14:58:14.508,370.66438603401184,130.0,128.8,30.1,0,8,BAKE-PREHEAT,128.0,129.5,128.0,129.5
2025-08-26T14:58:14.735,370.8919448852539,130.0,129.0,30.2,0,8,BAKE-PREHEAT,128.2,129.8,128.2,129.8
2025-08-26T14:58:15.025,371.1819019317627,130.0,129.1,30.2,0,8,BAKE-PREHEAT,128.5,129.8,128.5,129.8
2025-08-26T14:58:15.261,371.4173970222473,130.0,128.9,30.2,0,8,BAKE-PREHEAT,128.2,129.5,128.2,129.5
2025-08-26T14:58:15.491,371.6481969356537,130.0,129.0,30.1,0,8,BAKE-PREHEAT,128.5,129.5,128.5,129.5
2025-08-26T14:58:15.731,371.8879358768463,130.0,128.6,30.2,0,8,BAKE-PREHEAT,128.0,129.2,128.0,129.2
2025-08-26T14:58:16.055,372.21150398254395,130.0,128.2,30.2,0,8,BAKE-PREHEAT,127.5,129.0,127.5,129.0
2025-08-26T14:58:16.234,372.39136004447937,130.0,128.8,30.2,0,8,BAKE-PREHEAT,128.5,129.0,128.5,129.0
2025-08-26T14:58:16.537,372.69374895095825,130.0,128.4,30.2,0,8,BAKE-PREHEAT,127.8,129.0,127.8,129.0
2025-08-26T14:58:16.772,372.92838406562805,130.0,128.5,30.1,0,8,BAKE-PREHEAT,128.0,129.0,128.0,129.0
2025-08-26T14:58:17.028,373.1848120689392,130.0,128.5,30.2,0,8,BAKE-PREHEAT,127.8,129.2,127.8,129.2
2025-08-26T14:58:17.280,373.4369819164276,130.0,128.2,30.1,0,8,BAKE-PREHEAT,127.8,128.8,127.8,128.8
2025-08-26T14:58:17.513,373.6693868637085,130.0,128.1,30.2,0,8,BAKE-PREHEAT,127.2,129.0,127.2,129.0
2025-08-26T14:58:17.741,373.8979790210724,130.0,128.4,30.1,0,8,BAKE-PREHEAT,128.0,128.8,128.0,128.8
2025-08-26T14:58:18.002,374.15870904922485,130.0,128.2,30.1,0,8,BAKE-PREHEAT,127.5,129.0,127.5,129.0
2025-08-26T14:58:18.253,374.40963196754456,130.0,128.1,30.1,0,8,BAKE-PREHEAT,127.2,129.0,127.2,129.0
2025-08-26T14:58:18.505,374.66233706474304,130.0,128.0,30.1,0,8,BAKE-PREHEAT,127.2,128.8,127.2,128.8
2025-08-26T14:58:18.804,374.9607150554657,130.0,128.1,30.2,0,8,BAKE-PREHEAT,127.5,128.8,127.5,128.8
2025-08-26T14:58:18.977,375.13359093666077,130.0,128.1,30.2,0,8,BAKE-PREHEAT,127.5,128.8,127.5,128.8
2025-08-26T14:58:19.267,375.42413806915283,130.0,128.0,30.2,0,8,BAKE-PREHEAT,127.2,128.8,127.2,128.8
2025-08-26T14:58:19.319,375.4755029678345,130.0,127.9,30.2,0,8,BAKE-PREHEAT,127.2,128.5,127.2,128.5
2025-08-26T14:58:19.728,375.88475489616394,130.0,127.9,30.2,0,8,BAKE-PREHEAT,127.2,128.5,127.2,128.5
2025-08-26T14:58:20.022,376.17863607406616,130.0,127.8,30.2,0,8,BAKE-PREHEAT,127.2,128.2,127.2,128.2
2025-08-26T14:58:20.257,376.414244890213,130.0,127.4,30.2,0,8,BAKE-PREHEAT,126.8,128.0,126.8,128.0
2025-08-26T14:58:20.488,376.6446590423584,130.0,127.5,30.2,0,8,BAKE-PREHEAT,127.0,128.0,127.0,128.0
2025-08-26T14:58:20.777,376.9333760738373,130.0,127.5,30.2,0,8,BAKE-PREHEAT,127.2,127.8,127.2,127.8
2025-08-26T14:58:21.015,377.17184495925903,130.0,127.2,30.2,0,8,BAKE-PREHEAT,126.8,127.8,126.8,127.8
2025-08-26T14:58:21.251,377.4078040122986,130.0,127.4,30.2,0,8,BAKE-PREHEAT,127.0,127.8,127.0,127.8
2025-08-26T14:58:21.547,377.7041630744934,130.0,127.0,30.2,0,8,BAKE-PREHEAT,126.2,127.8,126.2,127.8
2025-08-26T14:58:21.776,377.9333350658417,130.0,127.2,30.2,0,8,BAKE-PREHEAT,127.0,127.5,127.0,127.5
2025-08-26T14:58:22.007,378.16380405426025,130.0,127.1,30.2,0,8,BAKE-PREHEAT,126.5,127.8,126.5,127.8
2025-08-26T14:58:22.243,378.39990401268005,130.0,127.1,30.2,0,8,BAKE-PREHEAT,126.5,127.8,126.5,127.8
2025-08-26T14:58:22.478,378.6345069408417,130.0,127.1,30.2,0,8,BAKE-PREHEAT,126.8,127.5,126.8,127.5
2025-08-26T14:58:22.772,378.92861700057983,130.0,126.6,30.2,0,8,BAKE-PREHEAT,126.0,127.2,126.0,127.2
2025-08-26T14:58:23.007,379.1640999317169,130.0,126.9,30.2,0,8,BAKE-PREHEAT,126.5,127.2,126.5,127.2
2025-08-26T14:58:23.238,379.39507699012756,130.0,126.9,30.2,0,8,BAKE-PREHEAT,126.5,127.2,126.5,127.2
2025-08-26T14:58:23.353,379.51003909111023,130.0,126.6,30.2,0,8,BAKE-PREHEAT,126.2,127.0,126.2,127.0
2025-08-26T14:58:23.769,379.9253799915314,128.0,126.5,30.2,0,8,BAKE-PREHEAT,126.0,127.0,126.0,127.0
2025-08-26T14:58:24.005,380.16152691841125,128.0,126.6,30.2,0,8,BAKE-PREHEAT,126.2,127.0,126.2,127.0
2025-08-26T14:58:24.240,380.3965308666229,128.0,126.4,30.2,0,8,BAKE-PREHEAT,125.8,127.0,125.8,127.0
2025-08-26T14:58:24.530,380.6867039203644,128.0,126.4,30.2,0,8,BAKE-PREHEAT,125.8,127.0,125.8,127.0
2025-08-26T14:58:24.767,380.92430090904236,128.0,126.4,30.2,0,8,BAKE-PREHEAT,126.0,126.8,126.0,126.8
2025-08-26T14:58:24.998,381.1553010940552,128.0,126.2,30.2,0,8,BAKE-PREHEAT,125.8,126.8,125.8,126.8
2025-08-26T14:58:25.234,381.39129090309143,128.0,126.0,30.2,0,8,BAKE-PREHEAT,125.5,126.5,125.5,126.5
2025-08-26T14:58:25.529,381.6858570575714,128.0,126.2,30.2,0,8,BAKE-PREHEAT,125.8,126.8,125.8,126.8
2025-08-26T14:58:25.764,381.9205288887024,128.0,126.4,30.2,0,8,BAKE-PREHEAT,126.0,126.8,126.0,126.8
2025-08-26T14:58:25.996,382.1531798839569,128.0,126.1,30.2,0,8,BAKE-PREHEAT,125.8,126.5,125.8,126.5
2025-08-26T14:58:26.227,382.3841550350189,128.0,125.6,30.2,0,8,BAKE-PREHEAT,125.0,126.2,125.0,126.2
2025-08-26T14:58:26.522,382.67855501174927,128.0,126.0,30.2,0,8,BAKE-PREHEAT,125.8,126.2,125.8,126.2
2025-08-26T14:58:26.758,382.9150879383087,128.0,125.8,30.2,0,8,BAKE-PREHEAT,125.5,126.0,125.5,126.0
2025-08-26T14:58:26.991,383.14754605293274,128.0,125.6,30.2,0,8,BAKE-PREHEAT,125.2,126.0,125.2,126.0
2025-08-26T14:58:27.285,383.4423198699951,128.0,125.6,30.2,0,8,BAKE-PREHEAT,125.5,125.8,125.5,125.8
2025-08-26T14:58:27.521,383.67740392684937,128.0,125.5,30.2,0,8,BAKE-PREHEAT,125.2,125.8,125.2,125.8
2025-08-26T14:58:27.751,383.90788102149963,128.0,125.1,30.2,0,8,BAKE-PREHEAT,124.8,125.5,124.8,125.5
2025-08-26T14:58:27.982,384.13904786109924,128.0,125.1,30.2,0,8,BAKE-PREHEAT,125.0,125.2,125.0,125.2
2025-08-26T14:58:28.277,384.434357881546,128.0,125.1,30.2,0,8,BAKE-PREHEAT,125.0,125.2,125.0,125.2
2025-08-26T14:58:28.515,384.67229986190796,128.0,125.0,30.2,0,8,BAKE-PREHEAT,124.8,125.2,124.8,125.2
2025-08-26T14:58:28.750,384.9070599079132,128.0,124.8,30.2,0,8,BAKE-PREHEAT,124.2,125.2,124.2,125.2
2025-08-26T14:58:28.978,385.13456201553345,128.0,124.9,30.2,0,8,BAKE-PREHEAT,124.8,125.0,124.8,125.0
2025-08-26T14:58:29.268,385.4244339466095,128.0,124.9,30.2,0,8,BAKE-PREHEAT,124.8,125.0,124.8,125.0
2025-08-26T14:58:29.384,385.540589094162,128.0,124.8,30.2,0,8,BAKE-PREHEAT,124.5,125.0,124.5,125.0
2025-08-26T14:58:29.731,385.88814997673035,128.0,124.9,30.2,0,8,BAKE-PREHEAT,124.8,125.0,124.8,125.0
2025-08-26T14:58:30.022,386.17852306365967,128.0,124.5,30.2,0,8,BAKE-PREHEAT,124.2,124.8,124.2,124.8
2025-08-26T14:58:30.260,386.41716599464417,128.0,124.8,30.3,0,8,BAKE-PREHEAT,124.5,125.0,124.5,125.0
2025-08-26T14:58:30.494,386.6508529186249,128.0,124.4,30.2,0,8,BAKE-PREHEAT,124.2,124.5,124.2,124.5
2025-08-26T14:58:30.727,386.8835070133209,128.0,124.6,30.2,0,8,BAKE-PREHEAT,124.5,124.8,124.5,124.8
2025-08-26T14:58:31.021,387.17746686935425,128.0,124.1,30.2,0,8,BAKE-PREHEAT,123.8,124.5,123.8,124.5
2025-08-26T14:58:31.258,387.4150929450989,128.0,124.2,30.2,0,8,BAKE-PREHEAT,124.0,124.5,124.0,124.5
2025-08-26T14:58:31.553,387.7098169326782,128.0,124.1,30.2,0,8,BAKE-PREHEAT,124.0,124.2,124.0,124.2
2025-08-26T14:58:31.725,387.8814618587494,128.0,124.1,30.3,0,8,BAKE-PREHEAT,124.0,124.2,124.0,124.2
2025-08-26T14:58:32.018,388.17532300949097,128.0,124.0,30.2,0,8,BAKE-PREHEAT,124.0,124.0,124.0,124.0
2025-08-26T14:58:32.256,388.41259002685547,128.0,123.9,30.2,255,8,BAKE-PREHEAT,123.8,124.0,123.8,124.0
2025-08-26T14:58:32.492,388.6491029262543,128.0,123.9,30.2,74,8,BAKE-PREHEAT,123.5,124.2,123.5,124.2
2025-08-26T14:58:32.784,388.94117188453674,128.0,123.9,30.2,74,8,BAKE-PREHEAT,123.8,124.0,123.8,124.0
2025-08-26T14:58:33.021,389.17806792259216,128.0,124.0,30.3,0,8,BAKE-PREHEAT,123.8,124.2,123.8,124.2
2025-08-26T14:58:33.251,389.4077949523926,128.0,123.8,30.2,96,8,BAKE-PREHEAT,123.5,124.0,123.5,124.0
2025-08-26T14:58:33.429,389.5858099460602,128.0,123.6,30.2,98,8,BAKE-PREHEAT,123.2,124.0,123.2,124.0
2025-08-26T14:58:33.771,389.92791509628296,125.0,123.9,30.2,0,8,BAKE-PREHEAT,123.8,124.0,123.8,124.0
2025-08-26T14:58:34.006,390.1631660461426,125.0,123.9,30.3,0,8,BAKE-PREHEAT,123.5,124.2,123.5,124.2
2025-08-26T14:58:34.307,390.46422290802,125.0,123.6,30.2,0,8,BAKE-PREHEAT,123.2,124.0,123.2,124.0
2025-08-26T14:58:34.482,390.6386559009552,125.0,123.4,30.2,0,8,BAKE-PREHEAT,123.0,123.8,123.0,123.8
2025-08-26T14:58:34.775,390.931676864624,125.0,123.4,30.2,0,8,BAKE-PREHEAT,123.0,123.8,123.0,123.8
2025-08-26T14:58:35.009,391.1660749912262,125.0,123.4,30.2,0,8,BAKE-PREHEAT,123.0,123.8,123.0,123.8
2025-08-26T14:58:35.244,391.4013018608093,125.0,123.5,30.3,0,8,BAKE-PREHEAT,123.2,123.8,123.2,123.8
2025-08-26T14:58:35.545,391.70208287239075,125.0,123.5,30.3,0,8,BAKE-PREHEAT,123.2,123.8,123.2,123.8
2025-08-26T14:58:35.776,391.93297004699707,125.0,123.2,30.3,0,8,BAKE-PREHEAT,123.0,123.5,123.0,123.5
2025-08-26T14:58:36.015,392.17138600349426,125.0,123.4,30.2,0,8,BAKE-PREHEAT,123.5,123.2,123.5,123.2
2025-08-26T14:58:36.251,392.4078800678253,125.0,123.2,30.3,0,8,BAKE-PREHEAT,123.2,123.2,123.2,123.2
2025-08-26T14:58:36.488,392.6444489955902,125.0,123.4,30.3,0,8,BAKE-PREHEAT,123.2,123.5,123.2,123.5
2025-08-26T14:58:36.777,392.9338150024414,125.0,123.1,30.3,0,8,BAKE-PREHEAT,123.0,123.2,123.0,123.2
2025-08-26T14:58:37.010,393.1672019958496,125.0,123.0,30.3,0,8,BAKE-PREHEAT,122.8,123.2,122.8,123.2
2025-08-26T14:58:37.239,393.3958480358124,125.0,122.9,30.3,0,8,BAKE-PREHEAT,122.8,123.0,122.8,123.0
2025-08-26T14:58:37.476,393.6329939365387,125.0,122.9,30.2,0,8,BAKE-PREHEAT,122.8,123.0,122.8,123.0
2025-08-26T14:58:37.771,393.9275860786438,125.0,122.9,30.3,0,8,BAKE-PREHEAT,122.8,123.0,122.8,123.0
2025-08-26T14:58:38.007,394.1634199619293,125.0,123.0,30.3,0,8,BAKE-PREHEAT,123.0,123.0,123.0,123.0
2025-08-26T14:58:38.238,394.3946030139923,125.0,122.8,30.2,0,8,BAKE-PREHEAT,122.8,122.8,122.8,122.8
2025-08-26T14:58:38.524,394.68112993240356,125.0,122.5,30.3,0,8,BAKE-PREHEAT,122.5,122.5,122.5,122.5
2025-08-26T14:58:38.760,394.91684198379517,125.0,122.6,30.3,0,8,BAKE-PREHEAT,122.8,122.5,122.8,122.5
2025-08-26T14:58:39.006,395.16239309310913,125.0,122.5,30.3,0,8,BAKE-PREHEAT,122.8,122.2,122.8,122.2
2025-08-26T14:58:39.265,395.4215130805969,125.0,122.2,30.3,0,8,BAKE-PREHEAT,122.2,122.2,122.2,122.2
2025-08-26T14:58:39.464,395.62134194374084,125.0,122.1,30.2,0,8,BAKE-PREHEAT,122.2,122.0,122.2,122.0
2025-08-26T14:58:39.767,395.9240279197693,125.0,122.2,30.3,0,8,BAKE-PREHEAT,122.5,122.0,122.5,122.0
2025-08-26T14:58:40.006,396.1626489162445,125.0,122.2,30.3,0,8,BAKE-PREHEAT,122.2,122.2,122.2,122.2
2025-08-26T14:58:40.236,396.3930199146271,125.0,122.4,30.3,0,8,BAKE-PREHEAT,122.5,122.2,122.5,122.2
2025-08-26T14:58:40.526,396.6830220222473,125.0,122.2,30.3,0,8,BAKE-PREHEAT,122.2,122.2,122.2,122.2
2025-08-26T14:58:40.759,396.91632103919983,125.0,122.1,30.3,0,8,BAKE-PREHEAT,122.2,122.0,122.2,122.0
2025-08-26T14:58:40.994,397.15081787109375,125.0,122.0,30.2,0,8,BAKE-PREHEAT,122.2,121.8,122.2,121.8
2025-08-26T14:58:41.284,397.44114208221436,125.0,122.0,30.3,0,8,BAKE-PREHEAT,122.0,122.0,122.0,122.0
2025-08-26T14:58:41.524,397.68053102493286,125.0,122.0,30.3,0,8,BAKE-PREHEAT,122.0,122.0,122.0,122.0
2025-08-26T14:58:41.760,397.91708302497864,125.0,122.0,30.3,0,8,BAKE-PREHEAT,122.2,121.8,122.2,121.8
2025-08-26T14:58:41.993,398.1501500606537,125.0,121.9,30.3,0,8,BAKE-PREHEAT,122.0,121.8,122.0,121.8
2025-08-26T14:58:42.228,398.3851709365845,125.0,121.9,30.3,0,8,BAKE-PREHEAT,122.0,121.8,122.0,121.8
2025-08-26T14:58:42.517,398.67402386665344,125.0,121.9,30.3,0,8,BAKE-PREHEAT,122.0,121.8,122.0,121.8
2025-08-26T14:58:42.753,398.9095139503479,125.0,121.8,30.3,0,8,BAKE-PREHEAT,121.8,121.8,121.8,121.8
2025-08-26T14:58:42.981,399.1383159160614,125.0,122.0,30.3,0,8,BAKE-PREHEAT,122.2,121.8,122.2,121.8
2025-08-26T14:58:43.273,399.4300889968872,125.0,121.5,30.3,0,8,BAKE-PREHEAT,121.8,121.2,121.8,121.2
2025-08-26T14:58:43.449,399.60556387901306,125.0,121.8,30.3,0,8,BAKE-PREHEAT,122.2,121.2,122.2,121.2
2025-08-26T14:58:43.737,399.89365100860596,122.0,121.5,30.3,0,8,BAKE-PREHEAT,121.8,121.2,121.8,121.2
2025-08-26T14:58:44.029,400.18585896492004,122.0,121.5,30.3,0,8,BAKE-PREHEAT,121.8,121.2,121.8,121.2
2025-08-26T14:58:44.269,400.4255418777466,122.0,121.2,30.3,0,8,BAKE-PREHEAT,121.5,121.0,121.5,121.0
2025-08-26T14:58:44.500,400.65730690956116,122.0,121.2,30.3,0,8,BAKE-PREHEAT,121.5,121.0,121.5,121.0
2025-08-26T14:58:44.725,400.8823170661926,122.0,121.4,30.3,0,8,BAKE-PREHEAT,121.8,121.0,121.8,121.0
2025-08-26T14:58:45.019,401.1761350631714,122.0,121.2,30.3,0,8,BAKE-PREHEAT,121.5,121.0,121.5,121.0
2025-08-26T14:58:45.254,401.4111649990082,122.0,121.2,30.3,0,8,BAKE-PREHEAT,121.5,121.0,121.5,121.0
2025-08-26T14:58:45.555,401.71202206611633,122.0,121.0,30.3,0,8,BAKE-PREHEAT,121.2,120.8,121.2,120.8
2025-08-26T14:58:45.729,401.8861620426178,122.0,121.0,30.3,0,8,BAKE-PREHEAT,121.2,120.8,121.2,120.8
2025-08-26T14:58:46.022,402.1792380809784,122.0,121.1,30.3,0,8,BAKE-PREHEAT,121.2,121.0,121.2,121.0
2025-08-26T14:58:46.260,402.41727209091187,122.0,121.0,30.3,0,8,BAKE-PREHEAT,121.0,121.0,121.0,121.0
2025-08-26T14:58:46.491,402.6478080749512,122.0,121.0,30.3,0,8,BAKE-PREHEAT,121.0,121.0,121.0,121.0
2025-08-26T14:58:46.784,402.9412989616394,122.0,121.1,30.3,0,8,BAKE-PREHEAT,121.2,121.0,121.2,121.0
2025-08-26T14:58:47.020,403.1768379211426,122.0,120.9,30.3,0,8,BAKE-PREHEAT,121.0,120.8,121.0,120.8
2025-08-26T14:58:47.258,403.4147698879242,122.0,120.9,30.3,0,8,BAKE-PREHEAT,121.0,120.8,121.0,120.8
2025-08-26T14:58:47.488,403.6450409889221,122.0,121.0,30.3,0,8,BAKE-PREHEAT,121.0,121.0,121.0,121.0
2025-08-26T14:58:47.777,403.9334008693695,122.0,121.0,30.3,0,8,BAKE-PREHEAT,121.2,120.8,121.2,120.8
2025-08-26T14:58:48.015,404.17236399650574,122.0,120.9,30.3,0,8,BAKE-PREHEAT,120.8,121.0,120.8,121.0
2025-08-26T14:58:48.253,404.4101228713989,122.0,120.8,30.3,0,8,BAKE-PREHEAT,120.8,120.8,120.8,120.8
2025-08-26T14:58:48.483,404.640074968338,122.0,120.6,30.4,0,8,BAKE-PREHEAT,120.8,120.5,120.8,120.5
2025-08-26T14:58:48.771,404.9279489517212,122.0,120.6,30.4,0,8,BAKE-PREHEAT,120.8,120.5,120.8,120.5
2025-08-26T14:58:49.008,405.1646959781647,122.0,120.6,30.3,0,8,BAKE-PREHEAT,120.8,120.5,120.8,120.5
2025-08-26T14:58:49.241,405.3975489139557,122.0,120.5,30.3,0,8,BAKE-PREHEAT,120.5,120.5,120.5,120.5
2025-08-26T14:58:49.480,405.63695907592773,122.0,120.6,30.3,0,8,BAKE-PREHEAT,120.8,120.5,120.8,120.5
2025-08-26T14:58:49.771,405.92821288108826,122.0,120.5,30.4,0,8,BAKE-PREHEAT,120.5,120.5,120.5,120.5
2025-08-26T14:58:50.008,406.1647250652313,122.0,120.4,30.3,0,8,BAKE-PREHEAT,120.5,120.2,120.5,120.2
2025-08-26T14:58:50.240,406.3968548774719,122.0,120.4,30.3,0,8,BAKE-PREHEAT,120.5,120.2,120.5,120.2
2025-08-26T14:58:50.475,406.63172006607056,122.0,120.1,30.3,0,8,BAKE-PREHEAT,120.2,120.0,120.2,120.0
2025-08-26T14:58:50.766,406.9233469963074,122.0,120.2,30.4,0,8,BAKE-PREHEAT,120.2,120.2,120.2,120.2
2025-08-26T14:58:51.063,407.2199959754944,122.0,120.4,30.3,0,8,BAKE-PREHEAT,120.8,120.0,120.8,120.0
2025-08-26T14:58:51.237,407.39356088638306,122.0,120.1,30.3,0,8,BAKE-PREHEAT,120.5,119.8,120.5,119.8
2025-08-26T14:58:51.474,407.63056993484497,122.0,119.9,30.3,0,8,BAKE-PREHEAT,120.2,119.5,120.2,119.5
2025-08-26T14:58:51.767,407.9234800338745,122.0,120.0,30.3,0,8,BAKE-PREHEAT,120.5,119.5,120.5,119.5
2025-08-26T14:58:51.998,408.1548659801483,122.0,119.9,30.4,0,8,BAKE-PREHEAT,120.2,119.5,120.2,119.5
2025-08-26T14:58:52.296,408.4528660774231,122.0,119.9,30.4,0,8,BAKE-PREHEAT,120.5,119.2,120.5,119.2
2025-08-26T14:58:52.531,408.6873879432678,122.0,119.9,30.3,0,8,BAKE-PREHEAT,120.2,119.5,120.2,119.5
2025-08-26T14:58:52.767,408.9241988658905,122.0,119.8,30.3,0,8,BAKE-PREHEAT,120.2,119.2,120.2,119.2
2025-08-26T14:58:53.005,409.1614680290222,122.0,119.8,30.4,0,8,BAKE-PREHEAT,120.2,119.2,120.2,119.2
2025-08-26T14:58:53.240,409.39690804481506,122.0,119.6,30.4,0,8,BAKE-PREHEAT,120.0,119.2,120.0,119.2
2025-08-26T14:58:53.474,409.6313588619232,122.0,119.6,30.4,0,8,BAKE-PREHEAT,120.0,119.2,120.0,119.2
2025-08-26T14:58:53.525,409.6819109916687,122.0,119.5,30.4,0,8,BAKE-PREHEAT,120.0,119.0,120.0,119.0
2025-08-26T14:58:53.995,410.1517698764801,120.0,119.4,30.4,0,8,BAKE-PREHEAT,120.0,118.8,120.0,118.8
2025-08-26T14:58:54.230,410.386990070343,120.0,119.4,30.3,0,8,BAKE-PREHEAT,120.0,118.8,120.0,118.8
2025-08-26T14:58:54.521,410.6779239177704,120.0,119.2,30.4,0,8,BAKE-PREHEAT,120.0,118.5,120.0,118.5
2025-08-26T14:58:54.759,410.91634798049927,120.0,119.1,30.4,0,8,BAKE-PREHEAT,119.8,118.5,119.8,118.5
2025-08-26T14:58:54.991,411.1479330062866,120.0,119.4,30.4,0,8,BAKE-PREHEAT,120.0,118.8,120.0,118.8
2025-08-26T14:58:55.284,411.44081807136536,120.0,119.1,30.4,0,8,BAKE-PREHEAT,119.8,118.5,119.8,118.5
2025-08-26T14:58:55.522,411.6793439388275,120.0,119.2,30.4,0,8,BAKE-PREHEAT,119.8,118.8,119.8,118.8
2025-08-26T14:58:55.758,411.9151620864868,120.0,119.2,30.4,0,8,BAKE-PREHEAT,119.5,119.0,119.5,119.0
2025-08-26T14:58:55.989,412.1460380554199,120.0,119.0,30.4,0,8,BAKE-PREHEAT,119.2,118.8,119.2,118.8
2025-08-26T14:58:56.224,412.38074588775635,120.0,119.1,30.4,0,8,BAKE-PREHEAT,119.8,118.5,119.8,118.5
2025-08-26T14:58:56.511,412.6674470901489,120.0,118.9,30.4,0,8,BAKE-PREHEAT,119.5,118.2,119.5,118.2
2025-08-26T14:58:56.744,412.9008960723877,120.0,118.9,30.4,0,8,BAKE-PREHEAT,119.8,118.0,119.8,118.0
2025-08-26T14:58:56.974,413.130578994751,120.0,118.6,30.4,0,8,BAKE-PREHEAT,119.5,117.8,119.5,117.8
2025-08-26T14:58:57.268,413.4249858856201,120.0,118.6,30.4,0,8,BAKE-PREHEAT,119.5,117.8,119.5,117.8
2025-08-26T14:58:57.506,413.6628329753876,120.0,118.5,30.4,0,8,BAKE-PREHEAT,119.2,117.8,119.2,117.8
2025-08-26T14:58:57.740,413.8973240852356,120.0,118.5,30.4,0,8,BAKE-PREHEAT,119.2,117.8,119.2,117.8
2025-08-26T14:58:58.039,414.19601798057556,120.0,118.6,30.3,0,8,BAKE-PREHEAT,119.5,117.8,119.5,117.8
2025-08-26T14:58:58.278,414.4351599216461,120.0,118.5,30.4,0,8,BAKE-PREHEAT,119.5,117.5,119.5,117.5
2025-08-26T14:58:58.514,414.6704099178314,120.0,118.4,30.4,0,8,BAKE-PREHEAT,119.5,117.2,119.5,117.2
2025-08-26T14:58:58.748,414.90529203414917,120.0,118.1,30.4,0,8,BAKE-PREHEAT,119.0,117.2,119.0,117.2
2025-08-26T14:58:58.982,415.13870000839233,120.0,118.1,30.4,0,8,BAKE-PREHEAT,119.2,117.0,119.2,117.0
2025-08-26T14:58:59.276,415.4328188896179,120.0,118.1,30.4,0,8,BAKE-PREHEAT,119.2,117.0,119.2,117.0
2025-08-26T14:58:59.511,415.66796708106995,120.0,117.9,30.4,0,8,BAKE-PREHEAT,118.8,117.0,118.8,117.0
2025-08-26T14:58:59.565,415.72235798835754,120.0,118.0,30.4,0,8,BAKE-PREHEAT,119.2,116.8,119.2,116.8
2025-08-26T14:58:59.974,416.13043093681335,120.0,117.9,30.4,0,8,BAKE-PREHEAT,119.0,116.8,119.0,116.8
2025-08-26T14:59:00.268,416.4245569705963,120.0,117.8,30.4,0,8,BAKE-PREHEAT,119.0,116.5,119.0,116.5
2025-08-26T14:59:00.504,416.6613709926605,120.0,117.8,30.4,0,8,BAKE-PREHEAT,119.0,116.5,119.0,116.5
2025-08-26T14:59:00.796,416.9526538848877,120.0,117.9,30.4,0,8,BAKE-PREHEAT,119.0,116.8,119.0,116.8
2025-08-26T14:59:00.972,417.1283869743347,120.0,117.8,30.4,0,8,BAKE-PREHEAT,119.0,116.5,119.0,116.5
2025-08-26T14:59:01.260,417.4171829223633,120.0,117.5,30.4,0,8,BAKE-PREHEAT,118.8,116.2,118.8,116.2
2025-08-26T14:59:01.495,417.6522800922394,120.0,117.5,30.4,0,8,BAKE-PREHEAT,119.0,116.0,119.0,116.0
2025-08-26T14:59:01.731,417.8882269859314,120.0,117.5,30.4,0,8,BAKE-PREHEAT,118.8,116.2,118.8,116.2
2025-08-26T14:59:02.025,418.18221497535706,120.0,117.5,30.4,0,8,BAKE-PREHEAT,118.8,116.2,118.8,116.2
2025-08-26T14:59:02.264,418.421019077301,120.0,117.4,30.4,0,8,BAKE-PREHEAT,118.5,116.2,118.5,116.2
2025-08-26T14:59:02.502,418.6584029197693,120.0,117.5,30.4,0,8,BAKE-PREHEAT,118.8,116.2,118.8,116.2
2025-08-26T14:59:02.739,418.8958840370178,120.0,117.4,30.4,0,8,BAKE-PREHEAT,118.8,116.0,118.8,116.0
2025-08-26T14:59:03.029,419.1856429576874,120.0,117.4,30.4,0,8,BAKE-PREHEAT,118.5,116.2,118.5,116.2
2025-08-26T14:59:03.266,419.42318296432495,120.0,117.5,30.5,0,8,BAKE-PREHEAT,118.8,116.2,118.8,116.2
2025-08-26T14:59:03.503,419.6595380306244,120.0,117.4,30.5,0,8,BAKE-PREHEAT,118.5,116.2,118.5,116.2
2025-08-26T14:59:03.617,419.77432799339294,120.0,117.2,30.4,0,8,BAKE-PREHEAT,118.5,116.0,118.5,116.0
